{
  "test_gap_mean": 0.0009854924999999999,
  "test_gap_median": 0.001031749999999984,
  "test_gap_std": 0.0007501496916722522,
  "test_satisfy_frac": 0.0,
  "test_hinge_mean": 0.04901450749999999,
  "val_reloads": 0.0,
  "val_nonfinite": 0.0
}