{
  "epoch": 22,
  "config": {
    "seed": 1,
    "gamma": 0.3,
    "margin": 0.05,
    "delta": 0.02,
    "input_vmin": 0.0,
    "input_vmax": 1.0,
    "rails": [
      0.0,
      0.45
    ],
    "solver": "klu",
    "body_tie": "source",
    "body_res": 10.0,
    "rs_clamp": 10.0,
    "model_vto": 0.75,
    "vg_cutoff": 0.75,
    "vg_cutoff_epochs": 4,
    "vg_init": {
      "mode": "fixed",
      "lo": 1.0,
      "hi": 3.0,
      "fixed": 4.0
    },
    "epochs": 100,
    "device_include_path": "/home/ma-lab/Desktop/pyclln-final/device_model/nmos_lvl1_ald1106.lib",
    "device_subckt": "NMOSWRAP"
  },
  "train": {
    "acc": 0.9004871259568545,
    "hinge": 0.02800036722338207,
    "n_free": 1437,
    "n_clamp": 1357,
    "hinge_active": 1357,
    "hinge_active_frac": 0.9443284620737648,
    "skipped": 80,
    "reload_free": 0,
    "reload_clamp": 0,
    "nonfinite_free": 0,
    "nonfinite_clamp": 0
  },
  "val": {
    "acc": 0.9138888888888889,
    "hinge": 0.02799707222222224,
    "test_gap_mean": 0.022105903611111113,
    "test_gap_median": 0.02200094999999999,
    "test_gap_std": 0.01636104577166832,
    "test_satisfy_frac": 0.025,
    "test_hinge_mean": 0.027997072222222218,
    "val_reloads": 0.0,
    "val_nonfinite": 0.0
  },
  "timing_s": {
    "epoch_total": 87.91629457473755,
    "train_free": 33.23371767997742,
    "train_clamp": 31.12981867790222,
    "train_update": 3.8898203372955322
  },
  "vg_stats": {
    "vg_unique_min": 1.2886059288901985,
    "vg_unique_max": 6.270905234976538,
    "vg_unique_sat_lo": 0.0,
    "vg_unique_sat_hi": 0.0
  }
}