{
  "epoch": 3,
  "config": {
    "seed": 1,
    "gamma": 0.3,
    "margin": 0.05,
    "delta": 0.02,
    "input_vmin": 0.0,
    "input_vmax": 1.0,
    "rails": [
      0.0,
      0.45
    ],
    "solver": "klu",
    "body_tie": "source",
    "body_res": 10.0,
    "rs_clamp": 10.0,
    "model_vto": 0.75,
    "vg_cutoff": 0.75,
    "vg_cutoff_epochs": 4,
    "vg_init": {
      "mode": "fixed",
      "lo": 1.0,
      "hi": 3.0,
      "fixed": 4.0
    },
    "epochs": 100,
    "device_include_path": "/home/ma-lab/Desktop/pyclln-final/device_model/nmos_lvl1_ald1106.lib",
    "device_subckt": "NMOSWRAP"
  },
  "train": {
    "acc": 0.8963117606123869,
    "hinge": 0.04757543820459288,
    "n_free": 1437,
    "n_clamp": 1437,
    "hinge_active": 1437,
    "hinge_active_frac": 1.0,
    "skipped": 0,
    "reload_free": 0,
    "reload_clamp": 0,
    "nonfinite_free": 0,
    "nonfinite_clamp": 0
  },
  "val": {
    "acc": 0.9,
    "hinge": 0.04720961500000002,
    "test_gap_mean": 0.0027903849999999977,
    "test_gap_median": 0.0028792999999999735,
    "test_gap_std": 0.002118227028921305,
    "test_satisfy_frac": 0.0,
    "test_hinge_mean": 0.047209614999999996,
    "val_reloads": 0.0,
    "val_nonfinite": 0.0
  },
  "timing_s": {
    "epoch_total": 91.49123024940491,
    "train_free": 33.719242095947266,
    "train_clamp": 34.547972679138184,
    "train_update": 3.973980665206909
  },
  "vg_stats": {
    "vg_unique_min": 3.612890527486658,
    "vg_unique_max": 4.336846718754017,
    "vg_unique_sat_lo": 0.0,
    "vg_unique_sat_hi": 0.0
  }
}