{
  "epoch": 1,
  "config": {
    "seed": 1,
    "gamma": 0.03,
    "margin": 0.1,
    "delta": 0.05,
    "input_vmin": 0.0,
    "input_vmax": 1.0,
    "rails": [
      0.0,
      0.45
    ],
    "solver": "klu",
    "body_tie": "floating",
    "body_res": 10.0,
    "rs_clamp": 10.0,
    "model_vto": 0.75,
    "vg_cutoff": 0.75,
    "vg_cutoff_epochs": 4,
    "vg_init": {
      "mode": "random",
      "lo": 1.0,
      "hi": 6.0,
      "fixed": 2.0
    },
    "epochs": 100,
    "device_include_path": "/home/ma-lab/Desktop/pyclln-final/device_model/nmos_lvl1_ald1106.lib",
    "device_subckt": "NMOSWRAP"
  },
  "train": {
    "acc": 0.11830201809324982,
    "hinge": 0.12681607961029928,
    "n_free": 1437,
    "n_clamp": 1437,
    "hinge_active": 1437,
    "hinge_active_frac": 1.0,
    "skipped": 0,
    "reload_free": 0,
    "reload_clamp": 0,
    "nonfinite_free": 0,
    "nonfinite_clamp": 0
  },
  "val": {
    "acc": 0.11944444444444445,
    "hinge": 0.12576307305555542,
    "test_gap_mean": -0.02576307305555556,
    "test_gap_median": -0.021095750000000024,
    "test_gap_std": 0.025177714942432983,
    "test_satisfy_frac": 0.0,
    "test_hinge_mean": 0.12576307305555556,
    "val_reloads": 0.0,
    "val_nonfinite": 0.0
  },
  "timing_s": {
    "epoch_total": 289.1154828071594,
    "train_free": 124.68473076820374,
    "train_clamp": 125.24126648902893,
    "train_update": 3.617799758911133
  },
  "vg_stats": {
    "vg_unique_min": 1.000054063029626,
    "vg_unique_max": 6.019926862031786,
    "vg_unique_sat_lo": 0.0,
    "vg_unique_sat_hi": 0.0
  }
}