{
  "test_gap_mean": 0.11470215083333335,
  "test_gap_median": 0.11355384999999996,
  "test_gap_std": 0.0783790729372668,
  "test_satisfy_frac": 0.8083333333333333,
  "test_hinge_mean": 0.009170684722222221,
  "val_reloads": 0.0,
  "val_nonfinite": 0.0
}