{
  "test_gap_mean": 0.11089656638888891,
  "test_gap_median": 0.1076049,
  "test_gap_std": 0.07207464761264423,
  "test_satisfy_frac": 0.825,
  "test_hinge_mean": 0.007973195555555555,
  "val_reloads": 0.0,
  "val_nonfinite": 0.0
}