{
  "test_gap_mean": 0.11154332333333333,
  "test_gap_median": 0.11127349999999997,
  "test_gap_std": 0.07532212293650674,
  "test_satisfy_frac": 0.8055555555555556,
  "test_hinge_mean": 0.008232445000000001,
  "val_reloads": 0.0,
  "val_nonfinite": 0.0
}