{
  "test_gap_mean": 0.10523829222222222,
  "test_gap_median": 0.10721855,
  "test_gap_std": 0.06716838652670569,
  "test_satisfy_frac": 0.8277777777777777,
  "test_hinge_mean": 0.007928225833333333,
  "val_reloads": 0.0,
  "val_nonfinite": 0.0
}