{
  "test_gap_mean": 0.1070736363888889,
  "test_gap_median": 0.10933934999999997,
  "test_gap_std": 0.06664752836590278,
  "test_satisfy_frac": 0.8444444444444444,
  "test_hinge_mean": 0.007645033055555555,
  "val_reloads": 0.0,
  "val_nonfinite": 0.0
}