{
  "test_gap_mean": 0.11080043361111112,
  "test_gap_median": 0.10903845000000006,
  "test_gap_std": 0.08011460790885114,
  "test_satisfy_frac": 0.7916666666666666,
  "test_hinge_mean": 0.010516713055555554,
  "val_reloads": 0.0,
  "val_nonfinite": 0.0
}