{
  "test_gap_mean": 0.10576101,
  "test_gap_median": 0.10967305,
  "test_gap_std": 0.06755701364782983,
  "test_satisfy_frac": 0.825,
  "test_hinge_mean": 0.008446590833333333,
  "val_reloads": 0.0,
  "val_nonfinite": 0.0
}