{
  "test_gap_mean": 0.1170850188888889,
  "test_gap_median": 0.11683355000000004,
  "test_gap_std": 0.07857667720248929,
  "test_satisfy_frac": 0.8277777777777777,
  "test_hinge_mean": 0.009082841944444444,
  "val_reloads": 0.0,
  "val_nonfinite": 0.0
}