{
  "test_gap_mean": 0.10809925722222222,
  "test_gap_median": 0.10645039999999997,
  "test_gap_std": 0.07695670468378707,
  "test_satisfy_frac": 0.7888888888888889,
  "test_hinge_mean": 0.010326527777777776,
  "val_reloads": 0.0,
  "val_nonfinite": 0.0
}