{
  "epoch": 29,
  "config": {
    "seed": 0,
    "gamma": 3.0,
    "margin": 0.05,
    "delta": 0.1,
    "input_vmin": 0.0,
    "input_vmax": 1.0,
    "rails": [
      0.0,
      0.45
    ],
    "solver": "klu",
    "body_tie": "ground",
    "body_res": 10.0,
    "rs_clamp": 10.0,
    "model_vto": 0.75,
    "vg_cutoff": 0.75,
    "vg_cutoff_epochs": 4,
    "vg_init": {
      "mode": "fixed",
      "lo": 1.0,
      "hi": 3.0,
      "fixed": 4.0
    },
    "epochs": 100,
    "device_include_path": "/home/ma-lab/Desktop/pyclln-final/device_model/nmos_lvl1_ald1106.lib",
    "device_subckt": "NMOSWRAP"
  },
  "train": {
    "acc": 0.9624217118997912,
    "hinge": 0.00587930946416145,
    "n_free": 1437,
    "n_clamp": 224,
    "hinge_active": 224,
    "hinge_active_frac": 0.1558803061934586,
    "skipped": 1213,
    "reload_free": 0,
    "reload_clamp": 0,
    "nonfinite_free": 0,
    "nonfinite_clamp": 0
  },
  "val": {
    "acc": 0.95,
    "hinge": 0.0075468447222222235,
    "test_gap_mean": 0.10600637888888889,
    "test_gap_median": 0.11055665000000003,
    "test_gap_std": 0.06586491214684542,
    "test_satisfy_frac": 0.8083333333333333,
    "test_hinge_mean": 0.007546844722222223,
    "val_reloads": 0.0,
    "val_nonfinite": 0.0
  },
  "timing_s": {
    "epoch_total": 19.844595670700073,
    "train_free": 11.140510320663452,
    "train_clamp": 1.740124225616455,
    "train_update": 0.2600836753845215
  },
  "vg_stats": {
    "vg_unique_min": 0.48613883857273105,
    "vg_unique_max": 7.99231029071804,
    "vg_unique_sat_lo": 0.0,
    "vg_unique_sat_hi": 0.0
  }
}