{
  "epoch": 52,
  "config": {
    "seed": 0,
    "gamma": 3.0,
    "margin": 0.05,
    "delta": 0.1,
    "input_vmin": 0.0,
    "input_vmax": 1.0,
    "rails": [
      0.0,
      0.45
    ],
    "solver": "klu",
    "body_tie": "ground",
    "body_res": 10.0,
    "rs_clamp": 10.0,
    "model_vto": 0.75,
    "vg_cutoff": 0.75,
    "vg_cutoff_epochs": 4,
    "vg_init": {
      "mode": "fixed",
      "lo": 1.0,
      "hi": 3.0,
      "fixed": 4.0
    },
    "epochs": 100,
    "device_include_path": "/home/ma-lab/Desktop/pyclln-final/device_model/nmos_lvl1_ald1106.lib",
    "device_subckt": "NMOSWRAP"
  },
  "train": {
    "acc": 0.9561586638830898,
    "hinge": 0.006905736812804458,
    "n_free": 1437,
    "n_clamp": 242,
    "hinge_active": 242,
    "hinge_active_frac": 0.1684064022268615,
    "skipped": 1195,
    "reload_free": 0,
    "reload_clamp": 0,
    "nonfinite_free": 0,
    "nonfinite_clamp": 0
  },
  "val": {
    "acc": 0.9527777777777777,
    "hinge": 0.006662006944444444,
    "test_gap_mean": 0.11310896972222222,
    "test_gap_median": 0.11308765000000001,
    "test_gap_std": 0.07097728983152364,
    "test_satisfy_frac": 0.8388888888888889,
    "test_hinge_mean": 0.006662006944444443,
    "val_reloads": 0.0,
    "val_nonfinite": 0.0
  },
  "timing_s": {
    "epoch_total": 17.981531381607056,
    "train_free": 9.895793914794922,
    "train_clamp": 1.6588342189788818,
    "train_update": 0.31838226318359375
  },
  "vg_stats": {
    "vg_unique_min": 0.5072735884139501,
    "vg_unique_max": 7.15660420928255,
    "vg_unique_sat_lo": 0.0,
    "vg_unique_sat_hi": 0.0
  }
}