{
  "test_gap_mean": -0.015864786111111112,
  "test_gap_median": -0.015533100000000022,
  "test_gap_std": 0.012479233702788287,
  "test_satisfy_frac": 0.0,
  "test_hinge_mean": 0.035864786111111116,
  "val_reloads": 0.0,
  "val_nonfinite": 0.0
}