{
  "test_gap_mean": 0.036143275555555555,
  "test_gap_median": 0.039203199999999994,
  "test_gap_std": 0.02014629645303496,
  "test_satisfy_frac": 0.7805555555555556,
  "test_hinge_mean": 0.002885835555555555,
  "val_reloads": 0.0,
  "val_nonfinite": 0.0
}