{
  "test_gap_mean": 0.054858250555555564,
  "test_gap_median": 0.0591719,
  "test_gap_std": 0.03379475348436335,
  "test_satisfy_frac": 0.8527777777777777,
  "test_hinge_mean": 0.0031953769444444434,
  "val_reloads": 0.0,
  "val_nonfinite": 0.0
}