{
  "test_gap_mean": 0.06267818972222222,
  "test_gap_median": 0.06651470000000001,
  "test_gap_std": 0.040646017256581374,
  "test_satisfy_frac": 0.8722222222222222,
  "test_hinge_mean": 0.003940825555555556,
  "val_reloads": 0.0,
  "val_nonfinite": 0.0
}