{
  "test_gap_mean": 0.06284820972222221,
  "test_gap_median": 0.0648791,
  "test_gap_std": 0.03973783496216155,
  "test_satisfy_frac": 0.875,
  "test_hinge_mean": 0.0033346269444444448,
  "val_reloads": 0.0,
  "val_nonfinite": 0.0
}