{
  "test_gap_mean": 0.06705616694444444,
  "test_gap_median": 0.0690008,
  "test_gap_std": 0.04517732531645458,
  "test_satisfy_frac": 0.8611111111111112,
  "test_hinge_mean": 0.0037863933333333326,
  "val_reloads": 0.0,
  "val_nonfinite": 0.0
}