{
  "test_gap_mean": 0.06544024361111112,
  "test_gap_median": 0.06764595000000001,
  "test_gap_std": 0.0415154447188254,
  "test_satisfy_frac": 0.875,
  "test_hinge_mean": 0.0033068005555555546,
  "val_reloads": 0.0,
  "val_nonfinite": 0.0
}