{
  "test_gap_mean": 0.05703472694444444,
  "test_gap_median": 0.06013460000000001,
  "test_gap_std": 0.03508037446504608,
  "test_satisfy_frac": 0.8583333333333333,
  "test_hinge_mean": 0.0029908716666666676,
  "val_reloads": 0.0,
  "val_nonfinite": 0.0
}