{
  "test_gap_mean": 0.032969465555555556,
  "test_gap_median": 0.034556100000000034,
  "test_gap_std": 0.018068792247001832,
  "test_satisfy_frac": 0.7777777777777778,
  "test_hinge_mean": 0.0029250144444444436,
  "val_reloads": 0.0,
  "val_nonfinite": 0.0
}