{
  "test_gap_mean": 0.06465123277777778,
  "test_gap_median": 0.06763169999999999,
  "test_gap_std": 0.041818573110461776,
  "test_satisfy_frac": 0.8638888888888889,
  "test_hinge_mean": 0.0036304472222222217,
  "val_reloads": 0.0,
  "val_nonfinite": 0.0
}