{
  "test_gap_mean": 0.043075626944444445,
  "test_gap_median": 0.04493365000000002,
  "test_gap_std": 0.02360205664549929,
  "test_satisfy_frac": 0.8361111111111111,
  "test_hinge_mean": 0.0024129930555555554,
  "val_reloads": 0.0,
  "val_nonfinite": 0.0
}