{
  "test_gap_mean": 0.06008704527777778,
  "test_gap_median": 0.06385840000000001,
  "test_gap_std": 0.03757955733658305,
  "test_satisfy_frac": 0.8694444444444445,
  "test_hinge_mean": 0.003180711111111111,
  "val_reloads": 0.0,
  "val_nonfinite": 0.0
}