{
  "test_gap_mean": 0.06452704638888888,
  "test_gap_median": 0.06661185,
  "test_gap_std": 0.04150064634578249,
  "test_satisfy_frac": 0.8777777777777778,
  "test_hinge_mean": 0.003424508055555556,
  "val_reloads": 0.0,
  "val_nonfinite": 0.0
}