{
  "test_gap_mean": 0.03612800472222222,
  "test_gap_median": 0.03785140000000001,
  "test_gap_std": 0.01989116018906961,
  "test_satisfy_frac": 0.8,
  "test_hinge_mean": 0.0027918772222222227,
  "val_reloads": 0.0,
  "val_nonfinite": 0.0
}