{
  "epoch": 98,
  "config": {
    "seed": 2,
    "gamma": 0.3,
    "margin": 0.02,
    "delta": 0.1,
    "input_vmin": 0.0,
    "input_vmax": 1.0,
    "rails": [
      0.0,
      0.45
    ],
    "solver": "klu",
    "body_tie": "floating",
    "body_res": 10.0,
    "rs_clamp": 10.0,
    "model_vto": 0.75,
    "vg_cutoff": 0.75,
    "vg_cutoff_epochs": 4,
    "vg_init": {
      "mode": "random",
      "lo": 1.5,
      "hi": 2.5,
      "fixed": 2.0
    },
    "epochs": 100,
    "device_include_path": "/home/ma-lab/Desktop/pyclln-final/device_model/nmos_lvl1_ald1106.lib",
    "device_subckt": "NMOSWRAP"
  },
  "train": {
    "acc": 0.9770354906054279,
    "hinge": 0.001340337926235212,
    "n_free": 1437,
    "n_clamp": 118,
    "hinge_active": 118,
    "hinge_active_frac": 0.08211551844119694,
    "skipped": 1319,
    "reload_free": 0,
    "reload_clamp": 0,
    "nonfinite_free": 0,
    "nonfinite_clamp": 0
  },
  "val": {
    "acc": 0.9333333333333333,
    "hinge": 0.003528808611111111,
    "test_gap_mean": 0.06902884083333333,
    "test_gap_median": 0.07085579999999997,
    "test_gap_std": 0.046434179689507506,
    "test_satisfy_frac": 0.8611111111111112,
    "test_hinge_mean": 0.003528808611111112,
    "val_reloads": 0.0,
    "val_nonfinite": 0.0
  },
  "timing_s": {
    "epoch_total": 44.42039656639099,
    "train_free": 30.93450427055359,
    "train_clamp": 2.5425333976745605,
    "train_update": 0.18183088302612305
  },
  "vg_stats": {
    "vg_unique_min": 0.6412892249098024,
    "vg_unique_max": 4.253456548523416,
    "vg_unique_sat_lo": 0.0,
    "vg_unique_sat_hi": 0.0
  }
}