{
  "epoch": 18,
  "config": {
    "seed": 2,
    "gamma": 0.3,
    "margin": 0.02,
    "delta": 0.1,
    "input_vmin": 0.0,
    "input_vmax": 1.0,
    "rails": [
      0.0,
      0.45
    ],
    "solver": "klu",
    "body_tie": "floating",
    "body_res": 10.0,
    "rs_clamp": 10.0,
    "model_vto": 0.75,
    "vg_cutoff": 0.75,
    "vg_cutoff_epochs": 4,
    "vg_init": {
      "mode": "random",
      "lo": 1.5,
      "hi": 2.5,
      "fixed": 2.0
    },
    "epochs": 100,
    "device_include_path": "/home/ma-lab/Desktop/pyclln-final/device_model/nmos_lvl1_ald1106.lib",
    "device_subckt": "NMOSWRAP"
  },
  "train": {
    "acc": 0.9791231732776617,
    "hinge": 0.0014275196242171178,
    "n_free": 1437,
    "n_clamp": 184,
    "hinge_active": 184,
    "hinge_active_frac": 0.12804453723034098,
    "skipped": 1253,
    "reload_free": 0,
    "reload_clamp": 0,
    "nonfinite_free": 0,
    "nonfinite_clamp": 0
  },
  "val": {
    "acc": 0.9611111111111111,
    "hinge": 0.0024994805555555552,
    "test_gap_mean": 0.040557543055555555,
    "test_gap_median": 0.04293340000000001,
    "test_gap_std": 0.022153387100850255,
    "test_satisfy_frac": 0.8305555555555556,
    "test_hinge_mean": 0.0024994805555555552,
    "val_reloads": 0.0,
    "val_nonfinite": 0.0
  },
  "timing_s": {
    "epoch_total": 141.8935742378235,
    "train_free": 97.50906252861023,
    "train_clamp": 12.44325852394104,
    "train_update": 0.4718139171600342
  },
  "vg_stats": {
    "vg_unique_min": 0.5702059702463829,
    "vg_unique_max": 3.5754143896262796,
    "vg_unique_sat_lo": 0.0,
    "vg_unique_sat_hi": 0.0
  }
}