{
  "test_gap_mean": 0.11756047638888888,
  "test_gap_median": 0.12024399999999999,
  "test_gap_std": 0.0865013733947783,
  "test_satisfy_frac": 0.8027777777777778,
  "test_hinge_mean": 0.012264106666666668,
  "val_reloads": 0.0,
  "val_nonfinite": 0.0
}