{
  "test_gap_mean": 0.12329951722222222,
  "test_gap_median": 0.12058525000000003,
  "test_gap_std": 0.08562546747200263,
  "test_satisfy_frac": 0.8166666666666667,
  "test_hinge_mean": 0.008860938333333334,
  "val_reloads": 0.0,
  "val_nonfinite": 0.0
}