{
  "test_gap_mean": 0.12030224277777779,
  "test_gap_median": 0.12137065,
  "test_gap_std": 0.08316419403413315,
  "test_satisfy_frac": 0.8222222222222222,
  "test_hinge_mean": 0.009320399722222223,
  "val_reloads": 0.0,
  "val_nonfinite": 0.0
}