{
  "test_gap_mean": 0.11308505944444444,
  "test_gap_median": 0.11521745000000003,
  "test_gap_std": 0.08121830734162416,
  "test_satisfy_frac": 0.7916666666666666,
  "test_hinge_mean": 0.010772875555555554,
  "val_reloads": 0.0,
  "val_nonfinite": 0.0
}