{
  "test_gap_mean": 0.12159153666666668,
  "test_gap_median": 0.12118544999999997,
  "test_gap_std": 0.0802017326303265,
  "test_satisfy_frac": 0.8222222222222222,
  "test_hinge_mean": 0.0079736225,
  "val_reloads": 0.0,
  "val_nonfinite": 0.0
}