{
  "test_gap_mean": 0.12481336138888888,
  "test_gap_median": 0.12067955000000002,
  "test_gap_std": 0.09401700302315878,
  "test_satisfy_frac": 0.775,
  "test_hinge_mean": 0.010314239444444444,
  "val_reloads": 0.0,
  "val_nonfinite": 0.0
}