{
  "test_gap_mean": 0.12051528666666668,
  "test_gap_median": 0.12570885,
  "test_gap_std": 0.08181479975415402,
  "test_satisfy_frac": 0.8111111111111111,
  "test_hinge_mean": 0.010009688611111112,
  "val_reloads": 0.0,
  "val_nonfinite": 0.0
}