{
  "test_gap_mean": 0.12463080472222221,
  "test_gap_median": 0.11897669999999999,
  "test_gap_std": 0.09098564323945842,
  "test_satisfy_frac": 0.8,
  "test_hinge_mean": 0.010082972777777779,
  "val_reloads": 0.0,
  "val_nonfinite": 0.0
}