{
  "test_gap_mean": 0.12102368972222222,
  "test_gap_median": 0.12921485000000002,
  "test_gap_std": 0.0847398335583625,
  "test_satisfy_frac": 0.7916666666666666,
  "test_hinge_mean": 0.009862005555555556,
  "val_reloads": 0.0,
  "val_nonfinite": 0.0
}