{
  "test_gap_mean": 0.12086080833333332,
  "test_gap_median": 0.1252107,
  "test_gap_std": 0.0839698823908581,
  "test_satisfy_frac": 0.8194444444444444,
  "test_hinge_mean": 0.010151053055555555,
  "val_reloads": 0.0,
  "val_nonfinite": 0.0
}