{
  "test_gap_mean": 0.11086776611111111,
  "test_gap_median": 0.11499109999999996,
  "test_gap_std": 0.08106432762447992,
  "test_satisfy_frac": 0.8027777777777778,
  "test_hinge_mean": 0.011006476388888888,
  "val_reloads": 0.0,
  "val_nonfinite": 0.0
}