{
  "epoch": 23,
  "config": {
    "seed": 2,
    "gamma": 3.0,
    "margin": 0.05,
    "delta": 0.1,
    "input_vmin": 0.0,
    "input_vmax": 1.0,
    "rails": [
      0.0,
      0.45
    ],
    "solver": "klu",
    "body_tie": "ground",
    "body_res": 10.0,
    "rs_clamp": 10.0,
    "model_vto": 0.75,
    "vg_cutoff": 0.75,
    "vg_cutoff_epochs": 4,
    "vg_init": {
      "mode": "fixed",
      "lo": 1.0,
      "hi": 3.0,
      "fixed": 0.75
    },
    "epochs": 100,
    "device_include_path": "/home/ma-lab/Desktop/pyclln-final/device_model/nmos_lvl1_ald1106.lib",
    "device_subckt": "NMOSWRAP"
  },
  "train": {
    "acc": 0.942240779401531,
    "hinge": 0.007722101530967296,
    "n_free": 1437,
    "n_clamp": 246,
    "hinge_active": 246,
    "hinge_active_frac": 0.17118997912317327,
    "skipped": 1191,
    "reload_free": 0,
    "reload_clamp": 0,
    "nonfinite_free": 0,
    "nonfinite_clamp": 0
  },
  "val": {
    "acc": 0.9083333333333333,
    "hinge": 0.010060780833333336,
    "test_gap_mean": 0.12348643111111111,
    "test_gap_median": 0.12868395000000002,
    "test_gap_std": 0.08538373227671668,
    "test_satisfy_frac": 0.8,
    "test_hinge_mean": 0.010060780833333335,
    "val_reloads": 0.0,
    "val_nonfinite": 0.0
  },
  "timing_s": {
    "epoch_total": 17.458348751068115,
    "train_free": 9.594193458557129,
    "train_clamp": 1.6325335502624512,
    "train_update": 0.32120800018310547
  },
  "vg_stats": {
    "vg_unique_min": 0.40567927772439955,
    "vg_unique_max": 5.602372914590587,
    "vg_unique_sat_lo": 0.0,
    "vg_unique_sat_hi": 0.0
  }
}