{
  "epoch": 68,
  "config": {
    "seed": 2,
    "gamma": 3.0,
    "margin": 0.05,
    "delta": 0.1,
    "input_vmin": 0.0,
    "input_vmax": 1.0,
    "rails": [
      0.0,
      0.45
    ],
    "solver": "klu",
    "body_tie": "ground",
    "body_res": 10.0,
    "rs_clamp": 10.0,
    "model_vto": 0.75,
    "vg_cutoff": 0.75,
    "vg_cutoff_epochs": 4,
    "vg_init": {
      "mode": "fixed",
      "lo": 1.0,
      "hi": 3.0,
      "fixed": 0.75
    },
    "epochs": 100,
    "device_include_path": "/home/ma-lab/Desktop/pyclln-final/device_model/nmos_lvl1_ald1106.lib",
    "device_subckt": "NMOSWRAP"
  },
  "train": {
    "acc": 0.940848990953375,
    "hinge": 0.007504799930410575,
    "n_free": 1437,
    "n_clamp": 242,
    "hinge_active": 242,
    "hinge_active_frac": 0.1684064022268615,
    "skipped": 1195,
    "reload_free": 0,
    "reload_clamp": 0,
    "nonfinite_free": 0,
    "nonfinite_clamp": 0
  },
  "val": {
    "acc": 0.925,
    "hinge": 0.010009688611111107,
    "test_gap_mean": 0.12051528666666668,
    "test_gap_median": 0.12570885,
    "test_gap_std": 0.08181479975415402,
    "test_satisfy_frac": 0.8111111111111111,
    "test_hinge_mean": 0.010009688611111112,
    "val_reloads": 0.0,
    "val_nonfinite": 0.0
  },
  "timing_s": {
    "epoch_total": 13.047731876373291,
    "train_free": 6.997856855392456,
    "train_clamp": 1.1707794666290283,
    "train_update": 0.21344327926635742
  },
  "vg_stats": {
    "vg_unique_min": 0.46632689384266013,
    "vg_unique_max": 4.748032097267074,
    "vg_unique_sat_lo": 0.0,
    "vg_unique_sat_hi": 0.0
  }
}