{
  "epoch": 57,
  "config": {
    "seed": 2,
    "gamma": 3.0,
    "margin": 0.05,
    "delta": 0.1,
    "input_vmin": 0.0,
    "input_vmax": 1.0,
    "rails": [
      0.0,
      0.45
    ],
    "solver": "klu",
    "body_tie": "ground",
    "body_res": 10.0,
    "rs_clamp": 10.0,
    "model_vto": 0.75,
    "vg_cutoff": 0.75,
    "vg_cutoff_epochs": 4,
    "vg_init": {
      "mode": "fixed",
      "lo": 1.0,
      "hi": 3.0,
      "fixed": 0.75
    },
    "epochs": 100,
    "device_include_path": "/home/ma-lab/Desktop/pyclln-final/device_model/nmos_lvl1_ald1106.lib",
    "device_subckt": "NMOSWRAP"
  },
  "train": {
    "acc": 0.9519832985386222,
    "hinge": 0.007353888378566465,
    "n_free": 1437,
    "n_clamp": 235,
    "hinge_active": 235,
    "hinge_active_frac": 0.16353514265831592,
    "skipped": 1202,
    "reload_free": 0,
    "reload_clamp": 0,
    "nonfinite_free": 0,
    "nonfinite_clamp": 0
  },
  "val": {
    "acc": 0.9194444444444444,
    "hinge": 0.00956254666666667,
    "test_gap_mean": 0.12441922472222221,
    "test_gap_median": 0.1289534,
    "test_gap_std": 0.08453643504142476,
    "test_satisfy_frac": 0.8138888888888889,
    "test_hinge_mean": 0.009562546666666666,
    "val_reloads": 0.0,
    "val_nonfinite": 0.0
  },
  "timing_s": {
    "epoch_total": 11.913869380950928,
    "train_free": 6.545860052108765,
    "train_clamp": 1.0517425537109375,
    "train_update": 0.1886911392211914
  },
  "vg_stats": {
    "vg_unique_min": 0.4,
    "vg_unique_max": 4.743151721616894,
    "vg_unique_sat_lo": 2.0,
    "vg_unique_sat_hi": 0.0
  }
}