{
  "epoch": 52,
  "config": {
    "seed": 2,
    "gamma": 3.0,
    "margin": 0.05,
    "delta": 0.1,
    "input_vmin": 0.0,
    "input_vmax": 1.0,
    "rails": [
      0.0,
      0.45
    ],
    "solver": "klu",
    "body_tie": "ground",
    "body_res": 10.0,
    "rs_clamp": 10.0,
    "model_vto": 0.75,
    "vg_cutoff": 0.75,
    "vg_cutoff_epochs": 4,
    "vg_init": {
      "mode": "fixed",
      "lo": 1.0,
      "hi": 3.0,
      "fixed": 0.75
    },
    "epochs": 100,
    "device_include_path": "/home/ma-lab/Desktop/pyclln-final/device_model/nmos_lvl1_ald1106.lib",
    "device_subckt": "NMOSWRAP"
  },
  "train": {
    "acc": 0.942240779401531,
    "hinge": 0.007323481141266526,
    "n_free": 1437,
    "n_clamp": 237,
    "hinge_active": 237,
    "hinge_active_frac": 0.1649269311064718,
    "skipped": 1200,
    "reload_free": 0,
    "reload_clamp": 0,
    "nonfinite_free": 0,
    "nonfinite_clamp": 0
  },
  "val": {
    "acc": 0.925,
    "hinge": 0.008950707222222224,
    "test_gap_mean": 0.12032668722222223,
    "test_gap_median": 0.11836645000000004,
    "test_gap_std": 0.08330601881169046,
    "test_satisfy_frac": 0.8138888888888889,
    "test_hinge_mean": 0.008950707222222224,
    "val_reloads": 0.0,
    "val_nonfinite": 0.0
  },
  "timing_s": {
    "epoch_total": 10.975102663040161,
    "train_free": 5.969744443893433,
    "train_clamp": 0.9802613258361816,
    "train_update": 0.1717967987060547
  },
  "vg_stats": {
    "vg_unique_min": 0.5307139368079299,
    "vg_unique_max": 5.047316791230161,
    "vg_unique_sat_lo": 0.0,
    "vg_unique_sat_hi": 0.0
  }
}