{
  "epoch": 90,
  "config": {
    "seed": 2,
    "gamma": 3.0,
    "margin": 0.05,
    "delta": 0.1,
    "input_vmin": 0.0,
    "input_vmax": 1.0,
    "rails": [
      0.0,
      0.45
    ],
    "solver": "klu",
    "body_tie": "ground",
    "body_res": 10.0,
    "rs_clamp": 10.0,
    "model_vto": 0.75,
    "vg_cutoff": 0.75,
    "vg_cutoff_epochs": 4,
    "vg_init": {
      "mode": "fixed",
      "lo": 1.0,
      "hi": 3.0,
      "fixed": 0.75
    },
    "epochs": 100,
    "device_include_path": "/home/ma-lab/Desktop/pyclln-final/device_model/nmos_lvl1_ald1106.lib",
    "device_subckt": "NMOSWRAP"
  },
  "train": {
    "acc": 0.9457202505219207,
    "hinge": 0.007631805497564372,
    "n_free": 1437,
    "n_clamp": 240,
    "hinge_active": 240,
    "hinge_active_frac": 0.16701461377870563,
    "skipped": 1197,
    "reload_free": 0,
    "reload_clamp": 0,
    "nonfinite_free": 0,
    "nonfinite_clamp": 0
  },
  "val": {
    "acc": 0.925,
    "hinge": 0.010263381944444445,
    "test_gap_mean": 0.1230088361111111,
    "test_gap_median": 0.1254235,
    "test_gap_std": 0.08923110854058612,
    "test_satisfy_frac": 0.8083333333333333,
    "test_hinge_mean": 0.010263381944444447,
    "val_reloads": 0.0,
    "val_nonfinite": 0.0
  },
  "timing_s": {
    "epoch_total": 13.135062217712402,
    "train_free": 6.8480384349823,
    "train_clamp": 1.125415325164795,
    "train_update": 0.21304082870483398
  },
  "vg_stats": {
    "vg_unique_min": 0.5749567488135383,
    "vg_unique_max": 4.979252754216117,
    "vg_unique_sat_lo": 0.0,
    "vg_unique_sat_hi": 0.0
  }
}