{
  "test_gap_mean": 0.015537048055555558,
  "test_gap_median": 0.01742309999999997,
  "test_gap_std": 0.0142127375806292,
  "test_satisfy_frac": 0.4361111111111111,
  "test_hinge_mean": 0.007969053333333333,
  "val_reloads": 0.0,
  "val_nonfinite": 0.0
}