{
  "test_gap_mean": -0.00031687777777777857,
  "test_gap_median": 0.002307500000000018,
  "test_gap_std": 0.01743277036331784,
  "test_satisfy_frac": 0.08611111111111111,
  "test_hinge_mean": 0.02071597138888889,
  "val_reloads": 0.0,
  "val_nonfinite": 0.0
}