{
  "test_gap_mean": 0.015030877500000001,
  "test_gap_median": 0.016868699999999986,
  "test_gap_std": 0.014259884066258485,
  "test_satisfy_frac": 0.425,
  "test_hinge_mean": 0.008287080555555557,
  "val_reloads": 0.0,
  "val_nonfinite": 0.0
}