{
  "test_gap_mean": 0.017378922499999998,
  "test_gap_median": 0.01962145,
  "test_gap_std": 0.014169421263207744,
  "test_satisfy_frac": 0.4861111111111111,
  "test_hinge_mean": 0.00692613138888889,
  "val_reloads": 0.0,
  "val_nonfinite": 0.0
}