{
  "test_gap_mean": 0.019885200555555555,
  "test_gap_median": 0.022156049999999983,
  "test_gap_std": 0.014171269898620775,
  "test_satisfy_frac": 0.575,
  "test_hinge_mean": 0.005723834722222224,
  "val_reloads": 0.0,
  "val_nonfinite": 0.0
}