{
  "test_gap_mean": 0.013289999166666663,
  "test_gap_median": 0.015327899999999978,
  "test_gap_std": 0.014434110911743996,
  "test_satisfy_frac": 0.38055555555555554,
  "test_hinge_mean": 0.00941632027777778,
  "val_reloads": 0.0,
  "val_nonfinite": 0.0
}