{
  "test_gap_mean": 0.003061193888888889,
  "test_gap_median": 0.005895749999999991,
  "test_gap_std": 0.01656870833082539,
  "test_satisfy_frac": 0.14444444444444443,
  "test_hinge_mean": 0.01757698027777778,
  "val_reloads": 0.0,
  "val_nonfinite": 0.0
}