{
  "test_gap_mean": 0.01618648138888889,
  "test_gap_median": 0.01799519999999999,
  "test_gap_std": 0.014173779441241463,
  "test_satisfy_frac": 0.4583333333333333,
  "test_hinge_mean": 0.007580889722222224,
  "val_reloads": 0.0,
  "val_nonfinite": 0.0
}