{
  "test_gap_mean": 0.0061376133333333315,
  "test_gap_median": 0.008843250000000025,
  "test_gap_std": 0.015697382469024006,
  "test_satisfy_frac": 0.21666666666666667,
  "test_hinge_mean": 0.014855241111111112,
  "val_reloads": 0.0,
  "val_nonfinite": 0.0
}