{
  "test_gap_mean": 0.010489229444444444,
  "test_gap_median": 0.012502650000000004,
  "test_gap_std": 0.014811944860656652,
  "test_satisfy_frac": 0.3138888888888889,
  "test_hinge_mean": 0.011409526666666668,
  "val_reloads": 0.0,
  "val_nonfinite": 0.0
}