{
  "test_gap_mean": 0.0101827875,
  "test_gap_median": 0.012110099999999985,
  "test_gap_std": 0.014860242478559821,
  "test_satisfy_frac": 0.3111111111111111,
  "test_hinge_mean": 0.011634949166666667,
  "val_reloads": 0.0,
  "val_nonfinite": 0.0
}