{
  "test_gap_mean": 0.017653721944444443,
  "test_gap_median": 0.01988940000000003,
  "test_gap_std": 0.014170546532020467,
  "test_satisfy_frac": 0.49444444444444446,
  "test_hinge_mean": 0.006783962500000001,
  "val_reloads": 0.0,
  "val_nonfinite": 0.0
}