{
  "epoch": 81,
  "config": {
    "seed": 1,
    "gamma": 0.03,
    "margin": 0.02,
    "delta": 0.05,
    "input_vmin": 0.0,
    "input_vmax": 1.0,
    "rails": [
      0.0,
      0.45
    ],
    "solver": "klu",
    "body_tie": "source",
    "body_res": 10.0,
    "rs_clamp": 10.0,
    "model_vto": 0.75,
    "vg_cutoff": 0.75,
    "vg_cutoff_epochs": 4,
    "vg_init": {
      "mode": "random",
      "lo": 1.0,
      "hi": 6.0,
      "fixed": 2.0
    },
    "epochs": 100,
    "device_include_path": "/home/ma-lab/Desktop/pyclln-final/device_model/nmos_lvl1_ald1106.lib",
    "device_subckt": "NMOSWRAP"
  },
  "train": {
    "acc": 0.8705636743215032,
    "hinge": 0.007167690605427957,
    "n_free": 1437,
    "n_clamp": 721,
    "hinge_active": 721,
    "hinge_active_frac": 0.5017397355601948,
    "skipped": 716,
    "reload_free": 0,
    "reload_clamp": 0,
    "nonfinite_free": 0,
    "nonfinite_clamp": 0
  },
  "val": {
    "acc": 0.8583333333333333,
    "hinge": 0.006716172777777774,
    "test_gap_mean": 0.017793267222222225,
    "test_gap_median": 0.02008104999999999,
    "test_gap_std": 0.014175425647206547,
    "test_satisfy_frac": 0.5027777777777778,
    "test_hinge_mean": 0.006716172777777777,
    "val_reloads": 0.0,
    "val_nonfinite": 0.0
  },
  "timing_s": {
    "epoch_total": 97.28410387039185,
    "train_free": 48.94311714172363,
    "train_clamp": 24.463263034820557,
    "train_update": 2.0863752365112305
  },
  "vg_stats": {
    "vg_unique_min": 0.8161888599845879,
    "vg_unique_max": 6.9071190301785474,
    "vg_unique_sat_lo": 0.0,
    "vg_unique_sat_hi": 0.0
  }
}