{
  "epoch": 94,
  "config": {
    "seed": 1,
    "gamma": 0.03,
    "margin": 0.02,
    "delta": 0.05,
    "input_vmin": 0.0,
    "input_vmax": 1.0,
    "rails": [
      0.0,
      0.45
    ],
    "solver": "klu",
    "body_tie": "source",
    "body_res": 10.0,
    "rs_clamp": 10.0,
    "model_vto": 0.75,
    "vg_cutoff": 0.75,
    "vg_cutoff_epochs": 4,
    "vg_init": {
      "mode": "random",
      "lo": 1.0,
      "hi": 6.0,
      "fixed": 2.0
    },
    "epochs": 100,
    "device_include_path": "/home/ma-lab/Desktop/pyclln-final/device_model/nmos_lvl1_ald1106.lib",
    "device_subckt": "NMOSWRAP"
  },
  "train": {
    "acc": 0.8900487125956854,
    "hinge": 0.006347764161447462,
    "n_free": 1437,
    "n_clamp": 664,
    "hinge_active": 664,
    "hinge_active_frac": 0.46207376478775225,
    "skipped": 773,
    "reload_free": 0,
    "reload_clamp": 0,
    "nonfinite_free": 0,
    "nonfinite_clamp": 0
  },
  "val": {
    "acc": 0.8777777777777778,
    "hinge": 0.005958801944444441,
    "test_gap_mean": 0.019375448055555557,
    "test_gap_median": 0.021644799999999992,
    "test_gap_std": 0.01418533407318381,
    "test_satisfy_frac": 0.5611111111111111,
    "test_hinge_mean": 0.005958801944444445,
    "val_reloads": 0.0,
    "val_nonfinite": 0.0
  },
  "timing_s": {
    "epoch_total": 88.45779657363892,
    "train_free": 45.13602328300476,
    "train_clamp": 20.80564785003662,
    "train_update": 1.9904658794403076
  },
  "vg_stats": {
    "vg_unique_min": 0.8016822256645731,
    "vg_unique_max": 6.979887991263698,
    "vg_unique_sat_lo": 0.0,
    "vg_unique_sat_hi": 0.0
  }
}