{
  "epoch": 90,
  "config": {
    "seed": 1,
    "gamma": 0.03,
    "margin": 0.02,
    "delta": 0.05,
    "input_vmin": 0.0,
    "input_vmax": 1.0,
    "rails": [
      0.0,
      0.45
    ],
    "solver": "klu",
    "body_tie": "source",
    "body_res": 10.0,
    "rs_clamp": 10.0,
    "model_vto": 0.75,
    "vg_cutoff": 0.75,
    "vg_cutoff_epochs": 4,
    "vg_init": {
      "mode": "random",
      "lo": 1.0,
      "hi": 6.0,
      "fixed": 2.0
    },
    "epochs": 100,
    "device_include_path": "/home/ma-lab/Desktop/pyclln-final/device_model/nmos_lvl1_ald1106.lib",
    "device_subckt": "NMOSWRAP"
  },
  "train": {
    "acc": 0.8844815588030619,
    "hinge": 0.006582132498260262,
    "n_free": 1437,
    "n_clamp": 680,
    "hinge_active": 680,
    "hinge_active_frac": 0.4732080723729993,
    "skipped": 757,
    "reload_free": 0,
    "reload_clamp": 0,
    "nonfinite_free": 0,
    "nonfinite_clamp": 0
  },
  "val": {
    "acc": 0.8722222222222222,
    "hinge": 0.00616634888888889,
    "test_gap_mean": 0.018940812777777778,
    "test_gap_median": 0.021269750000000004,
    "test_gap_std": 0.014212487593392536,
    "test_satisfy_frac": 0.55,
    "test_hinge_mean": 0.00616634888888889,
    "val_reloads": 0.0,
    "val_nonfinite": 0.0
  },
  "timing_s": {
    "epoch_total": 96.04503893852234,
    "train_free": 49.6268630027771,
    "train_clamp": 23.289697408676147,
    "train_update": 2.0730223655700684
  },
  "vg_stats": {
    "vg_unique_min": 0.8057279171775336,
    "vg_unique_max": 6.959017236566693,
    "vg_unique_sat_lo": 0.0,
    "vg_unique_sat_hi": 0.0
  }
}