{
  "epoch": 98,
  "config": {
    "seed": 1,
    "gamma": 0.03,
    "margin": 0.02,
    "delta": 0.05,
    "input_vmin": 0.0,
    "input_vmax": 1.0,
    "rails": [
      0.0,
      0.45
    ],
    "solver": "klu",
    "body_tie": "source",
    "body_res": 10.0,
    "rs_clamp": 10.0,
    "model_vto": 0.75,
    "vg_cutoff": 0.75,
    "vg_cutoff_epochs": 4,
    "vg_init": {
      "mode": "random",
      "lo": 1.0,
      "hi": 6.0,
      "fixed": 2.0
    },
    "epochs": 100,
    "device_include_path": "/home/ma-lab/Desktop/pyclln-final/device_model/nmos_lvl1_ald1106.lib",
    "device_subckt": "NMOSWRAP"
  },
  "train": {
    "acc": 0.8921363952679193,
    "hinge": 0.006130631106471822,
    "n_free": 1437,
    "n_clamp": 648,
    "hinge_active": 648,
    "hinge_active_frac": 0.4509394572025052,
    "skipped": 789,
    "reload_free": 0,
    "reload_clamp": 0,
    "nonfinite_free": 0,
    "nonfinite_clamp": 0
  },
  "val": {
    "acc": 0.8833333333333333,
    "hinge": 0.0057681602777777735,
    "test_gap_mean": 0.01978402972222222,
    "test_gap_median": 0.022062099999999973,
    "test_gap_std": 0.014171331721602592,
    "test_satisfy_frac": 0.5722222222222222,
    "test_hinge_mean": 0.005768160277777779,
    "val_reloads": 0.0,
    "val_nonfinite": 0.0
  },
  "timing_s": {
    "epoch_total": 95.53385996818542,
    "train_free": 49.31386733055115,
    "train_clamp": 22.169437408447266,
    "train_update": 1.8531980514526367
  },
  "vg_stats": {
    "vg_unique_min": 0.7979089600234456,
    "vg_unique_max": 7.000041283522483,
    "vg_unique_sat_lo": 0.0,
    "vg_unique_sat_hi": 0.0
  }
}