{
  "epoch": 58,
  "config": {
    "seed": 1,
    "gamma": 0.03,
    "margin": 0.02,
    "delta": 0.05,
    "input_vmin": 0.0,
    "input_vmax": 1.0,
    "rails": [
      0.0,
      0.45
    ],
    "solver": "klu",
    "body_tie": "source",
    "body_res": 10.0,
    "rs_clamp": 10.0,
    "model_vto": 0.75,
    "vg_cutoff": 0.75,
    "vg_cutoff_epochs": 4,
    "vg_init": {
      "mode": "random",
      "lo": 1.0,
      "hi": 6.0,
      "fixed": 2.0
    },
    "epochs": 100,
    "device_include_path": "/home/ma-lab/Desktop/pyclln-final/device_model/nmos_lvl1_ald1106.lib",
    "device_subckt": "NMOSWRAP"
  },
  "train": {
    "acc": 0.8295059151009047,
    "hinge": 0.009376573764787751,
    "n_free": 1437,
    "n_clamp": 857,
    "hinge_active": 857,
    "hinge_active_frac": 0.5963813500347948,
    "skipped": 580,
    "reload_free": 0,
    "reload_clamp": 0,
    "nonfinite_free": 0,
    "nonfinite_clamp": 0
  },
  "val": {
    "acc": 0.8305555555555556,
    "hinge": 0.008869551111111108,
    "test_gap_mean": 0.014108127222222223,
    "test_gap_median": 0.015937749999999973,
    "test_gap_std": 0.014335285433618493,
    "test_satisfy_frac": 0.3972222222222222,
    "test_hinge_mean": 0.008869551111111111,
    "val_reloads": 0.0,
    "val_nonfinite": 0.0
  },
  "timing_s": {
    "epoch_total": 88.14345741271973,
    "train_free": 42.20449113845825,
    "train_clamp": 24.97953176498413,
    "train_update": 2.194051742553711
  },
  "vg_stats": {
    "vg_unique_min": 0.7790280935704205,
    "vg_unique_max": 6.758520923349879,
    "vg_unique_sat_lo": 0.0,
    "vg_unique_sat_hi": 0.0
  }
}