{
  "epoch": 95,
  "config": {
    "seed": 1,
    "gamma": 0.03,
    "margin": 0.02,
    "delta": 0.05,
    "input_vmin": 0.0,
    "input_vmax": 1.0,
    "rails": [
      0.0,
      0.45
    ],
    "solver": "klu",
    "body_tie": "source",
    "body_res": 10.0,
    "rs_clamp": 10.0,
    "model_vto": 0.75,
    "vg_cutoff": 0.75,
    "vg_cutoff_epochs": 4,
    "vg_init": {
      "mode": "random",
      "lo": 1.0,
      "hi": 6.0,
      "fixed": 2.0
    },
    "epochs": 100,
    "device_include_path": "/home/ma-lab/Desktop/pyclln-final/device_model/nmos_lvl1_ald1106.lib",
    "device_subckt": "NMOSWRAP"
  },
  "train": {
    "acc": 0.8928322894919972,
    "hinge": 0.006291234794711198,
    "n_free": 1437,
    "n_clamp": 661,
    "hinge_active": 661,
    "hinge_active_frac": 0.45998608211551845,
    "skipped": 776,
    "reload_free": 0,
    "reload_clamp": 0,
    "nonfinite_free": 0,
    "nonfinite_clamp": 0
  },
  "val": {
    "acc": 0.8805555555555555,
    "hinge": 0.005909383888888889,
    "test_gap_mean": 0.019476728611111112,
    "test_gap_median": 0.021813799999999994,
    "test_gap_std": 0.014177923077732439,
    "test_satisfy_frac": 0.5638888888888889,
    "test_hinge_mean": 0.0059093838888888885,
    "val_reloads": 0.0,
    "val_nonfinite": 0.0
  },
  "timing_s": {
    "epoch_total": 86.91462278366089,
    "train_free": 44.44392371177673,
    "train_clamp": 20.46067976951599,
    "train_update": 1.9568099975585938
  },
  "vg_stats": {
    "vg_unique_min": 0.8004655772128794,
    "vg_unique_max": 6.984744852742939,
    "vg_unique_sat_lo": 0.0,
    "vg_unique_sat_hi": 0.0
  }
}