{
  "test_gap_mean": 0.12917713416666665,
  "test_gap_median": 0.1353599,
  "test_gap_std": 0.08017293831739386,
  "test_satisfy_frac": 0.6777777777777778,
  "test_hinge_mean": 0.020461008611111112,
  "val_reloads": 0.0,
  "val_nonfinite": 0.0
}