{
  "test_gap_mean": 0.1076180702777778,
  "test_gap_median": 0.11607285000000003,
  "test_gap_std": 0.06741942822288427,
  "test_satisfy_frac": 0.5722222222222222,
  "test_hinge_mean": 0.023851199444444443,
  "val_reloads": 0.0,
  "val_nonfinite": 0.0
}