{
  "test_gap_mean": 0.10560034027777776,
  "test_gap_median": 0.114593,
  "test_gap_std": 0.06659107188821449,
  "test_satisfy_frac": 0.5666666666666667,
  "test_hinge_mean": 0.024456842777777783,
  "val_reloads": 0.0,
  "val_nonfinite": 0.0
}