{
  "test_gap_mean": 0.09073386916666668,
  "test_gap_median": 0.09661135000000001,
  "test_gap_std": 0.05825267604389155,
  "test_satisfy_frac": 0.4777777777777778,
  "test_hinge_mean": 0.02838039888888889,
  "val_reloads": 0.0,
  "val_nonfinite": 0.0
}