{
  "test_gap_mean": 0.11895892944444443,
  "test_gap_median": 0.1266414,
  "test_gap_std": 0.07364934481135683,
  "test_satisfy_frac": 0.6361111111111111,
  "test_hinge_mean": 0.021741389444444443,
  "val_reloads": 0.0,
  "val_nonfinite": 0.0
}