{
  "test_gap_mean": 0.12509829777777778,
  "test_gap_median": 0.13226390000000002,
  "test_gap_std": 0.07745918704250392,
  "test_satisfy_frac": 0.6638888888888889,
  "test_hinge_mean": 0.021004095000000004,
  "val_reloads": 0.0,
  "val_nonfinite": 0.0
}