{
  "test_gap_mean": 0.07001883444444444,
  "test_gap_median": 0.0739164,
  "test_gap_std": 0.04823923037671704,
  "test_satisfy_frac": 0.32222222222222224,
  "test_hinge_mean": 0.03743972333333334,
  "val_reloads": 0.0,
  "val_nonfinite": 0.0
}