{
  "test_gap_mean": 0.12774637194444444,
  "test_gap_median": 0.13341289999999995,
  "test_gap_std": 0.07924453232066211,
  "test_satisfy_frac": 0.6722222222222223,
  "test_hinge_mean": 0.020620897500000002,
  "val_reloads": 0.0,
  "val_nonfinite": 0.0
}