{
  "test_gap_mean": 0.12871494500000003,
  "test_gap_median": 0.13392284999999998,
  "test_gap_std": 0.07993840615513628,
  "test_satisfy_frac": 0.675,
  "test_hinge_mean": 0.020550185000000006,
  "val_reloads": 0.0,
  "val_nonfinite": 0.0
}