{
  "test_gap_mean": 0.05828067083333333,
  "test_gap_median": 0.05978924999999999,
  "test_gap_std": 0.04322435298147985,
  "test_satisfy_frac": 0.21944444444444444,
  "test_hinge_mean": 0.04492004750000001,
  "val_reloads": 0.0,
  "val_nonfinite": 0.0
}