{
  "test_gap_mean": 0.07410160444444445,
  "test_gap_median": 0.07789234999999997,
  "test_gap_std": 0.049730961840131815,
  "test_satisfy_frac": 0.3527777777777778,
  "test_hinge_mean": 0.03510797666666667,
  "val_reloads": 0.0,
  "val_nonfinite": 0.0
}