{
  "epoch": 27,
  "config": {
    "seed": 2,
    "gamma": 0.03,
    "margin": 0.1,
    "delta": 0.1,
    "input_vmin": 0.0,
    "input_vmax": 1.0,
    "rails": [
      0.0,
      0.45
    ],
    "solver": "klu",
    "body_tie": "floating",
    "body_res": 10.0,
    "rs_clamp": 10.0,
    "model_vto": 0.75,
    "vg_cutoff": 0.75,
    "vg_cutoff_epochs": 4,
    "vg_init": {
      "mode": "fixed",
      "lo": 1.0,
      "hi": 3.0,
      "fixed": 2.0
    },
    "epochs": 100,
    "device_include_path": "/home/ma-lab/Desktop/pyclln-final/device_model/nmos_lvl1_ald1106.lib",
    "device_subckt": "NMOSWRAP"
  },
  "train": {
    "acc": 0.9213639526791928,
    "hinge": 0.04126569276270005,
    "n_free": 1437,
    "n_clamp": 1125,
    "hinge_active": 1125,
    "hinge_active_frac": 0.7828810020876826,
    "skipped": 312,
    "reload_free": 0,
    "reload_clamp": 0,
    "nonfinite_free": 0,
    "nonfinite_clamp": 0
  },
  "val": {
    "acc": 0.9166666666666666,
    "hinge": 0.041811708888888924,
    "test_gap_mean": 0.06292438111111111,
    "test_gap_median": 0.06517550000000003,
    "test_gap_std": 0.045215277907259994,
    "test_satisfy_frac": 0.25833333333333336,
    "test_hinge_mean": 0.04181170888888889,
    "val_reloads": 0.0,
    "val_nonfinite": 0.0
  },
  "timing_s": {
    "epoch_total": 178.89298701286316,
    "train_free": 81.32598233222961,
    "train_clamp": 63.26447033882141,
    "train_update": 2.613814115524292
  },
  "vg_stats": {
    "vg_unique_min": 0.5270326899851643,
    "vg_unique_max": 3.5124588046825154,
    "vg_unique_sat_lo": 0.0,
    "vg_unique_sat_hi": 0.0
  }
}