{
  "epoch": 54,
  "config": {
    "seed": 2,
    "gamma": 0.03,
    "margin": 0.1,
    "delta": 0.1,
    "input_vmin": 0.0,
    "input_vmax": 1.0,
    "rails": [
      0.0,
      0.45
    ],
    "solver": "klu",
    "body_tie": "floating",
    "body_res": 10.0,
    "rs_clamp": 10.0,
    "model_vto": 0.75,
    "vg_cutoff": 0.75,
    "vg_cutoff_epochs": 4,
    "vg_init": {
      "mode": "fixed",
      "lo": 1.0,
      "hi": 3.0,
      "fixed": 2.0
    },
    "epochs": 100,
    "device_include_path": "/home/ma-lab/Desktop/pyclln-final/device_model/nmos_lvl1_ald1106.lib",
    "device_subckt": "NMOSWRAP"
  },
  "train": {
    "acc": 0.9464161447459986,
    "hinge": 0.02228295518441197,
    "n_free": 1437,
    "n_clamp": 636,
    "hinge_active": 636,
    "hinge_active_frac": 0.44258872651356995,
    "skipped": 801,
    "reload_free": 0,
    "reload_clamp": 0,
    "nonfinite_free": 0,
    "nonfinite_clamp": 0
  },
  "val": {
    "acc": 0.9333333333333333,
    "hinge": 0.02566978972222222,
    "test_gap_mean": 0.10001062749999999,
    "test_gap_median": 0.10793659999999997,
    "test_gap_std": 0.0632187395580293,
    "test_satisfy_frac": 0.5472222222222223,
    "test_hinge_mean": 0.02566978972222223,
    "val_reloads": 0.0,
    "val_nonfinite": 0.0
  },
  "timing_s": {
    "epoch_total": 88.10422420501709,
    "train_free": 47.49431872367859,
    "train_clamp": 21.162147998809814,
    "train_update": 1.10270094871521
  },
  "vg_stats": {
    "vg_unique_min": 0.6272811610705887,
    "vg_unique_max": 4.09647576288203,
    "vg_unique_sat_lo": 0.0,
    "vg_unique_sat_hi": 0.0
  }
}