{
  "epoch": 42,
  "config": {
    "seed": 2,
    "gamma": 0.03,
    "margin": 0.1,
    "delta": 0.1,
    "input_vmin": 0.0,
    "input_vmax": 1.0,
    "rails": [
      0.0,
      0.45
    ],
    "solver": "klu",
    "body_tie": "floating",
    "body_res": 10.0,
    "rs_clamp": 10.0,
    "model_vto": 0.75,
    "vg_cutoff": 0.75,
    "vg_cutoff_epochs": 4,
    "vg_init": {
      "mode": "fixed",
      "lo": 1.0,
      "hi": 3.0,
      "fixed": 2.0
    },
    "epochs": 100,
    "device_include_path": "/home/ma-lab/Desktop/pyclln-final/device_model/nmos_lvl1_ald1106.lib",
    "device_subckt": "NMOSWRAP"
  },
  "train": {
    "acc": 0.9394572025052192,
    "hinge": 0.028539606263048016,
    "n_free": 1437,
    "n_clamp": 839,
    "hinge_active": 839,
    "hinge_active_frac": 0.5838552540013918,
    "skipped": 598,
    "reload_free": 0,
    "reload_clamp": 0,
    "nonfinite_free": 0,
    "nonfinite_clamp": 0
  },
  "val": {
    "acc": 0.925,
    "hinge": 0.030762089722222212,
    "test_gap_mean": 0.08337372888888889,
    "test_gap_median": 0.08910019999999996,
    "test_gap_std": 0.05404954734922855,
    "test_satisfy_frac": 0.4388888888888889,
    "test_hinge_mean": 0.030762089722222226,
    "val_reloads": 0.0,
    "val_nonfinite": 0.0
  },
  "timing_s": {
    "epoch_total": 118.04943203926086,
    "train_free": 57.808143615722656,
    "train_clamp": 33.92190647125244,
    "train_update": 1.8281984329223633
  },
  "vg_stats": {
    "vg_unique_min": 0.6204709748243337,
    "vg_unique_max": 3.925481090998302,
    "vg_unique_sat_lo": 0.0,
    "vg_unique_sat_hi": 0.0
  }
}