{
  "epoch": 64,
  "config": {
    "seed": 2,
    "gamma": 0.03,
    "margin": 0.1,
    "delta": 0.1,
    "input_vmin": 0.0,
    "input_vmax": 1.0,
    "rails": [
      0.0,
      0.45
    ],
    "solver": "klu",
    "body_tie": "floating",
    "body_res": 10.0,
    "rs_clamp": 10.0,
    "model_vto": 0.75,
    "vg_cutoff": 0.75,
    "vg_cutoff_epochs": 4,
    "vg_init": {
      "mode": "fixed",
      "lo": 1.0,
      "hi": 3.0,
      "fixed": 2.0
    },
    "epochs": 100,
    "device_include_path": "/home/ma-lab/Desktop/pyclln-final/device_model/nmos_lvl1_ald1106.lib",
    "device_subckt": "NMOSWRAP"
  },
  "train": {
    "acc": 0.9505915100904663,
    "hinge": 0.019493599304105762,
    "n_free": 1437,
    "n_clamp": 532,
    "hinge_active": 532,
    "hinge_active_frac": 0.37021572720946416,
    "skipped": 905,
    "reload_free": 0,
    "reload_clamp": 0,
    "nonfinite_free": 0,
    "nonfinite_clamp": 0
  },
  "val": {
    "acc": 0.9361111111111111,
    "hinge": 0.02333670777777778,
    "test_gap_mean": 0.11023120138888888,
    "test_gap_median": 0.12046765000000001,
    "test_gap_std": 0.06902149540273927,
    "test_satisfy_frac": 0.5944444444444444,
    "test_hinge_mean": 0.02333670777777778,
    "val_reloads": 0.0,
    "val_nonfinite": 0.0
  },
  "timing_s": {
    "epoch_total": 79.84973764419556,
    "train_free": 45.91077280044556,
    "train_clamp": 16.856983423233032,
    "train_update": 1.0013625621795654
  },
  "vg_stats": {
    "vg_unique_min": 0.6936477898802577,
    "vg_unique_max": 4.154201147350864,
    "vg_unique_sat_lo": 0.0,
    "vg_unique_sat_hi": 0.0
  }
}