{
  "epoch": 99,
  "config": {
    "seed": 2,
    "gamma": 0.03,
    "margin": 0.1,
    "delta": 0.1,
    "input_vmin": 0.0,
    "input_vmax": 1.0,
    "rails": [
      0.0,
      0.45
    ],
    "solver": "klu",
    "body_tie": "floating",
    "body_res": 10.0,
    "rs_clamp": 10.0,
    "model_vto": 0.75,
    "vg_cutoff": 0.75,
    "vg_cutoff_epochs": 4,
    "vg_init": {
      "mode": "fixed",
      "lo": 1.0,
      "hi": 3.0,
      "fixed": 2.0
    },
    "epochs": 100,
    "device_include_path": "/home/ma-lab/Desktop/pyclln-final/device_model/nmos_lvl1_ald1106.lib",
    "device_subckt": "NMOSWRAP"
  },
  "train": {
    "acc": 0.953375086986778,
    "hinge": 0.015860212108559507,
    "n_free": 1437,
    "n_clamp": 409,
    "hinge_active": 409,
    "hinge_active_frac": 0.28462073764787754,
    "skipped": 1028,
    "reload_free": 0,
    "reload_clamp": 0,
    "nonfinite_free": 0,
    "nonfinite_clamp": 0
  },
  "val": {
    "acc": 0.9277777777777778,
    "hinge": 0.020359798333333335,
    "test_gap_mean": 0.1308501388888889,
    "test_gap_median": 0.1371052,
    "test_gap_std": 0.08142718590853418,
    "test_satisfy_frac": 0.6805555555555556,
    "test_hinge_mean": 0.020359798333333335,
    "val_reloads": 0.0,
    "val_nonfinite": 0.0
  },
  "timing_s": {
    "epoch_total": 32.98001670837402,
    "train_free": 18.70775055885315,
    "train_clamp": 5.286962985992432,
    "train_update": 0.5633096694946289
  },
  "vg_stats": {
    "vg_unique_min": 0.7134495761764346,
    "vg_unique_max": 4.087633792581077,
    "vg_unique_sat_lo": 0.0,
    "vg_unique_sat_hi": 0.0
  }
}