{
  "epoch": 43,
  "config": {
    "seed": 2,
    "gamma": 0.03,
    "margin": 0.1,
    "delta": 0.1,
    "input_vmin": 0.0,
    "input_vmax": 1.0,
    "rails": [
      0.0,
      0.45
    ],
    "solver": "klu",
    "body_tie": "floating",
    "body_res": 10.0,
    "rs_clamp": 10.0,
    "model_vto": 0.75,
    "vg_cutoff": 0.75,
    "vg_cutoff_epochs": 4,
    "vg_init": {
      "mode": "fixed",
      "lo": 1.0,
      "hi": 3.0,
      "fixed": 2.0
    },
    "epochs": 100,
    "device_include_path": "/home/ma-lab/Desktop/pyclln-final/device_model/nmos_lvl1_ald1106.lib",
    "device_subckt": "NMOSWRAP"
  },
  "train": {
    "acc": 0.942240779401531,
    "hinge": 0.027859549130132253,
    "n_free": 1437,
    "n_clamp": 818,
    "hinge_active": 818,
    "hinge_active_frac": 0.5692414752957551,
    "skipped": 619,
    "reload_free": 0,
    "reload_clamp": 0,
    "nonfinite_free": 0,
    "nonfinite_clamp": 0
  },
  "val": {
    "acc": 0.9277777777777778,
    "hinge": 0.030220586944444457,
    "test_gap_mean": 0.08503721833333333,
    "test_gap_median": 0.09098095,
    "test_gap_std": 0.05490954012748299,
    "test_satisfy_frac": 0.4527777777777778,
    "test_hinge_mean": 0.030220586944444447,
    "val_reloads": 0.0,
    "val_nonfinite": 0.0
  },
  "timing_s": {
    "epoch_total": 140.73795366287231,
    "train_free": 70.77568197250366,
    "train_clamp": 40.35249924659729,
    "train_update": 1.958319902420044
  },
  "vg_stats": {
    "vg_unique_min": 0.6167779100152203,
    "vg_unique_max": 3.931573147170101,
    "vg_unique_sat_lo": 0.0,
    "vg_unique_sat_hi": 0.0
  }
}