{
  "epoch": 2,
  "mode": "proto",
  "train": {
    "acc": 0.32498260264439804,
    "mse": 0.001913279526659786,
    "n_free": 1437,
    "n_clamp": 1437,
    "skipped": 0,
    "reload_free": 0,
    "reload_clamp": 0,
    "nonfinite_free": 0,
    "nonfinite_clamp": 0
  },
  "val": {
    "acc": 0.34444444444444444,
    "mse": 0.0011638769487551965,
    "val_mode": "proto",
    "val_reloads": 0.0,
    "val_nonfinite": 0.0,
    "val_mse_count": 360.0
  },
  "timing_s": {
    "epoch_total": 85.2987151145935,
    "train_free": 31.577043294906616,
    "train_clamp": 31.21371030807495,
    "train_update": 3.8879005908966064
  }
}