{
  "epoch": 7,
  "mode": "proto",
  "train": {
    "acc": 0.40848990953375086,
    "mse": 0.005283985851685003,
    "n_free": 1437,
    "n_clamp": 1437,
    "skipped": 0,
    "reload_free": 0,
    "reload_clamp": 0,
    "nonfinite_free": 0,
    "nonfinite_clamp": 0
  },
  "val": {
    "acc": 0.425,
    "mse": 0.004814324499882707,
    "val_mode": "proto",
    "val_reloads": 0.0,
    "val_nonfinite": 0.0,
    "val_mse_count": 360.0
  },
  "timing_s": {
    "epoch_total": 89.39178466796875,
    "train_free": 32.65848183631897,
    "train_clamp": 33.08260655403137,
    "train_update": 3.9347972869873047
  }
}