{
  "test_gap_mean": 0.12383601583333331,
  "test_gap_median": 0.132254,
  "test_gap_std": 0.07573133825612603,
  "test_satisfy_frac": 0.6638888888888889,
  "test_hinge_mean": 0.020935020833333335,
  "val_reloads": 0.0,
  "val_nonfinite": 0.0
}