{
  "test_gap_mean": 0.12065267388888888,
  "test_gap_median": 0.12990954999999998,
  "test_gap_std": 0.07306099244319994,
  "test_satisfy_frac": 0.6583333333333333,
  "test_hinge_mean": 0.02096767666666667,
  "val_reloads": 0.0,
  "val_nonfinite": 0.0
}