{
  "test_gap_mean": 0.1287229513888889,
  "test_gap_median": 0.13880649999999994,
  "test_gap_std": 0.07746171153318371,
  "test_satisfy_frac": 0.6694444444444444,
  "test_hinge_mean": 0.01974677777777778,
  "val_reloads": 0.0,
  "val_nonfinite": 0.0
}