{
  "test_gap_mean": 0.11622588333333334,
  "test_gap_median": 0.12482575000000001,
  "test_gap_std": 0.07057845520186698,
  "test_satisfy_frac": 0.6333333333333333,
  "test_hinge_mean": 0.021560776666666667,
  "val_reloads": 0.0,
  "val_nonfinite": 0.0
}