{
  "test_gap_mean": 0.13006070083333332,
  "test_gap_median": 0.1402785,
  "test_gap_std": 0.07734579812671342,
  "test_satisfy_frac": 0.6805555555555556,
  "test_hinge_mean": 0.019289693055555557,
  "val_reloads": 0.0,
  "val_nonfinite": 0.0
}