{
  "test_gap_mean": 0.12459187805555556,
  "test_gap_median": 0.13395235,
  "test_gap_std": 0.07470998518137051,
  "test_satisfy_frac": 0.6722222222222223,
  "test_hinge_mean": 0.020258585000000003,
  "val_reloads": 0.0,
  "val_nonfinite": 0.0
}