{
  "test_gap_mean": 0.10582465972222224,
  "test_gap_median": 0.11300305000000002,
  "test_gap_std": 0.06414873527290235,
  "test_satisfy_frac": 0.5722222222222222,
  "test_hinge_mean": 0.023367942777777782,
  "val_reloads": 0.0,
  "val_nonfinite": 0.0
}