{
  "test_gap_mean": 0.12784309,
  "test_gap_median": 0.13726279999999996,
  "test_gap_std": 0.0771856483068892,
  "test_satisfy_frac": 0.6694444444444444,
  "test_hinge_mean": 0.01986573361111111,
  "val_reloads": 0.0,
  "val_nonfinite": 0.0
}