{
  "test_gap_mean": 0.08573661833333333,
  "test_gap_median": 0.0905948,
  "test_gap_std": 0.05467667529283394,
  "test_satisfy_frac": 0.45,
  "test_hinge_mean": 0.029659133333333334,
  "val_reloads": 0.0,
  "val_nonfinite": 0.0
}