{
  "epoch": 96,
  "config": {
    "seed": 2,
    "gamma": 3.0,
    "margin": 0.1,
    "delta": 0.02,
    "input_vmin": 0.0,
    "input_vmax": 1.0,
    "rails": [
      0.0,
      0.45
    ],
    "solver": "klu",
    "body_tie": "ground",
    "body_res": 10.0,
    "rs_clamp": 10.0,
    "model_vto": 0.75,
    "vg_cutoff": 0.75,
    "vg_cutoff_epochs": 4,
    "vg_init": {
      "mode": "random",
      "lo": 1.0,
      "hi": 6.0,
      "fixed": 2.0
    },
    "epochs": 100,
    "device_include_path": "/home/ma-lab/Desktop/pyclln-final/device_model/nmos_lvl1_ald1106.lib",
    "device_subckt": "NMOSWRAP"
  },
  "train": {
    "acc": 0.9589422407794015,
    "hinge": 0.013997685873347251,
    "n_free": 1437,
    "n_clamp": 401,
    "hinge_active": 401,
    "hinge_active_frac": 0.27905358385525403,
    "skipped": 1036,
    "reload_free": 0,
    "reload_clamp": 0,
    "nonfinite_free": 0,
    "nonfinite_clamp": 0
  },
  "val": {
    "acc": 0.9305555555555556,
    "hinge": 0.0190602113888889,
    "test_gap_mean": 0.13242078361111112,
    "test_gap_median": 0.14188914999999996,
    "test_gap_std": 0.07946635835532356,
    "test_satisfy_frac": 0.6972222222222222,
    "test_hinge_mean": 0.019060211388888894,
    "val_reloads": 0.0,
    "val_nonfinite": 0.0
  },
  "timing_s": {
    "epoch_total": 13.976728677749634,
    "train_free": 7.117407560348511,
    "train_clamp": 1.9625236988067627,
    "train_update": 0.4052908420562744
  },
  "vg_stats": {
    "vg_unique_min": 0.6472947348924574,
    "vg_unique_max": 8.0,
    "vg_unique_sat_lo": 0.0,
    "vg_unique_sat_hi": 2.0
  }
}