{
  "epoch": 56,
  "config": {
    "seed": 2,
    "gamma": 3.0,
    "margin": 0.1,
    "delta": 0.02,
    "input_vmin": 0.0,
    "input_vmax": 1.0,
    "rails": [
      0.0,
      0.45
    ],
    "solver": "klu",
    "body_tie": "ground",
    "body_res": 10.0,
    "rs_clamp": 10.0,
    "model_vto": 0.75,
    "vg_cutoff": 0.75,
    "vg_cutoff_epochs": 4,
    "vg_init": {
      "mode": "random",
      "lo": 1.0,
      "hi": 6.0,
      "fixed": 2.0
    },
    "epochs": 100,
    "device_include_path": "/home/ma-lab/Desktop/pyclln-final/device_model/nmos_lvl1_ald1106.lib",
    "device_subckt": "NMOSWRAP"
  },
  "train": {
    "acc": 0.9617258176757133,
    "hinge": 0.014710972651356992,
    "n_free": 1437,
    "n_clamp": 421,
    "hinge_active": 421,
    "hinge_active_frac": 0.2929714683368128,
    "skipped": 1016,
    "reload_free": 0,
    "reload_clamp": 0,
    "nonfinite_free": 0,
    "nonfinite_clamp": 0
  },
  "val": {
    "acc": 0.9388888888888889,
    "hinge": 0.019979056666666665,
    "test_gap_mean": 0.12783691305555556,
    "test_gap_median": 0.13693075000000002,
    "test_gap_std": 0.07740774319023597,
    "test_satisfy_frac": 0.6722222222222223,
    "test_hinge_mean": 0.019979056666666665,
    "val_reloads": 0.0,
    "val_nonfinite": 0.0
  },
  "timing_s": {
    "epoch_total": 17.76160454750061,
    "train_free": 8.694482803344727,
    "train_clamp": 2.536231517791748,
    "train_update": 0.5245130062103271
  },
  "vg_stats": {
    "vg_unique_min": 0.4844852297198508,
    "vg_unique_max": 8.0,
    "vg_unique_sat_lo": 0.0,
    "vg_unique_sat_hi": 1.0
  }
}