{
  "epoch": 21,
  "config": {
    "seed": 2,
    "gamma": 3.0,
    "margin": 0.1,
    "delta": 0.02,
    "input_vmin": 0.0,
    "input_vmax": 1.0,
    "rails": [
      0.0,
      0.45
    ],
    "solver": "klu",
    "body_tie": "ground",
    "body_res": 10.0,
    "rs_clamp": 10.0,
    "model_vto": 0.75,
    "vg_cutoff": 0.75,
    "vg_cutoff_epochs": 4,
    "vg_init": {
      "mode": "random",
      "lo": 1.0,
      "hi": 6.0,
      "fixed": 2.0
    },
    "epochs": 100,
    "device_include_path": "/home/ma-lab/Desktop/pyclln-final/device_model/nmos_lvl1_ald1106.lib",
    "device_subckt": "NMOSWRAP"
  },
  "train": {
    "acc": 0.9547668754349339,
    "hinge": 0.019704164439805126,
    "n_free": 1437,
    "n_clamp": 563,
    "hinge_active": 563,
    "hinge_active_frac": 0.3917884481558803,
    "skipped": 874,
    "reload_free": 0,
    "reload_clamp": 0,
    "nonfinite_free": 0,
    "nonfinite_clamp": 0
  },
  "val": {
    "acc": 0.9333333333333333,
    "hinge": 0.02306985277777778,
    "test_gap_mean": 0.10841990833333333,
    "test_gap_median": 0.11532999999999999,
    "test_gap_std": 0.0664122191974078,
    "test_satisfy_frac": 0.5972222222222222,
    "test_hinge_mean": 0.02306985277777778,
    "val_reloads": 0.0,
    "val_nonfinite": 0.0
  },
  "timing_s": {
    "epoch_total": 35.35133337974548,
    "train_free": 17.637648820877075,
    "train_clamp": 6.94997501373291,
    "train_update": 0.9360337257385254
  },
  "vg_stats": {
    "vg_unique_min": 0.4,
    "vg_unique_max": 8.0,
    "vg_unique_sat_lo": 2.0,
    "vg_unique_sat_hi": 4.0
  }
}