{
  "epoch": 24,
  "config": {
    "seed": 2,
    "gamma": 3.0,
    "margin": 0.1,
    "delta": 0.02,
    "input_vmin": 0.0,
    "input_vmax": 1.0,
    "rails": [
      0.0,
      0.45
    ],
    "solver": "klu",
    "body_tie": "ground",
    "body_res": 10.0,
    "rs_clamp": 10.0,
    "model_vto": 0.75,
    "vg_cutoff": 0.75,
    "vg_cutoff_epochs": 4,
    "vg_init": {
      "mode": "random",
      "lo": 1.0,
      "hi": 6.0,
      "fixed": 2.0
    },
    "epochs": 100,
    "device_include_path": "/home/ma-lab/Desktop/pyclln-final/device_model/nmos_lvl1_ald1106.lib",
    "device_subckt": "NMOSWRAP"
  },
  "train": {
    "acc": 0.9561586638830898,
    "hinge": 0.01847083027139876,
    "n_free": 1437,
    "n_clamp": 520,
    "hinge_active": 520,
    "hinge_active_frac": 0.3618649965205289,
    "skipped": 917,
    "reload_free": 0,
    "reload_clamp": 0,
    "nonfinite_free": 0,
    "nonfinite_clamp": 0
  },
  "val": {
    "acc": 0.9361111111111111,
    "hinge": 0.02215218750000001,
    "test_gap_mean": 0.1125085938888889,
    "test_gap_median": 0.11973914999999999,
    "test_gap_std": 0.0682805545114173,
    "test_satisfy_frac": 0.6111111111111112,
    "test_hinge_mean": 0.0221521875,
    "val_reloads": 0.0,
    "val_nonfinite": 0.0
  },
  "timing_s": {
    "epoch_total": 31.56833267211914,
    "train_free": 15.880976676940918,
    "train_clamp": 5.744818925857544,
    "train_update": 0.7524559497833252
  },
  "vg_stats": {
    "vg_unique_min": 0.40151007793123017,
    "vg_unique_max": 8.0,
    "vg_unique_sat_lo": 0.0,
    "vg_unique_sat_hi": 3.0
  }
}