{
  "epoch": 65,
  "config": {
    "seed": 2,
    "gamma": 3.0,
    "margin": 0.1,
    "delta": 0.02,
    "input_vmin": 0.0,
    "input_vmax": 1.0,
    "rails": [
      0.0,
      0.45
    ],
    "solver": "klu",
    "body_tie": "ground",
    "body_res": 10.0,
    "rs_clamp": 10.0,
    "model_vto": 0.75,
    "vg_cutoff": 0.75,
    "vg_cutoff_epochs": 4,
    "vg_init": {
      "mode": "random",
      "lo": 1.0,
      "hi": 6.0,
      "fixed": 2.0
    },
    "epochs": 100,
    "device_include_path": "/home/ma-lab/Desktop/pyclln-final/device_model/nmos_lvl1_ald1106.lib",
    "device_subckt": "NMOSWRAP"
  },
  "train": {
    "acc": 0.9603340292275574,
    "hinge": 0.014402855810716791,
    "n_free": 1437,
    "n_clamp": 405,
    "hinge_active": 405,
    "hinge_active_frac": 0.2818371607515658,
    "skipped": 1032,
    "reload_free": 0,
    "reload_clamp": 0,
    "nonfinite_free": 0,
    "nonfinite_clamp": 0
  },
  "val": {
    "acc": 0.9305555555555556,
    "hinge": 0.019597968333333344,
    "test_gap_mean": 0.12955082694444445,
    "test_gap_median": 0.1394073,
    "test_gap_std": 0.07778971360622867,
    "test_satisfy_frac": 0.6666666666666666,
    "test_hinge_mean": 0.019597968333333333,
    "val_reloads": 0.0,
    "val_nonfinite": 0.0
  },
  "timing_s": {
    "epoch_total": 15.087336778640747,
    "train_free": 7.668472528457642,
    "train_clamp": 2.137956380844116,
    "train_update": 0.41578221321105957
  },
  "vg_stats": {
    "vg_unique_min": 0.5589202974682856,
    "vg_unique_max": 8.0,
    "vg_unique_sat_lo": 0.0,
    "vg_unique_sat_hi": 2.0
  }
}