{
  "epoch": 9,
  "config": {
    "seed": 2,
    "gamma": 3.0,
    "margin": 0.1,
    "delta": 0.02,
    "input_vmin": 0.0,
    "input_vmax": 1.0,
    "rails": [
      0.0,
      0.45
    ],
    "solver": "klu",
    "body_tie": "ground",
    "body_res": 10.0,
    "rs_clamp": 10.0,
    "model_vto": 0.75,
    "vg_cutoff": 0.75,
    "vg_cutoff_epochs": 4,
    "vg_init": {
      "mode": "random",
      "lo": 1.0,
      "hi": 6.0,
      "fixed": 2.0
    },
    "epochs": 100,
    "device_include_path": "/home/ma-lab/Desktop/pyclln-final/device_model/nmos_lvl1_ald1106.lib",
    "device_subckt": "NMOSWRAP"
  },
  "train": {
    "acc": 0.9318023660403618,
    "hinge": 0.03148705803757837,
    "n_free": 1437,
    "n_clamp": 918,
    "hinge_active": 918,
    "hinge_active_frac": 0.6388308977035491,
    "skipped": 519,
    "reload_free": 0,
    "reload_clamp": 0,
    "nonfinite_free": 0,
    "nonfinite_clamp": 0
  },
  "val": {
    "acc": 0.925,
    "hinge": 0.03247982472222222,
    "test_gap_mean": 0.07951680027777779,
    "test_gap_median": 0.08430694999999999,
    "test_gap_std": 0.052477397302699395,
    "test_satisfy_frac": 0.40555555555555556,
    "test_hinge_mean": 0.032479824722222224,
    "val_reloads": 0.0,
    "val_nonfinite": 0.0
  },
  "timing_s": {
    "epoch_total": 75.52261924743652,
    "train_free": 34.13860869407654,
    "train_clamp": 21.82537603378296,
    "train_update": 2.2649471759796143
  },
  "vg_stats": {
    "vg_unique_min": 0.4,
    "vg_unique_max": 8.0,
    "vg_unique_sat_lo": 8.0,
    "vg_unique_sat_hi": 6.0
  }
}