{
  "epoch": 93,
  "config": {
    "seed": 2,
    "gamma": 3.0,
    "margin": 0.1,
    "delta": 0.02,
    "input_vmin": 0.0,
    "input_vmax": 1.0,
    "rails": [
      0.0,
      0.45
    ],
    "solver": "klu",
    "body_tie": "ground",
    "body_res": 10.0,
    "rs_clamp": 10.0,
    "model_vto": 0.75,
    "vg_cutoff": 0.75,
    "vg_cutoff_epochs": 4,
    "vg_init": {
      "mode": "random",
      "lo": 1.0,
      "hi": 6.0,
      "fixed": 2.0
    },
    "epochs": 100,
    "device_include_path": "/home/ma-lab/Desktop/pyclln-final/device_model/nmos_lvl1_ald1106.lib",
    "device_subckt": "NMOSWRAP"
  },
  "train": {
    "acc": 0.9624217118997912,
    "hinge": 0.01411525796798888,
    "n_free": 1437,
    "n_clamp": 405,
    "hinge_active": 405,
    "hinge_active_frac": 0.2818371607515658,
    "skipped": 1032,
    "reload_free": 0,
    "reload_clamp": 0,
    "nonfinite_free": 0,
    "nonfinite_clamp": 0
  },
  "val": {
    "acc": 0.9361111111111111,
    "hinge": 0.019079490277777788,
    "test_gap_mean": 0.1318788088888889,
    "test_gap_median": 0.1420209,
    "test_gap_std": 0.07915682081405435,
    "test_satisfy_frac": 0.6861111111111111,
    "test_hinge_mean": 0.019079490277777778,
    "val_reloads": 0.0,
    "val_nonfinite": 0.0
  },
  "timing_s": {
    "epoch_total": 14.397578239440918,
    "train_free": 7.239652633666992,
    "train_clamp": 1.9756481647491455,
    "train_update": 0.3995490074157715
  },
  "vg_stats": {
    "vg_unique_min": 0.5173878663069694,
    "vg_unique_max": 7.972579051860832,
    "vg_unique_sat_lo": 0.0,
    "vg_unique_sat_hi": 0.0
  }
}