{
  "epoch": 25,
  "config": {
    "seed": 2,
    "gamma": 3.0,
    "margin": 0.1,
    "delta": 0.02,
    "input_vmin": 0.0,
    "input_vmax": 1.0,
    "rails": [
      0.0,
      0.45
    ],
    "solver": "klu",
    "body_tie": "ground",
    "body_res": 10.0,
    "rs_clamp": 10.0,
    "model_vto": 0.75,
    "vg_cutoff": 0.75,
    "vg_cutoff_epochs": 4,
    "vg_init": {
      "mode": "random",
      "lo": 1.0,
      "hi": 6.0,
      "fixed": 2.0
    },
    "epochs": 100,
    "device_include_path": "/home/ma-lab/Desktop/pyclln-final/device_model/nmos_lvl1_ald1106.lib",
    "device_subckt": "NMOSWRAP"
  },
  "train": {
    "acc": 0.954070981210856,
    "hinge": 0.018102432428670847,
    "n_free": 1437,
    "n_clamp": 508,
    "hinge_active": 508,
    "hinge_active_frac": 0.3535142658315936,
    "skipped": 929,
    "reload_free": 0,
    "reload_clamp": 0,
    "nonfinite_free": 0,
    "nonfinite_clamp": 0
  },
  "val": {
    "acc": 0.9361111111111111,
    "hinge": 0.02210013027777779,
    "test_gap_mean": 0.11357991277777779,
    "test_gap_median": 0.12168425,
    "test_gap_std": 0.06922753498223491,
    "test_satisfy_frac": 0.625,
    "test_hinge_mean": 0.02210013027777778,
    "val_reloads": 0.0,
    "val_nonfinite": 0.0
  },
  "timing_s": {
    "epoch_total": 30.20116901397705,
    "train_free": 15.373935461044312,
    "train_clamp": 5.4031102657318115,
    "train_update": 0.8503758907318115
  },
  "vg_stats": {
    "vg_unique_min": 0.4,
    "vg_unique_max": 8.0,
    "vg_unique_sat_lo": 1.0,
    "vg_unique_sat_hi": 2.0
  }
}