{
  "test_gap_mean": 0.11608400777777776,
  "test_gap_median": 0.12595275,
  "test_gap_std": 0.06537801146891901,
  "test_satisfy_frac": 0.6388888888888888,
  "test_hinge_mean": 0.019330872500000002,
  "val_reloads": 0.0,
  "val_nonfinite": 0.0
}