{
  "test_gap_mean": 0.13222032416666668,
  "test_gap_median": 0.14100845000000004,
  "test_gap_std": 0.07578243166140597,
  "test_satisfy_frac": 0.7138888888888889,
  "test_hinge_mean": 0.017442381388888893,
  "val_reloads": 0.0,
  "val_nonfinite": 0.0
}