{
  "test_gap_mean": 0.1022241725,
  "test_gap_median": 0.10689409999999999,
  "test_gap_std": 0.05900275873307954,
  "test_satisfy_frac": 0.5527777777777778,
  "test_hinge_mean": 0.022365093611111112,
  "val_reloads": 0.0,
  "val_nonfinite": 0.0
}