{
  "test_gap_mean": 0.1290497025,
  "test_gap_median": 0.13308205,
  "test_gap_std": 0.0734482008933705,
  "test_satisfy_frac": 0.6861111111111111,
  "test_hinge_mean": 0.017494274722222224,
  "val_reloads": 0.0,
  "val_nonfinite": 0.0
}