{
  "test_gap_mean": 0.07145474666666665,
  "test_gap_median": 0.07513075,
  "test_gap_std": 0.04213507840136806,
  "test_satisfy_frac": 0.2722222222222222,
  "test_hinge_mean": 0.03398854916666667,
  "val_reloads": 0.0,
  "val_nonfinite": 0.0
}