{
  "test_gap_mean": 0.13292756805555556,
  "test_gap_median": 0.14217069999999998,
  "test_gap_std": 0.07736483261088735,
  "test_satisfy_frac": 0.6972222222222222,
  "test_hinge_mean": 0.017926527222222224,
  "val_reloads": 0.0,
  "val_nonfinite": 0.0
}