{
  "test_gap_mean": 0.12748119249999998,
  "test_gap_median": 0.13536685,
  "test_gap_std": 0.0729284641325272,
  "test_satisfy_frac": 0.6777777777777778,
  "test_hinge_mean": 0.017945816388888893,
  "val_reloads": 0.0,
  "val_nonfinite": 0.0
}