{
  "test_gap_mean": 0.13309469833333334,
  "test_gap_median": 0.14366299999999999,
  "test_gap_std": 0.07689143225055194,
  "test_satisfy_frac": 0.7,
  "test_hinge_mean": 0.017756741944444446,
  "val_reloads": 0.0,
  "val_nonfinite": 0.0
}