{
  "test_gap_mean": 0.11254422916666668,
  "test_gap_median": 0.1204777,
  "test_gap_std": 0.06301789666571896,
  "test_satisfy_frac": 0.6166666666666667,
  "test_hinge_mean": 0.0198889075,
  "val_reloads": 0.0,
  "val_nonfinite": 0.0
}