{
  "test_gap_mean": 0.02660891194444445,
  "test_gap_median": 0.026144799999999996,
  "test_gap_std": 0.0204161765974475,
  "test_satisfy_frac": 0.0,
  "test_hinge_mean": 0.07339108805555557,
  "val_reloads": 0.0,
  "val_nonfinite": 0.0
}