{
  "epoch": 91,
  "config": {
    "seed": 1,
    "gamma": 0.3,
    "margin": 0.1,
    "delta": 0.05,
    "input_vmin": 0.0,
    "input_vmax": 1.0,
    "rails": [
      0.0,
      0.45
    ],
    "solver": "klu",
    "body_tie": "floating",
    "body_res": 10.0,
    "rs_clamp": 10.0,
    "model_vto": 0.75,
    "vg_cutoff": 0.75,
    "vg_cutoff_epochs": 4,
    "vg_init": {
      "mode": "fixed",
      "lo": 1.0,
      "hi": 3.0,
      "fixed": 2.0
    },
    "epochs": 100,
    "device_include_path": "/home/ma-lab/Desktop/pyclln-final/device_model/nmos_lvl1_ald1106.lib",
    "device_subckt": "NMOSWRAP"
  },
  "train": {
    "acc": 0.9561586638830898,
    "hinge": 0.014734042936673632,
    "n_free": 1437,
    "n_clamp": 405,
    "hinge_active": 405,
    "hinge_active_frac": 0.2818371607515658,
    "skipped": 1032,
    "reload_free": 0,
    "reload_clamp": 0,
    "nonfinite_free": 0,
    "nonfinite_clamp": 0
  },
  "val": {
    "acc": 0.9388888888888889,
    "hinge": 0.017851036388888894,
    "test_gap_mean": 0.13243276916666666,
    "test_gap_median": 0.14273364999999996,
    "test_gap_std": 0.07617617160382802,
    "test_satisfy_frac": 0.7027777777777777,
    "test_hinge_mean": 0.01785103638888889,
    "val_reloads": 0.0,
    "val_nonfinite": 0.0
  },
  "timing_s": {
    "epoch_total": 22.604921579360962,
    "train_free": 12.184206008911133,
    "train_clamp": 3.4268434047698975,
    "train_update": 0.4315807819366455
  },
  "vg_stats": {
    "vg_unique_min": 0.7214257790886309,
    "vg_unique_max": 4.523705635064205,
    "vg_unique_sat_lo": 0.0,
    "vg_unique_sat_hi": 0.0
  }
}