{
  "epoch": 49,
  "config": {
    "seed": 1,
    "gamma": 0.3,
    "margin": 0.1,
    "delta": 0.05,
    "input_vmin": 0.0,
    "input_vmax": 1.0,
    "rails": [
      0.0,
      0.45
    ],
    "solver": "klu",
    "body_tie": "floating",
    "body_res": 10.0,
    "rs_clamp": 10.0,
    "model_vto": 0.75,
    "vg_cutoff": 0.75,
    "vg_cutoff_epochs": 4,
    "vg_init": {
      "mode": "fixed",
      "lo": 1.0,
      "hi": 3.0,
      "fixed": 2.0
    },
    "epochs": 100,
    "device_include_path": "/home/ma-lab/Desktop/pyclln-final/device_model/nmos_lvl1_ald1106.lib",
    "device_subckt": "NMOSWRAP"
  },
  "train": {
    "acc": 0.9596381350034795,
    "hinge": 0.014912436604036192,
    "n_free": 1437,
    "n_clamp": 403,
    "hinge_active": 403,
    "hinge_active_frac": 0.2804453723034099,
    "skipped": 1034,
    "reload_free": 0,
    "reload_clamp": 0,
    "nonfinite_free": 0,
    "nonfinite_clamp": 0
  },
  "val": {
    "acc": 0.9388888888888889,
    "hinge": 0.017504788888888897,
    "test_gap_mean": 0.13101422055555556,
    "test_gap_median": 0.13659749999999998,
    "test_gap_std": 0.07517299647193074,
    "test_satisfy_frac": 0.6972222222222222,
    "test_hinge_mean": 0.01750478888888889,
    "val_reloads": 0.0,
    "val_nonfinite": 0.0
  },
  "timing_s": {
    "epoch_total": 29.914092540740967,
    "train_free": 16.35027575492859,
    "train_clamp": 4.546664714813232,
    "train_update": 0.4612751007080078
  },
  "vg_stats": {
    "vg_unique_min": 0.6240954064532337,
    "vg_unique_max": 4.822116510711555,
    "vg_unique_sat_lo": 0.0,
    "vg_unique_sat_hi": 0.0
  }
}