{
  "epoch": 4,
  "config": {
    "seed": 1,
    "gamma": 0.3,
    "margin": 0.1,
    "delta": 0.05,
    "input_vmin": 0.0,
    "input_vmax": 1.0,
    "rails": [
      0.0,
      0.45
    ],
    "solver": "klu",
    "body_tie": "floating",
    "body_res": 10.0,
    "rs_clamp": 10.0,
    "model_vto": 0.75,
    "vg_cutoff": 0.75,
    "vg_cutoff_epochs": 4,
    "vg_init": {
      "mode": "fixed",
      "lo": 1.0,
      "hi": 3.0,
      "fixed": 2.0
    },
    "epochs": 100,
    "device_include_path": "/home/ma-lab/Desktop/pyclln-final/device_model/nmos_lvl1_ald1106.lib",
    "device_subckt": "NMOSWRAP"
  },
  "train": {
    "acc": 0.9053583855254002,
    "hinge": 0.05539432679192771,
    "n_free": 1437,
    "n_clamp": 1351,
    "hinge_active": 1351,
    "hinge_active_frac": 0.9401530967292971,
    "skipped": 86,
    "reload_free": 0,
    "reload_clamp": 0,
    "nonfinite_free": 0,
    "nonfinite_clamp": 0
  },
  "val": {
    "acc": 0.9027777777777778,
    "hinge": 0.051789745000000026,
    "test_gap_mean": 0.04910382,
    "test_gap_median": 0.048696249999999996,
    "test_gap_std": 0.03598215707305173,
    "test_satisfy_frac": 0.06666666666666667,
    "test_hinge_mean": 0.051789745000000005,
    "val_reloads": 0.0,
    "val_nonfinite": 0.0
  },
  "timing_s": {
    "epoch_total": 185.29571533203125,
    "train_free": 80.01945781707764,
    "train_clamp": 74.4600772857666,
    "train_update": 3.44189715385437
  },
  "vg_stats": {
    "vg_unique_min": 0.4,
    "vg_unique_max": 3.38790709752694,
    "vg_unique_sat_lo": 10.0,
    "vg_unique_sat_hi": 0.0
  }
}