{
  "epoch": 55,
  "config": {
    "seed": 1,
    "gamma": 0.3,
    "margin": 0.1,
    "delta": 0.05,
    "input_vmin": 0.0,
    "input_vmax": 1.0,
    "rails": [
      0.0,
      0.45
    ],
    "solver": "klu",
    "body_tie": "floating",
    "body_res": 10.0,
    "rs_clamp": 10.0,
    "model_vto": 0.75,
    "vg_cutoff": 0.75,
    "vg_cutoff_epochs": 4,
    "vg_init": {
      "mode": "fixed",
      "lo": 1.0,
      "hi": 3.0,
      "fixed": 2.0
    },
    "epochs": 100,
    "device_include_path": "/home/ma-lab/Desktop/pyclln-final/device_model/nmos_lvl1_ald1106.lib",
    "device_subckt": "NMOSWRAP"
  },
  "train": {
    "acc": 0.9617258176757133,
    "hinge": 0.01480547146833683,
    "n_free": 1437,
    "n_clamp": 405,
    "hinge_active": 405,
    "hinge_active_frac": 0.2818371607515658,
    "skipped": 1032,
    "reload_free": 0,
    "reload_clamp": 0,
    "nonfinite_free": 0,
    "nonfinite_clamp": 0
  },
  "val": {
    "acc": 0.9388888888888889,
    "hinge": 0.01717327527777778,
    "test_gap_mean": 0.1323160225,
    "test_gap_median": 0.14133545000000003,
    "test_gap_std": 0.07540600350260042,
    "test_satisfy_frac": 0.7027777777777777,
    "test_hinge_mean": 0.017173275277777778,
    "val_reloads": 0.0,
    "val_nonfinite": 0.0
  },
  "timing_s": {
    "epoch_total": 26.50941801071167,
    "train_free": 14.151788473129272,
    "train_clamp": 4.076827049255371,
    "train_update": 0.480008602142334
  },
  "vg_stats": {
    "vg_unique_min": 0.6880325277993962,
    "vg_unique_max": 4.7890671901013135,
    "vg_unique_sat_lo": 0.0,
    "vg_unique_sat_hi": 0.0
  }
}