{
  "epoch": 31,
  "config": {
    "seed": 1,
    "gamma": 0.3,
    "margin": 0.1,
    "delta": 0.05,
    "input_vmin": 0.0,
    "input_vmax": 1.0,
    "rails": [
      0.0,
      0.45
    ],
    "solver": "klu",
    "body_tie": "floating",
    "body_res": 10.0,
    "rs_clamp": 10.0,
    "model_vto": 0.75,
    "vg_cutoff": 0.75,
    "vg_cutoff_epochs": 4,
    "vg_init": {
      "mode": "fixed",
      "lo": 1.0,
      "hi": 3.0,
      "fixed": 2.0
    },
    "epochs": 100,
    "device_include_path": "/home/ma-lab/Desktop/pyclln-final/device_model/nmos_lvl1_ald1106.lib",
    "device_subckt": "NMOSWRAP"
  },
  "train": {
    "acc": 0.9512874043145442,
    "hinge": 0.016150398469032733,
    "n_free": 1437,
    "n_clamp": 431,
    "hinge_active": 431,
    "hinge_active_frac": 0.29993041057759223,
    "skipped": 1006,
    "reload_free": 0,
    "reload_clamp": 0,
    "nonfinite_free": 0,
    "nonfinite_clamp": 0
  },
  "val": {
    "acc": 0.95,
    "hinge": 0.017838239166666672,
    "test_gap_mean": 0.12587486083333335,
    "test_gap_median": 0.13306895,
    "test_gap_std": 0.07122348624512255,
    "test_satisfy_frac": 0.675,
    "test_hinge_mean": 0.017838239166666665,
    "val_reloads": 0.0,
    "val_nonfinite": 0.0
  },
  "timing_s": {
    "epoch_total": 44.019848108291626,
    "train_free": 24.990007877349854,
    "train_clamp": 7.421450138092041,
    "train_update": 0.6096327304840088
  },
  "vg_stats": {
    "vg_unique_min": 0.5127908969637415,
    "vg_unique_max": 5.245639509549544,
    "vg_unique_sat_lo": 0.0,
    "vg_unique_sat_hi": 0.0
  }
}