{
  "test_gap_mean": 0.06225931055555556,
  "test_gap_median": 0.0656358,
  "test_gap_std": 0.03603408125926065,
  "test_satisfy_frac": 0.675,
  "test_hinge_mean": 0.008948155277777778,
  "val_reloads": 0.0,
  "val_nonfinite": 0.0
}