{
  "test_gap_mean": 0.05652403555555555,
  "test_gap_median": 0.06008089999999999,
  "test_gap_std": 0.0330594039992903,
  "test_satisfy_frac": 0.6166666666666667,
  "test_hinge_mean": 0.00994877138888889,
  "val_reloads": 0.0,
  "val_nonfinite": 0.0
}