{
  "test_gap_mean": 0.052960332500000006,
  "test_gap_median": 0.05721580000000001,
  "test_gap_std": 0.0313707443350546,
  "test_satisfy_frac": 0.5833333333333334,
  "test_hinge_mean": 0.010842965555555556,
  "val_reloads": 0.0,
  "val_nonfinite": 0.0
}