{
  "test_gap_mean": 0.03908347555555555,
  "test_gap_median": 0.04108465,
  "test_gap_std": 0.02588938615946938,
  "test_satisfy_frac": 0.3861111111111111,
  "test_hinge_mean": 0.01619524138888889,
  "val_reloads": 0.0,
  "val_nonfinite": 0.0
}