{
  "test_gap_mean": 0.05514344861111111,
  "test_gap_median": 0.058805650000000015,
  "test_gap_std": 0.03223009177616726,
  "test_satisfy_frac": 0.6055555555555555,
  "test_hinge_mean": 0.010197667222222222,
  "val_reloads": 0.0,
  "val_nonfinite": 0.0
}