{
  "test_gap_mean": 0.06180272611111111,
  "test_gap_median": 0.06545915000000002,
  "test_gap_std": 0.035977772287848264,
  "test_satisfy_frac": 0.6666666666666666,
  "test_hinge_mean": 0.009081186666666666,
  "val_reloads": 0.0,
  "val_nonfinite": 0.0
}