{
  "test_gap_mean": 0.047119466944444445,
  "test_gap_median": 0.04990099999999997,
  "test_gap_std": 0.028730626140906608,
  "test_satisfy_frac": 0.5,
  "test_hinge_mean": 0.01262395527777778,
  "val_reloads": 0.0,
  "val_nonfinite": 0.0
}