{
  "test_gap_mean": 0.05953930388888889,
  "test_gap_median": 0.06343835,
  "test_gap_std": 0.03470692367491498,
  "test_satisfy_frac": 0.6472222222222223,
  "test_hinge_mean": 0.009405572222222224,
  "val_reloads": 0.0,
  "val_nonfinite": 0.0
}