{
  "test_gap_mean": 0.032752046666666666,
  "test_gap_median": 0.03356395000000001,
  "test_gap_std": 0.02349880285747529,
  "test_satisfy_frac": 0.25833333333333336,
  "test_hinge_mean": 0.020116202222222226,
  "val_reloads": 0.0,
  "val_nonfinite": 0.0
}