{
  "epoch": 64,
  "config": {
    "seed": 0,
    "gamma": 0.3,
    "margin": 0.05,
    "delta": 0.02,
    "input_vmin": 0.0,
    "input_vmax": 1.0,
    "rails": [
      0.0,
      0.45
    ],
    "solver": "klu",
    "body_tie": "source",
    "body_res": 10.0,
    "rs_clamp": 10.0,
    "model_vto": 0.75,
    "vg_cutoff": 0.75,
    "vg_cutoff_epochs": 4,
    "vg_init": {
      "mode": "random",
      "lo": 1.5,
      "hi": 2.5,
      "fixed": 2.0
    },
    "epochs": 100,
    "device_include_path": "/home/ma-lab/Desktop/pyclln-final/device_model/nmos_lvl1_ald1106.lib",
    "device_subckt": "NMOSWRAP"
  },
  "train": {
    "acc": 0.964509394572025,
    "hinge": 0.007277800556715379,
    "n_free": 1437,
    "n_clamp": 427,
    "hinge_active": 427,
    "hinge_active_frac": 0.2971468336812804,
    "skipped": 1010,
    "reload_free": 0,
    "reload_clamp": 0,
    "nonfinite_free": 0,
    "nonfinite_clamp": 0
  },
  "val": {
    "acc": 0.9444444444444444,
    "hinge": 0.009683643055555557,
    "test_gap_mean": 0.057856742499999995,
    "test_gap_median": 0.06103689999999998,
    "test_gap_std": 0.03379065736143069,
    "test_satisfy_frac": 0.6388888888888888,
    "test_hinge_mean": 0.009683643055555555,
    "val_reloads": 0.0,
    "val_nonfinite": 0.0
  },
  "timing_s": {
    "epoch_total": 51.17388653755188,
    "train_free": 29.114148139953613,
    "train_clamp": 8.664169788360596,
    "train_update": 0.7891671657562256
  },
  "vg_stats": {
    "vg_unique_min": 0.7297337679501783,
    "vg_unique_max": 5.439017496777169,
    "vg_unique_sat_lo": 0.0,
    "vg_unique_sat_hi": 0.0
  }
}