{
  "epoch": 70,
  "config": {
    "seed": 0,
    "gamma": 0.3,
    "margin": 0.05,
    "delta": 0.02,
    "input_vmin": 0.0,
    "input_vmax": 1.0,
    "rails": [
      0.0,
      0.45
    ],
    "solver": "klu",
    "body_tie": "source",
    "body_res": 10.0,
    "rs_clamp": 10.0,
    "model_vto": 0.75,
    "vg_cutoff": 0.75,
    "vg_cutoff_epochs": 4,
    "vg_init": {
      "mode": "random",
      "lo": 1.5,
      "hi": 2.5,
      "fixed": 2.0
    },
    "epochs": 100,
    "device_include_path": "/home/ma-lab/Desktop/pyclln-final/device_model/nmos_lvl1_ald1106.lib",
    "device_subckt": "NMOSWRAP"
  },
  "train": {
    "acc": 0.964509394572025,
    "hinge": 0.006998870215727217,
    "n_free": 1437,
    "n_clamp": 425,
    "hinge_active": 425,
    "hinge_active_frac": 0.29575504523312457,
    "skipped": 1012,
    "reload_free": 0,
    "reload_clamp": 0,
    "nonfinite_free": 0,
    "nonfinite_clamp": 0
  },
  "val": {
    "acc": 0.9472222222222222,
    "hinge": 0.009479284722222231,
    "test_gap_mean": 0.0588493475,
    "test_gap_median": 0.061395649999999996,
    "test_gap_std": 0.03424059760345563,
    "test_satisfy_frac": 0.6416666666666667,
    "test_hinge_mean": 0.009479284722222222,
    "val_reloads": 0.0,
    "val_nonfinite": 0.0
  },
  "timing_s": {
    "epoch_total": 54.12594771385193,
    "train_free": 31.093294620513916,
    "train_clamp": 9.146739721298218,
    "train_update": 0.8150553703308105
  },
  "vg_stats": {
    "vg_unique_min": 0.7167773710335283,
    "vg_unique_max": 5.528743731291796,
    "vg_unique_sat_lo": 0.0,
    "vg_unique_sat_hi": 0.0
  }
}