{
  "epoch": 30,
  "config": {
    "seed": 0,
    "gamma": 0.3,
    "margin": 0.05,
    "delta": 0.02,
    "input_vmin": 0.0,
    "input_vmax": 1.0,
    "rails": [
      0.0,
      0.45
    ],
    "solver": "klu",
    "body_tie": "source",
    "body_res": 10.0,
    "rs_clamp": 10.0,
    "model_vto": 0.75,
    "vg_cutoff": 0.75,
    "vg_cutoff_epochs": 4,
    "vg_init": {
      "mode": "random",
      "lo": 1.5,
      "hi": 2.5,
      "fixed": 2.0
    },
    "epochs": 100,
    "device_include_path": "/home/ma-lab/Desktop/pyclln-final/device_model/nmos_lvl1_ald1106.lib",
    "device_subckt": "NMOSWRAP"
  },
  "train": {
    "acc": 0.953375086986778,
    "hinge": 0.009934725121781488,
    "n_free": 1437,
    "n_clamp": 592,
    "hinge_active": 592,
    "hinge_active_frac": 0.41196938065414057,
    "skipped": 845,
    "reload_free": 0,
    "reload_clamp": 0,
    "nonfinite_free": 0,
    "nonfinite_clamp": 0
  },
  "val": {
    "acc": 0.9361111111111111,
    "hinge": 0.012005957777777793,
    "test_gap_mean": 0.049062549999999996,
    "test_gap_median": 0.05206975000000001,
    "test_gap_std": 0.029737235619260054,
    "test_satisfy_frac": 0.5305555555555556,
    "test_hinge_mean": 0.012005957777777779,
    "val_reloads": 0.0,
    "val_nonfinite": 0.0
  },
  "timing_s": {
    "epoch_total": 73.83463430404663,
    "train_free": 39.19776701927185,
    "train_clamp": 16.218000411987305,
    "train_update": 1.507584571838379
  },
  "vg_stats": {
    "vg_unique_min": 0.6461116641335487,
    "vg_unique_max": 4.576443558267053,
    "vg_unique_sat_lo": 0.0,
    "vg_unique_sat_hi": 0.0
  }
}