{
  "epoch": 15,
  "config": {
    "seed": 0,
    "gamma": 0.3,
    "margin": 0.05,
    "delta": 0.02,
    "input_vmin": 0.0,
    "input_vmax": 1.0,
    "rails": [
      0.0,
      0.45
    ],
    "solver": "klu",
    "body_tie": "source",
    "body_res": 10.0,
    "rs_clamp": 10.0,
    "model_vto": 0.75,
    "vg_cutoff": 0.75,
    "vg_cutoff_epochs": 4,
    "vg_init": {
      "mode": "random",
      "lo": 1.5,
      "hi": 2.5,
      "fixed": 2.0
    },
    "epochs": 100,
    "device_include_path": "/home/ma-lab/Desktop/pyclln-final/device_model/nmos_lvl1_ald1106.lib",
    "device_subckt": "NMOSWRAP"
  },
  "train": {
    "acc": 0.942936673625609,
    "hinge": 0.013718480723729975,
    "n_free": 1437,
    "n_clamp": 824,
    "hinge_active": 824,
    "hinge_active_frac": 0.5734168406402227,
    "skipped": 613,
    "reload_free": 0,
    "reload_clamp": 0,
    "nonfinite_free": 0,
    "nonfinite_clamp": 0
  },
  "val": {
    "acc": 0.9305555555555556,
    "hinge": 0.015096223333333346,
    "test_gap_mean": 0.0410019275,
    "test_gap_median": 0.043791099999999986,
    "test_gap_std": 0.026048206530412978,
    "test_satisfy_frac": 0.4111111111111111,
    "test_hinge_mean": 0.015096223333333332,
    "val_reloads": 0.0,
    "val_nonfinite": 0.0
  },
  "timing_s": {
    "epoch_total": 93.36138820648193,
    "train_free": 45.79972004890442,
    "train_clamp": 26.034842014312744,
    "train_update": 2.274559497833252
  },
  "vg_stats": {
    "vg_unique_min": 0.40832306111744926,
    "vg_unique_max": 3.7699961445638315,
    "vg_unique_sat_lo": 0.0,
    "vg_unique_sat_hi": 0.0
  }
}