{
  "epoch": 24,
  "config": {
    "seed": 0,
    "gamma": 0.3,
    "margin": 0.05,
    "delta": 0.02,
    "input_vmin": 0.0,
    "input_vmax": 1.0,
    "rails": [
      0.0,
      0.45
    ],
    "solver": "klu",
    "body_tie": "source",
    "body_res": 10.0,
    "rs_clamp": 10.0,
    "model_vto": 0.75,
    "vg_cutoff": 0.75,
    "vg_cutoff_epochs": 4,
    "vg_init": {
      "mode": "random",
      "lo": 1.5,
      "hi": 2.5,
      "fixed": 2.0
    },
    "epochs": 100,
    "device_include_path": "/home/ma-lab/Desktop/pyclln-final/device_model/nmos_lvl1_ald1106.lib",
    "device_subckt": "NMOSWRAP"
  },
  "train": {
    "acc": 0.9471120389700766,
    "hinge": 0.010900347668754348,
    "n_free": 1437,
    "n_clamp": 647,
    "hinge_active": 647,
    "hinge_active_frac": 0.45024356297842727,
    "skipped": 790,
    "reload_free": 0,
    "reload_clamp": 0,
    "nonfinite_free": 0,
    "nonfinite_clamp": 0
  },
  "val": {
    "acc": 0.9361111111111111,
    "hinge": 0.01278391416666668,
    "test_gap_mean": 0.046703525555555556,
    "test_gap_median": 0.050247799999999995,
    "test_gap_std": 0.028559083736311993,
    "test_satisfy_frac": 0.5,
    "test_hinge_mean": 0.012783914166666665,
    "val_reloads": 0.0,
    "val_nonfinite": 0.0
  },
  "timing_s": {
    "epoch_total": 68.75518202781677,
    "train_free": 35.41128373146057,
    "train_clamp": 15.959182024002075,
    "train_update": 1.4939682483673096
  },
  "vg_stats": {
    "vg_unique_min": 0.6658115024476846,
    "vg_unique_max": 4.317051997759404,
    "vg_unique_sat_lo": 0.0,
    "vg_unique_sat_hi": 0.0
  }
}