{
  "epoch": 8,
  "config": {
    "seed": 0,
    "gamma": 0.3,
    "margin": 0.05,
    "delta": 0.02,
    "input_vmin": 0.0,
    "input_vmax": 1.0,
    "rails": [
      0.0,
      0.45
    ],
    "solver": "klu",
    "body_tie": "source",
    "body_res": 10.0,
    "rs_clamp": 10.0,
    "model_vto": 0.75,
    "vg_cutoff": 0.75,
    "vg_cutoff_epochs": 4,
    "vg_init": {
      "mode": "random",
      "lo": 1.5,
      "hi": 2.5,
      "fixed": 2.0
    },
    "epochs": 100,
    "device_include_path": "/home/ma-lab/Desktop/pyclln-final/device_model/nmos_lvl1_ald1106.lib",
    "device_subckt": "NMOSWRAP"
  },
  "train": {
    "acc": 0.9262352122477383,
    "hinge": 0.01977614481558805,
    "n_free": 1437,
    "n_clamp": 1065,
    "hinge_active": 1065,
    "hinge_active_frac": 0.7411273486430062,
    "skipped": 372,
    "reload_free": 0,
    "reload_clamp": 0,
    "nonfinite_free": 0,
    "nonfinite_clamp": 0
  },
  "val": {
    "acc": 0.9083333333333333,
    "hinge": 0.02011620222222223,
    "test_gap_mean": 0.032752046666666666,
    "test_gap_median": 0.03356395000000001,
    "test_gap_std": 0.02349880285747529,
    "test_satisfy_frac": 0.25833333333333336,
    "test_hinge_mean": 0.020116202222222226,
    "val_reloads": 0.0,
    "val_nonfinite": 0.0
  },
  "timing_s": {
    "epoch_total": 75.4991934299469,
    "train_free": 31.557363271713257,
    "train_clamp": 23.215919971466064,
    "train_update": 2.8388516902923584
  },
  "vg_stats": {
    "vg_unique_min": 0.4,
    "vg_unique_max": 3.311127520936743,
    "vg_unique_sat_lo": 2.0,
    "vg_unique_sat_hi": 0.0
  }
}