{
  "test_gap_mean": 0.09413217277777777,
  "test_gap_median": 0.06608204999999999,
  "test_gap_std": 0.10415324110729654,
  "test_satisfy_frac": 0.6083333333333333,
  "test_hinge_mean": 0.014025050833333334,
  "val_reloads": 0.0,
  "val_nonfinite": 0.0
}