{
  "test_gap_mean": 0.11510738638888887,
  "test_gap_median": 0.09291505,
  "test_gap_std": 0.10024099046498759,
  "test_satisfy_frac": 0.7333333333333333,
  "test_hinge_mean": 0.011622986388888888,
  "val_reloads": 0.0,
  "val_nonfinite": 0.0
}