{
  "test_gap_mean": 0.09109463888888888,
  "test_gap_median": 0.05873500000000001,
  "test_gap_std": 0.1108424840319761,
  "test_satisfy_frac": 0.5694444444444444,
  "test_hinge_mean": 0.015152240555555554,
  "val_reloads": 0.0,
  "val_nonfinite": 0.0
}