{
  "test_gap_mean": 0.0819019086111111,
  "test_gap_median": 0.05283740000000002,
  "test_gap_std": 0.10335793865149755,
  "test_satisfy_frac": 0.525,
  "test_hinge_mean": 0.01540109027777778,
  "val_reloads": 0.0,
  "val_nonfinite": 0.0
}