{
  "test_gap_mean": 0.11530151666666667,
  "test_gap_median": 0.09939529999999999,
  "test_gap_std": 0.09549106670589111,
  "test_satisfy_frac": 0.7416666666666667,
  "test_hinge_mean": 0.011024101111111113,
  "val_reloads": 0.0,
  "val_nonfinite": 0.0
}