{
  "test_gap_mean": 0.10186470055555555,
  "test_gap_median": 0.07527904999999999,
  "test_gap_std": 0.10297396411668366,
  "test_satisfy_frac": 0.6777777777777778,
  "test_hinge_mean": 0.0126877575,
  "val_reloads": 0.0,
  "val_nonfinite": 0.0
}