{
  "test_gap_mean": 0.1150734425,
  "test_gap_median": 0.09747059999999996,
  "test_gap_std": 0.09685752055751301,
  "test_satisfy_frac": 0.7444444444444445,
  "test_hinge_mean": 0.011197997777777776,
  "val_reloads": 0.0,
  "val_nonfinite": 0.0
}