{
  "test_gap_mean": 0.0974314013888889,
  "test_gap_median": 0.0705932,
  "test_gap_std": 0.1013368530940728,
  "test_satisfy_frac": 0.6416666666666667,
  "test_hinge_mean": 0.013193601944444446,
  "val_reloads": 0.0,
  "val_nonfinite": 0.0
}