{
  "test_gap_mean": 0.09147310055555556,
  "test_gap_median": 0.06100495,
  "test_gap_std": 0.1059988304113779,
  "test_satisfy_frac": 0.5833333333333334,
  "test_hinge_mean": 0.014376459166666668,
  "val_reloads": 0.0,
  "val_nonfinite": 0.0
}