{
  "test_gap_mean": 0.10208533472222223,
  "test_gap_median": 0.07634459999999998,
  "test_gap_std": 0.09927687401850549,
  "test_satisfy_frac": 0.6972222222222222,
  "test_hinge_mean": 0.012611364444444445,
  "val_reloads": 0.0,
  "val_nonfinite": 0.0
}