{
  "test_gap_mean": 0.08246897361111111,
  "test_gap_median": 0.05527525000000001,
  "test_gap_std": 0.10188842531296072,
  "test_satisfy_frac": 0.5555555555555556,
  "test_hinge_mean": 0.015147708333333332,
  "val_reloads": 0.0,
  "val_nonfinite": 0.0
}