{
  "test_gap_mean": 0.1153469861111111,
  "test_gap_median": 0.09643089999999999,
  "test_gap_std": 0.096638309910793,
  "test_satisfy_frac": 0.7416666666666667,
  "test_hinge_mean": 0.011114751666666667,
  "val_reloads": 0.0,
  "val_nonfinite": 0.0
}