{
  "test_gap_mean": 0.10159021222222223,
  "test_gap_median": 0.0759805,
  "test_gap_std": 0.10217335178238782,
  "test_satisfy_frac": 0.675,
  "test_hinge_mean": 0.012762773055555555,
  "val_reloads": 0.0,
  "val_nonfinite": 0.0
}