{
  "test_gap_mean": 0.10180879833333335,
  "test_gap_median": 0.07034815,
  "test_gap_std": 0.10559915308648943,
  "test_satisfy_frac": 0.6611111111111111,
  "test_hinge_mean": 0.012980501666666668,
  "val_reloads": 0.0,
  "val_nonfinite": 0.0
}