{
  "epoch": 33,
  "config": {
    "seed": 1,
    "gamma": 0.03,
    "margin": 0.05,
    "delta": 0.05,
    "input_vmin": 0.0,
    "input_vmax": 1.0,
    "rails": [
      0.0,
      0.45
    ],
    "solver": "klu",
    "body_tie": "floating",
    "body_res": 10.0,
    "rs_clamp": 10.0,
    "model_vto": 0.75,
    "vg_cutoff": 0.75,
    "vg_cutoff_epochs": 4,
    "vg_init": {
      "mode": "fixed",
      "lo": 1.0,
      "hi": 3.0,
      "fixed": 0.75
    },
    "epochs": 100,
    "device_include_path": "/home/ma-lab/Desktop/pyclln-final/device_model/nmos_lvl1_ald1106.lib",
    "device_subckt": "NMOSWRAP"
  },
  "train": {
    "acc": 0.9262352122477383,
    "hinge": 0.012109279819067507,
    "n_free": 1437,
    "n_clamp": 469,
    "hinge_active": 469,
    "hinge_active_frac": 0.32637439109255395,
    "skipped": 968,
    "reload_free": 0,
    "reload_clamp": 0,
    "nonfinite_free": 0,
    "nonfinite_clamp": 0
  },
  "val": {
    "acc": 0.9,
    "hinge": 0.01295668138888889,
    "test_gap_mean": 0.10169680555555555,
    "test_gap_median": 0.07242005,
    "test_gap_std": 0.10485973120491235,
    "test_satisfy_frac": 0.6666666666666666,
    "test_hinge_mean": 0.01295668138888889,
    "val_reloads": 0.0,
    "val_nonfinite": 0.0
  },
  "timing_s": {
    "epoch_total": 13.535263538360596,
    "train_free": 6.371349811553955,
    "train_clamp": 2.052631378173828,
    "train_update": 0.39641618728637695
  },
  "vg_stats": {
    "vg_unique_min": 0.7358361336898572,
    "vg_unique_max": 1.1588889621898562,
    "vg_unique_sat_lo": 0.0,
    "vg_unique_sat_hi": 0.0
  }
}