{
  "epoch": 28,
  "config": {
    "seed": 1,
    "gamma": 0.03,
    "margin": 0.05,
    "delta": 0.05,
    "input_vmin": 0.0,
    "input_vmax": 1.0,
    "rails": [
      0.0,
      0.45
    ],
    "solver": "klu",
    "body_tie": "floating",
    "body_res": 10.0,
    "rs_clamp": 10.0,
    "model_vto": 0.75,
    "vg_cutoff": 0.75,
    "vg_cutoff_epochs": 4,
    "vg_init": {
      "mode": "fixed",
      "lo": 1.0,
      "hi": 3.0,
      "fixed": 0.75
    },
    "epochs": 100,
    "device_include_path": "/home/ma-lab/Desktop/pyclln-final/device_model/nmos_lvl1_ald1106.lib",
    "device_subckt": "NMOSWRAP"
  },
  "train": {
    "acc": 0.9248434237995825,
    "hinge": 0.012082148782185108,
    "n_free": 1437,
    "n_clamp": 492,
    "hinge_active": 492,
    "hinge_active_frac": 0.34237995824634654,
    "skipped": 945,
    "reload_free": 0,
    "reload_clamp": 0,
    "nonfinite_free": 0,
    "nonfinite_clamp": 0
  },
  "val": {
    "acc": 0.9055555555555556,
    "hinge": 0.013323304444444446,
    "test_gap_mean": 0.09689597416666665,
    "test_gap_median": 0.07018165,
    "test_gap_std": 0.1015151610947376,
    "test_satisfy_frac": 0.6527777777777778,
    "test_hinge_mean": 0.013323304444444448,
    "val_reloads": 0.0,
    "val_nonfinite": 0.0
  },
  "timing_s": {
    "epoch_total": 14.24296498298645,
    "train_free": 6.656766653060913,
    "train_clamp": 2.242441415786743,
    "train_update": 0.37099170684814453
  },
  "vg_stats": {
    "vg_unique_min": 0.7347174898795066,
    "vg_unique_max": 1.1351514731910592,
    "vg_unique_sat_lo": 0.0,
    "vg_unique_sat_hi": 0.0
  }
}