{
  "epoch": 50,
  "config": {
    "seed": 1,
    "gamma": 0.03,
    "margin": 0.05,
    "delta": 0.05,
    "input_vmin": 0.0,
    "input_vmax": 1.0,
    "rails": [
      0.0,
      0.45
    ],
    "solver": "klu",
    "body_tie": "floating",
    "body_res": 10.0,
    "rs_clamp": 10.0,
    "model_vto": 0.75,
    "vg_cutoff": 0.75,
    "vg_cutoff_epochs": 4,
    "vg_init": {
      "mode": "fixed",
      "lo": 1.0,
      "hi": 3.0,
      "fixed": 0.75
    },
    "epochs": 100,
    "device_include_path": "/home/ma-lab/Desktop/pyclln-final/device_model/nmos_lvl1_ald1106.lib",
    "device_subckt": "NMOSWRAP"
  },
  "train": {
    "acc": 0.9324982602644398,
    "hinge": 0.010862849617258183,
    "n_free": 1437,
    "n_clamp": 425,
    "hinge_active": 425,
    "hinge_active_frac": 0.29575504523312457,
    "skipped": 1012,
    "reload_free": 0,
    "reload_clamp": 0,
    "nonfinite_free": 0,
    "nonfinite_clamp": 0
  },
  "val": {
    "acc": 0.9055555555555556,
    "hinge": 0.01240867027777778,
    "test_gap_mean": 0.10665439361111113,
    "test_gap_median": 0.08003394999999999,
    "test_gap_std": 0.10222624861952471,
    "test_satisfy_frac": 0.7,
    "test_hinge_mean": 0.012408670277777777,
    "val_reloads": 0.0,
    "val_nonfinite": 0.0
  },
  "timing_s": {
    "epoch_total": 13.559784650802612,
    "train_free": 6.573249101638794,
    "train_clamp": 1.93412446975708,
    "train_update": 0.30562710762023926
  },
  "vg_stats": {
    "vg_unique_min": 0.7460745904576215,
    "vg_unique_max": 1.2619967365843296,
    "vg_unique_sat_lo": 0.0,
    "vg_unique_sat_hi": 0.0
  }
}