{
  "epoch": 88,
  "config": {
    "seed": 1,
    "gamma": 0.03,
    "margin": 0.05,
    "delta": 0.05,
    "input_vmin": 0.0,
    "input_vmax": 1.0,
    "rails": [
      0.0,
      0.45
    ],
    "solver": "klu",
    "body_tie": "floating",
    "body_res": 10.0,
    "rs_clamp": 10.0,
    "model_vto": 0.75,
    "vg_cutoff": 0.75,
    "vg_cutoff_epochs": 4,
    "vg_init": {
      "mode": "fixed",
      "lo": 1.0,
      "hi": 3.0,
      "fixed": 0.75
    },
    "epochs": 100,
    "device_include_path": "/home/ma-lab/Desktop/pyclln-final/device_model/nmos_lvl1_ald1106.lib",
    "device_subckt": "NMOSWRAP"
  },
  "train": {
    "acc": 0.9255393180236604,
    "hinge": 0.011613822477383432,
    "n_free": 1437,
    "n_clamp": 344,
    "hinge_active": 344,
    "hinge_active_frac": 0.23938761308281142,
    "skipped": 1093,
    "reload_free": 0,
    "reload_clamp": 0,
    "nonfinite_free": 0,
    "nonfinite_clamp": 0
  },
  "val": {
    "acc": 0.9111111111111111,
    "hinge": 0.011289873055555559,
    "test_gap_mean": 0.1155671775,
    "test_gap_median": 0.09719540000000004,
    "test_gap_std": 0.09803244789489243,
    "test_satisfy_frac": 0.7472222222222222,
    "test_hinge_mean": 0.011289873055555556,
    "val_reloads": 0.0,
    "val_nonfinite": 0.0
  },
  "timing_s": {
    "epoch_total": 11.69056749343872,
    "train_free": 5.919045925140381,
    "train_clamp": 1.3922922611236572,
    "train_update": 0.2272953987121582
  },
  "vg_stats": {
    "vg_unique_min": 0.758965441556754,
    "vg_unique_max": 1.4194082645485087,
    "vg_unique_sat_lo": 0.0,
    "vg_unique_sat_hi": 0.0
  }
}