{
  "epoch": 85,
  "config": {
    "seed": 1,
    "gamma": 0.03,
    "margin": 0.05,
    "delta": 0.05,
    "input_vmin": 0.0,
    "input_vmax": 1.0,
    "rails": [
      0.0,
      0.45
    ],
    "solver": "klu",
    "body_tie": "floating",
    "body_res": 10.0,
    "rs_clamp": 10.0,
    "model_vto": 0.75,
    "vg_cutoff": 0.75,
    "vg_cutoff_epochs": 4,
    "vg_init": {
      "mode": "fixed",
      "lo": 1.0,
      "hi": 3.0,
      "fixed": 0.75
    },
    "epochs": 100,
    "device_include_path": "/home/ma-lab/Desktop/pyclln-final/device_model/nmos_lvl1_ald1106.lib",
    "device_subckt": "NMOSWRAP"
  },
  "train": {
    "acc": 0.9255393180236604,
    "hinge": 0.01170655400139179,
    "n_free": 1437,
    "n_clamp": 355,
    "hinge_active": 355,
    "hinge_active_frac": 0.24704244954766874,
    "skipped": 1082,
    "reload_free": 0,
    "reload_clamp": 0,
    "nonfinite_free": 0,
    "nonfinite_clamp": 0
  },
  "val": {
    "acc": 0.9111111111111111,
    "hinge": 0.011465279166666674,
    "test_gap_mean": 0.11541789388888889,
    "test_gap_median": 0.09440630000000003,
    "test_gap_std": 0.09902081345123759,
    "test_satisfy_frac": 0.7416666666666667,
    "test_hinge_mean": 0.011465279166666668,
    "val_reloads": 0.0,
    "val_nonfinite": 0.0
  },
  "timing_s": {
    "epoch_total": 12.03603458404541,
    "train_free": 6.012953281402588,
    "train_clamp": 1.4539198875427246,
    "train_update": 0.23780012130737305
  },
  "vg_stats": {
    "vg_unique_min": 0.7637472071798792,
    "vg_unique_max": 1.4106495187790504,
    "vg_unique_sat_lo": 0.0,
    "vg_unique_sat_hi": 0.0
  }
}