{
  "epoch": 26,
  "config": {
    "seed": 1,
    "gamma": 0.03,
    "margin": 0.05,
    "delta": 0.05,
    "input_vmin": 0.0,
    "input_vmax": 1.0,
    "rails": [
      0.0,
      0.45
    ],
    "solver": "klu",
    "body_tie": "floating",
    "body_res": 10.0,
    "rs_clamp": 10.0,
    "model_vto": 0.75,
    "vg_cutoff": 0.75,
    "vg_cutoff_epochs": 4,
    "vg_init": {
      "mode": "fixed",
      "lo": 1.0,
      "hi": 3.0,
      "fixed": 0.75
    },
    "epochs": 100,
    "device_include_path": "/home/ma-lab/Desktop/pyclln-final/device_model/nmos_lvl1_ald1106.lib",
    "device_subckt": "NMOSWRAP"
  },
  "train": {
    "acc": 0.9248434237995825,
    "hinge": 0.012286427835768962,
    "n_free": 1437,
    "n_clamp": 502,
    "hinge_active": 502,
    "hinge_active_frac": 0.34933890048712596,
    "skipped": 935,
    "reload_free": 0,
    "reload_clamp": 0,
    "nonfinite_free": 0,
    "nonfinite_clamp": 0
  },
  "val": {
    "acc": 0.9055555555555556,
    "hinge": 0.01351254694444445,
    "test_gap_mean": 0.09693298916666665,
    "test_gap_median": 0.07033310000000001,
    "test_gap_std": 0.10290475323367974,
    "test_satisfy_frac": 0.6388888888888888,
    "test_hinge_mean": 0.013512546944444447,
    "val_reloads": 0.0,
    "val_nonfinite": 0.0
  },
  "timing_s": {
    "epoch_total": 14.221617698669434,
    "train_free": 6.632931232452393,
    "train_clamp": 2.3965699672698975,
    "train_update": 0.4257633686065674
  },
  "vg_stats": {
    "vg_unique_min": 0.7419629350331306,
    "vg_unique_max": 1.125495145061069,
    "vg_unique_sat_lo": 0.0,
    "vg_unique_sat_hi": 0.0
  }
}