{
  "epoch": 77,
  "config": {
    "seed": 1,
    "gamma": 0.03,
    "margin": 0.05,
    "delta": 0.05,
    "input_vmin": 0.0,
    "input_vmax": 1.0,
    "rails": [
      0.0,
      0.45
    ],
    "solver": "klu",
    "body_tie": "floating",
    "body_res": 10.0,
    "rs_clamp": 10.0,
    "model_vto": 0.75,
    "vg_cutoff": 0.75,
    "vg_cutoff_epochs": 4,
    "vg_init": {
      "mode": "fixed",
      "lo": 1.0,
      "hi": 3.0,
      "fixed": 0.75
    },
    "epochs": 100,
    "device_include_path": "/home/ma-lab/Desktop/pyclln-final/device_model/nmos_lvl1_ald1106.lib",
    "device_subckt": "NMOSWRAP"
  },
  "train": {
    "acc": 0.9227557411273486,
    "hinge": 0.012165500208768262,
    "n_free": 1437,
    "n_clamp": 362,
    "hinge_active": 362,
    "hinge_active_frac": 0.25191370911621436,
    "skipped": 1075,
    "reload_free": 0,
    "reload_clamp": 0,
    "nonfinite_free": 0,
    "nonfinite_clamp": 0
  },
  "val": {
    "acc": 0.9111111111111111,
    "hinge": 0.011737722500000006,
    "test_gap_mean": 0.11544721888888888,
    "test_gap_median": 0.09197565000000002,
    "test_gap_std": 0.10097307831592307,
    "test_satisfy_frac": 0.7361111111111112,
    "test_hinge_mean": 0.0117377225,
    "val_reloads": 0.0,
    "val_nonfinite": 0.0
  },
  "timing_s": {
    "epoch_total": 12.700291156768799,
    "train_free": 6.254686594009399,
    "train_clamp": 1.5654296875,
    "train_update": 0.2509589195251465
  },
  "vg_stats": {
    "vg_unique_min": 0.7489205828624297,
    "vg_unique_max": 1.3839894817307405,
    "vg_unique_sat_lo": 0.0,
    "vg_unique_sat_hi": 0.0
  }
}