{
  "epoch": 57,
  "config": {
    "seed": 1,
    "gamma": 0.03,
    "margin": 0.05,
    "delta": 0.05,
    "input_vmin": 0.0,
    "input_vmax": 1.0,
    "rails": [
      0.0,
      0.45
    ],
    "solver": "klu",
    "body_tie": "floating",
    "body_res": 10.0,
    "rs_clamp": 10.0,
    "model_vto": 0.75,
    "vg_cutoff": 0.75,
    "vg_cutoff_epochs": 4,
    "vg_init": {
      "mode": "fixed",
      "lo": 1.0,
      "hi": 3.0,
      "fixed": 0.75
    },
    "epochs": 100,
    "device_include_path": "/home/ma-lab/Desktop/pyclln-final/device_model/nmos_lvl1_ald1106.lib",
    "device_subckt": "NMOSWRAP"
  },
  "train": {
    "acc": 0.930410577592206,
    "hinge": 0.010832485664578983,
    "n_free": 1437,
    "n_clamp": 390,
    "hinge_active": 390,
    "hinge_active_frac": 0.27139874739039666,
    "skipped": 1047,
    "reload_free": 0,
    "reload_clamp": 0,
    "nonfinite_free": 0,
    "nonfinite_clamp": 0
  },
  "val": {
    "acc": 0.9055555555555556,
    "hinge": 0.012202891666666667,
    "test_gap_mean": 0.11113367555555556,
    "test_gap_median": 0.08716575,
    "test_gap_std": 0.10232070406075944,
    "test_satisfy_frac": 0.7083333333333334,
    "test_hinge_mean": 0.012202891666666667,
    "val_reloads": 0.0,
    "val_nonfinite": 0.0
  },
  "timing_s": {
    "epoch_total": 12.687495708465576,
    "train_free": 6.281286954879761,
    "train_clamp": 1.6515507698059082,
    "train_update": 0.2811098098754883
  },
  "vg_stats": {
    "vg_unique_min": 0.7483006735611031,
    "vg_unique_max": 1.2980060621052334,
    "vg_unique_sat_lo": 0.0,
    "vg_unique_sat_hi": 0.0
  }
}