{
  "test_gap_mean": 0.04190621611111111,
  "test_gap_median": 0.043084999999999984,
  "test_gap_std": 0.022861657453497847,
  "test_satisfy_frac": 0.8305555555555556,
  "test_hinge_mean": 0.0023212175000000006,
  "val_reloads": 0.0,
  "val_nonfinite": 0.0
}