{
  "test_gap_mean": 0.04067574499999999,
  "test_gap_median": 0.041919699999999976,
  "test_gap_std": 0.022093162782532406,
  "test_satisfy_frac": 0.8222222222222222,
  "test_hinge_mean": 0.002360409444444445,
  "val_reloads": 0.0,
  "val_nonfinite": 0.0
}