{
  "test_gap_mean": 0.029112853888888887,
  "test_gap_median": 0.03143470000000001,
  "test_gap_std": 0.016667642318660976,
  "test_satisfy_frac": 0.7277777777777777,
  "test_hinge_mean": 0.0033434400000000013,
  "val_reloads": 0.0,
  "val_nonfinite": 0.0
}