{
  "test_gap_mean": 0.036288360000000006,
  "test_gap_median": 0.03808244999999999,
  "test_gap_std": 0.020213035296599235,
  "test_satisfy_frac": 0.7805555555555556,
  "test_hinge_mean": 0.0026909974999999994,
  "val_reloads": 0.0,
  "val_nonfinite": 0.0
}