{
  "epoch": 13,
  "config": {
    "seed": 2,
    "gamma": 3.0,
    "margin": 0.02,
    "delta": 0.02,
    "input_vmin": 0.0,
    "input_vmax": 1.0,
    "rails": [
      0.0,
      0.45
    ],
    "solver": "klu",
    "body_tie": "source",
    "body_res": 10.0,
    "rs_clamp": 10.0,
    "model_vto": 0.75,
    "vg_cutoff": 0.75,
    "vg_cutoff_epochs": 4,
    "vg_init": {
      "mode": "random",
      "lo": 1.0,
      "hi": 6.0,
      "fixed": 2.0
    },
    "epochs": 100,
    "device_include_path": "/home/ma-lab/Desktop/pyclln-final/device_model/nmos_lvl1_ald1106.lib",
    "device_subckt": "NMOSWRAP"
  },
  "train": {
    "acc": 0.9714683368128044,
    "hinge": 0.0022698553931802343,
    "n_free": 1437,
    "n_clamp": 288,
    "hinge_active": 288,
    "hinge_active_frac": 0.20041753653444677,
    "skipped": 1149,
    "reload_free": 0,
    "reload_clamp": 0,
    "nonfinite_free": 0,
    "nonfinite_clamp": 0
  },
  "val": {
    "acc": 0.9416666666666667,
    "hinge": 0.0031604647222222234,
    "test_gap_mean": 0.030989544166666664,
    "test_gap_median": 0.03271260000000001,
    "test_gap_std": 0.01772619908181639,
    "test_satisfy_frac": 0.7527777777777778,
    "test_hinge_mean": 0.0031604647222222225,
    "val_reloads": 0.0,
    "val_nonfinite": 0.0
  },
  "timing_s": {
    "epoch_total": 69.60855722427368,
    "train_free": 43.09034085273743,
    "train_clamp": 8.63929271697998,
    "train_update": 0.8662762641906738
  },
  "vg_stats": {
    "vg_unique_min": 0.4416858231630802,
    "vg_unique_max": 7.9875743022462204,
    "vg_unique_sat_lo": 0.0,
    "vg_unique_sat_hi": 0.0
  }
}