{
  "epoch": 80,
  "config": {
    "seed": 2,
    "gamma": 3.0,
    "margin": 0.02,
    "delta": 0.02,
    "input_vmin": 0.0,
    "input_vmax": 1.0,
    "rails": [
      0.0,
      0.45
    ],
    "solver": "klu",
    "body_tie": "source",
    "body_res": 10.0,
    "rs_clamp": 10.0,
    "model_vto": 0.75,
    "vg_cutoff": 0.75,
    "vg_cutoff_epochs": 4,
    "vg_init": {
      "mode": "random",
      "lo": 1.0,
      "hi": 6.0,
      "fixed": 2.0
    },
    "epochs": 100,
    "device_include_path": "/home/ma-lab/Desktop/pyclln-final/device_model/nmos_lvl1_ald1106.lib",
    "device_subckt": "NMOSWRAP"
  },
  "train": {
    "acc": 0.9867780097425192,
    "hinge": 0.0009763433542101598,
    "n_free": 1437,
    "n_clamp": 159,
    "hinge_active": 159,
    "hinge_active_frac": 0.11064718162839249,
    "skipped": 1278,
    "reload_free": 0,
    "reload_clamp": 0,
    "nonfinite_free": 0,
    "nonfinite_clamp": 0
  },
  "val": {
    "acc": 0.9638888888888889,
    "hinge": 0.002354464444444444,
    "test_gap_mean": 0.040740822499999996,
    "test_gap_median": 0.041034050000000016,
    "test_gap_std": 0.022091711410641708,
    "test_satisfy_frac": 0.8222222222222222,
    "test_hinge_mean": 0.0023544644444444453,
    "val_reloads": 0.0,
    "val_nonfinite": 0.0
  },
  "timing_s": {
    "epoch_total": 57.73789024353027,
    "train_free": 37.145607709884644,
    "train_clamp": 4.113448858261108,
    "train_update": 0.411135196685791
  },
  "vg_stats": {
    "vg_unique_min": 0.6897196834602424,
    "vg_unique_max": 8.0,
    "vg_unique_sat_lo": 0.0,
    "vg_unique_sat_hi": 4.0
  }
}