{
  "epoch": 21,
  "config": {
    "seed": 2,
    "gamma": 3.0,
    "margin": 0.02,
    "delta": 0.02,
    "input_vmin": 0.0,
    "input_vmax": 1.0,
    "rails": [
      0.0,
      0.45
    ],
    "solver": "klu",
    "body_tie": "source",
    "body_res": 10.0,
    "rs_clamp": 10.0,
    "model_vto": 0.75,
    "vg_cutoff": 0.75,
    "vg_cutoff_epochs": 4,
    "vg_init": {
      "mode": "random",
      "lo": 1.0,
      "hi": 6.0,
      "fixed": 2.0
    },
    "epochs": 100,
    "device_include_path": "/home/ma-lab/Desktop/pyclln-final/device_model/nmos_lvl1_ald1106.lib",
    "device_subckt": "NMOSWRAP"
  },
  "train": {
    "acc": 0.9742519137091162,
    "hinge": 0.0018330538622129417,
    "n_free": 1437,
    "n_clamp": 247,
    "hinge_active": 247,
    "hinge_active_frac": 0.17188587334725122,
    "skipped": 1190,
    "reload_free": 0,
    "reload_clamp": 0,
    "nonfinite_free": 0,
    "nonfinite_clamp": 0
  },
  "val": {
    "acc": 0.95,
    "hinge": 0.0029906386111111095,
    "test_gap_mean": 0.03384118944444445,
    "test_gap_median": 0.03581864999999998,
    "test_gap_std": 0.01915087982078397,
    "test_satisfy_frac": 0.7611111111111111,
    "test_hinge_mean": 0.002990638611111111,
    "val_reloads": 0.0,
    "val_nonfinite": 0.0
  },
  "timing_s": {
    "epoch_total": 68.0350570678711,
    "train_free": 43.85759258270264,
    "train_clamp": 7.5389015674591064,
    "train_update": 0.768531084060669
  },
  "vg_stats": {
    "vg_unique_min": 0.5414840092797352,
    "vg_unique_max": 7.98617329095812,
    "vg_unique_sat_lo": 0.0,
    "vg_unique_sat_hi": 0.0
  }
}