{
  "epoch": 58,
  "config": {
    "seed": 2,
    "gamma": 3.0,
    "margin": 0.02,
    "delta": 0.02,
    "input_vmin": 0.0,
    "input_vmax": 1.0,
    "rails": [
      0.0,
      0.45
    ],
    "solver": "klu",
    "body_tie": "source",
    "body_res": 10.0,
    "rs_clamp": 10.0,
    "model_vto": 0.75,
    "vg_cutoff": 0.75,
    "vg_cutoff_epochs": 4,
    "vg_init": {
      "mode": "random",
      "lo": 1.0,
      "hi": 6.0,
      "fixed": 2.0
    },
    "epochs": 100,
    "device_include_path": "/home/ma-lab/Desktop/pyclln-final/device_model/nmos_lvl1_ald1106.lib",
    "device_subckt": "NMOSWRAP"
  },
  "train": {
    "acc": 0.9846903270702854,
    "hinge": 0.0011578324982602641,
    "n_free": 1437,
    "n_clamp": 175,
    "hinge_active": 175,
    "hinge_active_frac": 0.12178148921363953,
    "skipped": 1262,
    "reload_free": 0,
    "reload_clamp": 0,
    "nonfinite_free": 0,
    "nonfinite_clamp": 0
  },
  "val": {
    "acc": 0.9583333333333334,
    "hinge": 0.0024323430555555554,
    "test_gap_mean": 0.03856338722222222,
    "test_gap_median": 0.03985790000000003,
    "test_gap_std": 0.020999078722839327,
    "test_satisfy_frac": 0.8027777777777778,
    "test_hinge_mean": 0.0024323430555555563,
    "val_reloads": 0.0,
    "val_nonfinite": 0.0
  },
  "timing_s": {
    "epoch_total": 62.08450627326965,
    "train_free": 40.102277755737305,
    "train_clamp": 4.8663105964660645,
    "train_update": 0.46718549728393555
  },
  "vg_stats": {
    "vg_unique_min": 0.7163147103717573,
    "vg_unique_max": 8.0,
    "vg_unique_sat_lo": 0.0,
    "vg_unique_sat_hi": 2.0
  }
}