{
  "test_gap_mean": 0.055949850833333335,
  "test_gap_median": 0.05638075000000001,
  "test_gap_std": 0.043478148847134176,
  "test_satisfy_frac": 0.15555555555555556,
  "test_hinge_mean": 0.0470626825,
  "val_reloads": 0.0,
  "val_nonfinite": 0.0
}