{
  "test_gap_mean": 0.06062425166666666,
  "test_gap_median": 0.06151354999999997,
  "test_gap_std": 0.045294117314321265,
  "test_satisfy_frac": 0.20833333333333334,
  "test_hinge_mean": 0.04362202222222222,
  "val_reloads": 0.0,
  "val_nonfinite": 0.0
}