{
  "test_gap_mean": 0.08120028972222222,
  "test_gap_median": 0.08494234999999997,
  "test_gap_std": 0.05474743267948207,
  "test_satisfy_frac": 0.3972222222222222,
  "test_hinge_mean": 0.03184178166666667,
  "val_reloads": 0.0,
  "val_nonfinite": 0.0
}