{
  "test_gap_mean": 0.12167877333333332,
  "test_gap_median": 0.12564014999999998,
  "test_gap_std": 0.07602547379645055,
  "test_satisfy_frac": 0.6361111111111111,
  "test_hinge_mean": 0.02061108694444445,
  "val_reloads": 0.0,
  "val_nonfinite": 0.0
}