{
  "test_gap_mean": 0.12606260111111112,
  "test_gap_median": 0.13116104999999997,
  "test_gap_std": 0.07878964047221916,
  "test_satisfy_frac": 0.6444444444444445,
  "test_hinge_mean": 0.020093334722222227,
  "val_reloads": 0.0,
  "val_nonfinite": 0.0
}