{
  "test_gap_mean": 0.036147489166666665,
  "test_gap_median": 0.03405575000000001,
  "test_gap_std": 0.031516520108689196,
  "test_satisfy_frac": 0.016666666666666666,
  "test_hinge_mean": 0.06395238083333334,
  "val_reloads": 0.0,
  "val_nonfinite": 0.0
}