{
  "test_gap_mean": 0.1266075786111111,
  "test_gap_median": 0.13397435000000002,
  "test_gap_std": 0.07887255253906783,
  "test_satisfy_frac": 0.6527777777777778,
  "test_hinge_mean": 0.02000029722222222,
  "val_reloads": 0.0,
  "val_nonfinite": 0.0
}