{
  "test_gap_mean": 0.06516145472222222,
  "test_gap_median": 0.06741915000000002,
  "test_gap_std": 0.04784507419654004,
  "test_satisfy_frac": 0.2722222222222222,
  "test_hinge_mean": 0.040684230555555555,
  "val_reloads": 0.0,
  "val_nonfinite": 0.0
}