{
  "test_gap_mean": 0.08308116472222221,
  "test_gap_median": 0.0861701,
  "test_gap_std": 0.055704888910001076,
  "test_satisfy_frac": 0.425,
  "test_hinge_mean": 0.03106098083333334,
  "val_reloads": 0.0,
  "val_nonfinite": 0.0
}