{
  "test_gap_mean": 0.12438382611111112,
  "test_gap_median": 0.13007515,
  "test_gap_std": 0.07786454411545474,
  "test_satisfy_frac": 0.6444444444444445,
  "test_hinge_mean": 0.0203337175,
  "val_reloads": 0.0,
  "val_nonfinite": 0.0
}