{
  "test_gap_mean": 0.12268378527777778,
  "test_gap_median": 0.12892515000000002,
  "test_gap_std": 0.07652334101069919,
  "test_satisfy_frac": 0.6416666666666667,
  "test_hinge_mean": 0.020373177500000002,
  "val_reloads": 0.0,
  "val_nonfinite": 0.0
}