{
  "test_gap_mean": 0.10769391916666665,
  "test_gap_median": 0.11368110000000003,
  "test_gap_std": 0.06824765982427199,
  "test_satisfy_frac": 0.5805555555555556,
  "test_hinge_mean": 0.023202619444444444,
  "val_reloads": 0.0,
  "val_nonfinite": 0.0
}