{
  "epoch": 46,
  "config": {
    "seed": 0,
    "gamma": 0.3,
    "margin": 0.1,
    "delta": 0.02,
    "input_vmin": 0.0,
    "input_vmax": 1.0,
    "rails": [
      0.0,
      0.45
    ],
    "solver": "klu",
    "body_tie": "ground",
    "body_res": 10.0,
    "rs_clamp": 10.0,
    "model_vto": 0.75,
    "vg_cutoff": 0.75,
    "vg_cutoff_epochs": 4,
    "vg_init": {
      "mode": "random",
      "lo": 1.5,
      "hi": 2.5,
      "fixed": 2.0
    },
    "epochs": 100,
    "device_include_path": "/home/ma-lab/Desktop/pyclln-final/device_model/nmos_lvl1_ald1106.lib",
    "device_subckt": "NMOSWRAP"
  },
  "train": {
    "acc": 0.954070981210856,
    "hinge": 0.018473523173277658,
    "n_free": 1437,
    "n_clamp": 514,
    "hinge_active": 514,
    "hinge_active_frac": 0.35768963117606123,
    "skipped": 923,
    "reload_free": 0,
    "reload_clamp": 0,
    "nonfinite_free": 0,
    "nonfinite_clamp": 0
  },
  "val": {
    "acc": 0.9333333333333333,
    "hinge": 0.022768086111111124,
    "test_gap_mean": 0.11011726111111111,
    "test_gap_median": 0.11718114999999998,
    "test_gap_std": 0.06994615937218973,
    "test_satisfy_frac": 0.5944444444444444,
    "test_hinge_mean": 0.022768086111111113,
    "val_reloads": 0.0,
    "val_nonfinite": 0.0
  },
  "timing_s": {
    "epoch_total": 51.097768783569336,
    "train_free": 26.81394934654236,
    "train_clamp": 9.592215299606323,
    "train_update": 1.1386208534240723
  },
  "vg_stats": {
    "vg_unique_min": 0.6683274446986259,
    "vg_unique_max": 5.452452444607972,
    "vg_unique_sat_lo": 0.0,
    "vg_unique_sat_hi": 0.0
  }
}