{
  "epoch": 83,
  "config": {
    "seed": 0,
    "gamma": 0.3,
    "margin": 0.1,
    "delta": 0.02,
    "input_vmin": 0.0,
    "input_vmax": 1.0,
    "rails": [
      0.0,
      0.45
    ],
    "solver": "klu",
    "body_tie": "ground",
    "body_res": 10.0,
    "rs_clamp": 10.0,
    "model_vto": 0.75,
    "vg_cutoff": 0.75,
    "vg_cutoff_epochs": 4,
    "vg_init": {
      "mode": "random",
      "lo": 1.5,
      "hi": 2.5,
      "fixed": 2.0
    },
    "epochs": 100,
    "device_include_path": "/home/ma-lab/Desktop/pyclln-final/device_model/nmos_lvl1_ald1106.lib",
    "device_subckt": "NMOSWRAP"
  },
  "train": {
    "acc": 0.9575504523312457,
    "hinge": 0.014886580654140585,
    "n_free": 1437,
    "n_clamp": 405,
    "hinge_active": 405,
    "hinge_active_frac": 0.2818371607515658,
    "skipped": 1032,
    "reload_free": 0,
    "reload_clamp": 0,
    "nonfinite_free": 0,
    "nonfinite_clamp": 0
  },
  "val": {
    "acc": 0.9388888888888889,
    "hinge": 0.0203283875,
    "test_gap_mean": 0.12496842583333334,
    "test_gap_median": 0.1306739,
    "test_gap_std": 0.07836190865944388,
    "test_satisfy_frac": 0.6444444444444445,
    "test_hinge_mean": 0.020328387500000003,
    "val_reloads": 0.0,
    "val_nonfinite": 0.0
  },
  "timing_s": {
    "epoch_total": 32.86548042297363,
    "train_free": 17.40027952194214,
    "train_clamp": 4.986220121383667,
    "train_update": 0.6174318790435791
  },
  "vg_stats": {
    "vg_unique_min": 0.6943360355645389,
    "vg_unique_max": 6.020836957356115,
    "vg_unique_sat_lo": 0.0,
    "vg_unique_sat_hi": 0.0
  }
}