{
  "epoch": 94,
  "config": {
    "seed": 0,
    "gamma": 0.3,
    "margin": 0.1,
    "delta": 0.02,
    "input_vmin": 0.0,
    "input_vmax": 1.0,
    "rails": [
      0.0,
      0.45
    ],
    "solver": "klu",
    "body_tie": "ground",
    "body_res": 10.0,
    "rs_clamp": 10.0,
    "model_vto": 0.75,
    "vg_cutoff": 0.75,
    "vg_cutoff_epochs": 4,
    "vg_init": {
      "mode": "random",
      "lo": 1.5,
      "hi": 2.5,
      "fixed": 2.0
    },
    "epochs": 100,
    "device_include_path": "/home/ma-lab/Desktop/pyclln-final/device_model/nmos_lvl1_ald1106.lib",
    "device_subckt": "NMOSWRAP"
  },
  "train": {
    "acc": 0.9575504523312457,
    "hinge": 0.01456671043841337,
    "n_free": 1437,
    "n_clamp": 409,
    "hinge_active": 409,
    "hinge_active_frac": 0.28462073764787754,
    "skipped": 1028,
    "reload_free": 0,
    "reload_clamp": 0,
    "nonfinite_free": 0,
    "nonfinite_clamp": 0
  },
  "val": {
    "acc": 0.9388888888888889,
    "hinge": 0.019953683333333333,
    "test_gap_mean": 0.12646174999999998,
    "test_gap_median": 0.1337704,
    "test_gap_std": 0.07885734165111176,
    "test_satisfy_frac": 0.6444444444444445,
    "test_hinge_mean": 0.019953683333333336,
    "val_reloads": 0.0,
    "val_nonfinite": 0.0
  },
  "timing_s": {
    "epoch_total": 27.78023862838745,
    "train_free": 14.451513767242432,
    "train_clamp": 4.099231719970703,
    "train_update": 0.7104408740997314
  },
  "vg_stats": {
    "vg_unique_min": 0.7060559935166782,
    "vg_unique_max": 6.1127330706380505,
    "vg_unique_sat_lo": 0.0,
    "vg_unique_sat_hi": 0.0
  }
}