{
  "epoch": 11,
  "config": {
    "seed": 0,
    "gamma": 0.3,
    "margin": 0.1,
    "delta": 0.02,
    "input_vmin": 0.0,
    "input_vmax": 1.0,
    "rails": [
      0.0,
      0.45
    ],
    "solver": "klu",
    "body_tie": "ground",
    "body_res": 10.0,
    "rs_clamp": 10.0,
    "model_vto": 0.75,
    "vg_cutoff": 0.75,
    "vg_cutoff_epochs": 4,
    "vg_init": {
      "mode": "random",
      "lo": 1.5,
      "hi": 2.5,
      "fixed": 2.0
    },
    "epochs": 100,
    "device_include_path": "/home/ma-lab/Desktop/pyclln-final/device_model/nmos_lvl1_ald1106.lib",
    "device_subckt": "NMOSWRAP"
  },
  "train": {
    "acc": 0.907446068197634,
    "hinge": 0.04799283869171892,
    "n_free": 1437,
    "n_clamp": 1221,
    "hinge_active": 1221,
    "hinge_active_frac": 0.8496868475991649,
    "skipped": 216,
    "reload_free": 0,
    "reload_clamp": 0,
    "nonfinite_free": 0,
    "nonfinite_clamp": 0
  },
  "val": {
    "acc": 0.9083333333333333,
    "hinge": 0.04903644111111115,
    "test_gap_mean": 0.05342394527777778,
    "test_gap_median": 0.052645349999999994,
    "test_gap_std": 0.04212304708589903,
    "test_satisfy_frac": 0.14166666666666666,
    "test_hinge_mean": 0.04903644111111111,
    "val_reloads": 0.0,
    "val_nonfinite": 0.0
  },
  "timing_s": {
    "epoch_total": 101.74009156227112,
    "train_free": 41.802833557128906,
    "train_clamp": 35.43395400047302,
    "train_update": 3.6585354804992676
  },
  "vg_stats": {
    "vg_unique_min": 0.4,
    "vg_unique_max": 3.6518109733036654,
    "vg_unique_sat_lo": 6.0,
    "vg_unique_sat_hi": 0.0
  }
}