{
  "epoch": 65,
  "config": {
    "seed": 0,
    "gamma": 0.3,
    "margin": 0.1,
    "delta": 0.02,
    "input_vmin": 0.0,
    "input_vmax": 1.0,
    "rails": [
      0.0,
      0.45
    ],
    "solver": "klu",
    "body_tie": "ground",
    "body_res": 10.0,
    "rs_clamp": 10.0,
    "model_vto": 0.75,
    "vg_cutoff": 0.75,
    "vg_cutoff_epochs": 4,
    "vg_init": {
      "mode": "random",
      "lo": 1.5,
      "hi": 2.5,
      "fixed": 2.0
    },
    "epochs": 100,
    "device_include_path": "/home/ma-lab/Desktop/pyclln-final/device_model/nmos_lvl1_ald1106.lib",
    "device_subckt": "NMOSWRAP"
  },
  "train": {
    "acc": 0.9575504523312457,
    "hinge": 0.01587396019485041,
    "n_free": 1437,
    "n_clamp": 431,
    "hinge_active": 431,
    "hinge_active_frac": 0.29993041057759223,
    "skipped": 1006,
    "reload_free": 0,
    "reload_clamp": 0,
    "nonfinite_free": 0,
    "nonfinite_clamp": 0
  },
  "val": {
    "acc": 0.9416666666666667,
    "hinge": 0.020543682222222213,
    "test_gap_mean": 0.12195573999999999,
    "test_gap_median": 0.12606434999999996,
    "test_gap_std": 0.07614484902996109,
    "test_satisfy_frac": 0.6333333333333333,
    "test_hinge_mean": 0.020543682222222227,
    "val_reloads": 0.0,
    "val_nonfinite": 0.0
  },
  "timing_s": {
    "epoch_total": 36.55690550804138,
    "train_free": 19.653063535690308,
    "train_clamp": 5.888007640838623,
    "train_update": 0.8287901878356934
  },
  "vg_stats": {
    "vg_unique_min": 0.7019926232377709,
    "vg_unique_max": 5.782409349540352,
    "vg_unique_sat_lo": 0.0,
    "vg_unique_sat_hi": 0.0
  }
}