{
  "epoch": 96,
  "config": {
    "seed": 0,
    "gamma": 0.3,
    "margin": 0.1,
    "delta": 0.02,
    "input_vmin": 0.0,
    "input_vmax": 1.0,
    "rails": [
      0.0,
      0.45
    ],
    "solver": "klu",
    "body_tie": "ground",
    "body_res": 10.0,
    "rs_clamp": 10.0,
    "model_vto": 0.75,
    "vg_cutoff": 0.75,
    "vg_cutoff_epochs": 4,
    "vg_init": {
      "mode": "random",
      "lo": 1.5,
      "hi": 2.5,
      "fixed": 2.0
    },
    "epochs": 100,
    "device_include_path": "/home/ma-lab/Desktop/pyclln-final/device_model/nmos_lvl1_ald1106.lib",
    "device_subckt": "NMOSWRAP"
  },
  "train": {
    "acc": 0.9568545581071677,
    "hinge": 0.014551509951287404,
    "n_free": 1437,
    "n_clamp": 397,
    "hinge_active": 397,
    "hinge_active_frac": 0.2762700069589422,
    "skipped": 1040,
    "reload_free": 0,
    "reload_clamp": 0,
    "nonfinite_free": 0,
    "nonfinite_clamp": 0
  },
  "val": {
    "acc": 0.9388888888888889,
    "hinge": 0.01997421861111112,
    "test_gap_mean": 0.12655575500000002,
    "test_gap_median": 0.13376780000000002,
    "test_gap_std": 0.07887751384665713,
    "test_satisfy_frac": 0.6416666666666667,
    "test_hinge_mean": 0.019974218611111115,
    "val_reloads": 0.0,
    "val_nonfinite": 0.0
  },
  "timing_s": {
    "epoch_total": 26.484843015670776,
    "train_free": 13.904842615127563,
    "train_clamp": 3.79964542388916,
    "train_update": 0.5721752643585205
  },
  "vg_stats": {
    "vg_unique_min": 0.6951457911872437,
    "vg_unique_max": 6.1212591388416495,
    "vg_unique_sat_lo": 0.0,
    "vg_unique_sat_hi": 0.0
  }
}