{
  "test_gap_mean": 0.09768561388888888,
  "test_gap_median": 0.09794439999999999,
  "test_gap_std": 0.06846154744561989,
  "test_satisfy_frac": 0.8694444444444445,
  "test_hinge_mean": 0.004285468333333334,
  "val_reloads": 0.0,
  "val_nonfinite": 0.0
}