{
  "test_gap_mean": 0.09295906555555558,
  "test_gap_median": 0.08772680000000005,
  "test_gap_std": 0.06813624212199719,
  "test_satisfy_frac": 0.8555555555555555,
  "test_hinge_mean": 0.0041560224999999985,
  "val_reloads": 0.0,
  "val_nonfinite": 0.0
}