{
  "test_gap_mean": 0.09837462222222221,
  "test_gap_median": 0.09853219999999999,
  "test_gap_std": 0.068002835217792,
  "test_satisfy_frac": 0.8861111111111111,
  "test_hinge_mean": 0.004673936944444443,
  "val_reloads": 0.0,
  "val_nonfinite": 0.0
}