{
  "test_gap_mean": 0.09413950861111112,
  "test_gap_median": 0.09260610000000002,
  "test_gap_std": 0.060537270186195646,
  "test_satisfy_frac": 0.9027777777777778,
  "test_hinge_mean": 0.0027496655555555548,
  "val_reloads": 0.0,
  "val_nonfinite": 0.0
}