{
  "test_gap_mean": 0.09354049305555555,
  "test_gap_median": 0.09421969999999999,
  "test_gap_std": 0.06007180850538176,
  "test_satisfy_frac": 0.9,
  "test_hinge_mean": 0.003173893888888889,
  "val_reloads": 0.0,
  "val_nonfinite": 0.0
}