{
  "test_gap_mean": 0.09889665250000002,
  "test_gap_median": 0.09759060000000003,
  "test_gap_std": 0.06441968423744403,
  "test_satisfy_frac": 0.8888888888888888,
  "test_hinge_mean": 0.002901762500000001,
  "val_reloads": 0.0,
  "val_nonfinite": 0.0
}