{
  "test_gap_mean": 0.09451793472222221,
  "test_gap_median": 0.09494304999999997,
  "test_gap_std": 0.05999798303529591,
  "test_satisfy_frac": 0.8861111111111111,
  "test_hinge_mean": 0.0034707158333333325,
  "val_reloads": 0.0,
  "val_nonfinite": 0.0
}