{
  "test_gap_mean": 0.08923960944444444,
  "test_gap_median": 0.08973669999999997,
  "test_gap_std": 0.0636632107545552,
  "test_satisfy_frac": 0.875,
  "test_hinge_mean": 0.0048249297222222225,
  "val_reloads": 0.0,
  "val_nonfinite": 0.0
}