{
  "test_gap_mean": 0.09397002722222222,
  "test_gap_median": 0.09788204999999997,
  "test_gap_std": 0.05823101635124516,
  "test_satisfy_frac": 0.8833333333333333,
  "test_hinge_mean": 0.0029725961111111113,
  "val_reloads": 0.0,
  "val_nonfinite": 0.0
}