{
  "test_gap_mean": 0.08702726916666667,
  "test_gap_median": 0.08793980000000001,
  "test_gap_std": 0.04983609788708905,
  "test_satisfy_frac": 0.9111111111111111,
  "test_hinge_mean": 0.0024983625000000002,
  "val_reloads": 0.0,
  "val_nonfinite": 0.0
}