{
  "test_gap_mean": 0.0974129597222222,
  "test_gap_median": 0.10352295,
  "test_gap_std": 0.06478035863989832,
  "test_satisfy_frac": 0.8722222222222222,
  "test_hinge_mean": 0.00407880861111111,
  "val_reloads": 0.0,
  "val_nonfinite": 0.0
}