{
  "test_gap_mean": 0.09607598499999999,
  "test_gap_median": 0.09690619999999997,
  "test_gap_std": 0.06263064868435107,
  "test_satisfy_frac": 0.8777777777777778,
  "test_hinge_mean": 0.0031276838888888887,
  "val_reloads": 0.0,
  "val_nonfinite": 0.0
}