{
  "epoch": 11,
  "config": {
    "seed": 1,
    "gamma": 3.0,
    "margin": 0.02,
    "delta": 0.1,
    "input_vmin": 0.0,
    "input_vmax": 1.0,
    "rails": [
      0.0,
      0.45
    ],
    "solver": "klu",
    "body_tie": "ground",
    "body_res": 10.0,
    "rs_clamp": 10.0,
    "model_vto": 0.75,
    "vg_cutoff": 0.75,
    "vg_cutoff_epochs": 4,
    "vg_init": {
      "mode": "random",
      "lo": 0.75,
      "hi": 3.0,
      "fixed": 2.0
    },
    "epochs": 100,
    "device_include_path": "/home/ma-lab/Desktop/pyclln-final/device_model/nmos_lvl1_ald1106.lib",
    "device_subckt": "NMOSWRAP"
  },
  "train": {
    "acc": 0.9617258176757133,
    "hinge": 0.002249362004175363,
    "n_free": 1437,
    "n_clamp": 124,
    "hinge_active": 124,
    "hinge_active_frac": 0.08629088378566457,
    "skipped": 1313,
    "reload_free": 0,
    "reload_clamp": 0,
    "nonfinite_free": 0,
    "nonfinite_clamp": 0
  },
  "val": {
    "acc": 0.9111111111111111,
    "hinge": 0.004886889166666664,
    "test_gap_mean": 0.08447984777777778,
    "test_gap_median": 0.09057935,
    "test_gap_std": 0.05867061658604989,
    "test_satisfy_frac": 0.8583333333333333,
    "test_hinge_mean": 0.004886889166666666,
    "val_reloads": 0.0,
    "val_nonfinite": 0.0
  },
  "timing_s": {
    "epoch_total": 32.468098878860474,
    "train_free": 20.419153451919556,
    "train_clamp": 1.7693617343902588,
    "train_update": 0.2132256031036377
  },
  "vg_stats": {
    "vg_unique_min": 0.4,
    "vg_unique_max": 7.744073276919139,
    "vg_unique_sat_lo": 6.0,
    "vg_unique_sat_hi": 0.0
  }
}