{
  "epoch": 79,
  "config": {
    "seed": 1,
    "gamma": 3.0,
    "margin": 0.02,
    "delta": 0.1,
    "input_vmin": 0.0,
    "input_vmax": 1.0,
    "rails": [
      0.0,
      0.45
    ],
    "solver": "klu",
    "body_tie": "ground",
    "body_res": 10.0,
    "rs_clamp": 10.0,
    "model_vto": 0.75,
    "vg_cutoff": 0.75,
    "vg_cutoff_epochs": 4,
    "vg_init": {
      "mode": "random",
      "lo": 0.75,
      "hi": 3.0,
      "fixed": 2.0
    },
    "epochs": 100,
    "device_include_path": "/home/ma-lab/Desktop/pyclln-final/device_model/nmos_lvl1_ald1106.lib",
    "device_subckt": "NMOSWRAP"
  },
  "train": {
    "acc": 0.9575504523312457,
    "hinge": 0.0022243154488517727,
    "n_free": 1437,
    "n_clamp": 137,
    "hinge_active": 137,
    "hinge_active_frac": 0.0953375086986778,
    "skipped": 1300,
    "reload_free": 0,
    "reload_clamp": 0,
    "nonfinite_free": 0,
    "nonfinite_clamp": 0
  },
  "val": {
    "acc": 0.925,
    "hinge": 0.003843402222222222,
    "test_gap_mean": 0.089675015,
    "test_gap_median": 0.09188455000000004,
    "test_gap_std": 0.0602135326648817,
    "test_satisfy_frac": 0.8722222222222222,
    "test_hinge_mean": 0.003843402222222223,
    "val_reloads": 0.0,
    "val_nonfinite": 0.0
  },
  "timing_s": {
    "epoch_total": 14.770139217376709,
    "train_free": 8.292544603347778,
    "train_clamp": 0.7854976654052734,
    "train_update": 0.13628554344177246
  },
  "vg_stats": {
    "vg_unique_min": 0.5929458618208002,
    "vg_unique_max": 5.753856750913923,
    "vg_unique_sat_lo": 0.0,
    "vg_unique_sat_hi": 0.0
  }
}