{
  "epoch": 22,
  "config": {
    "seed": 1,
    "gamma": 3.0,
    "margin": 0.02,
    "delta": 0.1,
    "input_vmin": 0.0,
    "input_vmax": 1.0,
    "rails": [
      0.0,
      0.45
    ],
    "solver": "klu",
    "body_tie": "ground",
    "body_res": 10.0,
    "rs_clamp": 10.0,
    "model_vto": 0.75,
    "vg_cutoff": 0.75,
    "vg_cutoff_epochs": 4,
    "vg_init": {
      "mode": "random",
      "lo": 0.75,
      "hi": 3.0,
      "fixed": 2.0
    },
    "epochs": 100,
    "device_include_path": "/home/ma-lab/Desktop/pyclln-final/device_model/nmos_lvl1_ald1106.lib",
    "device_subckt": "NMOSWRAP"
  },
  "train": {
    "acc": 0.9596381350034795,
    "hinge": 0.0021626229645093937,
    "n_free": 1437,
    "n_clamp": 134,
    "hinge_active": 134,
    "hinge_active_frac": 0.09324982602644398,
    "skipped": 1303,
    "reload_free": 0,
    "reload_clamp": 0,
    "nonfinite_free": 0,
    "nonfinite_clamp": 0
  },
  "val": {
    "acc": 0.9472222222222222,
    "hinge": 0.002749665555555555,
    "test_gap_mean": 0.09413950861111112,
    "test_gap_median": 0.09260610000000002,
    "test_gap_std": 0.060537270186195646,
    "test_satisfy_frac": 0.9027777777777778,
    "test_hinge_mean": 0.0027496655555555548,
    "val_reloads": 0.0,
    "val_nonfinite": 0.0
  },
  "timing_s": {
    "epoch_total": 21.534910917282104,
    "train_free": 13.04723596572876,
    "train_clamp": 1.2029948234558105,
    "train_update": 0.17156505584716797
  },
  "vg_stats": {
    "vg_unique_min": 0.4,
    "vg_unique_max": 7.1442978870056555,
    "vg_unique_sat_lo": 2.0,
    "vg_unique_sat_hi": 0.0
  }
}