{
  "epoch": 29,
  "config": {
    "seed": 1,
    "gamma": 3.0,
    "margin": 0.02,
    "delta": 0.1,
    "input_vmin": 0.0,
    "input_vmax": 1.0,
    "rails": [
      0.0,
      0.45
    ],
    "solver": "klu",
    "body_tie": "ground",
    "body_res": 10.0,
    "rs_clamp": 10.0,
    "model_vto": 0.75,
    "vg_cutoff": 0.75,
    "vg_cutoff_epochs": 4,
    "vg_init": {
      "mode": "random",
      "lo": 0.75,
      "hi": 3.0,
      "fixed": 2.0
    },
    "epochs": 100,
    "device_include_path": "/home/ma-lab/Desktop/pyclln-final/device_model/nmos_lvl1_ald1106.lib",
    "device_subckt": "NMOSWRAP"
  },
  "train": {
    "acc": 0.9603340292275574,
    "hinge": 0.0019559797494780773,
    "n_free": 1437,
    "n_clamp": 124,
    "hinge_active": 124,
    "hinge_active_frac": 0.08629088378566457,
    "skipped": 1313,
    "reload_free": 0,
    "reload_clamp": 0,
    "nonfinite_free": 0,
    "nonfinite_clamp": 0
  },
  "val": {
    "acc": 0.9305555555555556,
    "hinge": 0.0032540763888888884,
    "test_gap_mean": 0.09405427222222222,
    "test_gap_median": 0.09308415,
    "test_gap_std": 0.06064586200693934,
    "test_satisfy_frac": 0.8916666666666667,
    "test_hinge_mean": 0.0032540763888888884,
    "val_reloads": 0.0,
    "val_nonfinite": 0.0
  },
  "timing_s": {
    "epoch_total": 17.86837363243103,
    "train_free": 10.489563465118408,
    "train_clamp": 0.9107508659362793,
    "train_update": 0.14284372329711914
  },
  "vg_stats": {
    "vg_unique_min": 0.4,
    "vg_unique_max": 6.423007302828818,
    "vg_unique_sat_lo": 1.0,
    "vg_unique_sat_hi": 0.0
  }
}