{
  "epoch": 53,
  "config": {
    "seed": 1,
    "gamma": 3.0,
    "margin": 0.02,
    "delta": 0.1,
    "input_vmin": 0.0,
    "input_vmax": 1.0,
    "rails": [
      0.0,
      0.45
    ],
    "solver": "klu",
    "body_tie": "ground",
    "body_res": 10.0,
    "rs_clamp": 10.0,
    "model_vto": 0.75,
    "vg_cutoff": 0.75,
    "vg_cutoff_epochs": 4,
    "vg_init": {
      "mode": "random",
      "lo": 0.75,
      "hi": 3.0,
      "fixed": 2.0
    },
    "epochs": 100,
    "device_include_path": "/home/ma-lab/Desktop/pyclln-final/device_model/nmos_lvl1_ald1106.lib",
    "device_subckt": "NMOSWRAP"
  },
  "train": {
    "acc": 0.9554627696590118,
    "hinge": 0.0023213617258176756,
    "n_free": 1437,
    "n_clamp": 124,
    "hinge_active": 124,
    "hinge_active_frac": 0.08629088378566457,
    "skipped": 1313,
    "reload_free": 0,
    "reload_clamp": 0,
    "nonfinite_free": 0,
    "nonfinite_clamp": 0
  },
  "val": {
    "acc": 0.9388888888888889,
    "hinge": 0.002978911666666667,
    "test_gap_mean": 0.09525839527777778,
    "test_gap_median": 0.09218480000000001,
    "test_gap_std": 0.06264091610912467,
    "test_satisfy_frac": 0.8916666666666667,
    "test_hinge_mean": 0.0029789116666666666,
    "val_reloads": 0.0,
    "val_nonfinite": 0.0
  },
  "timing_s": {
    "epoch_total": 14.874143362045288,
    "train_free": 8.531598329544067,
    "train_clamp": 0.7296574115753174,
    "train_update": 0.12804698944091797
  },
  "vg_stats": {
    "vg_unique_min": 0.47315569043016725,
    "vg_unique_max": 6.218980447037519,
    "vg_unique_sat_lo": 0.0,
    "vg_unique_sat_hi": 0.0
  }
}