{
  "test_gap_mean": 0.06886327333333334,
  "test_gap_median": 0.06789320000000001,
  "test_gap_std": 0.04099453191533814,
  "test_satisfy_frac": 0.8833333333333333,
  "test_hinge_mean": 0.0023935652777777776,
  "val_reloads": 0.0,
  "val_nonfinite": 0.0
}