{
  "test_gap_mean": 0.05580728722222222,
  "test_gap_median": 0.05676510000000001,
  "test_gap_std": 0.03100962094601991,
  "test_satisfy_frac": 0.8638888888888889,
  "test_hinge_mean": 0.0019703805555555554,
  "val_reloads": 0.0,
  "val_nonfinite": 0.0
}