{
  "test_gap_mean": 0.07036272083333334,
  "test_gap_median": 0.07213064999999996,
  "test_gap_std": 0.041582609540253786,
  "test_satisfy_frac": 0.875,
  "test_hinge_mean": 0.0022014072222222222,
  "val_reloads": 0.0,
  "val_nonfinite": 0.0
}