{
  "test_gap_mean": 0.06605557333333334,
  "test_gap_median": 0.06652250000000001,
  "test_gap_std": 0.03890420751383825,
  "test_satisfy_frac": 0.8777777777777778,
  "test_hinge_mean": 0.002428482777777778,
  "val_reloads": 0.0,
  "val_nonfinite": 0.0
}