{
  "test_gap_mean": 0.06428871861111111,
  "test_gap_median": 0.06539204999999998,
  "test_gap_std": 0.03742060139675757,
  "test_satisfy_frac": 0.8722222222222222,
  "test_hinge_mean": 0.002010776388888889,
  "val_reloads": 0.0,
  "val_nonfinite": 0.0
}