{
  "test_gap_mean": 0.05699302111111112,
  "test_gap_median": 0.05795829999999999,
  "test_gap_std": 0.031678781460770813,
  "test_satisfy_frac": 0.8777777777777778,
  "test_hinge_mean": 0.002390599444444444,
  "val_reloads": 0.0,
  "val_nonfinite": 0.0
}