{
  "test_gap_mean": 0.06667103277777778,
  "test_gap_median": 0.06875794999999998,
  "test_gap_std": 0.03761892342835559,
  "test_satisfy_frac": 0.8972222222222223,
  "test_hinge_mean": 0.0025544738888888885,
  "val_reloads": 0.0,
  "val_nonfinite": 0.0
}