{
  "test_gap_mean": 0.07123788,
  "test_gap_median": 0.07087585000000005,
  "test_gap_std": 0.03951015860207684,
  "test_satisfy_frac": 0.9055555555555556,
  "test_hinge_mean": 0.0019018158333333338,
  "val_reloads": 0.0,
  "val_nonfinite": 0.0
}