{
  "epoch": 44,
  "config": {
    "seed": 1,
    "gamma": 3.0,
    "margin": 0.02,
    "delta": 0.05,
    "input_vmin": 0.0,
    "input_vmax": 1.0,
    "rails": [
      0.0,
      0.45
    ],
    "solver": "klu",
    "body_tie": "source",
    "body_res": 10.0,
    "rs_clamp": 10.0,
    "model_vto": 0.75,
    "vg_cutoff": 0.75,
    "vg_cutoff_epochs": 4,
    "vg_init": {
      "mode": "random",
      "lo": 1.5,
      "hi": 2.5,
      "fixed": 2.0
    },
    "epochs": 100,
    "device_include_path": "/home/ma-lab/Desktop/pyclln-final/device_model/nmos_lvl1_ald1106.lib",
    "device_subckt": "NMOSWRAP"
  },
  "train": {
    "acc": 0.9784272790535838,
    "hinge": 0.0010762763395963807,
    "n_free": 1437,
    "n_clamp": 108,
    "hinge_active": 108,
    "hinge_active_frac": 0.07515657620041753,
    "skipped": 1329,
    "reload_free": 0,
    "reload_clamp": 0,
    "nonfinite_free": 0,
    "nonfinite_clamp": 0
  },
  "val": {
    "acc": 0.95,
    "hinge": 0.002303305,
    "test_gap_mean": 0.06784916138888888,
    "test_gap_median": 0.07083300000000001,
    "test_gap_std": 0.03816769524847308,
    "test_satisfy_frac": 0.8805555555555555,
    "test_hinge_mean": 0.0023033049999999994,
    "val_reloads": 0.0,
    "val_nonfinite": 0.0
  },
  "timing_s": {
    "epoch_total": 29.233105182647705,
    "train_free": 18.510738611221313,
    "train_clamp": 1.396132230758667,
    "train_update": 0.14569950103759766
  },
  "vg_stats": {
    "vg_unique_min": 0.5149574423101324,
    "vg_unique_max": 7.918989482287639,
    "vg_unique_sat_lo": 0.0,
    "vg_unique_sat_hi": 0.0
  }
}