{
  "epoch": 32,
  "config": {
    "seed": 1,
    "gamma": 3.0,
    "margin": 0.02,
    "delta": 0.05,
    "input_vmin": 0.0,
    "input_vmax": 1.0,
    "rails": [
      0.0,
      0.45
    ],
    "solver": "klu",
    "body_tie": "source",
    "body_res": 10.0,
    "rs_clamp": 10.0,
    "model_vto": 0.75,
    "vg_cutoff": 0.75,
    "vg_cutoff_epochs": 4,
    "vg_init": {
      "mode": "random",
      "lo": 1.5,
      "hi": 2.5,
      "fixed": 2.0
    },
    "epochs": 100,
    "device_include_path": "/home/ma-lab/Desktop/pyclln-final/device_model/nmos_lvl1_ald1106.lib",
    "device_subckt": "NMOSWRAP"
  },
  "train": {
    "acc": 0.9826026443980515,
    "hinge": 0.0011749373695198323,
    "n_free": 1437,
    "n_clamp": 111,
    "hinge_active": 111,
    "hinge_active_frac": 0.07724425887265135,
    "skipped": 1326,
    "reload_free": 0,
    "reload_clamp": 0,
    "nonfinite_free": 0,
    "nonfinite_clamp": 0
  },
  "val": {
    "acc": 0.9527777777777777,
    "hinge": 0.0024972241666666663,
    "test_gap_mean": 0.06414776138888888,
    "test_gap_median": 0.06492255,
    "test_gap_std": 0.03734956826240853,
    "test_satisfy_frac": 0.8916666666666667,
    "test_hinge_mean": 0.0024972241666666667,
    "val_reloads": 0.0,
    "val_nonfinite": 0.0
  },
  "timing_s": {
    "epoch_total": 34.97675180435181,
    "train_free": 23.061644315719604,
    "train_clamp": 1.7831556797027588,
    "train_update": 0.27248525619506836
  },
  "vg_stats": {
    "vg_unique_min": 0.5376183393293198,
    "vg_unique_max": 7.952842565445649,
    "vg_unique_sat_lo": 0.0,
    "vg_unique_sat_hi": 0.0
  }
}