{
  "epoch": 31,
  "config": {
    "seed": 1,
    "gamma": 3.0,
    "margin": 0.02,
    "delta": 0.05,
    "input_vmin": 0.0,
    "input_vmax": 1.0,
    "rails": [
      0.0,
      0.45
    ],
    "solver": "klu",
    "body_tie": "source",
    "body_res": 10.0,
    "rs_clamp": 10.0,
    "model_vto": 0.75,
    "vg_cutoff": 0.75,
    "vg_cutoff_epochs": 4,
    "vg_init": {
      "mode": "random",
      "lo": 1.5,
      "hi": 2.5,
      "fixed": 2.0
    },
    "epochs": 100,
    "device_include_path": "/home/ma-lab/Desktop/pyclln-final/device_model/nmos_lvl1_ald1106.lib",
    "device_subckt": "NMOSWRAP"
  },
  "train": {
    "acc": 0.9860821155184412,
    "hinge": 0.0010781819067501733,
    "n_free": 1437,
    "n_clamp": 110,
    "hinge_active": 110,
    "hinge_active_frac": 0.07654836464857341,
    "skipped": 1327,
    "reload_free": 0,
    "reload_clamp": 0,
    "nonfinite_free": 0,
    "nonfinite_clamp": 0
  },
  "val": {
    "acc": 0.9638888888888889,
    "hinge": 0.0021265594444444444,
    "test_gap_mean": 0.06444338972222222,
    "test_gap_median": 0.06460059999999998,
    "test_gap_std": 0.03651309611336701,
    "test_satisfy_frac": 0.8972222222222223,
    "test_hinge_mean": 0.0021265594444444436,
    "val_reloads": 0.0,
    "val_nonfinite": 0.0
  },
  "timing_s": {
    "epoch_total": 35.625383615493774,
    "train_free": 23.135677099227905,
    "train_clamp": 1.761181354522705,
    "train_update": 0.2174360752105713
  },
  "vg_stats": {
    "vg_unique_min": 0.45177212235932535,
    "vg_unique_max": 8.0,
    "vg_unique_sat_lo": 0.0,
    "vg_unique_sat_hi": 1.0
  }
}