{
  "epoch": 1,
  "config": {
    "seed": 1,
    "gamma": 3.0,
    "margin": 0.02,
    "delta": 0.05,
    "input_vmin": 0.0,
    "input_vmax": 1.0,
    "rails": [
      0.0,
      0.45
    ],
    "solver": "klu",
    "body_tie": "source",
    "body_res": 10.0,
    "rs_clamp": 10.0,
    "model_vto": 0.75,
    "vg_cutoff": 0.75,
    "vg_cutoff_epochs": 4,
    "vg_init": {
      "mode": "random",
      "lo": 1.5,
      "hi": 2.5,
      "fixed": 2.0
    },
    "epochs": 100,
    "device_include_path": "/home/ma-lab/Desktop/pyclln-final/device_model/nmos_lvl1_ald1106.lib",
    "device_subckt": "NMOSWRAP"
  },
  "train": {
    "acc": 0.8503827418232429,
    "hinge": 0.007174374669450253,
    "n_free": 1437,
    "n_clamp": 628,
    "hinge_active": 628,
    "hinge_active_frac": 0.43702157272094644,
    "skipped": 809,
    "reload_free": 0,
    "reload_clamp": 0,
    "nonfinite_free": 0,
    "nonfinite_clamp": 0
  },
  "val": {
    "acc": 0.9361111111111111,
    "hinge": 0.0036878311111111124,
    "test_gap_mean": 0.030677834444444448,
    "test_gap_median": 0.03276744999999999,
    "test_gap_std": 0.01886534491520342,
    "test_satisfy_frac": 0.7361111111111112,
    "test_hinge_mean": 0.003687831111111113,
    "val_reloads": 0.0,
    "val_nonfinite": 0.0
  },
  "timing_s": {
    "epoch_total": 56.76187348365784,
    "train_free": 28.908203125,
    "train_clamp": 12.710658311843872,
    "train_update": 1.408276081085205
  },
  "vg_stats": {
    "vg_unique_min": 0.4,
    "vg_unique_max": 3.6947698336944486,
    "vg_unique_sat_lo": 5.0,
    "vg_unique_sat_hi": 0.0
  }
}