{
  "epoch": 40,
  "config": {
    "seed": 1,
    "gamma": 3.0,
    "margin": 0.02,
    "delta": 0.05,
    "input_vmin": 0.0,
    "input_vmax": 1.0,
    "rails": [
      0.0,
      0.45
    ],
    "solver": "klu",
    "body_tie": "source",
    "body_res": 10.0,
    "rs_clamp": 10.0,
    "model_vto": 0.75,
    "vg_cutoff": 0.75,
    "vg_cutoff_epochs": 4,
    "vg_init": {
      "mode": "random",
      "lo": 1.5,
      "hi": 2.5,
      "fixed": 2.0
    },
    "epochs": 100,
    "device_include_path": "/home/ma-lab/Desktop/pyclln-final/device_model/nmos_lvl1_ald1106.lib",
    "device_subckt": "NMOSWRAP"
  },
  "train": {
    "acc": 0.9832985386221295,
    "hinge": 0.0009584635351426583,
    "n_free": 1437,
    "n_clamp": 102,
    "hinge_active": 102,
    "hinge_active_frac": 0.0709812108559499,
    "skipped": 1335,
    "reload_free": 0,
    "reload_clamp": 0,
    "nonfinite_free": 0,
    "nonfinite_clamp": 0
  },
  "val": {
    "acc": 0.95,
    "hinge": 0.002428482777777778,
    "test_gap_mean": 0.06605557333333334,
    "test_gap_median": 0.06652250000000001,
    "test_gap_std": 0.03890420751383825,
    "test_satisfy_frac": 0.8777777777777778,
    "test_hinge_mean": 0.002428482777777778,
    "val_reloads": 0.0,
    "val_nonfinite": 0.0
  },
  "timing_s": {
    "epoch_total": 34.61567211151123,
    "train_free": 22.349445819854736,
    "train_clamp": 1.5650837421417236,
    "train_update": 0.17542147636413574
  },
  "vg_stats": {
    "vg_unique_min": 0.5884875972627855,
    "vg_unique_max": 7.94887449650615,
    "vg_unique_sat_lo": 0.0,
    "vg_unique_sat_hi": 0.0
  }
}