{
  "test_gap_mean": 0.07005544111111112,
  "test_gap_median": 0.07528449999999998,
  "test_gap_std": 0.042123974641040604,
  "test_satisfy_frac": 0.725,
  "test_hinge_mean": 0.009380121111111112,
  "val_reloads": 0.0,
  "val_nonfinite": 0.0
}