{
  "test_gap_mean": 0.060376100555555555,
  "test_gap_median": 0.06447544999999999,
  "test_gap_std": 0.035909557886240014,
  "test_satisfy_frac": 0.6611111111111111,
  "test_hinge_mean": 0.009971672777777779,
  "val_reloads": 0.0,
  "val_nonfinite": 0.0
}