{
  "test_gap_mean": 0.0923190575,
  "test_gap_median": 0.09739935,
  "test_gap_std": 0.055553034432714726,
  "test_satisfy_frac": 0.8,
  "test_hinge_mean": 0.0081009875,
  "val_reloads": 0.0,
  "val_nonfinite": 0.0
}