{
  "test_gap_mean": 0.043184223055555554,
  "test_gap_median": 0.0471299,
  "test_gap_std": 0.028159138573742245,
  "test_satisfy_frac": 0.45555555555555555,
  "test_hinge_mean": 0.014882571944444445,
  "val_reloads": 0.0,
  "val_nonfinite": 0.0
}