{
  "test_gap_mean": 0.052296258888888884,
  "test_gap_median": 0.05587524999999999,
  "test_gap_std": 0.03176618151784534,
  "test_satisfy_frac": 0.5666666666666667,
  "test_hinge_mean": 0.01174183,
  "val_reloads": 0.0,
  "val_nonfinite": 0.0
}