{
  "test_gap_mean": 0.09366560388888888,
  "test_gap_median": 0.09743205000000002,
  "test_gap_std": 0.05652787398480344,
  "test_satisfy_frac": 0.8,
  "test_hinge_mean": 0.007955606666666663,
  "val_reloads": 0.0,
  "val_nonfinite": 0.0
}