{
  "test_gap_mean": 0.08550492888888889,
  "test_gap_median": 0.09063309999999997,
  "test_gap_std": 0.05036519882251036,
  "test_satisfy_frac": 0.7888888888888889,
  "test_hinge_mean": 0.008049226111111113,
  "val_reloads": 0.0,
  "val_nonfinite": 0.0
}