{
  "test_gap_mean": 0.07670792861111111,
  "test_gap_median": 0.08074984999999998,
  "test_gap_std": 0.04564057414726126,
  "test_satisfy_frac": 0.7527777777777778,
  "test_hinge_mean": 0.00874966,
  "val_reloads": 0.0,
  "val_nonfinite": 0.0
}