{
  "epoch": 89,
  "config": {
    "seed": 2,
    "gamma": 0.3,
    "margin": 0.05,
    "delta": 0.1,
    "input_vmin": 0.0,
    "input_vmax": 1.0,
    "rails": [
      0.0,
      0.45
    ],
    "solver": "klu",
    "body_tie": "ground",
    "body_res": 10.0,
    "rs_clamp": 10.0,
    "model_vto": 0.75,
    "vg_cutoff": 0.75,
    "vg_cutoff_epochs": 4,
    "vg_init": {
      "mode": "random",
      "lo": 1.0,
      "hi": 6.0,
      "fixed": 2.0
    },
    "epochs": 100,
    "device_include_path": "/home/ma-lab/Desktop/pyclln-final/device_model/nmos_lvl1_ald1106.lib",
    "device_subckt": "NMOSWRAP"
  },
  "train": {
    "acc": 0.97633959638135,
    "hinge": 0.004082644119693807,
    "n_free": 1437,
    "n_clamp": 201,
    "hinge_active": 201,
    "hinge_active_frac": 0.13987473903966596,
    "skipped": 1236,
    "reload_free": 0,
    "reload_clamp": 0,
    "nonfinite_free": 0,
    "nonfinite_clamp": 0
  },
  "val": {
    "acc": 0.9388888888888889,
    "hinge": 0.008042047222222222,
    "test_gap_mean": 0.0899856425,
    "test_gap_median": 0.09423325000000002,
    "test_gap_std": 0.054199201737335986,
    "test_satisfy_frac": 0.8,
    "test_hinge_mean": 0.008042047222222222,
    "val_reloads": 0.0,
    "val_nonfinite": 0.0
  },
  "timing_s": {
    "epoch_total": 29.412517070770264,
    "train_free": 17.496423721313477,
    "train_clamp": 2.4512367248535156,
    "train_update": 0.30112218856811523
  },
  "vg_stats": {
    "vg_unique_min": 0.6496163748764645,
    "vg_unique_max": 7.999611704812808,
    "vg_unique_sat_lo": 0.0,
    "vg_unique_sat_hi": 0.0
  }
}