{
  "epoch": 69,
  "config": {
    "seed": 2,
    "gamma": 0.3,
    "margin": 0.05,
    "delta": 0.1,
    "input_vmin": 0.0,
    "input_vmax": 1.0,
    "rails": [
      0.0,
      0.45
    ],
    "solver": "klu",
    "body_tie": "ground",
    "body_res": 10.0,
    "rs_clamp": 10.0,
    "model_vto": 0.75,
    "vg_cutoff": 0.75,
    "vg_cutoff_epochs": 4,
    "vg_init": {
      "mode": "random",
      "lo": 1.0,
      "hi": 6.0,
      "fixed": 2.0
    },
    "epochs": 100,
    "device_include_path": "/home/ma-lab/Desktop/pyclln-final/device_model/nmos_lvl1_ald1106.lib",
    "device_subckt": "NMOSWRAP"
  },
  "train": {
    "acc": 0.9721642310368824,
    "hinge": 0.004565601600556716,
    "n_free": 1437,
    "n_clamp": 241,
    "hinge_active": 241,
    "hinge_active_frac": 0.1677105080027836,
    "skipped": 1196,
    "reload_free": 0,
    "reload_clamp": 0,
    "nonfinite_free": 0,
    "nonfinite_clamp": 0
  },
  "val": {
    "acc": 0.9333333333333333,
    "hinge": 0.008120168333333334,
    "test_gap_mean": 0.08341902333333333,
    "test_gap_median": 0.08829544999999997,
    "test_gap_std": 0.04919475785990888,
    "test_satisfy_frac": 0.7833333333333333,
    "test_hinge_mean": 0.008120168333333334,
    "val_reloads": 0.0,
    "val_nonfinite": 0.0
  },
  "timing_s": {
    "epoch_total": 34.47978448867798,
    "train_free": 20.293548345565796,
    "train_clamp": 3.4120943546295166,
    "train_update": 0.4226396083831787
  },
  "vg_stats": {
    "vg_unique_min": 0.48647854999084594,
    "vg_unique_max": 8.0,
    "vg_unique_sat_lo": 0.0,
    "vg_unique_sat_hi": 1.0
  }
}