{
  "epoch": 60,
  "config": {
    "seed": 2,
    "gamma": 0.3,
    "margin": 0.05,
    "delta": 0.1,
    "input_vmin": 0.0,
    "input_vmax": 1.0,
    "rails": [
      0.0,
      0.45
    ],
    "solver": "klu",
    "body_tie": "ground",
    "body_res": 10.0,
    "rs_clamp": 10.0,
    "model_vto": 0.75,
    "vg_cutoff": 0.75,
    "vg_cutoff_epochs": 4,
    "vg_init": {
      "mode": "random",
      "lo": 1.0,
      "hi": 6.0,
      "fixed": 2.0
    },
    "epochs": 100,
    "device_include_path": "/home/ma-lab/Desktop/pyclln-final/device_model/nmos_lvl1_ald1106.lib",
    "device_subckt": "NMOSWRAP"
  },
  "train": {
    "acc": 0.9686847599164927,
    "hinge": 0.004960878288100214,
    "n_free": 1437,
    "n_clamp": 254,
    "hinge_active": 254,
    "hinge_active_frac": 0.1767571329157968,
    "skipped": 1183,
    "reload_free": 0,
    "reload_clamp": 0,
    "nonfinite_free": 0,
    "nonfinite_clamp": 0
  },
  "val": {
    "acc": 0.9333333333333333,
    "hinge": 0.008408214722222222,
    "test_gap_mean": 0.08023695111111111,
    "test_gap_median": 0.0842418,
    "test_gap_std": 0.04741119262961541,
    "test_satisfy_frac": 0.7611111111111111,
    "test_hinge_mean": 0.008408214722222224,
    "val_reloads": 0.0,
    "val_nonfinite": 0.0
  },
  "timing_s": {
    "epoch_total": 38.64980340003967,
    "train_free": 23.352311611175537,
    "train_clamp": 4.131968021392822,
    "train_update": 0.46161818504333496
  },
  "vg_stats": {
    "vg_unique_min": 0.5415741850960542,
    "vg_unique_max": 8.0,
    "vg_unique_sat_lo": 0.0,
    "vg_unique_sat_hi": 1.0
  }
}