{
  "epoch": 14,
  "config": {
    "seed": 2,
    "gamma": 0.3,
    "margin": 0.05,
    "delta": 0.1,
    "input_vmin": 0.0,
    "input_vmax": 1.0,
    "rails": [
      0.0,
      0.45
    ],
    "solver": "klu",
    "body_tie": "ground",
    "body_res": 10.0,
    "rs_clamp": 10.0,
    "model_vto": 0.75,
    "vg_cutoff": 0.75,
    "vg_cutoff_epochs": 4,
    "vg_init": {
      "mode": "random",
      "lo": 1.0,
      "hi": 6.0,
      "fixed": 2.0
    },
    "epochs": 100,
    "device_include_path": "/home/ma-lab/Desktop/pyclln-final/device_model/nmos_lvl1_ald1106.lib",
    "device_subckt": "NMOSWRAP"
  },
  "train": {
    "acc": 0.9491997216423104,
    "hinge": 0.010355692414752954,
    "n_free": 1437,
    "n_clamp": 591,
    "hinge_active": 591,
    "hinge_active_frac": 0.4112734864300626,
    "skipped": 846,
    "reload_free": 0,
    "reload_clamp": 0,
    "nonfinite_free": 0,
    "nonfinite_clamp": 0
  },
  "val": {
    "acc": 0.9416666666666667,
    "hinge": 0.01174183,
    "test_gap_mean": 0.052296258888888884,
    "test_gap_median": 0.05587524999999999,
    "test_gap_std": 0.03176618151784534,
    "test_satisfy_frac": 0.5666666666666667,
    "test_hinge_mean": 0.01174183,
    "val_reloads": 0.0,
    "val_nonfinite": 0.0
  },
  "timing_s": {
    "epoch_total": 77.44008183479309,
    "train_free": 40.96981167793274,
    "train_clamp": 16.887325763702393,
    "train_update": 1.6491644382476807
  },
  "vg_stats": {
    "vg_unique_min": 0.4,
    "vg_unique_max": 8.0,
    "vg_unique_sat_lo": 2.0,
    "vg_unique_sat_hi": 1.0
  }
}