{
  "epoch": 33,
  "config": {
    "seed": 2,
    "gamma": 0.3,
    "margin": 0.05,
    "delta": 0.1,
    "input_vmin": 0.0,
    "input_vmax": 1.0,
    "rails": [
      0.0,
      0.45
    ],
    "solver": "klu",
    "body_tie": "ground",
    "body_res": 10.0,
    "rs_clamp": 10.0,
    "model_vto": 0.75,
    "vg_cutoff": 0.75,
    "vg_cutoff_epochs": 4,
    "vg_init": {
      "mode": "random",
      "lo": 1.0,
      "hi": 6.0,
      "fixed": 2.0
    },
    "epochs": 100,
    "device_include_path": "/home/ma-lab/Desktop/pyclln-final/device_model/nmos_lvl1_ald1106.lib",
    "device_subckt": "NMOSWRAP"
  },
  "train": {
    "acc": 0.9631176061238692,
    "hinge": 0.00676496040361866,
    "n_free": 1437,
    "n_clamp": 377,
    "hinge_active": 377,
    "hinge_active_frac": 0.26235212247738343,
    "skipped": 1060,
    "reload_free": 0,
    "reload_clamp": 0,
    "nonfinite_free": 0,
    "nonfinite_clamp": 0
  },
  "val": {
    "acc": 0.9361111111111111,
    "hinge": 0.009555133611111115,
    "test_gap_mean": 0.06654157222222222,
    "test_gap_median": 0.07220000000000001,
    "test_gap_std": 0.03991608084521346,
    "test_satisfy_frac": 0.6916666666666667,
    "test_hinge_mean": 0.00955513361111111,
    "val_reloads": 0.0,
    "val_nonfinite": 0.0
  },
  "timing_s": {
    "epoch_total": 52.212077140808105,
    "train_free": 29.796269416809082,
    "train_clamp": 7.815088510513306,
    "train_update": 0.8041939735412598
  },
  "vg_stats": {
    "vg_unique_min": 0.6053081208346155,
    "vg_unique_max": 8.0,
    "vg_unique_sat_lo": 0.0,
    "vg_unique_sat_hi": 3.0
  }
}