{
  "epoch": 21,
  "config": {
    "seed": 2,
    "gamma": 0.3,
    "margin": 0.05,
    "delta": 0.1,
    "input_vmin": 0.0,
    "input_vmax": 1.0,
    "rails": [
      0.0,
      0.45
    ],
    "solver": "klu",
    "body_tie": "ground",
    "body_res": 10.0,
    "rs_clamp": 10.0,
    "model_vto": 0.75,
    "vg_cutoff": 0.75,
    "vg_cutoff_epochs": 4,
    "vg_init": {
      "mode": "random",
      "lo": 1.0,
      "hi": 6.0,
      "fixed": 2.0
    },
    "epochs": 100,
    "device_include_path": "/home/ma-lab/Desktop/pyclln-final/device_model/nmos_lvl1_ald1106.lib",
    "device_subckt": "NMOSWRAP"
  },
  "train": {
    "acc": 0.9575504523312457,
    "hinge": 0.008390306054279763,
    "n_free": 1437,
    "n_clamp": 477,
    "hinge_active": 477,
    "hinge_active_frac": 0.33194154488517746,
    "skipped": 960,
    "reload_free": 0,
    "reload_clamp": 0,
    "nonfinite_free": 0,
    "nonfinite_clamp": 0
  },
  "val": {
    "acc": 0.9472222222222222,
    "hinge": 0.010227643888888895,
    "test_gap_mean": 0.05905412833333333,
    "test_gap_median": 0.06281239999999999,
    "test_gap_std": 0.035248604590676545,
    "test_satisfy_frac": 0.6444444444444445,
    "test_hinge_mean": 0.010227643888888888,
    "val_reloads": 0.0,
    "val_nonfinite": 0.0
  },
  "timing_s": {
    "epoch_total": 58.00593662261963,
    "train_free": 32.056081771850586,
    "train_clamp": 10.605780124664307,
    "train_update": 1.033813714981079
  },
  "vg_stats": {
    "vg_unique_min": 0.40198442332096,
    "vg_unique_max": 7.994559419615708,
    "vg_unique_sat_lo": 0.0,
    "vg_unique_sat_hi": 0.0
  }
}