{
  "epoch": 68,
  "config": {
    "seed": 2,
    "gamma": 0.3,
    "margin": 0.05,
    "delta": 0.1,
    "input_vmin": 0.0,
    "input_vmax": 1.0,
    "rails": [
      0.0,
      0.45
    ],
    "solver": "klu",
    "body_tie": "ground",
    "body_res": 10.0,
    "rs_clamp": 10.0,
    "model_vto": 0.75,
    "vg_cutoff": 0.75,
    "vg_cutoff_epochs": 4,
    "vg_init": {
      "mode": "random",
      "lo": 1.0,
      "hi": 6.0,
      "fixed": 2.0
    },
    "epochs": 100,
    "device_include_path": "/home/ma-lab/Desktop/pyclln-final/device_model/nmos_lvl1_ald1106.lib",
    "device_subckt": "NMOSWRAP"
  },
  "train": {
    "acc": 0.9672929714683368,
    "hinge": 0.004608475226165624,
    "n_free": 1437,
    "n_clamp": 233,
    "hinge_active": 233,
    "hinge_active_frac": 0.16214335421016005,
    "skipped": 1204,
    "reload_free": 0,
    "reload_clamp": 0,
    "nonfinite_free": 0,
    "nonfinite_clamp": 0
  },
  "val": {
    "acc": 0.9388888888888889,
    "hinge": 0.00809656305555556,
    "test_gap_mean": 0.08293490194444444,
    "test_gap_median": 0.0873102,
    "test_gap_std": 0.048644770756450635,
    "test_satisfy_frac": 0.7805555555555556,
    "test_hinge_mean": 0.008096563055555556,
    "val_reloads": 0.0,
    "val_nonfinite": 0.0
  },
  "timing_s": {
    "epoch_total": 35.674877405166626,
    "train_free": 20.95302414894104,
    "train_clamp": 3.4018874168395996,
    "train_update": 0.4051051139831543
  },
  "vg_stats": {
    "vg_unique_min": 0.544722652113691,
    "vg_unique_max": 8.0,
    "vg_unique_sat_lo": 0.0,
    "vg_unique_sat_hi": 3.0
  }
}