{
  "epoch": 11,
  "config": {
    "seed": 2,
    "gamma": 0.03,
    "margin": 0.05,
    "delta": 0.02,
    "input_vmin": 0.0,
    "input_vmax": 1.0,
    "rails": [
      0.0,
      0.45
    ],
    "solver": "klu",
    "body_tie": "floating",
    "body_res": 10.0,
    "rs_clamp": 10.0,
    "model_vto": 0.75,
    "vg_cutoff": 0.75,
    "vg_cutoff_epochs": 4,
    "vg_init": {
      "mode": "random",
      "lo": 1.5,
      "hi": 2.5,
      "fixed": 2.0
    },
    "epochs": 100,
    "device_include_path": "/home/ma-lab/Desktop/pyclln-final/device_model/nmos_lvl1_ald1106.lib",
    "device_subckt": "NMOSWRAP"
  },
  "train": {
    "acc": 0.6423103688239388,
    "hinge": 0.047672550869867825,
    "n_free": 1437,
    "n_clamp": 1437,
    "hinge_active": 1437,
    "hinge_active_frac": 1.0,
    "skipped": 0,
    "reload_free": 0,
    "reload_clamp": 0,
    "nonfinite_free": 0,
    "nonfinite_clamp": 0
  },
  "val": {
    "acc": 0.6333333333333333,
    "hinge": 0.04760696444444447,
    "test_gap_mean": 0.0023930355555555546,
    "test_gap_median": 0.002735850000000012,
    "test_gap_std": 0.008883604440391686,
    "test_satisfy_frac": 0.0,
    "test_hinge_mean": 0.04760696444444444,
    "val_reloads": 0.0,
    "val_nonfinite": 0.0
  },
  "timing_s": {
    "epoch_total": 182.05106711387634,
    "train_free": 75.16704201698303,
    "train_clamp": 76.57200598716736,
    "train_update": 3.800055503845215
  },
  "vg_stats": {
    "vg_unique_min": 1.342010056472059,
    "vg_unique_max": 2.610058745503818,
    "vg_unique_sat_lo": 0.0,
    "vg_unique_sat_hi": 0.0
  }
}