{
  "test_gap_mean": 0.14048867999999998,
  "test_gap_median": 0.15446290000000004,
  "test_gap_std": 0.09374591840123549,
  "test_satisfy_frac": 0.7055555555555556,
  "test_hinge_mean": 0.021736041111111114,
  "val_reloads": 0.0,
  "val_nonfinite": 0.0
}