{
  "test_gap_mean": 0.14459502472222222,
  "test_gap_median": 0.1553952,
  "test_gap_std": 0.09446017334630638,
  "test_satisfy_frac": 0.7083333333333334,
  "test_hinge_mean": 0.020452426111111113,
  "val_reloads": 0.0,
  "val_nonfinite": 0.0
}