{
  "test_gap_mean": 0.1434277833333333,
  "test_gap_median": 0.15654225,
  "test_gap_std": 0.08805937612740022,
  "test_satisfy_frac": 0.7222222222222222,
  "test_hinge_mean": 0.01866314638888889,
  "val_reloads": 0.0,
  "val_nonfinite": 0.0
}