{
  "test_gap_mean": 0.14277017,
  "test_gap_median": 0.15007920000000005,
  "test_gap_std": 0.0966613418722977,
  "test_satisfy_frac": 0.6888888888888889,
  "test_hinge_mean": 0.02222498583333334,
  "val_reloads": 0.0,
  "val_nonfinite": 0.0
}