{
  "test_gap_mean": 0.13690594138888887,
  "test_gap_median": 0.14155459999999997,
  "test_gap_std": 0.09254639509602819,
  "test_satisfy_frac": 0.6861111111111111,
  "test_hinge_mean": 0.022424422500000003,
  "val_reloads": 0.0,
  "val_nonfinite": 0.0
}