{
  "test_gap_mean": 0.14215138916666667,
  "test_gap_median": 0.15320235000000001,
  "test_gap_std": 0.0912884412161037,
  "test_satisfy_frac": 0.6944444444444444,
  "test_hinge_mean": 0.020751498055555553,
  "val_reloads": 0.0,
  "val_nonfinite": 0.0
}