{
  "epoch": 87,
  "config": {
    "seed": 2,
    "gamma": 3.0,
    "margin": 0.1,
    "delta": 0.05,
    "input_vmin": 0.0,
    "input_vmax": 1.0,
    "rails": [
      0.0,
      0.45
    ],
    "solver": "klu",
    "body_tie": "ground",
    "body_res": 10.0,
    "rs_clamp": 10.0,
    "model_vto": 0.75,
    "vg_cutoff": 0.75,
    "vg_cutoff_epochs": 4,
    "vg_init": {
      "mode": "random",
      "lo": 0.75,
      "hi": 3.0,
      "fixed": 2.0
    },
    "epochs": 100,
    "device_include_path": "/home/ma-lab/Desktop/pyclln-final/device_model/nmos_lvl1_ald1106.lib",
    "device_subckt": "NMOSWRAP"
  },
  "train": {
    "acc": 0.9505915100904663,
    "hinge": 0.016938651635351437,
    "n_free": 1437,
    "n_clamp": 421,
    "hinge_active": 421,
    "hinge_active_frac": 0.2929714683368128,
    "skipped": 1016,
    "reload_free": 0,
    "reload_clamp": 0,
    "nonfinite_free": 0,
    "nonfinite_clamp": 0
  },
  "val": {
    "acc": 0.9194444444444444,
    "hinge": 0.020508306111111114,
    "test_gap_mean": 0.14322934777777777,
    "test_gap_median": 0.15158675,
    "test_gap_std": 0.09366762185008991,
    "test_satisfy_frac": 0.6972222222222222,
    "test_hinge_mean": 0.020508306111111114,
    "val_reloads": 0.0,
    "val_nonfinite": 0.0
  },
  "timing_s": {
    "epoch_total": 11.527080774307251,
    "train_free": 5.067631244659424,
    "train_clamp": 1.5782084465026855,
    "train_update": 0.3475325107574463
  },
  "vg_stats": {
    "vg_unique_min": 0.6116084874237993,
    "vg_unique_max": 4.6021339585536944,
    "vg_unique_sat_lo": 0.0,
    "vg_unique_sat_hi": 0.0
  }
}