{
  "epoch": 79,
  "config": {
    "seed": 2,
    "gamma": 3.0,
    "margin": 0.1,
    "delta": 0.05,
    "input_vmin": 0.0,
    "input_vmax": 1.0,
    "rails": [
      0.0,
      0.45
    ],
    "solver": "klu",
    "body_tie": "ground",
    "body_res": 10.0,
    "rs_clamp": 10.0,
    "model_vto": 0.75,
    "vg_cutoff": 0.75,
    "vg_cutoff_epochs": 4,
    "vg_init": {
      "mode": "random",
      "lo": 0.75,
      "hi": 3.0,
      "fixed": 2.0
    },
    "epochs": 100,
    "device_include_path": "/home/ma-lab/Desktop/pyclln-final/device_model/nmos_lvl1_ald1106.lib",
    "device_subckt": "NMOSWRAP"
  },
  "train": {
    "acc": 0.9512874043145442,
    "hinge": 0.017123374739039667,
    "n_free": 1437,
    "n_clamp": 417,
    "hinge_active": 417,
    "hinge_active_frac": 0.29018789144050106,
    "skipped": 1020,
    "reload_free": 0,
    "reload_clamp": 0,
    "nonfinite_free": 0,
    "nonfinite_clamp": 0
  },
  "val": {
    "acc": 0.9138888888888889,
    "hinge": 0.02238425805555556,
    "test_gap_mean": 0.141835725,
    "test_gap_median": 0.15139640000000001,
    "test_gap_std": 0.09742686419217944,
    "test_satisfy_frac": 0.6972222222222222,
    "test_hinge_mean": 0.022384258055555554,
    "val_reloads": 0.0,
    "val_nonfinite": 0.0
  },
  "timing_s": {
    "epoch_total": 11.804266929626465,
    "train_free": 5.357773542404175,
    "train_clamp": 1.5926880836486816,
    "train_update": 0.37563490867614746
  },
  "vg_stats": {
    "vg_unique_min": 0.6427278582317264,
    "vg_unique_max": 4.768315332114068,
    "vg_unique_sat_lo": 0.0,
    "vg_unique_sat_hi": 0.0
  }
}