{
  "epoch": 2,
  "config": {
    "seed": 2,
    "gamma": 3.0,
    "margin": 0.1,
    "delta": 0.05,
    "input_vmin": 0.0,
    "input_vmax": 1.0,
    "rails": [
      0.0,
      0.45
    ],
    "solver": "klu",
    "body_tie": "ground",
    "body_res": 10.0,
    "rs_clamp": 10.0,
    "model_vto": 0.75,
    "vg_cutoff": 0.75,
    "vg_cutoff_epochs": 4,
    "vg_init": {
      "mode": "random",
      "lo": 0.75,
      "hi": 3.0,
      "fixed": 2.0
    },
    "epochs": 100,
    "device_include_path": "/home/ma-lab/Desktop/pyclln-final/device_model/nmos_lvl1_ald1106.lib",
    "device_subckt": "NMOSWRAP"
  },
  "train": {
    "acc": 0.9206680584551148,
    "hinge": 0.0260333164231037,
    "n_free": 1437,
    "n_clamp": 653,
    "hinge_active": 653,
    "hinge_active_frac": 0.45441892832289493,
    "skipped": 784,
    "reload_free": 0,
    "reload_clamp": 0,
    "nonfinite_free": 0,
    "nonfinite_clamp": 0
  },
  "val": {
    "acc": 0.9166666666666666,
    "hinge": 0.024594227499999993,
    "test_gap_mean": 0.1165706538888889,
    "test_gap_median": 0.12110000000000001,
    "test_gap_std": 0.0810184240193124,
    "test_satisfy_frac": 0.6083333333333333,
    "test_hinge_mean": 0.0245942275,
    "val_reloads": 0.0,
    "val_nonfinite": 0.0
  },
  "timing_s": {
    "epoch_total": 60.425544023513794,
    "train_free": 29.739543437957764,
    "train_clamp": 13.422993421554565,
    "train_update": 1.6303753852844238
  },
  "vg_stats": {
    "vg_unique_min": 0.4,
    "vg_unique_max": 5.991051597924859,
    "vg_unique_sat_lo": 42.0,
    "vg_unique_sat_hi": 0.0
  }
}