{
  "epoch": 29,
  "config": {
    "seed": 2,
    "gamma": 3.0,
    "margin": 0.1,
    "delta": 0.05,
    "input_vmin": 0.0,
    "input_vmax": 1.0,
    "rails": [
      0.0,
      0.45
    ],
    "solver": "klu",
    "body_tie": "ground",
    "body_res": 10.0,
    "rs_clamp": 10.0,
    "model_vto": 0.75,
    "vg_cutoff": 0.75,
    "vg_cutoff_epochs": 4,
    "vg_init": {
      "mode": "random",
      "lo": 0.75,
      "hi": 3.0,
      "fixed": 2.0
    },
    "epochs": 100,
    "device_include_path": "/home/ma-lab/Desktop/pyclln-final/device_model/nmos_lvl1_ald1106.lib",
    "device_subckt": "NMOSWRAP"
  },
  "train": {
    "acc": 0.9464161447459986,
    "hinge": 0.01655987654836464,
    "n_free": 1437,
    "n_clamp": 414,
    "hinge_active": 414,
    "hinge_active_frac": 0.2881002087682672,
    "skipped": 1023,
    "reload_free": 0,
    "reload_clamp": 0,
    "nonfinite_free": 0,
    "nonfinite_clamp": 0
  },
  "val": {
    "acc": 0.9305555555555556,
    "hinge": 0.019667547500000004,
    "test_gap_mean": 0.14603215833333336,
    "test_gap_median": 0.15465445000000003,
    "test_gap_std": 0.09327525854332931,
    "test_satisfy_frac": 0.7,
    "test_hinge_mean": 0.0196675475,
    "val_reloads": 0.0,
    "val_nonfinite": 0.0
  },
  "timing_s": {
    "epoch_total": 14.429362058639526,
    "train_free": 6.846290111541748,
    "train_clamp": 1.9516565799713135,
    "train_update": 0.3639354705810547
  },
  "vg_stats": {
    "vg_unique_min": 0.42559395616468004,
    "vg_unique_max": 6.010804506336722,
    "vg_unique_sat_lo": 0.0,
    "vg_unique_sat_hi": 0.0
  }
}