{
  "test_gap_mean": 0.016664199722222224,
  "test_gap_median": 0.018800150000000015,
  "test_gap_std": 0.015588687902670354,
  "test_satisfy_frac": 0.4666666666666667,
  "test_hinge_mean": 0.007846646666666667,
  "val_reloads": 0.0,
  "val_nonfinite": 0.0
}