{
  "test_gap_mean": 0.023542833888888885,
  "test_gap_median": 0.025625699999999973,
  "test_gap_std": 0.015854985301242932,
  "test_satisfy_frac": 0.625,
  "test_hinge_mean": 0.0047815761111111126,
  "val_reloads": 0.0,
  "val_nonfinite": 0.0
}