{
  "test_gap_mean": 0.024746375277777774,
  "test_gap_median": 0.026678800000000003,
  "test_gap_std": 0.016045551572816577,
  "test_satisfy_frac": 0.6416666666666667,
  "test_hinge_mean": 0.004389030833333333,
  "val_reloads": 0.0,
  "val_nonfinite": 0.0
}