{
  "test_gap_mean": -0.00833955027777778,
  "test_gap_median": -0.004676550000000029,
  "test_gap_std": 0.021287556645980612,
  "test_satisfy_frac": 0.06111111111111111,
  "test_hinge_mean": 0.028594068888888893,
  "val_reloads": 0.0,
  "val_nonfinite": 0.0
}