{
  "test_gap_mean": 0.026559448611111112,
  "test_gap_median": 0.028880299999999998,
  "test_gap_std": 0.01650373182880662,
  "test_satisfy_frac": 0.6833333333333333,
  "test_hinge_mean": 0.003927981111111112,
  "val_reloads": 0.0,
  "val_nonfinite": 0.0
}