{
  "test_gap_mean": 0.02539828055555556,
  "test_gap_median": 0.027215900000000015,
  "test_gap_std": 0.01618359130178739,
  "test_satisfy_frac": 0.6555555555555556,
  "test_hinge_mean": 0.004202079722222221,
  "val_reloads": 0.0,
  "val_nonfinite": 0.0
}