{
  "test_gap_mean": 0.02635726416666667,
  "test_gap_median": 0.02847340000000001,
  "test_gap_std": 0.016440356762223506,
  "test_satisfy_frac": 0.6777777777777778,
  "test_hinge_mean": 0.003971565833333334,
  "val_reloads": 0.0,
  "val_nonfinite": 0.0
}