{
  "test_gap_mean": 0.024535480555555555,
  "test_gap_median": 0.026506349999999984,
  "test_gap_std": 0.015999753165309896,
  "test_satisfy_frac": 0.6388888888888888,
  "test_hinge_mean": 0.004452306666666668,
  "val_reloads": 0.0,
  "val_nonfinite": 0.0
}