{
  "epoch": 24,
  "config": {
    "seed": 0,
    "gamma": 0.03,
    "margin": 0.02,
    "delta": 0.1,
    "input_vmin": 0.0,
    "input_vmax": 1.0,
    "rails": [
      0.0,
      0.45
    ],
    "solver": "klu",
    "body_tie": "floating",
    "body_res": 10.0,
    "rs_clamp": 10.0,
    "model_vto": 0.75,
    "vg_cutoff": 0.75,
    "vg_cutoff_epochs": 4,
    "vg_init": {
      "mode": "random",
      "lo": 1.0,
      "hi": 6.0,
      "fixed": 2.0
    },
    "epochs": 100,
    "device_include_path": "/home/ma-lab/Desktop/pyclln-final/device_model/nmos_lvl1_ald1106.lib",
    "device_subckt": "NMOSWRAP"
  },
  "train": {
    "acc": 0.8204592901878914,
    "hinge": 0.009816599791231728,
    "n_free": 1437,
    "n_clamp": 907,
    "hinge_active": 907,
    "hinge_active_frac": 0.6311760612386917,
    "skipped": 530,
    "reload_free": 0,
    "reload_clamp": 0,
    "nonfinite_free": 0,
    "nonfinite_clamp": 0
  },
  "val": {
    "acc": 0.8138888888888889,
    "hinge": 0.009573979444444443,
    "test_gap_mean": 0.013856081944444442,
    "test_gap_median": 0.015803449999999997,
    "test_gap_std": 0.01578576911009412,
    "test_satisfy_frac": 0.4027777777777778,
    "test_hinge_mean": 0.009573979444444446,
    "val_reloads": 0.0,
    "val_nonfinite": 0.0
  },
  "timing_s": {
    "epoch_total": 273.7611606121063,
    "train_free": 142.32696747779846,
    "train_clamp": 89.76998353004456,
    "train_update": 2.5900332927703857
  },
  "vg_stats": {
    "vg_unique_min": 0.7691355749784277,
    "vg_unique_max": 6.983607054724323,
    "vg_unique_sat_lo": 0.0,
    "vg_unique_sat_hi": 0.0
  }
}