{
  "epoch": 94,
  "config": {
    "seed": 0,
    "gamma": 0.03,
    "margin": 0.02,
    "delta": 0.1,
    "input_vmin": 0.0,
    "input_vmax": 1.0,
    "rails": [
      0.0,
      0.45
    ],
    "solver": "klu",
    "body_tie": "floating",
    "body_res": 10.0,
    "rs_clamp": 10.0,
    "model_vto": 0.75,
    "vg_cutoff": 0.75,
    "vg_cutoff_epochs": 4,
    "vg_init": {
      "mode": "random",
      "lo": 1.0,
      "hi": 6.0,
      "fixed": 2.0
    },
    "epochs": 100,
    "device_include_path": "/home/ma-lab/Desktop/pyclln-final/device_model/nmos_lvl1_ald1106.lib",
    "device_subckt": "NMOSWRAP"
  },
  "train": {
    "acc": 0.9505915100904663,
    "hinge": 0.00346331329157968,
    "n_free": 1437,
    "n_clamp": 431,
    "hinge_active": 431,
    "hinge_active_frac": 0.29993041057759223,
    "skipped": 1006,
    "reload_free": 0,
    "reload_clamp": 0,
    "nonfinite_free": 0,
    "nonfinite_clamp": 0
  },
  "val": {
    "acc": 0.9416666666666667,
    "hinge": 0.004019776388888888,
    "test_gap_mean": 0.026121580000000005,
    "test_gap_median": 0.02815324999999999,
    "test_gap_std": 0.01636358993550553,
    "test_satisfy_frac": 0.6722222222222223,
    "test_hinge_mean": 0.004019776388888889,
    "val_reloads": 0.0,
    "val_nonfinite": 0.0
  },
  "timing_s": {
    "epoch_total": 203.84814405441284,
    "train_free": 124.66538786888123,
    "train_clamp": 37.38129138946533,
    "train_update": 1.1360745429992676
  },
  "vg_stats": {
    "vg_unique_min": 0.7950834676635943,
    "vg_unique_max": 7.336204082999933,
    "vg_unique_sat_lo": 0.0,
    "vg_unique_sat_hi": 0.0
  }
}