{
  "epoch": 67,
  "config": {
    "seed": 0,
    "gamma": 0.03,
    "margin": 0.02,
    "delta": 0.1,
    "input_vmin": 0.0,
    "input_vmax": 1.0,
    "rails": [
      0.0,
      0.45
    ],
    "solver": "klu",
    "body_tie": "floating",
    "body_res": 10.0,
    "rs_clamp": 10.0,
    "model_vto": 0.75,
    "vg_cutoff": 0.75,
    "vg_cutoff_epochs": 4,
    "vg_init": {
      "mode": "random",
      "lo": 1.0,
      "hi": 6.0,
      "fixed": 2.0
    },
    "epochs": 100,
    "device_include_path": "/home/ma-lab/Desktop/pyclln-final/device_model/nmos_lvl1_ald1106.lib",
    "device_subckt": "NMOSWRAP"
  },
  "train": {
    "acc": 0.9366736256089074,
    "hinge": 0.004387339109255393,
    "n_free": 1437,
    "n_clamp": 522,
    "hinge_active": 522,
    "hinge_active_frac": 0.36325678496868474,
    "skipped": 915,
    "reload_free": 0,
    "reload_clamp": 0,
    "nonfinite_free": 0,
    "nonfinite_clamp": 0
  },
  "val": {
    "acc": 0.9194444444444444,
    "hinge": 0.00478157611111111,
    "test_gap_mean": 0.023542833888888885,
    "test_gap_median": 0.025625699999999973,
    "test_gap_std": 0.015854985301242932,
    "test_satisfy_frac": 0.625,
    "test_hinge_mean": 0.0047815761111111126,
    "val_reloads": 0.0,
    "val_nonfinite": 0.0
  },
  "timing_s": {
    "epoch_total": 242.07809138298035,
    "train_free": 142.8041911125183,
    "train_clamp": 51.93644666671753,
    "train_update": 1.3519561290740967
  },
  "vg_stats": {
    "vg_unique_min": 0.7628383604061544,
    "vg_unique_max": 7.242224202992173,
    "vg_unique_sat_lo": 0.0,
    "vg_unique_sat_hi": 0.0
  }
}