{
  "epoch": 2,
  "config": {
    "seed": 0,
    "gamma": 0.03,
    "margin": 0.02,
    "delta": 0.1,
    "input_vmin": 0.0,
    "input_vmax": 1.0,
    "rails": [
      0.0,
      0.45
    ],
    "solver": "klu",
    "body_tie": "floating",
    "body_res": 10.0,
    "rs_clamp": 10.0,
    "model_vto": 0.75,
    "vg_cutoff": 0.75,
    "vg_cutoff_epochs": 4,
    "vg_init": {
      "mode": "random",
      "lo": 1.0,
      "hi": 6.0,
      "fixed": 2.0
    },
    "epochs": 100,
    "device_include_path": "/home/ma-lab/Desktop/pyclln-final/device_model/nmos_lvl1_ald1106.lib",
    "device_subckt": "NMOSWRAP"
  },
  "train": {
    "acc": 0.26374391092553934,
    "hinge": 0.03826438656924148,
    "n_free": 1437,
    "n_clamp": 1399,
    "hinge_active": 1399,
    "hinge_active_frac": 0.9735560194850382,
    "skipped": 38,
    "reload_free": 0,
    "reload_clamp": 0,
    "nonfinite_free": 0,
    "nonfinite_clamp": 0
  },
  "val": {
    "acc": 0.2972222222222222,
    "hinge": 0.035015401944444455,
    "test_gap_mean": -0.014834578611111112,
    "test_gap_median": -0.011143550000000002,
    "test_gap_std": 0.02515806512729209,
    "test_satisfy_frac": 0.05277777777777778,
    "test_hinge_mean": 0.035015401944444455,
    "val_reloads": 0.0,
    "val_nonfinite": 0.0
  },
  "timing_s": {
    "epoch_total": 285.20047974586487,
    "train_free": 121.21996593475342,
    "train_clamp": 118.02732944488525,
    "train_update": 3.683263063430786
  },
  "vg_stats": {
    "vg_unique_min": 0.8567551768712006,
    "vg_unique_max": 6.186443775307698,
    "vg_unique_sat_lo": 0.0,
    "vg_unique_sat_hi": 0.0
  }
}