{
  "epoch": 3,
  "config": {
    "seed": 0,
    "gamma": 0.03,
    "margin": 0.02,
    "delta": 0.1,
    "input_vmin": 0.0,
    "input_vmax": 1.0,
    "rails": [
      0.0,
      0.45
    ],
    "solver": "klu",
    "body_tie": "floating",
    "body_res": 10.0,
    "rs_clamp": 10.0,
    "model_vto": 0.75,
    "vg_cutoff": 0.75,
    "vg_cutoff_epochs": 4,
    "vg_init": {
      "mode": "random",
      "lo": 1.0,
      "hi": 6.0,
      "fixed": 2.0
    },
    "epochs": 100,
    "device_include_path": "/home/ma-lab/Desktop/pyclln-final/device_model/nmos_lvl1_ald1106.lib",
    "device_subckt": "NMOSWRAP"
  },
  "train": {
    "acc": 0.31106471816283926,
    "hinge": 0.03403869415448851,
    "n_free": 1437,
    "n_clamp": 1382,
    "hinge_active": 1382,
    "hinge_active_frac": 0.9617258176757133,
    "skipped": 55,
    "reload_free": 0,
    "reload_clamp": 0,
    "nonfinite_free": 0,
    "nonfinite_clamp": 0
  },
  "val": {
    "acc": 0.3472222222222222,
    "hinge": 0.03147668944444447,
    "test_gap_mean": -0.011251191944444442,
    "test_gap_median": -0.00689265,
    "test_gap_std": 0.022999337481383546,
    "test_satisfy_frac": 0.058333333333333334,
    "test_hinge_mean": 0.03147668944444445,
    "val_reloads": 0.0,
    "val_nonfinite": 0.0
  },
  "timing_s": {
    "epoch_total": 260.7436013221741,
    "train_free": 110.75461316108704,
    "train_clamp": 106.42448854446411,
    "train_update": 3.0722758769989014
  },
  "vg_stats": {
    "vg_unique_min": 0.78105343994966,
    "vg_unique_max": 6.222377785130752,
    "vg_unique_sat_lo": 0.0,
    "vg_unique_sat_hi": 0.0
  }
}