{
  "epoch": 11,
  "config": {
    "seed": 0,
    "gamma": 0.03,
    "margin": 0.02,
    "delta": 0.1,
    "input_vmin": 0.0,
    "input_vmax": 1.0,
    "rails": [
      0.0,
      0.45
    ],
    "solver": "klu",
    "body_tie": "floating",
    "body_res": 10.0,
    "rs_clamp": 10.0,
    "model_vto": 0.75,
    "vg_cutoff": 0.75,
    "vg_cutoff_epochs": 4,
    "vg_init": {
      "mode": "random",
      "lo": 1.0,
      "hi": 6.0,
      "fixed": 2.0
    },
    "epochs": 100,
    "device_include_path": "/home/ma-lab/Desktop/pyclln-final/device_model/nmos_lvl1_ald1106.lib",
    "device_subckt": "NMOSWRAP"
  },
  "train": {
    "acc": 0.5908141962421712,
    "hinge": 0.018188735003479443,
    "n_free": 1437,
    "n_clamp": 1204,
    "hinge_active": 1204,
    "hinge_active_frac": 0.83785664578984,
    "skipped": 233,
    "reload_free": 0,
    "reload_clamp": 0,
    "nonfinite_free": 0,
    "nonfinite_clamp": 0
  },
  "val": {
    "acc": 0.6055555555555555,
    "hinge": 0.017224266111111105,
    "test_gap_mean": 0.003994205277777778,
    "test_gap_median": 0.004882899999999996,
    "test_gap_std": 0.01687302580879381,
    "test_satisfy_frac": 0.18888888888888888,
    "test_hinge_mean": 0.01722426611111111,
    "val_reloads": 0.0,
    "val_nonfinite": 0.0
  },
  "timing_s": {
    "epoch_total": 300.18277382850647,
    "train_free": 137.21534824371338,
    "train_clamp": 114.29371309280396,
    "train_update": 2.9436757564544678
  },
  "vg_stats": {
    "vg_unique_min": 0.6719605259783907,
    "vg_unique_max": 6.680837803328345,
    "vg_unique_sat_lo": 0.0,
    "vg_unique_sat_hi": 0.0
  }
}