{
  "epoch": 4,
  "config": {
    "seed": 0,
    "gamma": 0.03,
    "margin": 0.02,
    "delta": 0.1,
    "input_vmin": 0.0,
    "input_vmax": 1.0,
    "rails": [
      0.0,
      0.45
    ],
    "solver": "klu",
    "body_tie": "floating",
    "body_res": 10.0,
    "rs_clamp": 10.0,
    "model_vto": 0.75,
    "vg_cutoff": 0.75,
    "vg_cutoff_epochs": 4,
    "vg_init": {
      "mode": "random",
      "lo": 1.0,
      "hi": 6.0,
      "fixed": 2.0
    },
    "epochs": 100,
    "device_include_path": "/home/ma-lab/Desktop/pyclln-final/device_model/nmos_lvl1_ald1106.lib",
    "device_subckt": "NMOSWRAP"
  },
  "train": {
    "acc": 0.36464857341684065,
    "hinge": 0.030738356506610977,
    "n_free": 1437,
    "n_clamp": 1369,
    "hinge_active": 1369,
    "hinge_active_frac": 0.9526791927627001,
    "skipped": 68,
    "reload_free": 0,
    "reload_clamp": 0,
    "nonfinite_free": 0,
    "nonfinite_clamp": 0
  },
  "val": {
    "acc": 0.3972222222222222,
    "hinge": 0.028594068888888897,
    "test_gap_mean": -0.00833955027777778,
    "test_gap_median": -0.004676550000000029,
    "test_gap_std": 0.021287556645980612,
    "test_satisfy_frac": 0.06111111111111111,
    "test_hinge_mean": 0.028594068888888893,
    "val_reloads": 0.0,
    "val_nonfinite": 0.0
  },
  "timing_s": {
    "epoch_total": 252.4126057624817,
    "train_free": 108.17206001281738,
    "train_clamp": 102.9324324131012,
    "train_update": 2.9990062713623047
  },
  "vg_stats": {
    "vg_unique_min": 0.7192324664093213,
    "vg_unique_max": 6.243364041343168,
    "vg_unique_sat_lo": 0.0,
    "vg_unique_sat_hi": 0.0
  }
}