{
  "epoch": 5,
  "config": {
    "seed": 0,
    "gamma": 0.03,
    "margin": 0.02,
    "delta": 0.1,
    "input_vmin": 0.0,
    "input_vmax": 1.0,
    "rails": [
      0.0,
      0.45
    ],
    "solver": "klu",
    "body_tie": "floating",
    "body_res": 10.0,
    "rs_clamp": 10.0,
    "model_vto": 0.75,
    "vg_cutoff": 0.75,
    "vg_cutoff_epochs": 4,
    "vg_init": {
      "mode": "random",
      "lo": 1.0,
      "hi": 6.0,
      "fixed": 2.0
    },
    "epochs": 100,
    "device_include_path": "/home/ma-lab/Desktop/pyclln-final/device_model/nmos_lvl1_ald1106.lib",
    "device_subckt": "NMOSWRAP"
  },
  "train": {
    "acc": 0.4154488517745303,
    "hinge": 0.028025839248434232,
    "n_free": 1437,
    "n_clamp": 1361,
    "hinge_active": 1361,
    "hinge_active_frac": 0.9471120389700766,
    "skipped": 76,
    "reload_free": 0,
    "reload_clamp": 0,
    "nonfinite_free": 0,
    "nonfinite_clamp": 0
  },
  "val": {
    "acc": 0.43333333333333335,
    "hinge": 0.026192831388888876,
    "test_gap_mean": -0.005854154722222223,
    "test_gap_median": -0.0027061500000000183,
    "test_gap_std": 0.02001999387530792,
    "test_satisfy_frac": 0.07777777777777778,
    "test_hinge_mean": 0.026192831388888893,
    "val_reloads": 0.0,
    "val_nonfinite": 0.0
  },
  "timing_s": {
    "epoch_total": 282.3208613395691,
    "train_free": 121.13008332252502,
    "train_clamp": 114.60499238967896,
    "train_update": 3.27331805229187
  },
  "vg_stats": {
    "vg_unique_min": 0.6617402738340009,
    "vg_unique_max": 6.329790989640311,
    "vg_unique_sat_lo": 0.0,
    "vg_unique_sat_hi": 0.0
  }
}