{
  "epoch": 77,
  "config": {
    "seed": 0,
    "gamma": 0.03,
    "margin": 0.02,
    "delta": 0.1,
    "input_vmin": 0.0,
    "input_vmax": 1.0,
    "rails": [
      0.0,
      0.45
    ],
    "solver": "klu",
    "body_tie": "floating",
    "body_res": 10.0,
    "rs_clamp": 10.0,
    "model_vto": 0.75,
    "vg_cutoff": 0.75,
    "vg_cutoff_epochs": 4,
    "vg_init": {
      "mode": "random",
      "lo": 1.0,
      "hi": 6.0,
      "fixed": 2.0
    },
    "epochs": 100,
    "device_include_path": "/home/ma-lab/Desktop/pyclln-final/device_model/nmos_lvl1_ald1106.lib",
    "device_subckt": "NMOSWRAP"
  },
  "train": {
    "acc": 0.942936673625609,
    "hinge": 0.003976969032707026,
    "n_free": 1437,
    "n_clamp": 490,
    "hinge_active": 490,
    "hinge_active_frac": 0.3409881697981907,
    "skipped": 947,
    "reload_free": 0,
    "reload_clamp": 0,
    "nonfinite_free": 0,
    "nonfinite_clamp": 0
  },
  "val": {
    "acc": 0.9333333333333333,
    "hinge": 0.004425298611111111,
    "test_gap_mean": 0.024636806388888887,
    "test_gap_median": 0.026625900000000008,
    "test_gap_std": 0.01602634340851158,
    "test_satisfy_frac": 0.6416666666666667,
    "test_hinge_mean": 0.0044252986111111125,
    "val_reloads": 0.0,
    "val_nonfinite": 0.0
  },
  "timing_s": {
    "epoch_total": 204.8115360736847,
    "train_free": 123.49283623695374,
    "train_clamp": 42.04987859725952,
    "train_update": 1.3201930522918701
  },
  "vg_stats": {
    "vg_unique_min": 0.7379853360510237,
    "vg_unique_max": 7.277059066443539,
    "vg_unique_sat_lo": 0.0,
    "vg_unique_sat_hi": 0.0
  }
}