{
  "test_gap_mean": 0.07025426861111111,
  "test_gap_median": 0.07357699999999998,
  "test_gap_std": 0.04055153177754185,
  "test_satisfy_frac": 0.7388888888888889,
  "test_hinge_mean": 0.008069842777777779,
  "val_reloads": 0.0,
  "val_nonfinite": 0.0
}