{
  "test_gap_mean": 0.0689099425,
  "test_gap_median": 0.07205764999999997,
  "test_gap_std": 0.039691520671651145,
  "test_satisfy_frac": 0.7194444444444444,
  "test_hinge_mean": 0.008256925277777778,
  "val_reloads": 0.0,
  "val_nonfinite": 0.0
}