{
  "test_gap_mean": 0.048161714444444455,
  "test_gap_median": 0.05233774999999999,
  "test_gap_std": 0.03004215539865907,
  "test_satisfy_frac": 0.5194444444444445,
  "test_hinge_mean": 0.012678421944444443,
  "val_reloads": 0.0,
  "val_nonfinite": 0.0
}