{
  "test_gap_mean": 0.06588419805555555,
  "test_gap_median": 0.06846970000000002,
  "test_gap_std": 0.03743631610541979,
  "test_satisfy_frac": 0.7027777777777777,
  "test_hinge_mean": 0.00829741388888889,
  "val_reloads": 0.0,
  "val_nonfinite": 0.0
}