{
  "test_gap_mean": 0.07250748555555556,
  "test_gap_median": 0.0764486,
  "test_gap_std": 0.041585634480734275,
  "test_satisfy_frac": 0.725,
  "test_hinge_mean": 0.007780403888888889,
  "val_reloads": 0.0,
  "val_nonfinite": 0.0
}