{
  "test_gap_mean": 0.07632417527777778,
  "test_gap_median": 0.07872664999999998,
  "test_gap_std": 0.04379717782087772,
  "test_satisfy_frac": 0.7666666666666667,
  "test_hinge_mean": 0.007424309166666665,
  "val_reloads": 0.0,
  "val_nonfinite": 0.0
}