{
  "test_gap_mean": 0.066740965,
  "test_gap_median": 0.07221469999999997,
  "test_gap_std": 0.038561459009147515,
  "test_satisfy_frac": 0.725,
  "test_hinge_mean": 0.008504750833333333,
  "val_reloads": 0.0,
  "val_nonfinite": 0.0
}