{
  "test_gap_mean": 0.05906207222222223,
  "test_gap_median": 0.06322520000000001,
  "test_gap_std": 0.03505244457358867,
  "test_satisfy_frac": 0.6361111111111111,
  "test_hinge_mean": 0.009727977777777778,
  "val_reloads": 0.0,
  "val_nonfinite": 0.0
}