{
  "test_gap_mean": 0.0650033113888889,
  "test_gap_median": 0.07034284999999998,
  "test_gap_std": 0.03734242889064823,
  "test_satisfy_frac": 0.6972222222222222,
  "test_hinge_mean": 0.00865008861111111,
  "val_reloads": 0.0,
  "val_nonfinite": 0.0
}