{
  "test_gap_mean": 0.06634689722222223,
  "test_gap_median": 0.07011119999999998,
  "test_gap_std": 0.03802134698095112,
  "test_satisfy_frac": 0.7194444444444444,
  "test_hinge_mean": 0.008370644444444445,
  "val_reloads": 0.0,
  "val_nonfinite": 0.0
}