{
  "test_gap_mean": 0.05733223333333333,
  "test_gap_median": 0.061020149999999995,
  "test_gap_std": 0.033560738595097166,
  "test_satisfy_frac": 0.6305555555555555,
  "test_hinge_mean": 0.00990146416666667,
  "val_reloads": 0.0,
  "val_nonfinite": 0.0
}