{
  "test_gap_mean": 0.06432160972222223,
  "test_gap_median": 0.06724274999999999,
  "test_gap_std": 0.03675126601057348,
  "test_satisfy_frac": 0.6916666666666667,
  "test_hinge_mean": 0.008587201666666665,
  "val_reloads": 0.0,
  "val_nonfinite": 0.0
}