{
  "test_gap_mean": 0.07442368499999999,
  "test_gap_median": 0.07644215000000001,
  "test_gap_std": 0.04274657053107364,
  "test_satisfy_frac": 0.7555555555555555,
  "test_hinge_mean": 0.007608424444444446,
  "val_reloads": 0.0,
  "val_nonfinite": 0.0
}