{
  "test_gap_mean": 0.07290330111111111,
  "test_gap_median": 0.07645505000000002,
  "test_gap_std": 0.04212588697710905,
  "test_satisfy_frac": 0.7444444444444445,
  "test_hinge_mean": 0.007894107777777779,
  "val_reloads": 0.0,
  "val_nonfinite": 0.0
}