{
  "test_gap_mean": 0.06313649027777779,
  "test_gap_median": 0.06741129999999998,
  "test_gap_std": 0.036371181990466024,
  "test_satisfy_frac": 0.6916666666666667,
  "test_hinge_mean": 0.008794751111111112,
  "val_reloads": 0.0,
  "val_nonfinite": 0.0
}