{
  "test_gap_mean": 0.07037977611111111,
  "test_gap_median": 0.0735383,
  "test_gap_std": 0.04075030148941418,
  "test_satisfy_frac": 0.7166666666666667,
  "test_hinge_mean": 0.00804117611111111,
  "val_reloads": 0.0,
  "val_nonfinite": 0.0
}