{
  "epoch": 83,
  "config": {
    "seed": 0,
    "gamma": 3.0,
    "margin": 0.05,
    "delta": 0.02,
    "input_vmin": 0.0,
    "input_vmax": 1.0,
    "rails": [
      0.0,
      0.45
    ],
    "solver": "klu",
    "body_tie": "source",
    "body_res": 10.0,
    "rs_clamp": 10.0,
    "model_vto": 0.75,
    "vg_cutoff": 0.75,
    "vg_cutoff_epochs": 4,
    "vg_init": {
      "mode": "random",
      "lo": 1.0,
      "hi": 6.0,
      "fixed": 2.0
    },
    "epochs": 100,
    "device_include_path": "/home/ma-lab/Desktop/pyclln-final/device_model/nmos_lvl1_ald1106.lib",
    "device_subckt": "NMOSWRAP"
  },
  "train": {
    "acc": 0.9791231732776617,
    "hinge": 0.00454248858733473,
    "n_free": 1437,
    "n_clamp": 275,
    "hinge_active": 275,
    "hinge_active_frac": 0.19137091162143355,
    "skipped": 1162,
    "reload_free": 0,
    "reload_clamp": 0,
    "nonfinite_free": 0,
    "nonfinite_clamp": 0
  },
  "val": {
    "acc": 0.9527777777777777,
    "hinge": 0.0076727449999999964,
    "test_gap_mean": 0.07397418166666665,
    "test_gap_median": 0.07772925000000003,
    "test_gap_std": 0.04244207340598343,
    "test_satisfy_frac": 0.75,
    "test_hinge_mean": 0.007672745000000002,
    "val_reloads": 0.0,
    "val_nonfinite": 0.0
  },
  "timing_s": {
    "epoch_total": 30.746976137161255,
    "train_free": 17.55329442024231,
    "train_clamp": 3.3568625450134277,
    "train_update": 0.5072457790374756
  },
  "vg_stats": {
    "vg_unique_min": 0.5938103674484045,
    "vg_unique_max": 7.99999941931592,
    "vg_unique_sat_lo": 0.0,
    "vg_unique_sat_hi": 0.0
  }
}