{
  "epoch": 3,
  "config": {
    "seed": 0,
    "gamma": 3.0,
    "margin": 0.05,
    "delta": 0.02,
    "input_vmin": 0.0,
    "input_vmax": 1.0,
    "rails": [
      0.0,
      0.45
    ],
    "solver": "klu",
    "body_tie": "source",
    "body_res": 10.0,
    "rs_clamp": 10.0,
    "model_vto": 0.75,
    "vg_cutoff": 0.75,
    "vg_cutoff_epochs": 4,
    "vg_init": {
      "mode": "random",
      "lo": 1.0,
      "hi": 6.0,
      "fixed": 2.0
    },
    "epochs": 100,
    "device_include_path": "/home/ma-lab/Desktop/pyclln-final/device_model/nmos_lvl1_ald1106.lib",
    "device_subckt": "NMOSWRAP"
  },
  "train": {
    "acc": 0.8990953375086986,
    "hinge": 0.021174998677800975,
    "n_free": 1437,
    "n_clamp": 1042,
    "hinge_active": 1042,
    "hinge_active_frac": 0.7251217814892137,
    "skipped": 395,
    "reload_free": 0,
    "reload_clamp": 0,
    "nonfinite_free": 0,
    "nonfinite_clamp": 0
  },
  "val": {
    "acc": 0.8888888888888888,
    "hinge": 0.01969234333333335,
    "test_gap_mean": 0.034380411111111106,
    "test_gap_median": 0.03695725,
    "test_gap_std": 0.02662812645568255,
    "test_satisfy_frac": 0.30277777777777776,
    "test_hinge_mean": 0.01969234333333333,
    "val_reloads": 0.0,
    "val_nonfinite": 0.0
  },
  "timing_s": {
    "epoch_total": 63.61388897895813,
    "train_free": 27.791847229003906,
    "train_clamp": 19.987285137176514,
    "train_update": 2.2437942028045654
  },
  "vg_stats": {
    "vg_unique_min": 0.4,
    "vg_unique_max": 8.0,
    "vg_unique_sat_lo": 12.0,
    "vg_unique_sat_hi": 2.0
  }
}