{
  "epoch": 32,
  "config": {
    "seed": 0,
    "gamma": 3.0,
    "margin": 0.05,
    "delta": 0.02,
    "input_vmin": 0.0,
    "input_vmax": 1.0,
    "rails": [
      0.0,
      0.45
    ],
    "solver": "klu",
    "body_tie": "source",
    "body_res": 10.0,
    "rs_clamp": 10.0,
    "model_vto": 0.75,
    "vg_cutoff": 0.75,
    "vg_cutoff_epochs": 4,
    "vg_init": {
      "mode": "random",
      "lo": 1.0,
      "hi": 6.0,
      "fixed": 2.0
    },
    "epochs": 100,
    "device_include_path": "/home/ma-lab/Desktop/pyclln-final/device_model/nmos_lvl1_ald1106.lib",
    "device_subckt": "NMOSWRAP"
  },
  "train": {
    "acc": 0.9672929714683368,
    "hinge": 0.0068281947112039075,
    "n_free": 1437,
    "n_clamp": 399,
    "hinge_active": 399,
    "hinge_active_frac": 0.2776617954070981,
    "skipped": 1038,
    "reload_free": 0,
    "reload_clamp": 0,
    "nonfinite_free": 0,
    "nonfinite_clamp": 0
  },
  "val": {
    "acc": 0.9472222222222222,
    "hinge": 0.00925459416666667,
    "test_gap_mean": 0.06107589249999999,
    "test_gap_median": 0.06576400000000002,
    "test_gap_std": 0.03566803184264859,
    "test_satisfy_frac": 0.6638888888888889,
    "test_hinge_mean": 0.009254594166666666,
    "val_reloads": 0.0,
    "val_nonfinite": 0.0
  },
  "timing_s": {
    "epoch_total": 50.012402296066284,
    "train_free": 28.14986252784729,
    "train_clamp": 7.791354417800903,
    "train_update": 0.7909808158874512
  },
  "vg_stats": {
    "vg_unique_min": 0.5558944441015398,
    "vg_unique_max": 8.0,
    "vg_unique_sat_lo": 0.0,
    "vg_unique_sat_hi": 3.0
  }
}