{
  "epoch": 98,
  "config": {
    "seed": 0,
    "gamma": 3.0,
    "margin": 0.05,
    "delta": 0.02,
    "input_vmin": 0.0,
    "input_vmax": 1.0,
    "rails": [
      0.0,
      0.45
    ],
    "solver": "klu",
    "body_tie": "source",
    "body_res": 10.0,
    "rs_clamp": 10.0,
    "model_vto": 0.75,
    "vg_cutoff": 0.75,
    "vg_cutoff_epochs": 4,
    "vg_init": {
      "mode": "random",
      "lo": 1.0,
      "hi": 6.0,
      "fixed": 2.0
    },
    "epochs": 100,
    "device_include_path": "/home/ma-lab/Desktop/pyclln-final/device_model/nmos_lvl1_ald1106.lib",
    "device_subckt": "NMOSWRAP"
  },
  "train": {
    "acc": 0.9784272790535838,
    "hinge": 0.00422525288796103,
    "n_free": 1437,
    "n_clamp": 243,
    "hinge_active": 243,
    "hinge_active_frac": 0.16910229645093947,
    "skipped": 1194,
    "reload_free": 0,
    "reload_clamp": 0,
    "nonfinite_free": 0,
    "nonfinite_clamp": 0
  },
  "val": {
    "acc": 0.9583333333333334,
    "hinge": 0.007342207500000005,
    "test_gap_mean": 0.07615777972222221,
    "test_gap_median": 0.07932004999999998,
    "test_gap_std": 0.04327337402743818,
    "test_satisfy_frac": 0.7722222222222223,
    "test_hinge_mean": 0.007342207500000001,
    "val_reloads": 0.0,
    "val_nonfinite": 0.0
  },
  "timing_s": {
    "epoch_total": 28.13631534576416,
    "train_free": 16.27915120124817,
    "train_clamp": 2.7482433319091797,
    "train_update": 0.36010098457336426
  },
  "vg_stats": {
    "vg_unique_min": 0.6895530822621938,
    "vg_unique_max": 8.0,
    "vg_unique_sat_lo": 0.0,
    "vg_unique_sat_hi": 2.0
  }
}