{
  "epoch": 40,
  "config": {
    "seed": 0,
    "gamma": 3.0,
    "margin": 0.05,
    "delta": 0.02,
    "input_vmin": 0.0,
    "input_vmax": 1.0,
    "rails": [
      0.0,
      0.45
    ],
    "solver": "klu",
    "body_tie": "source",
    "body_res": 10.0,
    "rs_clamp": 10.0,
    "model_vto": 0.75,
    "vg_cutoff": 0.75,
    "vg_cutoff_epochs": 4,
    "vg_init": {
      "mode": "random",
      "lo": 1.0,
      "hi": 6.0,
      "fixed": 2.0
    },
    "epochs": 100,
    "device_include_path": "/home/ma-lab/Desktop/pyclln-final/device_model/nmos_lvl1_ald1106.lib",
    "device_subckt": "NMOSWRAP"
  },
  "train": {
    "acc": 0.9693806541405706,
    "hinge": 0.006235100974251923,
    "n_free": 1437,
    "n_clamp": 357,
    "hinge_active": 357,
    "hinge_active_frac": 0.24843423799582465,
    "skipped": 1080,
    "reload_free": 0,
    "reload_clamp": 0,
    "nonfinite_free": 0,
    "nonfinite_clamp": 0
  },
  "val": {
    "acc": 0.9444444444444444,
    "hinge": 0.008987564166666668,
    "test_gap_mean": 0.06321966333333333,
    "test_gap_median": 0.067583,
    "test_gap_std": 0.036711692117767696,
    "test_satisfy_frac": 0.6833333333333333,
    "test_hinge_mean": 0.008987564166666667,
    "val_reloads": 0.0,
    "val_nonfinite": 0.0
  },
  "timing_s": {
    "epoch_total": 45.509056091308594,
    "train_free": 25.98222780227661,
    "train_clamp": 6.458777189254761,
    "train_update": 0.6482813358306885
  },
  "vg_stats": {
    "vg_unique_min": 0.5534147373881044,
    "vg_unique_max": 8.0,
    "vg_unique_sat_lo": 0.0,
    "vg_unique_sat_hi": 2.0
  }
}