{
  "epoch": 67,
  "config": {
    "seed": 0,
    "gamma": 3.0,
    "margin": 0.05,
    "delta": 0.02,
    "input_vmin": 0.0,
    "input_vmax": 1.0,
    "rails": [
      0.0,
      0.45
    ],
    "solver": "klu",
    "body_tie": "source",
    "body_res": 10.0,
    "rs_clamp": 10.0,
    "model_vto": 0.75,
    "vg_cutoff": 0.75,
    "vg_cutoff_epochs": 4,
    "vg_init": {
      "mode": "random",
      "lo": 1.0,
      "hi": 6.0,
      "fixed": 2.0
    },
    "epochs": 100,
    "device_include_path": "/home/ma-lab/Desktop/pyclln-final/device_model/nmos_lvl1_ald1106.lib",
    "device_subckt": "NMOSWRAP"
  },
  "train": {
    "acc": 0.97633959638135,
    "hinge": 0.004969726165622828,
    "n_free": 1437,
    "n_clamp": 296,
    "hinge_active": 296,
    "hinge_active_frac": 0.20598469032707029,
    "skipped": 1141,
    "reload_free": 0,
    "reload_clamp": 0,
    "nonfinite_free": 0,
    "nonfinite_clamp": 0
  },
  "val": {
    "acc": 0.9527777777777777,
    "hinge": 0.007783226666666671,
    "test_gap_mean": 0.07092109694444444,
    "test_gap_median": 0.07345525000000003,
    "test_gap_std": 0.04049987854855886,
    "test_satisfy_frac": 0.7277777777777777,
    "test_hinge_mean": 0.007783226666666667,
    "val_reloads": 0.0,
    "val_nonfinite": 0.0
  },
  "timing_s": {
    "epoch_total": 36.18815016746521,
    "train_free": 20.616053581237793,
    "train_clamp": 4.250668048858643,
    "train_update": 0.49663209915161133
  },
  "vg_stats": {
    "vg_unique_min": 0.46245893326963633,
    "vg_unique_max": 8.0,
    "vg_unique_sat_lo": 0.0,
    "vg_unique_sat_hi": 4.0
  }
}