{
  "test_gap_mean": 0.11921243944444444,
  "test_gap_median": 0.12706145000000002,
  "test_gap_std": 0.0733241150520353,
  "test_satisfy_frac": 0.6305555555555555,
  "test_hinge_mean": 0.020964280555555558,
  "val_reloads": 0.0,
  "val_nonfinite": 0.0
}