{
  "test_gap_mean": 0.12610644222222223,
  "test_gap_median": 0.12903649999999997,
  "test_gap_std": 0.07977906574602307,
  "test_satisfy_frac": 0.6722222222222223,
  "test_hinge_mean": 0.020278844166666667,
  "val_reloads": 0.0,
  "val_nonfinite": 0.0
}