{
  "test_gap_mean": 0.1302310913888889,
  "test_gap_median": 0.136133,
  "test_gap_std": 0.08497293359065748,
  "test_satisfy_frac": 0.6861111111111111,
  "test_hinge_mean": 0.02100542388888889,
  "val_reloads": 0.0,
  "val_nonfinite": 0.0
}