{
  "test_gap_mean": 0.12738863638888887,
  "test_gap_median": 0.13154760000000004,
  "test_gap_std": 0.08326335323381091,
  "test_satisfy_frac": 0.6527777777777778,
  "test_hinge_mean": 0.021249942222222224,
  "val_reloads": 0.0,
  "val_nonfinite": 0.0
}