{
  "test_gap_mean": 0.12049117722222222,
  "test_gap_median": 0.12822815,
  "test_gap_std": 0.07915644078167706,
  "test_satisfy_frac": 0.6361111111111111,
  "test_hinge_mean": 0.02207443666666667,
  "val_reloads": 0.0,
  "val_nonfinite": 0.0
}