{
  "test_gap_mean": 0.12293786305555555,
  "test_gap_median": 0.12788175,
  "test_gap_std": 0.0764156647177865,
  "test_satisfy_frac": 0.6277777777777778,
  "test_hinge_mean": 0.020439927777777776,
  "val_reloads": 0.0,
  "val_nonfinite": 0.0
}