{
  "test_gap_mean": 0.12242226111111112,
  "test_gap_median": 0.13030604999999998,
  "test_gap_std": 0.07799346537403623,
  "test_satisfy_frac": 0.65,
  "test_hinge_mean": 0.021006073055555557,
  "val_reloads": 0.0,
  "val_nonfinite": 0.0
}