{
  "epoch": 6,
  "config": {
    "seed": 2,
    "gamma": 3.0,
    "margin": 0.1,
    "delta": 0.05,
    "input_vmin": 0.0,
    "input_vmax": 1.0,
    "rails": [
      0.0,
      0.45
    ],
    "solver": "klu",
    "body_tie": "source",
    "body_res": 10.0,
    "rs_clamp": 10.0,
    "model_vto": 0.75,
    "vg_cutoff": 0.75,
    "vg_cutoff_epochs": 4,
    "vg_init": {
      "mode": "random",
      "lo": 1.5,
      "hi": 2.5,
      "fixed": 2.0
    },
    "epochs": 100,
    "device_include_path": "/home/ma-lab/Desktop/pyclln-final/device_model/nmos_lvl1_ald1106.lib",
    "device_subckt": "NMOSWRAP"
  },
  "train": {
    "acc": 0.9401530967292971,
    "hinge": 0.022192291858037574,
    "n_free": 1437,
    "n_clamp": 605,
    "hinge_active": 605,
    "hinge_active_frac": 0.4210160055671538,
    "skipped": 832,
    "reload_free": 0,
    "reload_clamp": 0,
    "nonfinite_free": 0,
    "nonfinite_clamp": 0
  },
  "val": {
    "acc": 0.9222222222222223,
    "hinge": 0.022691442500000002,
    "test_gap_mean": 0.10409244166666667,
    "test_gap_median": 0.11266419999999999,
    "test_gap_std": 0.06218757024931767,
    "test_satisfy_frac": 0.5777777777777777,
    "test_hinge_mean": 0.022691442500000002,
    "val_reloads": 0.0,
    "val_nonfinite": 0.0
  },
  "timing_s": {
    "epoch_total": 37.15150547027588,
    "train_free": 18.425872802734375,
    "train_clamp": 7.743628263473511,
    "train_update": 0.9504294395446777
  },
  "vg_stats": {
    "vg_unique_min": 0.4,
    "vg_unique_max": 7.448922710733654,
    "vg_unique_sat_lo": 15.0,
    "vg_unique_sat_hi": 0.0
  }
}