{
  "epoch": 80,
  "config": {
    "seed": 2,
    "gamma": 3.0,
    "margin": 0.1,
    "delta": 0.05,
    "input_vmin": 0.0,
    "input_vmax": 1.0,
    "rails": [
      0.0,
      0.45
    ],
    "solver": "klu",
    "body_tie": "source",
    "body_res": 10.0,
    "rs_clamp": 10.0,
    "model_vto": 0.75,
    "vg_cutoff": 0.75,
    "vg_cutoff_epochs": 4,
    "vg_init": {
      "mode": "random",
      "lo": 1.5,
      "hi": 2.5,
      "fixed": 2.0
    },
    "epochs": 100,
    "device_include_path": "/home/ma-lab/Desktop/pyclln-final/device_model/nmos_lvl1_ald1106.lib",
    "device_subckt": "NMOSWRAP"
  },
  "train": {
    "acc": 0.9471120389700766,
    "hinge": 0.018461216075156578,
    "n_free": 1437,
    "n_clamp": 468,
    "hinge_active": 468,
    "hinge_active_frac": 0.325678496868476,
    "skipped": 969,
    "reload_free": 0,
    "reload_clamp": 0,
    "nonfinite_free": 0,
    "nonfinite_clamp": 0
  },
  "val": {
    "acc": 0.9333333333333333,
    "hinge": 0.020467594444444445,
    "test_gap_mean": 0.12965953333333333,
    "test_gap_median": 0.1362915,
    "test_gap_std": 0.08236238809621309,
    "test_satisfy_frac": 0.6777777777777778,
    "test_hinge_mean": 0.020467594444444445,
    "val_reloads": 0.0,
    "val_nonfinite": 0.0
  },
  "timing_s": {
    "epoch_total": 12.067384481430054,
    "train_free": 5.486695289611816,
    "train_clamp": 1.728609323501587,
    "train_update": 0.3509843349456787
  },
  "vg_stats": {
    "vg_unique_min": 0.6349412047044403,
    "vg_unique_max": 7.582792556740524,
    "vg_unique_sat_lo": 0.0,
    "vg_unique_sat_hi": 0.0
  }
}