{
  "epoch": 7,
  "config": {
    "seed": 2,
    "gamma": 3.0,
    "margin": 0.1,
    "delta": 0.05,
    "input_vmin": 0.0,
    "input_vmax": 1.0,
    "rails": [
      0.0,
      0.45
    ],
    "solver": "klu",
    "body_tie": "source",
    "body_res": 10.0,
    "rs_clamp": 10.0,
    "model_vto": 0.75,
    "vg_cutoff": 0.75,
    "vg_cutoff_epochs": 4,
    "vg_init": {
      "mode": "random",
      "lo": 1.5,
      "hi": 2.5,
      "fixed": 2.0
    },
    "epochs": 100,
    "device_include_path": "/home/ma-lab/Desktop/pyclln-final/device_model/nmos_lvl1_ald1106.lib",
    "device_subckt": "NMOSWRAP"
  },
  "train": {
    "acc": 0.9387613082811412,
    "hinge": 0.021312118580375797,
    "n_free": 1437,
    "n_clamp": 574,
    "hinge_active": 574,
    "hinge_active_frac": 0.39944328462073764,
    "skipped": 863,
    "reload_free": 0,
    "reload_clamp": 0,
    "nonfinite_free": 0,
    "nonfinite_clamp": 0
  },
  "val": {
    "acc": 0.9277777777777778,
    "hinge": 0.022653818055555563,
    "test_gap_mean": 0.10893957138888888,
    "test_gap_median": 0.12013909999999994,
    "test_gap_std": 0.06653282235498204,
    "test_satisfy_frac": 0.6138888888888889,
    "test_hinge_mean": 0.022653818055555556,
    "val_reloads": 0.0,
    "val_nonfinite": 0.0
  },
  "timing_s": {
    "epoch_total": 29.857766151428223,
    "train_free": 14.933717966079712,
    "train_clamp": 5.927343845367432,
    "train_update": 0.7920172214508057
  },
  "vg_stats": {
    "vg_unique_min": 0.4,
    "vg_unique_max": 7.5982369581974645,
    "vg_unique_sat_lo": 1.0,
    "vg_unique_sat_hi": 0.0
  }
}