{
  "epoch": 55,
  "config": {
    "seed": 2,
    "gamma": 3.0,
    "margin": 0.1,
    "delta": 0.05,
    "input_vmin": 0.0,
    "input_vmax": 1.0,
    "rails": [
      0.0,
      0.45
    ],
    "solver": "klu",
    "body_tie": "source",
    "body_res": 10.0,
    "rs_clamp": 10.0,
    "model_vto": 0.75,
    "vg_cutoff": 0.75,
    "vg_cutoff_epochs": 4,
    "vg_init": {
      "mode": "random",
      "lo": 1.5,
      "hi": 2.5,
      "fixed": 2.0
    },
    "epochs": 100,
    "device_include_path": "/home/ma-lab/Desktop/pyclln-final/device_model/nmos_lvl1_ald1106.lib",
    "device_subckt": "NMOSWRAP"
  },
  "train": {
    "acc": 0.9464161447459986,
    "hinge": 0.017821093180236624,
    "n_free": 1437,
    "n_clamp": 447,
    "hinge_active": 447,
    "hinge_active_frac": 0.31106471816283926,
    "skipped": 990,
    "reload_free": 0,
    "reload_clamp": 0,
    "nonfinite_free": 0,
    "nonfinite_clamp": 0
  },
  "val": {
    "acc": 0.925,
    "hinge": 0.021222821388888903,
    "test_gap_mean": 0.1267837586111111,
    "test_gap_median": 0.13178555000000006,
    "test_gap_std": 0.08364073382366848,
    "test_satisfy_frac": 0.6694444444444444,
    "test_hinge_mean": 0.02122282138888889,
    "val_reloads": 0.0,
    "val_nonfinite": 0.0
  },
  "timing_s": {
    "epoch_total": 12.223232984542847,
    "train_free": 5.599099397659302,
    "train_clamp": 1.7029218673706055,
    "train_update": 0.3490753173828125
  },
  "vg_stats": {
    "vg_unique_min": 0.5858010347261506,
    "vg_unique_max": 7.758569514266033,
    "vg_unique_sat_lo": 0.0,
    "vg_unique_sat_hi": 0.0
  }
}