{
  "epoch": 21,
  "config": {
    "seed": 2,
    "gamma": 3.0,
    "margin": 0.1,
    "delta": 0.05,
    "input_vmin": 0.0,
    "input_vmax": 1.0,
    "rails": [
      0.0,
      0.45
    ],
    "solver": "klu",
    "body_tie": "source",
    "body_res": 10.0,
    "rs_clamp": 10.0,
    "model_vto": 0.75,
    "vg_cutoff": 0.75,
    "vg_cutoff_epochs": 4,
    "vg_init": {
      "mode": "random",
      "lo": 1.5,
      "hi": 2.5,
      "fixed": 2.0
    },
    "epochs": 100,
    "device_include_path": "/home/ma-lab/Desktop/pyclln-final/device_model/nmos_lvl1_ald1106.lib",
    "device_subckt": "NMOSWRAP"
  },
  "train": {
    "acc": 0.9471120389700766,
    "hinge": 0.01783177821851079,
    "n_free": 1437,
    "n_clamp": 486,
    "hinge_active": 486,
    "hinge_active_frac": 0.33820459290187893,
    "skipped": 951,
    "reload_free": 0,
    "reload_clamp": 0,
    "nonfinite_free": 0,
    "nonfinite_clamp": 0
  },
  "val": {
    "acc": 0.9333333333333333,
    "hinge": 0.02043992777777779,
    "test_gap_mean": 0.12293786305555555,
    "test_gap_median": 0.12788175,
    "test_gap_std": 0.0764156647177865,
    "test_satisfy_frac": 0.6277777777777778,
    "test_hinge_mean": 0.020439927777777776,
    "val_reloads": 0.0,
    "val_nonfinite": 0.0
  },
  "timing_s": {
    "epoch_total": 16.897791862487793,
    "train_free": 7.946361303329468,
    "train_clamp": 2.652719736099243,
    "train_update": 0.4631948471069336
  },
  "vg_stats": {
    "vg_unique_min": 0.43178873138145807,
    "vg_unique_max": 7.662567565946272,
    "vg_unique_sat_lo": 0.0,
    "vg_unique_sat_hi": 0.0
  }
}