{
  "test_gap_mean": 0.058146166944444445,
  "test_gap_median": 0.05273894999999999,
  "test_gap_std": 0.060851497459110254,
  "test_satisfy_frac": 0.7805555555555556,
  "test_hinge_mean": 0.009133345833333334,
  "val_reloads": 0.0,
  "val_nonfinite": 0.0
}