{
  "test_gap_mean": 0.10696404444444443,
  "test_gap_median": 0.10469560000000003,
  "test_gap_std": 0.08058743920155419,
  "test_satisfy_frac": 0.7833333333333333,
  "test_hinge_mean": 0.010590006666666667,
  "val_reloads": 0.0,
  "val_nonfinite": 0.0
}