{
  "test_gap_mean": 0.09783256944444443,
  "test_gap_median": 0.1035287,
  "test_gap_std": 0.06769556376296758,
  "test_satisfy_frac": 0.7805555555555556,
  "test_hinge_mean": 0.010513434166666667,
  "val_reloads": 0.0,
  "val_nonfinite": 0.0
}