{
  "test_gap_mean": 0.10671777194444446,
  "test_gap_median": 0.10489380000000001,
  "test_gap_std": 0.07274454596787741,
  "test_satisfy_frac": 0.8,
  "test_hinge_mean": 0.008517963055555555,
  "val_reloads": 0.0,
  "val_nonfinite": 0.0
}