{
  "test_gap_mean": 0.10647643777777777,
  "test_gap_median": 0.11148574999999997,
  "test_gap_std": 0.07490771984897163,
  "test_satisfy_frac": 0.8083333333333333,
  "test_hinge_mean": 0.010989716388888888,
  "val_reloads": 0.0,
  "val_nonfinite": 0.0
}