{
  "test_gap_mean": 0.10674639805555554,
  "test_gap_median": 0.10433100000000001,
  "test_gap_std": 0.07660957748078073,
  "test_satisfy_frac": 0.7916666666666666,
  "test_hinge_mean": 0.01017654027777778,
  "val_reloads": 0.0,
  "val_nonfinite": 0.0
}