{
  "test_gap_mean": 0.101729105,
  "test_gap_median": 0.10300219999999996,
  "test_gap_std": 0.07544354592856486,
  "test_satisfy_frac": 0.775,
  "test_hinge_mean": 0.011223885,
  "val_reloads": 0.0,
  "val_nonfinite": 0.0
}