{
  "test_gap_mean": 0.10331028694444444,
  "test_gap_median": 0.1067333,
  "test_gap_std": 0.07163361192280107,
  "test_satisfy_frac": 0.7916666666666666,
  "test_hinge_mean": 0.01037876111111111,
  "val_reloads": 0.0,
  "val_nonfinite": 0.0
}