{
  "test_gap_mean": 0.10742768861111111,
  "test_gap_median": 0.10661695000000002,
  "test_gap_std": 0.07042089743261945,
  "test_satisfy_frac": 0.8222222222222222,
  "test_hinge_mean": 0.008609549999999999,
  "val_reloads": 0.0,
  "val_nonfinite": 0.0
}