{
  "test_gap_mean": 0.10860710805555555,
  "test_gap_median": 0.10649019999999995,
  "test_gap_std": 0.08089674015215677,
  "test_satisfy_frac": 0.8111111111111111,
  "test_hinge_mean": 0.011133601944444443,
  "val_reloads": 0.0,
  "val_nonfinite": 0.0
}