{
  "test_gap_mean": 0.0782727675,
  "test_gap_median": 0.08293644999999997,
  "test_gap_std": 0.05087553844392242,
  "test_satisfy_frac": 0.7277777777777777,
  "test_hinge_mean": 0.009886921944444444,
  "val_reloads": 0.0,
  "val_nonfinite": 0.0
}