{
  "test_gap_mean": 0.10667403444444444,
  "test_gap_median": 0.10532904999999998,
  "test_gap_std": 0.0792631045138768,
  "test_satisfy_frac": 0.7694444444444445,
  "test_hinge_mean": 0.010882523611111111,
  "val_reloads": 0.0,
  "val_nonfinite": 0.0
}