{
  "test_gap_mean": 0.10635062111111111,
  "test_gap_median": 0.11082669999999997,
  "test_gap_std": 0.07083662096048436,
  "test_satisfy_frac": 0.8083333333333333,
  "test_hinge_mean": 0.009258656666666669,
  "val_reloads": 0.0,
  "val_nonfinite": 0.0
}