{
  "epoch": 64,
  "config": {
    "seed": 0,
    "gamma": 3.0,
    "margin": 0.05,
    "delta": 0.1,
    "input_vmin": 0.0,
    "input_vmax": 1.0,
    "rails": [
      0.0,
      0.45
    ],
    "solver": "klu",
    "body_tie": "source",
    "body_res": 10.0,
    "rs_clamp": 10.0,
    "model_vto": 0.75,
    "vg_cutoff": 0.75,
    "vg_cutoff_epochs": 4,
    "vg_init": {
      "mode": "random",
      "lo": 0.75,
      "hi": 3.0,
      "fixed": 2.0
    },
    "epochs": 100,
    "device_include_path": "/home/ma-lab/Desktop/pyclln-final/device_model/nmos_lvl1_ald1106.lib",
    "device_subckt": "NMOSWRAP"
  },
  "train": {
    "acc": 0.941544885177453,
    "hinge": 0.0076952959638135,
    "n_free": 1437,
    "n_clamp": 244,
    "hinge_active": 244,
    "hinge_active_frac": 0.1697981906750174,
    "skipped": 1193,
    "reload_free": 0,
    "reload_clamp": 0,
    "nonfinite_free": 0,
    "nonfinite_clamp": 0
  },
  "val": {
    "acc": 0.9388888888888889,
    "hinge": 0.008510661666666666,
    "test_gap_mean": 0.10824333888888889,
    "test_gap_median": 0.10945530000000003,
    "test_gap_std": 0.07227546052556104,
    "test_satisfy_frac": 0.8305555555555556,
    "test_hinge_mean": 0.008510661666666667,
    "val_reloads": 0.0,
    "val_nonfinite": 0.0
  },
  "timing_s": {
    "epoch_total": 12.222734212875366,
    "train_free": 6.408334970474243,
    "train_clamp": 1.067964792251587,
    "train_update": 0.25631022453308105
  },
  "vg_stats": {
    "vg_unique_min": 0.4,
    "vg_unique_max": 5.686761166384466,
    "vg_unique_sat_lo": 1.0,
    "vg_unique_sat_hi": 0.0
  }
}