{
  "epoch": 67,
  "config": {
    "seed": 0,
    "gamma": 3.0,
    "margin": 0.05,
    "delta": 0.1,
    "input_vmin": 0.0,
    "input_vmax": 1.0,
    "rails": [
      0.0,
      0.45
    ],
    "solver": "klu",
    "body_tie": "source",
    "body_res": 10.0,
    "rs_clamp": 10.0,
    "model_vto": 0.75,
    "vg_cutoff": 0.75,
    "vg_cutoff_epochs": 4,
    "vg_init": {
      "mode": "random",
      "lo": 0.75,
      "hi": 3.0,
      "fixed": 2.0
    },
    "epochs": 100,
    "device_include_path": "/home/ma-lab/Desktop/pyclln-final/device_model/nmos_lvl1_ald1106.lib",
    "device_subckt": "NMOSWRAP"
  },
  "train": {
    "acc": 0.9373695198329853,
    "hinge": 0.007465134864300625,
    "n_free": 1437,
    "n_clamp": 252,
    "hinge_active": 252,
    "hinge_active_frac": 0.17536534446764093,
    "skipped": 1185,
    "reload_free": 0,
    "reload_clamp": 0,
    "nonfinite_free": 0,
    "nonfinite_clamp": 0
  },
  "val": {
    "acc": 0.9361111111111111,
    "hinge": 0.00836837388888889,
    "test_gap_mean": 0.1091518986111111,
    "test_gap_median": 0.10907839999999999,
    "test_gap_std": 0.07315563918143458,
    "test_satisfy_frac": 0.8,
    "test_hinge_mean": 0.008368373888888888,
    "val_reloads": 0.0,
    "val_nonfinite": 0.0
  },
  "timing_s": {
    "epoch_total": 11.770541667938232,
    "train_free": 6.137773752212524,
    "train_clamp": 1.0454950332641602,
    "train_update": 0.20517635345458984
  },
  "vg_stats": {
    "vg_unique_min": 0.4095499406430106,
    "vg_unique_max": 5.134871498913331,
    "vg_unique_sat_lo": 0.0,
    "vg_unique_sat_hi": 0.0
  }
}