{
  "epoch": 2,
  "config": {
    "seed": 0,
    "gamma": 3.0,
    "margin": 0.05,
    "delta": 0.1,
    "input_vmin": 0.0,
    "input_vmax": 1.0,
    "rails": [
      0.0,
      0.45
    ],
    "solver": "klu",
    "body_tie": "source",
    "body_res": 10.0,
    "rs_clamp": 10.0,
    "model_vto": 0.75,
    "vg_cutoff": 0.75,
    "vg_cutoff_epochs": 4,
    "vg_init": {
      "mode": "random",
      "lo": 0.75,
      "hi": 3.0,
      "fixed": 2.0
    },
    "epochs": 100,
    "device_include_path": "/home/ma-lab/Desktop/pyclln-final/device_model/nmos_lvl1_ald1106.lib",
    "device_subckt": "NMOSWRAP"
  },
  "train": {
    "acc": 0.9213639526791928,
    "hinge": 0.010203688517745302,
    "n_free": 1437,
    "n_clamp": 406,
    "hinge_active": 406,
    "hinge_active_frac": 0.2825330549756437,
    "skipped": 1031,
    "reload_free": 0,
    "reload_clamp": 0,
    "nonfinite_free": 0,
    "nonfinite_clamp": 0
  },
  "val": {
    "acc": 0.9416666666666667,
    "hinge": 0.009886921944444448,
    "test_gap_mean": 0.0782727675,
    "test_gap_median": 0.08293644999999997,
    "test_gap_std": 0.05087553844392242,
    "test_satisfy_frac": 0.7277777777777777,
    "test_hinge_mean": 0.009886921944444444,
    "val_reloads": 0.0,
    "val_nonfinite": 0.0
  },
  "timing_s": {
    "epoch_total": 49.76844763755798,
    "train_free": 28.60981774330139,
    "train_clamp": 8.035274267196655,
    "train_update": 0.7597043514251709
  },
  "vg_stats": {
    "vg_unique_min": 0.4,
    "vg_unique_max": 6.369346811969225,
    "vg_unique_sat_lo": 37.0,
    "vg_unique_sat_hi": 0.0
  }
}