{
  "test_gap_mean": 0.10763163722222223,
  "test_gap_median": 0.11639435000000001,
  "test_gap_std": 0.05998121585636951,
  "test_satisfy_frac": 0.6083333333333333,
  "test_hinge_mean": 0.02012816194444445,
  "val_reloads": 0.0,
  "val_nonfinite": 0.0
}