{
  "test_gap_mean": 0.10616041916666669,
  "test_gap_median": 0.11428269999999999,
  "test_gap_std": 0.05914532018440019,
  "test_satisfy_frac": 0.5888888888888889,
  "test_hinge_mean": 0.020544434166666667,
  "val_reloads": 0.0,
  "val_nonfinite": 0.0
}