{
  "test_gap_mean": 0.061851874166666675,
  "test_gap_median": 0.06438490000000001,
  "test_gap_std": 0.03872484134807648,
  "test_satisfy_frac": 0.17777777777777778,
  "test_hinge_mean": 0.040690767222222236,
  "val_reloads": 0.0,
  "val_nonfinite": 0.0
}