{
  "test_gap_mean": 0.09526320305555556,
  "test_gap_median": 0.10189435,
  "test_gap_std": 0.052498242186200514,
  "test_satisfy_frac": 0.5027777777777778,
  "test_hinge_mean": 0.023049148611111115,
  "val_reloads": 0.0,
  "val_nonfinite": 0.0
}