{
  "test_gap_mean": 0.09099324083333332,
  "test_gap_median": 0.09825519999999999,
  "test_gap_std": 0.050445388087162854,
  "test_satisfy_frac": 0.49166666666666664,
  "test_hinge_mean": 0.024384291666666672,
  "val_reloads": 0.0,
  "val_nonfinite": 0.0
}