{
  "test_gap_mean": 0.10179921805555554,
  "test_gap_median": 0.11062835000000001,
  "test_gap_std": 0.056224180117607776,
  "test_satisfy_frac": 0.5638888888888889,
  "test_hinge_mean": 0.021385106944444447,
  "val_reloads": 0.0,
  "val_nonfinite": 0.0
}