{
  "epoch": 67,
  "config": {
    "seed": 1,
    "gamma": 0.3,
    "margin": 0.1,
    "delta": 0.02,
    "input_vmin": 0.0,
    "input_vmax": 1.0,
    "rails": [
      0.0,
      0.45
    ],
    "solver": "klu",
    "body_tie": "source",
    "body_res": 10.0,
    "rs_clamp": 10.0,
    "model_vto": 0.75,
    "vg_cutoff": 0.75,
    "vg_cutoff_epochs": 4,
    "vg_init": {
      "mode": "fixed",
      "lo": 1.0,
      "hi": 3.0,
      "fixed": 2.0
    },
    "epochs": 100,
    "device_include_path": "/home/ma-lab/Desktop/pyclln-final/device_model/nmos_lvl1_ald1106.lib",
    "device_subckt": "NMOSWRAP"
  },
  "train": {
    "acc": 0.9485038274182325,
    "hinge": 0.02018618434237997,
    "n_free": 1437,
    "n_clamp": 594,
    "hinge_active": 594,
    "hinge_active_frac": 0.4133611691022965,
    "skipped": 843,
    "reload_free": 0,
    "reload_clamp": 0,
    "nonfinite_free": 0,
    "nonfinite_clamp": 0
  },
  "val": {
    "acc": 0.9472222222222222,
    "hinge": 0.02178635166666667,
    "test_gap_mean": 0.10006148833333334,
    "test_gap_median": 0.10784864999999999,
    "test_gap_std": 0.055045690428577175,
    "test_satisfy_frac": 0.5611111111111111,
    "test_hinge_mean": 0.02178635166666667,
    "val_reloads": 0.0,
    "val_nonfinite": 0.0
  },
  "timing_s": {
    "epoch_total": 38.8862099647522,
    "train_free": 19.82338047027588,
    "train_clamp": 8.162670135498047,
    "train_update": 0.9895739555358887
  },
  "vg_stats": {
    "vg_unique_min": 0.6729422640213459,
    "vg_unique_max": 6.675648628362235,
    "vg_unique_sat_lo": 0.0,
    "vg_unique_sat_hi": 0.0
  }
}