{
  "epoch": 75,
  "config": {
    "seed": 1,
    "gamma": 0.3,
    "margin": 0.1,
    "delta": 0.02,
    "input_vmin": 0.0,
    "input_vmax": 1.0,
    "rails": [
      0.0,
      0.45
    ],
    "solver": "klu",
    "body_tie": "source",
    "body_res": 10.0,
    "rs_clamp": 10.0,
    "model_vto": 0.75,
    "vg_cutoff": 0.75,
    "vg_cutoff_epochs": 4,
    "vg_init": {
      "mode": "fixed",
      "lo": 1.0,
      "hi": 3.0,
      "fixed": 2.0
    },
    "epochs": 100,
    "device_include_path": "/home/ma-lab/Desktop/pyclln-final/device_model/nmos_lvl1_ald1106.lib",
    "device_subckt": "NMOSWRAP"
  },
  "train": {
    "acc": 0.9505915100904663,
    "hinge": 0.019705519345859446,
    "n_free": 1437,
    "n_clamp": 574,
    "hinge_active": 574,
    "hinge_active_frac": 0.39944328462073764,
    "skipped": 863,
    "reload_free": 0,
    "reload_clamp": 0,
    "nonfinite_free": 0,
    "nonfinite_clamp": 0
  },
  "val": {
    "acc": 0.9472222222222222,
    "hinge": 0.021428013333333332,
    "test_gap_mean": 0.10150931833333333,
    "test_gap_median": 0.11028985,
    "test_gap_std": 0.05586466635408485,
    "test_satisfy_frac": 0.5638888888888889,
    "test_hinge_mean": 0.021428013333333336,
    "val_reloads": 0.0,
    "val_nonfinite": 0.0
  },
  "timing_s": {
    "epoch_total": 38.228238344192505,
    "train_free": 19.098374843597412,
    "train_clamp": 7.603116512298584,
    "train_update": 0.981436014175415
  },
  "vg_stats": {
    "vg_unique_min": 0.7082314123955997,
    "vg_unique_max": 6.798282918563719,
    "vg_unique_sat_lo": 0.0,
    "vg_unique_sat_hi": 0.0
  }
}