{
  "epoch": 74,
  "config": {
    "seed": 1,
    "gamma": 0.3,
    "margin": 0.1,
    "delta": 0.02,
    "input_vmin": 0.0,
    "input_vmax": 1.0,
    "rails": [
      0.0,
      0.45
    ],
    "solver": "klu",
    "body_tie": "source",
    "body_res": 10.0,
    "rs_clamp": 10.0,
    "model_vto": 0.75,
    "vg_cutoff": 0.75,
    "vg_cutoff_epochs": 4,
    "vg_init": {
      "mode": "fixed",
      "lo": 1.0,
      "hi": 3.0,
      "fixed": 2.0
    },
    "epochs": 100,
    "device_include_path": "/home/ma-lab/Desktop/pyclln-final/device_model/nmos_lvl1_ald1106.lib",
    "device_subckt": "NMOSWRAP"
  },
  "train": {
    "acc": 0.9505915100904663,
    "hinge": 0.01975814119693804,
    "n_free": 1437,
    "n_clamp": 579,
    "hinge_active": 579,
    "hinge_active_frac": 0.40292275574112735,
    "skipped": 858,
    "reload_free": 0,
    "reload_clamp": 0,
    "nonfinite_free": 0,
    "nonfinite_clamp": 0
  },
  "val": {
    "acc": 0.9472222222222222,
    "hinge": 0.021393526944444453,
    "test_gap_mean": 0.10177099583333332,
    "test_gap_median": 0.10954255000000002,
    "test_gap_std": 0.05609656651081646,
    "test_satisfy_frac": 0.5638888888888889,
    "test_hinge_mean": 0.021393526944444446,
    "val_reloads": 0.0,
    "val_nonfinite": 0.0
  },
  "timing_s": {
    "epoch_total": 37.990071296691895,
    "train_free": 19.15109944343567,
    "train_clamp": 7.671844482421875,
    "train_update": 0.9493839740753174
  },
  "vg_stats": {
    "vg_unique_min": 0.7102874539083867,
    "vg_unique_max": 6.779613696412507,
    "vg_unique_sat_lo": 0.0,
    "vg_unique_sat_hi": 0.0
  }
}