{
  "epoch": 18,
  "config": {
    "seed": 1,
    "gamma": 0.3,
    "margin": 0.1,
    "delta": 0.02,
    "input_vmin": 0.0,
    "input_vmax": 1.0,
    "rails": [
      0.0,
      0.45
    ],
    "solver": "klu",
    "body_tie": "source",
    "body_res": 10.0,
    "rs_clamp": 10.0,
    "model_vto": 0.75,
    "vg_cutoff": 0.75,
    "vg_cutoff_epochs": 4,
    "vg_init": {
      "mode": "fixed",
      "lo": 1.0,
      "hi": 3.0,
      "fixed": 2.0
    },
    "epochs": 100,
    "device_include_path": "/home/ma-lab/Desktop/pyclln-final/device_model/nmos_lvl1_ald1106.lib",
    "device_subckt": "NMOSWRAP"
  },
  "train": {
    "acc": 0.9255393180236604,
    "hinge": 0.04248913507306889,
    "n_free": 1437,
    "n_clamp": 1132,
    "hinge_active": 1132,
    "hinge_active_frac": 0.7877522616562282,
    "skipped": 305,
    "reload_free": 0,
    "reload_clamp": 0,
    "nonfinite_free": 0,
    "nonfinite_clamp": 0
  },
  "val": {
    "acc": 0.9333333333333333,
    "hinge": 0.04168558694444447,
    "test_gap_mean": 0.060498195555555564,
    "test_gap_median": 0.06316474999999999,
    "test_gap_std": 0.03813148047555811,
    "test_satisfy_frac": 0.16111111111111112,
    "test_hinge_mean": 0.04168558694444445,
    "val_reloads": 0.0,
    "val_nonfinite": 0.0
  },
  "timing_s": {
    "epoch_total": 93.30571031570435,
    "train_free": 40.554614782333374,
    "train_clamp": 31.681876182556152,
    "train_update": 2.9834256172180176
  },
  "vg_stats": {
    "vg_unique_min": 0.404304252417307,
    "vg_unique_max": 4.123304499531505,
    "vg_unique_sat_lo": 0.0,
    "vg_unique_sat_hi": 0.0
  }
}