{
  "epoch": 89,
  "config": {
    "seed": 1,
    "gamma": 0.3,
    "margin": 0.1,
    "delta": 0.02,
    "input_vmin": 0.0,
    "input_vmax": 1.0,
    "rails": [
      0.0,
      0.45
    ],
    "solver": "klu",
    "body_tie": "source",
    "body_res": 10.0,
    "rs_clamp": 10.0,
    "model_vto": 0.75,
    "vg_cutoff": 0.75,
    "vg_cutoff_epochs": 4,
    "vg_init": {
      "mode": "fixed",
      "lo": 1.0,
      "hi": 3.0,
      "fixed": 2.0
    },
    "epochs": 100,
    "device_include_path": "/home/ma-lab/Desktop/pyclln-final/device_model/nmos_lvl1_ald1106.lib",
    "device_subckt": "NMOSWRAP"
  },
  "train": {
    "acc": 0.9498956158663883,
    "hinge": 0.018753892901878927,
    "n_free": 1437,
    "n_clamp": 541,
    "hinge_active": 541,
    "hinge_active_frac": 0.37647877522616563,
    "skipped": 896,
    "reload_free": 0,
    "reload_clamp": 0,
    "nonfinite_free": 0,
    "nonfinite_clamp": 0
  },
  "val": {
    "acc": 0.9416666666666667,
    "hinge": 0.02052216305555556,
    "test_gap_mean": 0.10600250555555556,
    "test_gap_median": 0.11339125,
    "test_gap_std": 0.05903289296933271,
    "test_satisfy_frac": 0.5888888888888889,
    "test_hinge_mean": 0.020522163055555556,
    "val_reloads": 0.0,
    "val_nonfinite": 0.0
  },
  "timing_s": {
    "epoch_total": 26.57779097557068,
    "train_free": 13.59756875038147,
    "train_clamp": 5.077711582183838,
    "train_update": 0.6179044246673584
  },
  "vg_stats": {
    "vg_unique_min": 0.6738511994841027,
    "vg_unique_max": 6.960912386983991,
    "vg_unique_sat_lo": 0.0,
    "vg_unique_sat_hi": 0.0
  }
}