{
  "epoch": 39,
  "config": {
    "seed": 1,
    "gamma": 0.3,
    "margin": 0.1,
    "delta": 0.02,
    "input_vmin": 0.0,
    "input_vmax": 1.0,
    "rails": [
      0.0,
      0.45
    ],
    "solver": "klu",
    "body_tie": "source",
    "body_res": 10.0,
    "rs_clamp": 10.0,
    "model_vto": 0.75,
    "vg_cutoff": 0.75,
    "vg_cutoff_epochs": 4,
    "vg_init": {
      "mode": "fixed",
      "lo": 1.0,
      "hi": 3.0,
      "fixed": 2.0
    },
    "epochs": 100,
    "device_include_path": "/home/ma-lab/Desktop/pyclln-final/device_model/nmos_lvl1_ald1106.lib",
    "device_subckt": "NMOSWRAP"
  },
  "train": {
    "acc": 0.9394572025052192,
    "hinge": 0.02673218232428675,
    "n_free": 1437,
    "n_clamp": 773,
    "hinge_active": 773,
    "hinge_active_frac": 0.5379262352122477,
    "skipped": 664,
    "reload_free": 0,
    "reload_clamp": 0,
    "nonfinite_free": 0,
    "nonfinite_clamp": 0
  },
  "val": {
    "acc": 0.9444444444444444,
    "hinge": 0.026943804444444424,
    "test_gap_mean": 0.08519935861111111,
    "test_gap_median": 0.09118319999999996,
    "test_gap_std": 0.04832487559340983,
    "test_satisfy_frac": 0.41388888888888886,
    "test_hinge_mean": 0.02694380444444445,
    "val_reloads": 0.0,
    "val_nonfinite": 0.0
  },
  "timing_s": {
    "epoch_total": 66.5800232887268,
    "train_free": 31.987010717391968,
    "train_clamp": 17.064514875411987,
    "train_update": 1.7915735244750977
  },
  "vg_stats": {
    "vg_unique_min": 0.538468123907306,
    "vg_unique_max": 5.677899478907275,
    "vg_unique_sat_lo": 0.0,
    "vg_unique_sat_hi": 0.0
  }
}