{
  "epoch": 50,
  "config": {
    "seed": 1,
    "gamma": 0.3,
    "margin": 0.1,
    "delta": 0.02,
    "input_vmin": 0.0,
    "input_vmax": 1.0,
    "rails": [
      0.0,
      0.45
    ],
    "solver": "klu",
    "body_tie": "source",
    "body_res": 10.0,
    "rs_clamp": 10.0,
    "model_vto": 0.75,
    "vg_cutoff": 0.75,
    "vg_cutoff_epochs": 4,
    "vg_init": {
      "mode": "fixed",
      "lo": 1.0,
      "hi": 3.0,
      "fixed": 2.0
    },
    "epochs": 100,
    "device_include_path": "/home/ma-lab/Desktop/pyclln-final/device_model/nmos_lvl1_ald1106.lib",
    "device_subckt": "NMOSWRAP"
  },
  "train": {
    "acc": 0.9443284620737648,
    "hinge": 0.022918606680584545,
    "n_free": 1437,
    "n_clamp": 670,
    "hinge_active": 670,
    "hinge_active_frac": 0.4662491301322199,
    "skipped": 767,
    "reload_free": 0,
    "reload_clamp": 0,
    "nonfinite_free": 0,
    "nonfinite_clamp": 0
  },
  "val": {
    "acc": 0.9416666666666667,
    "hinge": 0.02343070888888889,
    "test_gap_mean": 0.09378399916666667,
    "test_gap_median": 0.10011065000000002,
    "test_gap_std": 0.05167450600631347,
    "test_satisfy_frac": 0.5027777777777778,
    "test_hinge_mean": 0.02343070888888889,
    "val_reloads": 0.0,
    "val_nonfinite": 0.0
  },
  "timing_s": {
    "epoch_total": 51.803946018218994,
    "train_free": 26.25812077522278,
    "train_clamp": 12.227823495864868,
    "train_update": 1.1813125610351562
  },
  "vg_stats": {
    "vg_unique_min": 0.6592937931606357,
    "vg_unique_max": 6.1919213701013645,
    "vg_unique_sat_lo": 0.0,
    "vg_unique_sat_hi": 0.0
  }
}