{
  "test_gap_mean": 0.030362213888888885,
  "test_gap_median": 0.031412300000000004,
  "test_gap_std": 0.015064635450209075,
  "test_satisfy_frac": 0.7888888888888889,
  "test_hinge_mean": 0.0024070124999999993,
  "val_reloads": 0.0,
  "val_nonfinite": 0.0
}