{
  "test_gap_mean": 0.029134318055555556,
  "test_gap_median": 0.030508149999999984,
  "test_gap_std": 0.01440584141700595,
  "test_satisfy_frac": 0.7722222222222223,
  "test_hinge_mean": 0.0025034066666666677,
  "val_reloads": 0.0,
  "val_nonfinite": 0.0
}