{
  "test_gap_mean": 0.020996462777777777,
  "test_gap_median": 0.022440950000000015,
  "test_gap_std": 0.01062773494199143,
  "test_satisfy_frac": 0.5916666666666667,
  "test_hinge_mean": 0.0037884802777777777,
  "val_reloads": 0.0,
  "val_nonfinite": 0.0
}