{
  "test_gap_mean": 0.027864468055555557,
  "test_gap_median": 0.02899685000000002,
  "test_gap_std": 0.013897128100352908,
  "test_satisfy_frac": 0.7361111111111112,
  "test_hinge_mean": 0.0026382397222222223,
  "val_reloads": 0.0,
  "val_nonfinite": 0.0
}