{
  "test_gap_mean": 0.03256228666666667,
  "test_gap_median": 0.03357449999999999,
  "test_gap_std": 0.01616094165424225,
  "test_satisfy_frac": 0.8055555555555556,
  "test_hinge_mean": 0.002222390277777777,
  "val_reloads": 0.0,
  "val_nonfinite": 0.0
}