{
  "test_gap_mean": 0.023634000555555555,
  "test_gap_median": 0.025176849999999973,
  "test_gap_std": 0.011944105643693961,
  "test_satisfy_frac": 0.6555555555555556,
  "test_hinge_mean": 0.003247851388888889,
  "val_reloads": 0.0,
  "val_nonfinite": 0.0
}