{
  "test_gap_mean": 0.021518279444444444,
  "test_gap_median": 0.02309639999999999,
  "test_gap_std": 0.010814346715460374,
  "test_satisfy_frac": 0.6055555555555555,
  "test_hinge_mean": 0.003685232777777778,
  "val_reloads": 0.0,
  "val_nonfinite": 0.0
}