{
  "epoch": 5,
  "config": {
    "seed": 1,
    "gamma": 0.3,
    "margin": 0.02,
    "delta": 0.02,
    "input_vmin": 0.0,
    "input_vmax": 1.0,
    "rails": [
      0.0,
      0.45
    ],
    "solver": "klu",
    "body_tie": "source",
    "body_res": 10.0,
    "rs_clamp": 10.0,
    "model_vto": 0.75,
    "vg_cutoff": 0.75,
    "vg_cutoff_epochs": 4,
    "vg_init": {
      "mode": "fixed",
      "lo": 1.0,
      "hi": 3.0,
      "fixed": 2.0
    },
    "epochs": 100,
    "device_include_path": "/home/ma-lab/Desktop/pyclln-final/device_model/nmos_lvl1_ald1106.lib",
    "device_subckt": "NMOSWRAP"
  },
  "train": {
    "acc": 0.9394572025052192,
    "hinge": 0.006115883368128038,
    "n_free": 1437,
    "n_clamp": 899,
    "hinge_active": 899,
    "hinge_active_frac": 0.6256089074460682,
    "skipped": 538,
    "reload_free": 0,
    "reload_clamp": 0,
    "nonfinite_free": 0,
    "nonfinite_clamp": 0
  },
  "val": {
    "acc": 0.9527777777777777,
    "hinge": 0.005406282777777779,
    "test_gap_mean": 0.016459177777777778,
    "test_gap_median": 0.017813750000000003,
    "test_gap_std": 0.008893102079646121,
    "test_satisfy_frac": 0.3888888888888889,
    "test_hinge_mean": 0.005406282777777779,
    "val_reloads": 0.0,
    "val_nonfinite": 0.0
  },
  "timing_s": {
    "epoch_total": 69.6142988204956,
    "train_free": 31.348710775375366,
    "train_clamp": 19.598446130752563,
    "train_update": 2.0787484645843506
  },
  "vg_stats": {
    "vg_unique_min": 1.2810363818128472,
    "vg_unique_max": 2.580116583058263,
    "vg_unique_sat_lo": 0.0,
    "vg_unique_sat_hi": 0.0
  }
}