{
  "epoch": 49,
  "config": {
    "seed": 1,
    "gamma": 0.3,
    "margin": 0.02,
    "delta": 0.02,
    "input_vmin": 0.0,
    "input_vmax": 1.0,
    "rails": [
      0.0,
      0.45
    ],
    "solver": "klu",
    "body_tie": "source",
    "body_res": 10.0,
    "rs_clamp": 10.0,
    "model_vto": 0.75,
    "vg_cutoff": 0.75,
    "vg_cutoff_epochs": 4,
    "vg_init": {
      "mode": "fixed",
      "lo": 1.0,
      "hi": 3.0,
      "fixed": 2.0
    },
    "epochs": 100,
    "device_include_path": "/home/ma-lab/Desktop/pyclln-final/device_model/nmos_lvl1_ald1106.lib",
    "device_subckt": "NMOSWRAP"
  },
  "train": {
    "acc": 0.9784272790535838,
    "hinge": 0.0018935401530967295,
    "n_free": 1437,
    "n_clamp": 289,
    "hinge_active": 289,
    "hinge_active_frac": 0.2011134307585247,
    "skipped": 1148,
    "reload_free": 0,
    "reload_clamp": 0,
    "nonfinite_free": 0,
    "nonfinite_clamp": 0
  },
  "val": {
    "acc": 0.9638888888888889,
    "hinge": 0.0025037030555555553,
    "test_gap_mean": 0.02928230277777778,
    "test_gap_median": 0.030138949999999998,
    "test_gap_std": 0.014557129497580406,
    "test_satisfy_frac": 0.7666666666666667,
    "test_hinge_mean": 0.0025037030555555557,
    "val_reloads": 0.0,
    "val_nonfinite": 0.0
  },
  "timing_s": {
    "epoch_total": 75.30734753608704,
    "train_free": 46.159971475601196,
    "train_clamp": 9.232878684997559,
    "train_update": 0.7964529991149902
  },
  "vg_stats": {
    "vg_unique_min": 0.7095282572033021,
    "vg_unique_max": 3.6713315049428092,
    "vg_unique_sat_lo": 0.0,
    "vg_unique_sat_hi": 0.0
  }
}