{
  "epoch": 46,
  "config": {
    "seed": 1,
    "gamma": 0.3,
    "margin": 0.02,
    "delta": 0.02,
    "input_vmin": 0.0,
    "input_vmax": 1.0,
    "rails": [
      0.0,
      0.45
    ],
    "solver": "klu",
    "body_tie": "source",
    "body_res": 10.0,
    "rs_clamp": 10.0,
    "model_vto": 0.75,
    "vg_cutoff": 0.75,
    "vg_cutoff_epochs": 4,
    "vg_init": {
      "mode": "fixed",
      "lo": 1.0,
      "hi": 3.0,
      "fixed": 2.0
    },
    "epochs": 100,
    "device_include_path": "/home/ma-lab/Desktop/pyclln-final/device_model/nmos_lvl1_ald1106.lib",
    "device_subckt": "NMOSWRAP"
  },
  "train": {
    "acc": 0.97633959638135,
    "hinge": 0.0019339421711899796,
    "n_free": 1437,
    "n_clamp": 283,
    "hinge_active": 283,
    "hinge_active_frac": 0.19693806541405706,
    "skipped": 1154,
    "reload_free": 0,
    "reload_clamp": 0,
    "nonfinite_free": 0,
    "nonfinite_clamp": 0
  },
  "val": {
    "acc": 0.9638888888888889,
    "hinge": 0.0025262380555555563,
    "test_gap_mean": 0.02881718694444444,
    "test_gap_median": 0.030259650000000027,
    "test_gap_std": 0.014284060621319277,
    "test_satisfy_frac": 0.7638888888888888,
    "test_hinge_mean": 0.0025262380555555555,
    "val_reloads": 0.0,
    "val_nonfinite": 0.0
  },
  "timing_s": {
    "epoch_total": 73.47516870498657,
    "train_free": 46.12984848022461,
    "train_clamp": 9.037118196487427,
    "train_update": 0.7917294502258301
  },
  "vg_stats": {
    "vg_unique_min": 0.7135066511977989,
    "vg_unique_max": 3.623864023414445,
    "vg_unique_sat_lo": 0.0,
    "vg_unique_sat_hi": 0.0
  }
}