{
  "epoch": 52,
  "config": {
    "seed": 1,
    "gamma": 0.3,
    "margin": 0.02,
    "delta": 0.02,
    "input_vmin": 0.0,
    "input_vmax": 1.0,
    "rails": [
      0.0,
      0.45
    ],
    "solver": "klu",
    "body_tie": "source",
    "body_res": 10.0,
    "rs_clamp": 10.0,
    "model_vto": 0.75,
    "vg_cutoff": 0.75,
    "vg_cutoff_epochs": 4,
    "vg_init": {
      "mode": "fixed",
      "lo": 1.0,
      "hi": 3.0,
      "fixed": 2.0
    },
    "epochs": 100,
    "device_include_path": "/home/ma-lab/Desktop/pyclln-final/device_model/nmos_lvl1_ald1106.lib",
    "device_subckt": "NMOSWRAP"
  },
  "train": {
    "acc": 0.9791231732776617,
    "hinge": 0.0018420009046624917,
    "n_free": 1437,
    "n_clamp": 277,
    "hinge_active": 277,
    "hinge_active_frac": 0.19276270006958943,
    "skipped": 1160,
    "reload_free": 0,
    "reload_clamp": 0,
    "nonfinite_free": 0,
    "nonfinite_clamp": 0
  },
  "val": {
    "acc": 0.9638888888888889,
    "hinge": 0.0024920913888888886,
    "test_gap_mean": 0.02959739805555556,
    "test_gap_median": 0.030647250000000015,
    "test_gap_std": 0.014742930692351112,
    "test_satisfy_frac": 0.7722222222222223,
    "test_hinge_mean": 0.002492091388888889,
    "val_reloads": 0.0,
    "val_nonfinite": 0.0
  },
  "timing_s": {
    "epoch_total": 73.79336166381836,
    "train_free": 45.221089363098145,
    "train_clamp": 8.66520357131958,
    "train_update": 0.8225922584533691
  },
  "vg_stats": {
    "vg_unique_min": 0.7184370128728685,
    "vg_unique_max": 3.7114722761393306,
    "vg_unique_sat_lo": 0.0,
    "vg_unique_sat_hi": 0.0
  }
}