{
  "epoch": 6,
  "config": {
    "seed": 1,
    "gamma": 0.3,
    "margin": 0.02,
    "delta": 0.02,
    "input_vmin": 0.0,
    "input_vmax": 1.0,
    "rails": [
      0.0,
      0.45
    ],
    "solver": "klu",
    "body_tie": "source",
    "body_res": 10.0,
    "rs_clamp": 10.0,
    "model_vto": 0.75,
    "vg_cutoff": 0.75,
    "vg_cutoff_epochs": 4,
    "vg_init": {
      "mode": "fixed",
      "lo": 1.0,
      "hi": 3.0,
      "fixed": 2.0
    },
    "epochs": 100,
    "device_include_path": "/home/ma-lab/Desktop/pyclln-final/device_model/nmos_lvl1_ald1106.lib",
    "device_subckt": "NMOSWRAP"
  },
  "train": {
    "acc": 0.9443284620737648,
    "hinge": 0.005342588378566462,
    "n_free": 1437,
    "n_clamp": 806,
    "hinge_active": 806,
    "hinge_active_frac": 0.5608907446068198,
    "skipped": 631,
    "reload_free": 0,
    "reload_clamp": 0,
    "nonfinite_free": 0,
    "nonfinite_clamp": 0
  },
  "val": {
    "acc": 0.9555555555555556,
    "hinge": 0.004888155277777775,
    "test_gap_mean": 0.017740239444444444,
    "test_gap_median": 0.019310149999999998,
    "test_gap_std": 0.009436794227240386,
    "test_satisfy_frac": 0.45555555555555555,
    "test_hinge_mean": 0.004888155277777778,
    "val_reloads": 0.0,
    "val_nonfinite": 0.0
  },
  "timing_s": {
    "epoch_total": 60.557292461395264,
    "train_free": 28.9487943649292,
    "train_clamp": 16.20093846321106,
    "train_update": 1.8324966430664062
  },
  "vg_stats": {
    "vg_unique_min": 1.2046584552207122,
    "vg_unique_max": 2.6506170368257767,
    "vg_unique_sat_lo": 0.0,
    "vg_unique_sat_hi": 0.0
  }
}