{
  "epoch": 26,
  "config": {
    "seed": 1,
    "gamma": 0.3,
    "margin": 0.02,
    "delta": 0.02,
    "input_vmin": 0.0,
    "input_vmax": 1.0,
    "rails": [
      0.0,
      0.45
    ],
    "solver": "klu",
    "body_tie": "source",
    "body_res": 10.0,
    "rs_clamp": 10.0,
    "model_vto": 0.75,
    "vg_cutoff": 0.75,
    "vg_cutoff_epochs": 4,
    "vg_init": {
      "mode": "fixed",
      "lo": 1.0,
      "hi": 3.0,
      "fixed": 2.0
    },
    "epochs": 100,
    "device_include_path": "/home/ma-lab/Desktop/pyclln-final/device_model/nmos_lvl1_ald1106.lib",
    "device_subckt": "NMOSWRAP"
  },
  "train": {
    "acc": 0.9707724425887265,
    "hinge": 0.0024075939457202516,
    "n_free": 1437,
    "n_clamp": 360,
    "hinge_active": 360,
    "hinge_active_frac": 0.25052192066805845,
    "skipped": 1077,
    "reload_free": 0,
    "reload_clamp": 0,
    "nonfinite_free": 0,
    "nonfinite_clamp": 0
  },
  "val": {
    "acc": 0.9666666666666667,
    "hinge": 0.0028174408333333334,
    "test_gap_mean": 0.02619866,
    "test_gap_median": 0.027797299999999997,
    "test_gap_std": 0.012921142345283047,
    "test_satisfy_frac": 0.7138888888888889,
    "test_hinge_mean": 0.0028174408333333325,
    "val_reloads": 0.0,
    "val_nonfinite": 0.0
  },
  "timing_s": {
    "epoch_total": 74.81818890571594,
    "train_free": 44.40550708770752,
    "train_clamp": 11.145615577697754,
    "train_update": 1.0288434028625488
  },
  "vg_stats": {
    "vg_unique_min": 0.7258545625815959,
    "vg_unique_max": 3.3960313225815746,
    "vg_unique_sat_lo": 0.0,
    "vg_unique_sat_hi": 0.0
  }
}