{
  "test_gap_mean": 0.09662522444444445,
  "test_gap_median": 0.09488084999999996,
  "test_gap_std": 0.05461514219505849,
  "test_satisfy_frac": 0.825,
  "test_hinge_mean": 0.006205913611111111,
  "val_reloads": 0.0,
  "val_nonfinite": 0.0
}