{
  "test_gap_mean": 0.09668043166666666,
  "test_gap_median": 0.09516489999999994,
  "test_gap_std": 0.05453104244010214,
  "test_satisfy_frac": 0.8055555555555556,
  "test_hinge_mean": 0.0060988130555555565,
  "val_reloads": 0.0,
  "val_nonfinite": 0.0
}