{
  "test_gap_mean": 0.09232084861111112,
  "test_gap_median": 0.09236595000000003,
  "test_gap_std": 0.04937917087937088,
  "test_satisfy_frac": 0.8388888888888889,
  "test_hinge_mean": 0.005793175000000001,
  "val_reloads": 0.0,
  "val_nonfinite": 0.0
}