{
  "test_gap_mean": 0.09479199055555555,
  "test_gap_median": 0.09340834999999997,
  "test_gap_std": 0.053294613336456534,
  "test_satisfy_frac": 0.8111111111111111,
  "test_hinge_mean": 0.006107376388888889,
  "val_reloads": 0.0,
  "val_nonfinite": 0.0
}