{
  "test_gap_mean": 0.09499775611111111,
  "test_gap_median": 0.09519659999999996,
  "test_gap_std": 0.0547388033233141,
  "test_satisfy_frac": 0.7944444444444444,
  "test_hinge_mean": 0.006633580833333334,
  "val_reloads": 0.0,
  "val_nonfinite": 0.0
}