{
  "test_gap_mean": 0.09571083166666666,
  "test_gap_median": 0.09435360000000001,
  "test_gap_std": 0.05418964024726956,
  "test_satisfy_frac": 0.8055555555555556,
  "test_hinge_mean": 0.006149875000000001,
  "val_reloads": 0.0,
  "val_nonfinite": 0.0
}