{
  "test_gap_mean": 0.09483503305555555,
  "test_gap_median": 0.09492185000000003,
  "test_gap_std": 0.05244281248720565,
  "test_satisfy_frac": 0.8194444444444444,
  "test_hinge_mean": 0.006157701666666667,
  "val_reloads": 0.0,
  "val_nonfinite": 0.0
}