{
  "test_gap_mean": 0.039232401666666666,
  "test_gap_median": 0.0426194,
  "test_gap_std": 0.024962159778088727,
  "test_satisfy_frac": 0.37777777777777777,
  "test_hinge_mean": 0.01588847861111111,
  "val_reloads": 0.0,
  "val_nonfinite": 0.0
}