{
  "test_gap_mean": 0.09464415638888889,
  "test_gap_median": 0.09630349999999999,
  "test_gap_std": 0.05178331914655758,
  "test_satisfy_frac": 0.8361111111111111,
  "test_hinge_mean": 0.0058310991666666685,
  "val_reloads": 0.0,
  "val_nonfinite": 0.0
}