{
  "test_gap_mean": 0.09747255055555558,
  "test_gap_median": 0.09799929999999998,
  "test_gap_std": 0.05472037179224023,
  "test_satisfy_frac": 0.8194444444444444,
  "test_hinge_mean": 0.00621471111111111,
  "val_reloads": 0.0,
  "val_nonfinite": 0.0
}