{
  "test_gap_mean": 0.08393460527777777,
  "test_gap_median": 0.0870464,
  "test_gap_std": 0.04352559739526845,
  "test_satisfy_frac": 0.7888888888888889,
  "test_hinge_mean": 0.006127561111111112,
  "val_reloads": 0.0,
  "val_nonfinite": 0.0
}