{
  "test_gap_mean": 0.09570410416666668,
  "test_gap_median": 0.09365355,
  "test_gap_std": 0.05471495170586078,
  "test_satisfy_frac": 0.8083333333333333,
  "test_hinge_mean": 0.006298301944444446,
  "val_reloads": 0.0,
  "val_nonfinite": 0.0
}