{
  "test_gap_mean": 0.09597673611111111,
  "test_gap_median": 0.09703895000000001,
  "test_gap_std": 0.05357852459478753,
  "test_satisfy_frac": 0.8194444444444444,
  "test_hinge_mean": 0.006198232777777779,
  "val_reloads": 0.0,
  "val_nonfinite": 0.0
}