{
  "epoch": 75,
  "config": {
    "seed": 1,
    "gamma": 3.0,
    "margin": 0.05,
    "delta": 0.02,
    "input_vmin": 0.0,
    "input_vmax": 1.0,
    "rails": [
      0.0,
      0.45
    ],
    "solver": "klu",
    "body_tie": "floating",
    "body_res": 10.0,
    "rs_clamp": 10.0,
    "model_vto": 0.75,
    "vg_cutoff": 0.75,
    "vg_cutoff_epochs": 4,
    "vg_init": {
      "mode": "random",
      "lo": 1.5,
      "hi": 2.5,
      "fixed": 2.0
    },
    "epochs": 100,
    "device_include_path": "/home/ma-lab/Desktop/pyclln-final/device_model/nmos_lvl1_ald1106.lib",
    "device_subckt": "NMOSWRAP"
  },
  "train": {
    "acc": 0.9784272790535838,
    "hinge": 0.0034815053583855246,
    "n_free": 1437,
    "n_clamp": 200,
    "hinge_active": 200,
    "hinge_active_frac": 0.13917884481558804,
    "skipped": 1237,
    "reload_free": 0,
    "reload_clamp": 0,
    "nonfinite_free": 0,
    "nonfinite_clamp": 0
  },
  "val": {
    "acc": 0.95,
    "hinge": 0.006198232777777781,
    "test_gap_mean": 0.09597673611111111,
    "test_gap_median": 0.09703895000000001,
    "test_gap_std": 0.05357852459478753,
    "test_satisfy_frac": 0.8194444444444444,
    "test_hinge_mean": 0.006198232777777779,
    "val_reloads": 0.0,
    "val_nonfinite": 0.0
  },
  "timing_s": {
    "epoch_total": 25.10898780822754,
    "train_free": 15.825608968734741,
    "train_clamp": 2.1458005905151367,
    "train_update": 0.20055508613586426
  },
  "vg_stats": {
    "vg_unique_min": 0.6440980070894293,
    "vg_unique_max": 7.98947082186242,
    "vg_unique_sat_lo": 0.0,
    "vg_unique_sat_hi": 0.0
  }
}