{
  "epoch": 91,
  "config": {
    "seed": 1,
    "gamma": 3.0,
    "margin": 0.05,
    "delta": 0.02,
    "input_vmin": 0.0,
    "input_vmax": 1.0,
    "rails": [
      0.0,
      0.45
    ],
    "solver": "klu",
    "body_tie": "floating",
    "body_res": 10.0,
    "rs_clamp": 10.0,
    "model_vto": 0.75,
    "vg_cutoff": 0.75,
    "vg_cutoff_epochs": 4,
    "vg_init": {
      "mode": "random",
      "lo": 1.5,
      "hi": 2.5,
      "fixed": 2.0
    },
    "epochs": 100,
    "device_include_path": "/home/ma-lab/Desktop/pyclln-final/device_model/nmos_lvl1_ald1106.lib",
    "device_subckt": "NMOSWRAP"
  },
  "train": {
    "acc": 0.9805149617258176,
    "hinge": 0.003405460890744605,
    "n_free": 1437,
    "n_clamp": 207,
    "hinge_active": 207,
    "hinge_active_frac": 0.1440501043841336,
    "skipped": 1230,
    "reload_free": 0,
    "reload_clamp": 0,
    "nonfinite_free": 0,
    "nonfinite_clamp": 0
  },
  "val": {
    "acc": 0.9583333333333334,
    "hinge": 0.006026714722222225,
    "test_gap_mean": 0.09687138416666667,
    "test_gap_median": 0.0966388,
    "test_gap_std": 0.05384305142107268,
    "test_satisfy_frac": 0.8166666666666667,
    "test_hinge_mean": 0.006026714722222224,
    "val_reloads": 0.0,
    "val_nonfinite": 0.0
  },
  "timing_s": {
    "epoch_total": 31.526328563690186,
    "train_free": 19.50666308403015,
    "train_clamp": 2.7597672939300537,
    "train_update": 0.24859189987182617
  },
  "vg_stats": {
    "vg_unique_min": 0.6773276857504745,
    "vg_unique_max": 7.920900798408831,
    "vg_unique_sat_lo": 0.0,
    "vg_unique_sat_hi": 0.0
  }
}