{
  "epoch": 5,
  "config": {
    "seed": 1,
    "gamma": 3.0,
    "margin": 0.05,
    "delta": 0.02,
    "input_vmin": 0.0,
    "input_vmax": 1.0,
    "rails": [
      0.0,
      0.45
    ],
    "solver": "klu",
    "body_tie": "floating",
    "body_res": 10.0,
    "rs_clamp": 10.0,
    "model_vto": 0.75,
    "vg_cutoff": 0.75,
    "vg_cutoff_epochs": 4,
    "vg_init": {
      "mode": "random",
      "lo": 1.5,
      "hi": 2.5,
      "fixed": 2.0
    },
    "epochs": 100,
    "device_include_path": "/home/ma-lab/Desktop/pyclln-final/device_model/nmos_lvl1_ald1106.lib",
    "device_subckt": "NMOSWRAP"
  },
  "train": {
    "acc": 0.9491997216423104,
    "hinge": 0.008809781002087685,
    "n_free": 1437,
    "n_clamp": 471,
    "hinge_active": 471,
    "hinge_active_frac": 0.3277661795407098,
    "skipped": 966,
    "reload_free": 0,
    "reload_clamp": 0,
    "nonfinite_free": 0,
    "nonfinite_clamp": 0
  },
  "val": {
    "acc": 0.9527777777777777,
    "hinge": 0.008807935000000006,
    "test_gap_mean": 0.05949217027777778,
    "test_gap_median": 0.06340604999999999,
    "test_gap_std": 0.03118813327102919,
    "test_satisfy_frac": 0.6666666666666666,
    "test_hinge_mean": 0.008807935,
    "val_reloads": 0.0,
    "val_nonfinite": 0.0
  },
  "timing_s": {
    "epoch_total": 145.64858269691467,
    "train_free": 87.15421199798584,
    "train_clamp": 28.194087505340576,
    "train_update": 1.2450385093688965
  },
  "vg_stats": {
    "vg_unique_min": 0.4,
    "vg_unique_max": 5.315363824586212,
    "vg_unique_sat_lo": 9.0,
    "vg_unique_sat_hi": 0.0
  }
}