{
  "epoch": 52,
  "config": {
    "seed": 1,
    "gamma": 3.0,
    "margin": 0.05,
    "delta": 0.02,
    "input_vmin": 0.0,
    "input_vmax": 1.0,
    "rails": [
      0.0,
      0.45
    ],
    "solver": "klu",
    "body_tie": "floating",
    "body_res": 10.0,
    "rs_clamp": 10.0,
    "model_vto": 0.75,
    "vg_cutoff": 0.75,
    "vg_cutoff_epochs": 4,
    "vg_init": {
      "mode": "random",
      "lo": 1.5,
      "hi": 2.5,
      "fixed": 2.0
    },
    "epochs": 100,
    "device_include_path": "/home/ma-lab/Desktop/pyclln-final/device_model/nmos_lvl1_ald1106.lib",
    "device_subckt": "NMOSWRAP"
  },
  "train": {
    "acc": 0.9805149617258176,
    "hinge": 0.003527770285316631,
    "n_free": 1437,
    "n_clamp": 198,
    "hinge_active": 198,
    "hinge_active_frac": 0.13778705636743216,
    "skipped": 1239,
    "reload_free": 0,
    "reload_clamp": 0,
    "nonfinite_free": 0,
    "nonfinite_clamp": 0
  },
  "val": {
    "acc": 0.9527777777777777,
    "hinge": 0.006081185555555559,
    "test_gap_mean": 0.0960594363888889,
    "test_gap_median": 0.09580289999999994,
    "test_gap_std": 0.053237418806913996,
    "test_satisfy_frac": 0.8194444444444444,
    "test_hinge_mean": 0.0060811855555555575,
    "val_reloads": 0.0,
    "val_nonfinite": 0.0
  },
  "timing_s": {
    "epoch_total": 37.83786654472351,
    "train_free": 23.9209303855896,
    "train_clamp": 3.2505664825439453,
    "train_update": 0.3674602508544922
  },
  "vg_stats": {
    "vg_unique_min": 0.6213170764840569,
    "vg_unique_max": 7.929833515315847,
    "vg_unique_sat_lo": 0.0,
    "vg_unique_sat_hi": 0.0
  }
}