{
  "test_gap_mean": 0.02847515027777778,
  "test_gap_median": 0.029635049999999996,
  "test_gap_std": 0.015119680275971815,
  "test_satisfy_frac": 0.7388888888888889,
  "test_hinge_mean": 0.003017423055555557,
  "val_reloads": 0.0,
  "val_nonfinite": 0.0
}