{
  "test_gap_mean": 0.020903036111111113,
  "test_gap_median": 0.023505899999999996,
  "test_gap_std": 0.014030809302758077,
  "test_satisfy_frac": 0.6055555555555555,
  "test_hinge_mean": 0.005251647777777778,
  "val_reloads": 0.0,
  "val_nonfinite": 0.0
}