{
  "test_gap_mean": 0.02607695833333333,
  "test_gap_median": 0.027765399999999996,
  "test_gap_std": 0.014584409854267807,
  "test_satisfy_frac": 0.6972222222222222,
  "test_hinge_mean": 0.0036034394444444456,
  "val_reloads": 0.0,
  "val_nonfinite": 0.0
}