{
  "test_gap_mean": 0.006512155000000002,
  "test_gap_median": 0.00892390000000004,
  "test_gap_std": 0.015460993653096364,
  "test_satisfy_frac": 0.2222222222222222,
  "test_hinge_mean": 0.014493927499999998,
  "val_reloads": 0.0,
  "val_nonfinite": 0.0
}