{
  "test_gap_mean": 0.025466953055555554,
  "test_gap_median": 0.02762329999999999,
  "test_gap_std": 0.01444470406275992,
  "test_satisfy_frac": 0.6916666666666667,
  "test_hinge_mean": 0.0037613,
  "val_reloads": 0.0,
  "val_nonfinite": 0.0
}