{
  "test_gap_mean": 0.026843920833333333,
  "test_gap_median": 0.028336200000000006,
  "test_gap_std": 0.014724289560444536,
  "test_satisfy_frac": 0.7083333333333334,
  "test_hinge_mean": 0.003388386388888889,
  "val_reloads": 0.0,
  "val_nonfinite": 0.0
}