{
  "test_gap_mean": 0.026494235,
  "test_gap_median": 0.028090950000000003,
  "test_gap_std": 0.01467271224545367,
  "test_satisfy_frac": 0.7027777777777777,
  "test_hinge_mean": 0.0034959799999999997,
  "val_reloads": 0.0,
  "val_nonfinite": 0.0
}