{
  "test_gap_mean": 0.027401053333333335,
  "test_gap_median": 0.02874595000000002,
  "test_gap_std": 0.01482516617005954,
  "test_satisfy_frac": 0.7194444444444444,
  "test_hinge_mean": 0.003237574444444445,
  "val_reloads": 0.0,
  "val_nonfinite": 0.0
}