{
  "test_gap_mean": 0.028022820833333333,
  "test_gap_median": 0.029189049999999966,
  "test_gap_std": 0.01495228938302628,
  "test_satisfy_frac": 0.7305555555555555,
  "test_hinge_mean": 0.003096668611111111,
  "val_reloads": 0.0,
  "val_nonfinite": 0.0
}