{
  "test_gap_mean": 0.029133193333333335,
  "test_gap_median": 0.029918200000000006,
  "test_gap_std": 0.015310206400176685,
  "test_satisfy_frac": 0.7527777777777778,
  "test_hinge_mean": 0.0028933444444444443,
  "val_reloads": 0.0,
  "val_nonfinite": 0.0
}