{
  "epoch": 42,
  "config": {
    "seed": 1,
    "gamma": 0.3,
    "margin": 0.02,
    "delta": 0.02,
    "input_vmin": 0.0,
    "input_vmax": 1.0,
    "rails": [
      0.0,
      0.45
    ],
    "solver": "klu",
    "body_tie": "source",
    "body_res": 10.0,
    "rs_clamp": 10.0,
    "model_vto": 0.75,
    "vg_cutoff": 0.75,
    "vg_cutoff_epochs": 4,
    "vg_init": {
      "mode": "random",
      "lo": 1.0,
      "hi": 6.0,
      "fixed": 2.0
    },
    "epochs": 100,
    "device_include_path": "/home/ma-lab/Desktop/pyclln-final/device_model/nmos_lvl1_ald1106.lib",
    "device_subckt": "NMOSWRAP"
  },
  "train": {
    "acc": 0.9248434237995825,
    "hinge": 0.004192273208072371,
    "n_free": 1437,
    "n_clamp": 485,
    "hinge_active": 485,
    "hinge_active_frac": 0.337508698677801,
    "skipped": 952,
    "reload_free": 0,
    "reload_clamp": 0,
    "nonfinite_free": 0,
    "nonfinite_clamp": 0
  },
  "val": {
    "acc": 0.9333333333333333,
    "hinge": 0.004126208888888887,
    "test_gap_mean": 0.02417834333333333,
    "test_gap_median": 0.027298899999999987,
    "test_gap_std": 0.014242745936312437,
    "test_satisfy_frac": 0.6694444444444444,
    "test_hinge_mean": 0.00412620888888889,
    "val_reloads": 0.0,
    "val_nonfinite": 0.0
  },
  "timing_s": {
    "epoch_total": 70.69574475288391,
    "train_free": 39.98895263671875,
    "train_clamp": 13.449451684951782,
    "train_update": 1.0532629489898682
  },
  "vg_stats": {
    "vg_unique_min": 0.6791206422006878,
    "vg_unique_max": 7.257798658835445,
    "vg_unique_sat_lo": 0.0,
    "vg_unique_sat_hi": 0.0
  }
}