{
  "epoch": 41,
  "config": {
    "seed": 1,
    "gamma": 0.3,
    "margin": 0.02,
    "delta": 0.02,
    "input_vmin": 0.0,
    "input_vmax": 1.0,
    "rails": [
      0.0,
      0.45
    ],
    "solver": "klu",
    "body_tie": "source",
    "body_res": 10.0,
    "rs_clamp": 10.0,
    "model_vto": 0.75,
    "vg_cutoff": 0.75,
    "vg_cutoff_epochs": 4,
    "vg_init": {
      "mode": "random",
      "lo": 1.0,
      "hi": 6.0,
      "fixed": 2.0
    },
    "epochs": 100,
    "device_include_path": "/home/ma-lab/Desktop/pyclln-final/device_model/nmos_lvl1_ald1106.lib",
    "device_subckt": "NMOSWRAP"
  },
  "train": {
    "acc": 0.9227557411273486,
    "hinge": 0.004255842310368824,
    "n_free": 1437,
    "n_clamp": 489,
    "hinge_active": 489,
    "hinge_active_frac": 0.34029227557411273,
    "skipped": 948,
    "reload_free": 0,
    "reload_clamp": 0,
    "nonfinite_free": 0,
    "nonfinite_clamp": 0
  },
  "val": {
    "acc": 0.9305555555555556,
    "hinge": 0.0041852650000000005,
    "test_gap_mean": 0.02400622861111111,
    "test_gap_median": 0.026984800000000003,
    "test_gap_std": 0.014234738829551546,
    "test_satisfy_frac": 0.6638888888888889,
    "test_hinge_mean": 0.0041852650000000005,
    "val_reloads": 0.0,
    "val_nonfinite": 0.0
  },
  "timing_s": {
    "epoch_total": 71.0190532207489,
    "train_free": 40.56899619102478,
    "train_clamp": 13.757328271865845,
    "train_update": 1.0907399654388428
  },
  "vg_stats": {
    "vg_unique_min": 0.7055861564853758,
    "vg_unique_max": 7.249860889370129,
    "vg_unique_sat_lo": 0.0,
    "vg_unique_sat_hi": 0.0
  }
}