{
  "epoch": 99,
  "config": {
    "seed": 1,
    "gamma": 0.3,
    "margin": 0.02,
    "delta": 0.02,
    "input_vmin": 0.0,
    "input_vmax": 1.0,
    "rails": [
      0.0,
      0.45
    ],
    "solver": "klu",
    "body_tie": "source",
    "body_res": 10.0,
    "rs_clamp": 10.0,
    "model_vto": 0.75,
    "vg_cutoff": 0.75,
    "vg_cutoff_epochs": 4,
    "vg_init": {
      "mode": "random",
      "lo": 1.0,
      "hi": 6.0,
      "fixed": 2.0
    },
    "epochs": 100,
    "device_include_path": "/home/ma-lab/Desktop/pyclln-final/device_model/nmos_lvl1_ald1106.lib",
    "device_subckt": "NMOSWRAP"
  },
  "train": {
    "acc": 0.9582463465553236,
    "hinge": 0.002598252052887962,
    "n_free": 1437,
    "n_clamp": 337,
    "hinge_active": 337,
    "hinge_active_frac": 0.23451635351426584,
    "skipped": 1100,
    "reload_free": 0,
    "reload_clamp": 0,
    "nonfinite_free": 0,
    "nonfinite_clamp": 0
  },
  "val": {
    "acc": 0.9555555555555556,
    "hinge": 0.002836404444444444,
    "test_gap_mean": 0.029544290833333334,
    "test_gap_median": 0.03034210000000001,
    "test_gap_std": 0.015465508321015129,
    "test_satisfy_frac": 0.7527777777777778,
    "test_hinge_mean": 0.002836404444444444,
    "val_reloads": 0.0,
    "val_nonfinite": 0.0
  },
  "timing_s": {
    "epoch_total": 77.68608212471008,
    "train_free": 47.181254148483276,
    "train_clamp": 11.013141393661499,
    "train_update": 0.9465320110321045
  },
  "vg_stats": {
    "vg_unique_min": 0.7417181939407315,
    "vg_unique_max": 7.995376403856755,
    "vg_unique_sat_lo": 0.0,
    "vg_unique_sat_hi": 0.0
  }
}