{
  "epoch": 26,
  "config": {
    "seed": 1,
    "gamma": 0.3,
    "margin": 0.02,
    "delta": 0.02,
    "input_vmin": 0.0,
    "input_vmax": 1.0,
    "rails": [
      0.0,
      0.45
    ],
    "solver": "klu",
    "body_tie": "source",
    "body_res": 10.0,
    "rs_clamp": 10.0,
    "model_vto": 0.75,
    "vg_cutoff": 0.75,
    "vg_cutoff_epochs": 4,
    "vg_init": {
      "mode": "random",
      "lo": 1.0,
      "hi": 6.0,
      "fixed": 2.0
    },
    "epochs": 100,
    "device_include_path": "/home/ma-lab/Desktop/pyclln-final/device_model/nmos_lvl1_ald1106.lib",
    "device_subckt": "NMOSWRAP"
  },
  "train": {
    "acc": 0.8963117606123869,
    "hinge": 0.0059500121085594975,
    "n_free": 1437,
    "n_clamp": 647,
    "hinge_active": 647,
    "hinge_active_frac": 0.45024356297842727,
    "skipped": 790,
    "reload_free": 0,
    "reload_clamp": 0,
    "nonfinite_free": 0,
    "nonfinite_clamp": 0
  },
  "val": {
    "acc": 0.8916666666666667,
    "hinge": 0.0055212811111111084,
    "test_gap_mean": 0.020236396944444443,
    "test_gap_median": 0.0225263,
    "test_gap_std": 0.014042285890823814,
    "test_satisfy_frac": 0.5916666666666667,
    "test_hinge_mean": 0.005521281111111112,
    "val_reloads": 0.0,
    "val_nonfinite": 0.0
  },
  "timing_s": {
    "epoch_total": 90.71076965332031,
    "train_free": 48.66811513900757,
    "train_clamp": 21.755163192749023,
    "train_update": 1.9052488803863525
  },
  "vg_stats": {
    "vg_unique_min": 0.8362957007486036,
    "vg_unique_max": 7.073201834870893,
    "vg_unique_sat_lo": 0.0,
    "vg_unique_sat_hi": 0.0
  }
}