{
  "epoch": 13,
  "config": {
    "seed": 1,
    "gamma": 0.3,
    "margin": 0.02,
    "delta": 0.02,
    "input_vmin": 0.0,
    "input_vmax": 1.0,
    "rails": [
      0.0,
      0.45
    ],
    "solver": "klu",
    "body_tie": "source",
    "body_res": 10.0,
    "rs_clamp": 10.0,
    "model_vto": 0.75,
    "vg_cutoff": 0.75,
    "vg_cutoff_epochs": 4,
    "vg_init": {
      "mode": "random",
      "lo": 1.0,
      "hi": 6.0,
      "fixed": 2.0
    },
    "epochs": 100,
    "device_include_path": "/home/ma-lab/Desktop/pyclln-final/device_model/nmos_lvl1_ald1106.lib",
    "device_subckt": "NMOSWRAP"
  },
  "train": {
    "acc": 0.7926235212247739,
    "hinge": 0.01056281725817676,
    "n_free": 1437,
    "n_clamp": 928,
    "hinge_active": 928,
    "hinge_active_frac": 0.6457898399443285,
    "skipped": 509,
    "reload_free": 0,
    "reload_clamp": 0,
    "nonfinite_free": 0,
    "nonfinite_clamp": 0
  },
  "val": {
    "acc": 0.8222222222222222,
    "hinge": 0.009701761388888886,
    "test_gap_mean": 0.012858456944444447,
    "test_gap_median": 0.014782899999999988,
    "test_gap_std": 0.01447091249338197,
    "test_satisfy_frac": 0.375,
    "test_hinge_mean": 0.00970176138888889,
    "val_reloads": 0.0,
    "val_nonfinite": 0.0
  },
  "timing_s": {
    "epoch_total": 99.13941717147827,
    "train_free": 45.98279595375061,
    "train_clamp": 29.4857120513916,
    "train_update": 2.6284475326538086
  },
  "vg_stats": {
    "vg_unique_min": 0.6297018287378134,
    "vg_unique_max": 6.717935731012053,
    "vg_unique_sat_lo": 0.0,
    "vg_unique_sat_hi": 0.0
  }
}