{
  "epoch": 48,
  "config": {
    "seed": 1,
    "gamma": 0.3,
    "margin": 0.02,
    "delta": 0.02,
    "input_vmin": 0.0,
    "input_vmax": 1.0,
    "rails": [
      0.0,
      0.45
    ],
    "solver": "klu",
    "body_tie": "source",
    "body_res": 10.0,
    "rs_clamp": 10.0,
    "model_vto": 0.75,
    "vg_cutoff": 0.75,
    "vg_cutoff_epochs": 4,
    "vg_init": {
      "mode": "random",
      "lo": 1.0,
      "hi": 6.0,
      "fixed": 2.0
    },
    "epochs": 100,
    "device_include_path": "/home/ma-lab/Desktop/pyclln-final/device_model/nmos_lvl1_ald1106.lib",
    "device_subckt": "NMOSWRAP"
  },
  "train": {
    "acc": 0.9338900487125957,
    "hinge": 0.003864617258176758,
    "n_free": 1437,
    "n_clamp": 450,
    "hinge_active": 450,
    "hinge_active_frac": 0.31315240083507306,
    "skipped": 987,
    "reload_free": 0,
    "reload_clamp": 0,
    "nonfinite_free": 0,
    "nonfinite_clamp": 0
  },
  "val": {
    "acc": 0.9361111111111111,
    "hinge": 0.0038641397222222195,
    "test_gap_mean": 0.02506682777777778,
    "test_gap_median": 0.027248450000000007,
    "test_gap_std": 0.014378896048086337,
    "test_satisfy_frac": 0.6777777777777778,
    "test_hinge_mean": 0.0038641397222222225,
    "val_reloads": 0.0,
    "val_nonfinite": 0.0
  },
  "timing_s": {
    "epoch_total": 77.1234872341156,
    "train_free": 44.79996299743652,
    "train_clamp": 14.045411586761475,
    "train_update": 1.233224630355835
  },
  "vg_stats": {
    "vg_unique_min": 0.7728802973118446,
    "vg_unique_max": 7.374450363743992,
    "vg_unique_sat_lo": 0.0,
    "vg_unique_sat_hi": 0.0
  }
}