{
  "epoch": 33,
  "config": {
    "seed": 1,
    "gamma": 0.3,
    "margin": 0.02,
    "delta": 0.02,
    "input_vmin": 0.0,
    "input_vmax": 1.0,
    "rails": [
      0.0,
      0.45
    ],
    "solver": "klu",
    "body_tie": "source",
    "body_res": 10.0,
    "rs_clamp": 10.0,
    "model_vto": 0.75,
    "vg_cutoff": 0.75,
    "vg_cutoff_epochs": 4,
    "vg_init": {
      "mode": "random",
      "lo": 1.0,
      "hi": 6.0,
      "fixed": 2.0
    },
    "epochs": 100,
    "device_include_path": "/home/ma-lab/Desktop/pyclln-final/device_model/nmos_lvl1_ald1106.lib",
    "device_subckt": "NMOSWRAP"
  },
  "train": {
    "acc": 0.9116214335421016,
    "hinge": 0.004933809255393172,
    "n_free": 1437,
    "n_clamp": 559,
    "hinge_active": 559,
    "hinge_active_frac": 0.38900487125956856,
    "skipped": 878,
    "reload_free": 0,
    "reload_clamp": 0,
    "nonfinite_free": 0,
    "nonfinite_clamp": 0
  },
  "val": {
    "acc": 0.9111111111111111,
    "hinge": 0.004738342777777774,
    "test_gap_mean": 0.02239378722222222,
    "test_gap_median": 0.025125399999999992,
    "test_gap_std": 0.014124670390795478,
    "test_satisfy_frac": 0.6416666666666667,
    "test_hinge_mean": 0.0047383427777777775,
    "val_reloads": 0.0,
    "val_nonfinite": 0.0
  },
  "timing_s": {
    "epoch_total": 89.40147662162781,
    "train_free": 48.851569175720215,
    "train_clamp": 18.957793474197388,
    "train_update": 1.6072726249694824
  },
  "vg_stats": {
    "vg_unique_min": 0.8237038421250551,
    "vg_unique_max": 7.176916983713404,
    "vg_unique_sat_lo": 0.0,
    "vg_unique_sat_hi": 0.0
  }
}