{
  "test_gap_mean": 0.0072524933333333345,
  "test_gap_median": 0.0063925999999999705,
  "test_gap_std": 0.005785384675567295,
  "test_satisfy_frac": 0.0,
  "test_hinge_mean": 0.012747506666666667,
  "val_reloads": 0.0,
  "val_nonfinite": 0.0
}