{
  "test_gap_mean": 0.020438897777777774,
  "test_gap_median": 0.021334399999999976,
  "test_gap_std": 0.011214711406996494,
  "test_satisfy_frac": 0.5416666666666666,
  "test_hinge_mean": 0.004366643333333335,
  "val_reloads": 0.0,
  "val_nonfinite": 0.0
}