{
  "test_gap_mean": 0.018002174722222222,
  "test_gap_median": 0.01912485,
  "test_gap_std": 0.0102911783991598,
  "test_satisfy_frac": 0.4777777777777778,
  "test_hinge_mean": 0.00523608611111111,
  "val_reloads": 0.0,
  "val_nonfinite": 0.0
}