{
  "test_gap_mean": 0.009980394166666665,
  "test_gap_median": 0.00913594999999999,
  "test_gap_std": 0.007592958793524458,
  "test_satisfy_frac": 0.09166666666666666,
  "test_hinge_mean": 0.010212175555555559,
  "val_reloads": 0.0,
  "val_nonfinite": 0.0
}