{
  "test_gap_mean": 0.021481298055555556,
  "test_gap_median": 0.02263775000000004,
  "test_gap_std": 0.011586835362356596,
  "test_satisfy_frac": 0.5805555555555556,
  "test_hinge_mean": 0.0040554391666666675,
  "val_reloads": 0.0,
  "val_nonfinite": 0.0
}