{
  "test_gap_mean": 0.009571747777777778,
  "test_gap_median": 0.00873264999999998,
  "test_gap_std": 0.00739301822469052,
  "test_satisfy_frac": 0.07222222222222222,
  "test_hinge_mean": 0.0105673225,
  "val_reloads": 0.0,
  "val_nonfinite": 0.0
}