{
  "epoch": 35,
  "config": {
    "seed": 2,
    "gamma": 0.03,
    "margin": 0.02,
    "delta": 0.1,
    "input_vmin": 0.0,
    "input_vmax": 1.0,
    "rails": [
      0.0,
      0.45
    ],
    "solver": "klu",
    "body_tie": "floating",
    "body_res": 10.0,
    "rs_clamp": 10.0,
    "model_vto": 0.75,
    "vg_cutoff": 0.75,
    "vg_cutoff_epochs": 4,
    "vg_init": {
      "mode": "fixed",
      "lo": 1.0,
      "hi": 3.0,
      "fixed": 4.0
    },
    "epochs": 100,
    "device_include_path": "/home/ma-lab/Desktop/pyclln-final/device_model/nmos_lvl1_ald1106.lib",
    "device_subckt": "NMOSWRAP"
  },
  "train": {
    "acc": 0.9324982602644398,
    "hinge": 0.0070848764787752256,
    "n_free": 1437,
    "n_clamp": 1001,
    "hinge_active": 1001,
    "hinge_active_frac": 0.6965901183020181,
    "skipped": 436,
    "reload_free": 0,
    "reload_clamp": 0,
    "nonfinite_free": 0,
    "nonfinite_clamp": 0
  },
  "val": {
    "acc": 0.9305555555555556,
    "hinge": 0.00727994333333333,
    "test_gap_mean": 0.014102594722222223,
    "test_gap_median": 0.01413724999999999,
    "test_gap_std": 0.009098571694111598,
    "test_satisfy_frac": 0.3138888888888889,
    "test_hinge_mean": 0.0072799433333333345,
    "val_reloads": 0.0,
    "val_nonfinite": 0.0
  },
  "timing_s": {
    "epoch_total": 260.40857672691345,
    "train_free": 126.56729936599731,
    "train_clamp": 87.97689604759216,
    "train_update": 2.572888135910034
  },
  "vg_stats": {
    "vg_unique_min": 2.125968063495225,
    "vg_unique_max": 5.458655666370221,
    "vg_unique_sat_lo": 0.0,
    "vg_unique_sat_hi": 0.0
  }
}