{
  "epoch": 80,
  "config": {
    "seed": 2,
    "gamma": 0.03,
    "margin": 0.02,
    "delta": 0.1,
    "input_vmin": 0.0,
    "input_vmax": 1.0,
    "rails": [
      0.0,
      0.45
    ],
    "solver": "klu",
    "body_tie": "floating",
    "body_res": 10.0,
    "rs_clamp": 10.0,
    "model_vto": 0.75,
    "vg_cutoff": 0.75,
    "vg_cutoff_epochs": 4,
    "vg_init": {
      "mode": "fixed",
      "lo": 1.0,
      "hi": 3.0,
      "fixed": 4.0
    },
    "epochs": 100,
    "device_include_path": "/home/ma-lab/Desktop/pyclln-final/device_model/nmos_lvl1_ald1106.lib",
    "device_subckt": "NMOSWRAP"
  },
  "train": {
    "acc": 0.953375086986778,
    "hinge": 0.003808547042449542,
    "n_free": 1437,
    "n_clamp": 575,
    "hinge_active": 575,
    "hinge_active_frac": 0.4001391788448156,
    "skipped": 862,
    "reload_free": 0,
    "reload_clamp": 0,
    "nonfinite_free": 0,
    "nonfinite_clamp": 0
  },
  "val": {
    "acc": 0.9527777777777777,
    "hinge": 0.00434063333333333,
    "test_gap_mean": 0.020529428611111115,
    "test_gap_median": 0.02151025000000001,
    "test_gap_std": 0.011251880343973538,
    "test_satisfy_frac": 0.55,
    "test_hinge_mean": 0.004340633333333333,
    "val_reloads": 0.0,
    "val_nonfinite": 0.0
  },
  "timing_s": {
    "epoch_total": 223.08460807800293,
    "train_free": 129.07561659812927,
    "train_clamp": 51.615814447402954,
    "train_update": 1.742767333984375
  },
  "vg_stats": {
    "vg_unique_min": 1.1404252835745248,
    "vg_unique_max": 6.403583863764493,
    "vg_unique_sat_lo": 0.0,
    "vg_unique_sat_hi": 0.0
  }
}