{
  "epoch": 22,
  "config": {
    "seed": 2,
    "gamma": 0.03,
    "margin": 0.02,
    "delta": 0.1,
    "input_vmin": 0.0,
    "input_vmax": 1.0,
    "rails": [
      0.0,
      0.45
    ],
    "solver": "klu",
    "body_tie": "floating",
    "body_res": 10.0,
    "rs_clamp": 10.0,
    "model_vto": 0.75,
    "vg_cutoff": 0.75,
    "vg_cutoff_epochs": 4,
    "vg_init": {
      "mode": "fixed",
      "lo": 1.0,
      "hi": 3.0,
      "fixed": 4.0
    },
    "epochs": 100,
    "device_include_path": "/home/ma-lab/Desktop/pyclln-final/device_model/nmos_lvl1_ald1106.lib",
    "device_subckt": "NMOSWRAP"
  },
  "train": {
    "acc": 0.9137091162143354,
    "hinge": 0.00992946889352815,
    "n_free": 1437,
    "n_clamp": 1283,
    "hinge_active": 1283,
    "hinge_active_frac": 0.8928322894919972,
    "skipped": 154,
    "reload_free": 0,
    "reload_clamp": 0,
    "nonfinite_free": 0,
    "nonfinite_clamp": 0
  },
  "val": {
    "acc": 0.9,
    "hinge": 0.00988665805555555,
    "test_gap_mean": 0.01037485,
    "test_gap_median": 0.009642050000000013,
    "test_gap_std": 0.007863358646864722,
    "test_satisfy_frac": 0.11944444444444445,
    "test_hinge_mean": 0.00988665805555556,
    "val_reloads": 0.0,
    "val_nonfinite": 0.0
  },
  "timing_s": {
    "epoch_total": 289.429532289505,
    "train_free": 127.58527731895447,
    "train_clamp": 113.86392903327942,
    "train_update": 3.495114326477051
  },
  "vg_stats": {
    "vg_unique_min": 2.6634349621583744,
    "vg_unique_max": 5.061455304553507,
    "vg_unique_sat_lo": 0.0,
    "vg_unique_sat_hi": 0.0
  }
}