{
  "test_gap_mean": 0.05123017916666666,
  "test_gap_median": 0.052517850000000005,
  "test_gap_std": 0.04202773592407802,
  "test_satisfy_frac": 0.13055555555555556,
  "test_hinge_mean": 0.05073233111111111,
  "val_reloads": 0.0,
  "val_nonfinite": 0.0
}