{
  "test_gap_mean": 0.07141032944444445,
  "test_gap_median": 0.07537750000000001,
  "test_gap_std": 0.051001860964848565,
  "test_satisfy_frac": 0.3277777777777778,
  "test_hinge_mean": 0.036734103055555564,
  "val_reloads": 0.0,
  "val_nonfinite": 0.0
}