{
  "test_gap_mean": 0.06594374277777777,
  "test_gap_median": 0.0686301,
  "test_gap_std": 0.04852250246805202,
  "test_satisfy_frac": 0.26944444444444443,
  "test_hinge_mean": 0.03995926083333334,
  "val_reloads": 0.0,
  "val_nonfinite": 0.0
}