{
  "test_gap_mean": 0.0594946675,
  "test_gap_median": 0.06138390000000002,
  "test_gap_std": 0.04569278022091886,
  "test_satisfy_frac": 0.2,
  "test_hinge_mean": 0.04443745,
  "val_reloads": 0.0,
  "val_nonfinite": 0.0
}