{
  "test_gap_mean": 0.07283811555555555,
  "test_gap_median": 0.07737569999999999,
  "test_gap_std": 0.05155772074211455,
  "test_satisfy_frac": 0.3472222222222222,
  "test_hinge_mean": 0.035908855555555556,
  "val_reloads": 0.0,
  "val_nonfinite": 0.0
}