{
  "test_gap_mean": 0.07169930027777778,
  "test_gap_median": 0.0758559,
  "test_gap_std": 0.051044820724348336,
  "test_satisfy_frac": 0.3277777777777778,
  "test_hinge_mean": 0.03655163611111111,
  "val_reloads": 0.0,
  "val_nonfinite": 0.0
}