{
  "test_gap_mean": 0.05653447666666666,
  "test_gap_median": 0.05737275,
  "test_gap_std": 0.044270497425269444,
  "test_satisfy_frac": 0.17222222222222222,
  "test_hinge_mean": 0.04660179472222222,
  "val_reloads": 0.0,
  "val_nonfinite": 0.0
}