{
  "test_gap_mean": 0.052786601111111116,
  "test_gap_median": 0.05463499999999999,
  "test_gap_std": 0.04266466699131728,
  "test_satisfy_frac": 0.13333333333333333,
  "test_hinge_mean": 0.04948699777777778,
  "val_reloads": 0.0,
  "val_nonfinite": 0.0
}