{
  "test_gap_mean": 0.057847791388888896,
  "test_gap_median": 0.05914430000000001,
  "test_gap_std": 0.044964256175465,
  "test_satisfy_frac": 0.18611111111111112,
  "test_hinge_mean": 0.04563729444444444,
  "val_reloads": 0.0,
  "val_nonfinite": 0.0
}