{
  "test_gap_mean": 0.07385189194444444,
  "test_gap_median": 0.07896700000000001,
  "test_gap_std": 0.05209194112490238,
  "test_satisfy_frac": 0.3527777777777778,
  "test_hinge_mean": 0.035372966944444445,
  "val_reloads": 0.0,
  "val_nonfinite": 0.0
}