{
  "epoch": 86,
  "config": {
    "seed": 0,
    "gamma": 0.3,
    "margin": 0.1,
    "delta": 0.02,
    "input_vmin": 0.0,
    "input_vmax": 1.0,
    "rails": [
      0.0,
      0.45
    ],
    "solver": "klu",
    "body_tie": "floating",
    "body_res": 10.0,
    "rs_clamp": 10.0,
    "model_vto": 0.75,
    "vg_cutoff": 0.75,
    "vg_cutoff_epochs": 4,
    "vg_init": {
      "mode": "random",
      "lo": 1.0,
      "hi": 6.0,
      "fixed": 2.0
    },
    "epochs": 100,
    "device_include_path": "/home/ma-lab/Desktop/pyclln-final/device_model/nmos_lvl1_ald1106.lib",
    "device_subckt": "NMOSWRAP"
  },
  "train": {
    "acc": 0.9324982602644398,
    "hinge": 0.03379796165622832,
    "n_free": 1437,
    "n_clamp": 962,
    "hinge_active": 962,
    "hinge_active_frac": 0.6694502435629784,
    "skipped": 475,
    "reload_free": 0,
    "reload_clamp": 0,
    "nonfinite_free": 0,
    "nonfinite_clamp": 0
  },
  "val": {
    "acc": 0.9027777777777778,
    "hinge": 0.03752731916666666,
    "test_gap_mean": 0.07001284583333334,
    "test_gap_median": 0.07353310000000002,
    "test_gap_std": 0.05038165997332687,
    "test_satisfy_frac": 0.325,
    "test_hinge_mean": 0.03752731916666667,
    "val_reloads": 0.0,
    "val_nonfinite": 0.0
  },
  "timing_s": {
    "epoch_total": 128.49908757209778,
    "train_free": 63.23692035675049,
    "train_clamp": 42.06812572479248,
    "train_update": 1.7763710021972656
  },
  "vg_stats": {
    "vg_unique_min": 0.7231882745836088,
    "vg_unique_max": 8.0,
    "vg_unique_sat_lo": 0.0,
    "vg_unique_sat_hi": 3.0
  }
}