{
  "epoch": 9,
  "config": {
    "seed": 0,
    "gamma": 0.3,
    "margin": 0.1,
    "delta": 0.02,
    "input_vmin": 0.0,
    "input_vmax": 1.0,
    "rails": [
      0.0,
      0.45
    ],
    "solver": "klu",
    "body_tie": "floating",
    "body_res": 10.0,
    "rs_clamp": 10.0,
    "model_vto": 0.75,
    "vg_cutoff": 0.75,
    "vg_cutoff_epochs": 4,
    "vg_init": {
      "mode": "random",
      "lo": 1.0,
      "hi": 6.0,
      "fixed": 2.0
    },
    "epochs": 100,
    "device_include_path": "/home/ma-lab/Desktop/pyclln-final/device_model/nmos_lvl1_ald1106.lib",
    "device_subckt": "NMOSWRAP"
  },
  "train": {
    "acc": 0.7098121085594989,
    "hinge": 0.08668430041753668,
    "n_free": 1437,
    "n_clamp": 1437,
    "hinge_active": 1437,
    "hinge_active_frac": 1.0,
    "skipped": 0,
    "reload_free": 0,
    "reload_clamp": 0,
    "nonfinite_free": 0,
    "nonfinite_clamp": 0
  },
  "val": {
    "acc": 0.7388888888888889,
    "hinge": 0.0853024561111111,
    "test_gap_mean": 0.014697543888888888,
    "test_gap_median": 0.012517449999999986,
    "test_gap_std": 0.022710364905738436,
    "test_satisfy_frac": 0.0,
    "test_hinge_mean": 0.0853024561111111,
    "val_reloads": 0.0,
    "val_nonfinite": 0.0
  },
  "timing_s": {
    "epoch_total": 294.24132657051086,
    "train_free": 121.53853702545166,
    "train_clamp": 122.79131484031677,
    "train_update": 3.536614179611206
  },
  "vg_stats": {
    "vg_unique_min": 0.542559116650391,
    "vg_unique_max": 7.427614397731542,
    "vg_unique_sat_lo": 0.0,
    "vg_unique_sat_hi": 0.0
  }
}