{
  "epoch": 37,
  "config": {
    "seed": 0,
    "gamma": 0.3,
    "margin": 0.1,
    "delta": 0.02,
    "input_vmin": 0.0,
    "input_vmax": 1.0,
    "rails": [
      0.0,
      0.45
    ],
    "solver": "klu",
    "body_tie": "floating",
    "body_res": 10.0,
    "rs_clamp": 10.0,
    "model_vto": 0.75,
    "vg_cutoff": 0.75,
    "vg_cutoff_epochs": 4,
    "vg_init": {
      "mode": "random",
      "lo": 1.0,
      "hi": 6.0,
      "fixed": 2.0
    },
    "epochs": 100,
    "device_include_path": "/home/ma-lab/Desktop/pyclln-final/device_model/nmos_lvl1_ald1106.lib",
    "device_subckt": "NMOSWRAP"
  },
  "train": {
    "acc": 0.8977035490605428,
    "hinge": 0.05016733159359778,
    "n_free": 1437,
    "n_clamp": 1249,
    "hinge_active": 1249,
    "hinge_active_frac": 0.8691718858733473,
    "skipped": 188,
    "reload_free": 0,
    "reload_clamp": 0,
    "nonfinite_free": 0,
    "nonfinite_clamp": 0
  },
  "val": {
    "acc": 0.8888888888888888,
    "hinge": 0.05163811500000001,
    "test_gap_mean": 0.050116214722222226,
    "test_gap_median": 0.05093439999999996,
    "test_gap_std": 0.041538187986053264,
    "test_satisfy_frac": 0.12222222222222222,
    "test_hinge_mean": 0.051638115000000005,
    "val_reloads": 0.0,
    "val_nonfinite": 0.0
  },
  "timing_s": {
    "epoch_total": 234.85831260681152,
    "train_free": 106.49161148071289,
    "train_clamp": 92.68738555908203,
    "train_update": 3.0300025939941406
  },
  "vg_stats": {
    "vg_unique_min": 0.400037618351926,
    "vg_unique_max": 8.0,
    "vg_unique_sat_lo": 0.0,
    "vg_unique_sat_hi": 2.0
  }
}