{
  "epoch": 84,
  "config": {
    "seed": 0,
    "gamma": 0.3,
    "margin": 0.1,
    "delta": 0.02,
    "input_vmin": 0.0,
    "input_vmax": 1.0,
    "rails": [
      0.0,
      0.45
    ],
    "solver": "klu",
    "body_tie": "floating",
    "body_res": 10.0,
    "rs_clamp": 10.0,
    "model_vto": 0.75,
    "vg_cutoff": 0.75,
    "vg_cutoff_epochs": 4,
    "vg_init": {
      "mode": "random",
      "lo": 1.0,
      "hi": 6.0,
      "fixed": 2.0
    },
    "epochs": 100,
    "device_include_path": "/home/ma-lab/Desktop/pyclln-final/device_model/nmos_lvl1_ald1106.lib",
    "device_subckt": "NMOSWRAP"
  },
  "train": {
    "acc": 0.9331941544885177,
    "hinge": 0.03422981990257479,
    "n_free": 1437,
    "n_clamp": 977,
    "hinge_active": 977,
    "hinge_active_frac": 0.6798886569241476,
    "skipped": 460,
    "reload_free": 0,
    "reload_clamp": 0,
    "nonfinite_free": 0,
    "nonfinite_clamp": 0
  },
  "val": {
    "acc": 0.9027777777777778,
    "hinge": 0.03790566222222224,
    "test_gap_mean": 0.06938162166666667,
    "test_gap_median": 0.0726524,
    "test_gap_std": 0.05015316411840918,
    "test_satisfy_frac": 0.3194444444444444,
    "test_hinge_mean": 0.037905662222222226,
    "val_reloads": 0.0,
    "val_nonfinite": 0.0
  },
  "timing_s": {
    "epoch_total": 145.26286935806274,
    "train_free": 69.04520869255066,
    "train_clamp": 46.91317129135132,
    "train_update": 1.952709436416626
  },
  "vg_stats": {
    "vg_unique_min": 0.5986074417439409,
    "vg_unique_max": 8.0,
    "vg_unique_sat_lo": 0.0,
    "vg_unique_sat_hi": 6.0
  }
}