{
  "epoch": 52,
  "config": {
    "seed": 0,
    "gamma": 0.3,
    "margin": 0.1,
    "delta": 0.02,
    "input_vmin": 0.0,
    "input_vmax": 1.0,
    "rails": [
      0.0,
      0.45
    ],
    "solver": "klu",
    "body_tie": "floating",
    "body_res": 10.0,
    "rs_clamp": 10.0,
    "model_vto": 0.75,
    "vg_cutoff": 0.75,
    "vg_cutoff_epochs": 4,
    "vg_init": {
      "mode": "random",
      "lo": 1.0,
      "hi": 6.0,
      "fixed": 2.0
    },
    "epochs": 100,
    "device_include_path": "/home/ma-lab/Desktop/pyclln-final/device_model/nmos_lvl1_ald1106.lib",
    "device_subckt": "NMOSWRAP"
  },
  "train": {
    "acc": 0.9157967988865693,
    "hinge": 0.04366135803757826,
    "n_free": 1437,
    "n_clamp": 1131,
    "hinge_active": 1131,
    "hinge_active_frac": 0.7870563674321504,
    "skipped": 306,
    "reload_free": 0,
    "reload_clamp": 0,
    "nonfinite_free": 0,
    "nonfinite_clamp": 0
  },
  "val": {
    "acc": 0.8944444444444445,
    "hinge": 0.045964314999999985,
    "test_gap_mean": 0.057414893055555555,
    "test_gap_median": 0.058974849999999995,
    "test_gap_std": 0.044803808324834785,
    "test_satisfy_frac": 0.18888888888888888,
    "test_hinge_mean": 0.045964315000000006,
    "val_reloads": 0.0,
    "val_nonfinite": 0.0
  },
  "timing_s": {
    "epoch_total": 217.9956579208374,
    "train_free": 101.71036148071289,
    "train_clamp": 80.08358550071716,
    "train_update": 2.8752520084381104
  },
  "vg_stats": {
    "vg_unique_min": 0.5945801114751895,
    "vg_unique_max": 8.0,
    "vg_unique_sat_lo": 0.0,
    "vg_unique_sat_hi": 3.0
  }
}