{
  "epoch": 46,
  "config": {
    "seed": 0,
    "gamma": 0.3,
    "margin": 0.1,
    "delta": 0.02,
    "input_vmin": 0.0,
    "input_vmax": 1.0,
    "rails": [
      0.0,
      0.45
    ],
    "solver": "klu",
    "body_tie": "floating",
    "body_res": 10.0,
    "rs_clamp": 10.0,
    "model_vto": 0.75,
    "vg_cutoff": 0.75,
    "vg_cutoff_epochs": 4,
    "vg_init": {
      "mode": "random",
      "lo": 1.0,
      "hi": 6.0,
      "fixed": 2.0
    },
    "epochs": 100,
    "device_include_path": "/home/ma-lab/Desktop/pyclln-final/device_model/nmos_lvl1_ald1106.lib",
    "device_subckt": "NMOSWRAP"
  },
  "train": {
    "acc": 0.9109255393180237,
    "hinge": 0.04597047292971466,
    "n_free": 1437,
    "n_clamp": 1174,
    "hinge_active": 1174,
    "hinge_active_frac": 0.8169798190675017,
    "skipped": 263,
    "reload_free": 0,
    "reload_clamp": 0,
    "nonfinite_free": 0,
    "nonfinite_clamp": 0
  },
  "val": {
    "acc": 0.8916666666666667,
    "hinge": 0.04799447777777778,
    "test_gap_mean": 0.054716121666666666,
    "test_gap_median": 0.05628039999999998,
    "test_gap_std": 0.043513679046522286,
    "test_satisfy_frac": 0.15555555555555556,
    "test_hinge_mean": 0.04799447777777779,
    "val_reloads": 0.0,
    "val_nonfinite": 0.0
  },
  "timing_s": {
    "epoch_total": 213.1298954486847,
    "train_free": 98.3798680305481,
    "train_clamp": 80.05857491493225,
    "train_update": 2.715059995651245
  },
  "vg_stats": {
    "vg_unique_min": 0.5808309258139209,
    "vg_unique_max": 8.0,
    "vg_unique_sat_lo": 0.0,
    "vg_unique_sat_hi": 2.0
  }
}