{
  "epoch": 56,
  "config": {
    "seed": 0,
    "gamma": 0.3,
    "margin": 0.1,
    "delta": 0.02,
    "input_vmin": 0.0,
    "input_vmax": 1.0,
    "rails": [
      0.0,
      0.45
    ],
    "solver": "klu",
    "body_tie": "floating",
    "body_res": 10.0,
    "rs_clamp": 10.0,
    "model_vto": 0.75,
    "vg_cutoff": 0.75,
    "vg_cutoff_epochs": 4,
    "vg_init": {
      "mode": "random",
      "lo": 1.0,
      "hi": 6.0,
      "fixed": 2.0
    },
    "epochs": 100,
    "device_include_path": "/home/ma-lab/Desktop/pyclln-final/device_model/nmos_lvl1_ald1106.lib",
    "device_subckt": "NMOSWRAP"
  },
  "train": {
    "acc": 0.919276270006959,
    "hinge": 0.0422068350730688,
    "n_free": 1437,
    "n_clamp": 1115,
    "hinge_active": 1115,
    "hinge_active_frac": 0.7759220598469033,
    "skipped": 322,
    "reload_free": 0,
    "reload_clamp": 0,
    "nonfinite_free": 0,
    "nonfinite_clamp": 0
  },
  "val": {
    "acc": 0.9027777777777778,
    "hinge": 0.04471924277777779,
    "test_gap_mean": 0.059104634722222216,
    "test_gap_median": 0.060461299999999996,
    "test_gap_std": 0.045491439244185035,
    "test_satisfy_frac": 0.19444444444444445,
    "test_hinge_mean": 0.04471924277777778,
    "val_reloads": 0.0,
    "val_nonfinite": 0.0
  },
  "timing_s": {
    "epoch_total": 182.93663024902344,
    "train_free": 83.4273853302002,
    "train_clamp": 64.78495717048645,
    "train_update": 2.4531848430633545
  },
  "vg_stats": {
    "vg_unique_min": 0.6873972239073227,
    "vg_unique_max": 8.0,
    "vg_unique_sat_lo": 0.0,
    "vg_unique_sat_hi": 3.0
  }
}