{
  "epoch": 79,
  "config": {
    "seed": 0,
    "gamma": 0.3,
    "margin": 0.1,
    "delta": 0.02,
    "input_vmin": 0.0,
    "input_vmax": 1.0,
    "rails": [
      0.0,
      0.45
    ],
    "solver": "klu",
    "body_tie": "floating",
    "body_res": 10.0,
    "rs_clamp": 10.0,
    "model_vto": 0.75,
    "vg_cutoff": 0.75,
    "vg_cutoff_epochs": 4,
    "vg_init": {
      "mode": "random",
      "lo": 1.0,
      "hi": 6.0,
      "fixed": 2.0
    },
    "epochs": 100,
    "device_include_path": "/home/ma-lab/Desktop/pyclln-final/device_model/nmos_lvl1_ald1106.lib",
    "device_subckt": "NMOSWRAP"
  },
  "train": {
    "acc": 0.929714683368128,
    "hinge": 0.03538804022268617,
    "n_free": 1437,
    "n_clamp": 1000,
    "hinge_active": 1000,
    "hinge_active_frac": 0.6958942240779401,
    "skipped": 437,
    "reload_free": 0,
    "reload_clamp": 0,
    "nonfinite_free": 0,
    "nonfinite_clamp": 0
  },
  "val": {
    "acc": 0.9027777777777778,
    "hinge": 0.03887354861111113,
    "test_gap_mean": 0.06766533527777778,
    "test_gap_median": 0.07112545,
    "test_gap_std": 0.04927827213447013,
    "test_satisfy_frac": 0.2916666666666667,
    "test_hinge_mean": 0.038873548611111114,
    "val_reloads": 0.0,
    "val_nonfinite": 0.0
  },
  "timing_s": {
    "epoch_total": 158.34449410438538,
    "train_free": 78.06090545654297,
    "train_clamp": 54.26639413833618,
    "train_update": 2.2626357078552246
  },
  "vg_stats": {
    "vg_unique_min": 0.6888719467259913,
    "vg_unique_max": 8.0,
    "vg_unique_sat_lo": 0.0,
    "vg_unique_sat_hi": 3.0
  }
}