{
  "test_gap_mean": 0.03886910444444444,
  "test_gap_median": 0.03772009999999998,
  "test_gap_std": 0.019783618433414165,
  "test_satisfy_frac": 0.8222222222222222,
  "test_hinge_mean": 0.001983425000000001,
  "val_reloads": 0.0,
  "val_nonfinite": 0.0
}