{
  "test_gap_mean": 0.04220828527777778,
  "test_gap_median": 0.04337575000000002,
  "test_gap_std": 0.020848155697610546,
  "test_satisfy_frac": 0.8472222222222222,
  "test_hinge_mean": 0.0019645580555555553,
  "val_reloads": 0.0,
  "val_nonfinite": 0.0
}