{
  "test_gap_mean": 0.05012091694444444,
  "test_gap_median": 0.05116645,
  "test_gap_std": 0.027136009843871392,
  "test_satisfy_frac": 0.8666666666666667,
  "test_hinge_mean": 0.0018560786111111122,
  "val_reloads": 0.0,
  "val_nonfinite": 0.0
}