{
  "test_gap_mean": 0.03402391333333333,
  "test_gap_median": 0.03547320000000001,
  "test_gap_std": 0.017984755731274196,
  "test_satisfy_frac": 0.7972222222222223,
  "test_hinge_mean": 0.002512698888888888,
  "val_reloads": 0.0,
  "val_nonfinite": 0.0
}