{
  "test_gap_mean": 0.04127330666666667,
  "test_gap_median": 0.0406425,
  "test_gap_std": 0.021867219582574076,
  "test_satisfy_frac": 0.8277777777777777,
  "test_hinge_mean": 0.0020888922222222226,
  "val_reloads": 0.0,
  "val_nonfinite": 0.0
}