{
  "epoch": 95,
  "config": {
    "seed": 1,
    "gamma": 3.0,
    "margin": 0.02,
    "delta": 0.05,
    "input_vmin": 0.0,
    "input_vmax": 1.0,
    "rails": [
      0.0,
      0.45
    ],
    "solver": "klu",
    "body_tie": "source",
    "body_res": 10.0,
    "rs_clamp": 10.0,
    "model_vto": 0.75,
    "vg_cutoff": 0.75,
    "vg_cutoff_epochs": 4,
    "vg_init": {
      "mode": "random",
      "lo": 1.0,
      "hi": 6.0,
      "fixed": 2.0
    },
    "epochs": 100,
    "device_include_path": "/home/ma-lab/Desktop/pyclln-final/device_model/nmos_lvl1_ald1106.lib",
    "device_subckt": "NMOSWRAP"
  },
  "train": {
    "acc": 0.9902574808629089,
    "hinge": 0.0007889424495476687,
    "n_free": 1437,
    "n_clamp": 108,
    "hinge_active": 108,
    "hinge_active_frac": 0.07515657620041753,
    "skipped": 1329,
    "reload_free": 0,
    "reload_clamp": 0,
    "nonfinite_free": 0,
    "nonfinite_clamp": 0
  },
  "val": {
    "acc": 0.9583333333333334,
    "hinge": 0.0023649533333333327,
    "test_gap_mean": 0.05277556472222222,
    "test_gap_median": 0.05421815000000002,
    "test_gap_std": 0.029294254368318163,
    "test_satisfy_frac": 0.875,
    "test_hinge_mean": 0.002364953333333333,
    "val_reloads": 0.0,
    "val_nonfinite": 0.0
  },
  "timing_s": {
    "epoch_total": 39.50679659843445,
    "train_free": 25.590827226638794,
    "train_clamp": 1.9278068542480469,
    "train_update": 0.2011876106262207
  },
  "vg_stats": {
    "vg_unique_min": 0.643260003975957,
    "vg_unique_max": 8.0,
    "vg_unique_sat_lo": 0.0,
    "vg_unique_sat_hi": 1.0
  }
}