{
  "epoch": 1,
  "config": {
    "seed": 1,
    "gamma": 3.0,
    "margin": 0.02,
    "delta": 0.05,
    "input_vmin": 0.0,
    "input_vmax": 1.0,
    "rails": [
      0.0,
      0.45
    ],
    "solver": "klu",
    "body_tie": "source",
    "body_res": 10.0,
    "rs_clamp": 10.0,
    "model_vto": 0.75,
    "vg_cutoff": 0.75,
    "vg_cutoff_epochs": 4,
    "vg_init": {
      "mode": "random",
      "lo": 1.0,
      "hi": 6.0,
      "fixed": 2.0
    },
    "epochs": 100,
    "device_include_path": "/home/ma-lab/Desktop/pyclln-final/device_model/nmos_lvl1_ald1106.lib",
    "device_subckt": "NMOSWRAP"
  },
  "train": {
    "acc": 0.6729297146833682,
    "hinge": 0.01573046520528879,
    "n_free": 1437,
    "n_clamp": 989,
    "hinge_active": 989,
    "hinge_active_frac": 0.6882393876130828,
    "skipped": 448,
    "reload_free": 0,
    "reload_clamp": 0,
    "nonfinite_free": 0,
    "nonfinite_clamp": 0
  },
  "val": {
    "acc": 0.8861111111111111,
    "hinge": 0.0062929875,
    "test_gap_mean": 0.020149549722222222,
    "test_gap_median": 0.02236104999999998,
    "test_gap_std": 0.015754005393359492,
    "test_satisfy_frac": 0.5555555555555556,
    "test_hinge_mean": 0.006292987500000001,
    "val_reloads": 0.0,
    "val_nonfinite": 0.0
  },
  "timing_s": {
    "epoch_total": 73.50671648979187,
    "train_free": 32.06955528259277,
    "train_clamp": 21.97022771835327,
    "train_update": 2.440241813659668
  },
  "vg_stats": {
    "vg_unique_min": 0.4,
    "vg_unique_max": 7.157182237841994,
    "vg_unique_sat_lo": 3.0,
    "vg_unique_sat_hi": 0.0
  }
}