{
  "epoch": 23,
  "config": {
    "seed": 1,
    "gamma": 3.0,
    "margin": 0.02,
    "delta": 0.05,
    "input_vmin": 0.0,
    "input_vmax": 1.0,
    "rails": [
      0.0,
      0.45
    ],
    "solver": "klu",
    "body_tie": "source",
    "body_res": 10.0,
    "rs_clamp": 10.0,
    "model_vto": 0.75,
    "vg_cutoff": 0.75,
    "vg_cutoff_epochs": 4,
    "vg_init": {
      "mode": "random",
      "lo": 1.0,
      "hi": 6.0,
      "fixed": 2.0
    },
    "epochs": 100,
    "device_include_path": "/home/ma-lab/Desktop/pyclln-final/device_model/nmos_lvl1_ald1106.lib",
    "device_subckt": "NMOSWRAP"
  },
  "train": {
    "acc": 0.9770354906054279,
    "hinge": 0.001415104453723033,
    "n_free": 1437,
    "n_clamp": 187,
    "hinge_active": 187,
    "hinge_active_frac": 0.1301322199025748,
    "skipped": 1250,
    "reload_free": 0,
    "reload_clamp": 0,
    "nonfinite_free": 0,
    "nonfinite_clamp": 0
  },
  "val": {
    "acc": 0.9666666666666667,
    "hinge": 0.002034360833333335,
    "test_gap_mean": 0.040579178611111114,
    "test_gap_median": 0.040085149999999986,
    "test_gap_std": 0.021099802430222032,
    "test_satisfy_frac": 0.8333333333333334,
    "test_hinge_mean": 0.002034360833333335,
    "val_reloads": 0.0,
    "val_nonfinite": 0.0
  },
  "timing_s": {
    "epoch_total": 61.79155659675598,
    "train_free": 39.25817060470581,
    "train_clamp": 5.118224859237671,
    "train_update": 0.4385530948638916
  },
  "vg_stats": {
    "vg_unique_min": 0.5231570692226389,
    "vg_unique_max": 8.0,
    "vg_unique_sat_lo": 0.0,
    "vg_unique_sat_hi": 1.0
  }
}