{
  "epoch": 35,
  "config": {
    "seed": 1,
    "gamma": 3.0,
    "margin": 0.02,
    "delta": 0.05,
    "input_vmin": 0.0,
    "input_vmax": 1.0,
    "rails": [
      0.0,
      0.45
    ],
    "solver": "klu",
    "body_tie": "source",
    "body_res": 10.0,
    "rs_clamp": 10.0,
    "model_vto": 0.75,
    "vg_cutoff": 0.75,
    "vg_cutoff_epochs": 4,
    "vg_init": {
      "mode": "random",
      "lo": 1.0,
      "hi": 6.0,
      "fixed": 2.0
    },
    "epochs": 100,
    "device_include_path": "/home/ma-lab/Desktop/pyclln-final/device_model/nmos_lvl1_ald1106.lib",
    "device_subckt": "NMOSWRAP"
  },
  "train": {
    "acc": 0.9805149617258176,
    "hinge": 0.0011750231036882384,
    "n_free": 1437,
    "n_clamp": 159,
    "hinge_active": 159,
    "hinge_active_frac": 0.11064718162839249,
    "skipped": 1278,
    "reload_free": 0,
    "reload_clamp": 0,
    "nonfinite_free": 0,
    "nonfinite_clamp": 0
  },
  "val": {
    "acc": 0.9694444444444444,
    "hinge": 0.0022694547222222227,
    "test_gap_mean": 0.04273736611111111,
    "test_gap_median": 0.04483909999999999,
    "test_gap_std": 0.02345422166445299,
    "test_satisfy_frac": 0.8027777777777778,
    "test_hinge_mean": 0.0022694547222222223,
    "val_reloads": 0.0,
    "val_nonfinite": 0.0
  },
  "timing_s": {
    "epoch_total": 49.750165939331055,
    "train_free": 32.35918974876404,
    "train_clamp": 3.585108995437622,
    "train_update": 0.33121228218078613
  },
  "vg_stats": {
    "vg_unique_min": 0.5683782253593275,
    "vg_unique_max": 8.0,
    "vg_unique_sat_lo": 0.0,
    "vg_unique_sat_hi": 3.0
  }
}