{
  "epoch": 5,
  "config": {
    "seed": 0,
    "gamma": 0.03,
    "margin": 0.05,
    "delta": 0.02,
    "input_vmin": 0.0,
    "input_vmax": 1.0,
    "rails": [
      0.0,
      0.45
    ],
    "solver": "klu",
    "body_tie": "ground",
    "body_res": 10.0,
    "rs_clamp": 10.0,
    "model_vto": 0.75,
    "vg_cutoff": 0.75,
    "vg_cutoff_epochs": 4,
    "vg_init": {
      "mode": "random",
      "lo": 0.75,
      "hi": 3.0,
      "fixed": 2.0
    },
    "epochs": 100,
    "device_include_path": "/home/ma-lab/Desktop/pyclln-final/device_model/nmos_lvl1_ald1106.lib",
    "device_subckt": "NMOSWRAP"
  },
  "train": {
    "acc": 0.30758524704244955,
    "hinge": 0.06561804662491308,
    "n_free": 1437,
    "n_clamp": 1437,
    "hinge_active": 1437,
    "hinge_active_frac": 1.0,
    "skipped": 0,
    "reload_free": 0,
    "reload_clamp": 0,
    "nonfinite_free": 0,
    "nonfinite_clamp": 0
  },
  "val": {
    "acc": 0.3277777777777778,
    "hinge": 0.0630487886111111,
    "test_gap_mean": -0.01304878861111111,
    "test_gap_median": -0.009288550000000007,
    "test_gap_std": 0.02623654079384129,
    "test_satisfy_frac": 0.0,
    "test_hinge_mean": 0.0630487886111111,
    "val_reloads": 0.0,
    "val_nonfinite": 0.0
  },
  "timing_s": {
    "epoch_total": 71.03998923301697,
    "train_free": 26.359790563583374,
    "train_clamp": 27.38895058631897,
    "train_update": 3.0140514373779297
  },
  "vg_stats": {
    "vg_unique_min": 0.665947301249106,
    "vg_unique_max": 3.1050434353033745,
    "vg_unique_sat_lo": 0.0,
    "vg_unique_sat_hi": 0.0
  }
}