{
  "epoch": 6,
  "config": {
    "seed": 0,
    "gamma": 0.03,
    "margin": 0.05,
    "delta": 0.02,
    "input_vmin": 0.0,
    "input_vmax": 1.0,
    "rails": [
      0.0,
      0.45
    ],
    "solver": "klu",
    "body_tie": "ground",
    "body_res": 10.0,
    "rs_clamp": 10.0,
    "model_vto": 0.75,
    "vg_cutoff": 0.75,
    "vg_cutoff_epochs": 4,
    "vg_init": {
      "mode": "random",
      "lo": 0.75,
      "hi": 3.0,
      "fixed": 2.0
    },
    "epochs": 100,
    "device_include_path": "/home/ma-lab/Desktop/pyclln-final/device_model/nmos_lvl1_ald1106.lib",
    "device_subckt": "NMOSWRAP"
  },
  "train": {
    "acc": 0.348643006263048,
    "hinge": 0.06332342442588716,
    "n_free": 1437,
    "n_clamp": 1437,
    "hinge_active": 1437,
    "hinge_active_frac": 1.0,
    "skipped": 0,
    "reload_free": 0,
    "reload_clamp": 0,
    "nonfinite_free": 0,
    "nonfinite_clamp": 0
  },
  "val": {
    "acc": 0.3527777777777778,
    "hinge": 0.0609960655555556,
    "test_gap_mean": -0.010996065555555556,
    "test_gap_median": -0.0069134,
    "test_gap_std": 0.02529368460826146,
    "test_satisfy_frac": 0.0,
    "test_hinge_mean": 0.06099606555555555,
    "val_reloads": 0.0,
    "val_nonfinite": 0.0
  },
  "timing_s": {
    "epoch_total": 85.25360655784607,
    "train_free": 32.39283347129822,
    "train_clamp": 33.587398529052734,
    "train_update": 3.262624979019165
  },
  "vg_stats": {
    "vg_unique_min": 0.6384227126556574,
    "vg_unique_max": 3.1360950563554213,
    "vg_unique_sat_lo": 0.0,
    "vg_unique_sat_hi": 0.0
  }
}