run,epoch,support_acc,val_qmass_mean,val_exact_acc,val_soft_ce
g0.05_d0.1_t0.01,17,1.0,0.37753758042072255,0.5253623188405797,1.4036936654314318
g0.1_d0.05_t0.01,13,1.0,0.3773332517023216,0.5362318840579711,1.350984877127445
g0.1_d0.05_t0.01,20,1.0,0.3771646603987679,0.5253623188405797,1.3652714433973128
g0.1_d0.05_t0.01,17,1.0,0.37540926512374595,0.5235507246376812,1.3688352910899164
g0.1_d0.05_t0.01,15,1.0,0.371376651900426,0.532608695652174,1.3564129833696967
g0.05_d0.1_t0.01,20,1.0,0.3685708162463362,0.5271739130434783,1.3929738639010742
g0.05_d0.1_t0.01,15,1.0,0.35878372405208403,0.4954710144927536,1.3946856247300106
