context,support_tokens,entropy_bits,support_mass,top3_mass,top_prediction
<BOS> <BOS> <BOS> <BOS> <BOS> <BOS>,the a,4.0,0.125,0.1875,<BOS>
<BOS> <BOS> <BOS> <BOS> <BOS> the,cat dog boy girl,1.9632194790680706,0.9998044636035692,0.8285359206803125,girl
<BOS> <BOS> <BOS> <BOS> <BOS> a,cat dog boy girl,2.0027647807121176,0.9967179833340198,0.8025950878982832,dog
<BOS> <BOS> <BOS> <BOS> the boy,runs sees likes is,1.697719846693945,0.9697720439335551,0.8737109630191907,is
<BOS> <BOS> <BOS> <BOS> the cat,runs sees likes is,1.615073490617239,0.9999279752996104,0.9135876274850955,is
<BOS> <BOS> <BOS> the boy is,red on,1.1763684012653708,0.9207777883821376,0.9646610263716344,red
<BOS> <BOS> <BOS> the boy likes,the a,2.5554432555002236,0.6342865548106997,0.7217392713184578,a
<BOS> <BOS> the boy is on,the a,1.6732155136821842,0.7043096905325417,0.8932785839592898,the
