{
  "test_gap_mean": 0.07680230083333332,
  "test_gap_median": 0.0683232,
  "test_gap_std": 0.06768359380766077,
  "test_satisfy_frac": 0.8194444444444444,
  "test_hinge_mean": 0.005791911944444444,
  "val_reloads": 0.0,
  "val_nonfinite": 0.0
}