{
  "test_gap_mean": 0.08742537250000001,
  "test_gap_median": 0.07986380000000001,
  "test_gap_std": 0.07155257304424795,
  "test_satisfy_frac": 0.8583333333333333,
  "test_hinge_mean": 0.004677003055555556,
  "val_reloads": 0.0,
  "val_nonfinite": 0.0
}