{
  "test_gap_mean": 0.09062848000000001,
  "test_gap_median": 0.08322875000000002,
  "test_gap_std": 0.07375310235586922,
  "test_satisfy_frac": 0.8555555555555555,
  "test_hinge_mean": 0.004471084722222223,
  "val_reloads": 0.0,
  "val_nonfinite": 0.0
}