{
  "test_gap_mean": 0.04679128666666666,
  "test_gap_median": 0.047455849999999994,
  "test_gap_std": 0.04793623341399593,
  "test_satisfy_frac": 0.7194444444444444,
  "test_hinge_mean": 0.008004238333333333,
  "val_reloads": 0.0,
  "val_nonfinite": 0.0
}