{
  "test_gap_mean": 0.07699679916666667,
  "test_gap_median": 0.06561130000000001,
  "test_gap_std": 0.06652855501009551,
  "test_satisfy_frac": 0.825,
  "test_hinge_mean": 0.005532774166666666,
  "val_reloads": 0.0,
  "val_nonfinite": 0.0
}