{
  "test_gap_mean": 0.08935197444444444,
  "test_gap_median": 0.07929965,
  "test_gap_std": 0.0729359063586704,
  "test_satisfy_frac": 0.8583333333333333,
  "test_hinge_mean": 0.004543183333333333,
  "val_reloads": 0.0,
  "val_nonfinite": 0.0
}