{
  "test_gap_mean": 0.0884974725,
  "test_gap_median": 0.08350905000000003,
  "test_gap_std": 0.07181859237286597,
  "test_satisfy_frac": 0.8611111111111112,
  "test_hinge_mean": 0.004851183611111112,
  "val_reloads": 0.0,
  "val_nonfinite": 0.0
}