{
  "test_gap_mean": 0.08926948750000001,
  "test_gap_median": 0.08183285000000001,
  "test_gap_std": 0.0724447877257669,
  "test_satisfy_frac": 0.8555555555555555,
  "test_hinge_mean": 0.004705516388888889,
  "val_reloads": 0.0,
  "val_nonfinite": 0.0
}