{
  "test_gap_mean": 0.08877287444444444,
  "test_gap_median": 0.08078755,
  "test_gap_std": 0.07222387667371206,
  "test_satisfy_frac": 0.8472222222222222,
  "test_hinge_mean": 0.004546543611111111,
  "val_reloads": 0.0,
  "val_nonfinite": 0.0
}