{
  "test_gap_mean": 0.0812195186111111,
  "test_gap_median": 0.06804245,
  "test_gap_std": 0.06995279343469513,
  "test_satisfy_frac": 0.8444444444444444,
  "test_hinge_mean": 0.00499563888888889,
  "val_reloads": 0.0,
  "val_nonfinite": 0.0
}