{
  "test_gap_mean": 0.0811049686111111,
  "test_gap_median": 0.06653295,
  "test_gap_std": 0.06955637546778383,
  "test_satisfy_frac": 0.8333333333333334,
  "test_hinge_mean": 0.00484225,
  "val_reloads": 0.0,
  "val_nonfinite": 0.0
}