{
  "epoch": 49,
  "config": {
    "seed": 2,
    "gamma": 0.3,
    "margin": 0.02,
    "delta": 0.05,
    "input_vmin": 0.0,
    "input_vmax": 1.0,
    "rails": [
      0.0,
      0.45
    ],
    "solver": "klu",
    "body_tie": "ground",
    "body_res": 10.0,
    "rs_clamp": 10.0,
    "model_vto": 0.75,
    "vg_cutoff": 0.75,
    "vg_cutoff_epochs": 4,
    "vg_init": {
      "mode": "fixed",
      "lo": 1.0,
      "hi": 3.0,
      "fixed": 0.75
    },
    "epochs": 100,
    "device_include_path": "/home/ma-lab/Desktop/pyclln-final/device_model/nmos_lvl1_ald1106.lib",
    "device_subckt": "NMOSWRAP"
  },
  "train": {
    "acc": 0.9526791927627001,
    "hinge": 0.0027106914405010435,
    "n_free": 1437,
    "n_clamp": 151,
    "hinge_active": 151,
    "hinge_active_frac": 0.10508002783576896,
    "skipped": 1286,
    "reload_free": 0,
    "reload_clamp": 0,
    "nonfinite_free": 0,
    "nonfinite_clamp": 0
  },
  "val": {
    "acc": 0.9361111111111111,
    "hinge": 0.004750733055555556,
    "test_gap_mean": 0.08498598,
    "test_gap_median": 0.07458375000000003,
    "test_gap_std": 0.07117564596936612,
    "test_satisfy_frac": 0.8416666666666667,
    "test_hinge_mean": 0.004750733055555555,
    "val_reloads": 0.0,
    "val_nonfinite": 0.0
  },
  "timing_s": {
    "epoch_total": 13.823132991790771,
    "train_free": 7.823955297470093,
    "train_clamp": 0.8084619045257568,
    "train_update": 0.14034461975097656
  },
  "vg_stats": {
    "vg_unique_min": 0.7203535699419363,
    "vg_unique_max": 2.2394507944925643,
    "vg_unique_sat_lo": 0.0,
    "vg_unique_sat_hi": 0.0
  }
}