{
  "epoch": 90,
  "config": {
    "seed": 2,
    "gamma": 0.3,
    "margin": 0.02,
    "delta": 0.05,
    "input_vmin": 0.0,
    "input_vmax": 1.0,
    "rails": [
      0.0,
      0.45
    ],
    "solver": "klu",
    "body_tie": "ground",
    "body_res": 10.0,
    "rs_clamp": 10.0,
    "model_vto": 0.75,
    "vg_cutoff": 0.75,
    "vg_cutoff_epochs": 4,
    "vg_init": {
      "mode": "fixed",
      "lo": 1.0,
      "hi": 3.0,
      "fixed": 0.75
    },
    "epochs": 100,
    "device_include_path": "/home/ma-lab/Desktop/pyclln-final/device_model/nmos_lvl1_ald1106.lib",
    "device_subckt": "NMOSWRAP"
  },
  "train": {
    "acc": 0.9617258176757133,
    "hinge": 0.0022058091162143346,
    "n_free": 1437,
    "n_clamp": 139,
    "hinge_active": 139,
    "hinge_active_frac": 0.09672929714683368,
    "skipped": 1298,
    "reload_free": 0,
    "reload_clamp": 0,
    "nonfinite_free": 0,
    "nonfinite_clamp": 0
  },
  "val": {
    "acc": 0.9305555555555556,
    "hinge": 0.004780647222222221,
    "test_gap_mean": 0.09102159416666665,
    "test_gap_median": 0.08285630000000002,
    "test_gap_std": 0.07477326536296537,
    "test_satisfy_frac": 0.8527777777777777,
    "test_hinge_mean": 0.004780647222222221,
    "val_reloads": 0.0,
    "val_nonfinite": 0.0
  },
  "timing_s": {
    "epoch_total": 11.601271390914917,
    "train_free": 6.2865660190582275,
    "train_clamp": 0.5999529361724854,
    "train_update": 0.12950396537780762
  },
  "vg_stats": {
    "vg_unique_min": 0.7057655570358732,
    "vg_unique_max": 2.478374057307392,
    "vg_unique_sat_lo": 0.0,
    "vg_unique_sat_hi": 0.0
  }
}