{
  "epoch": 54,
  "config": {
    "seed": 2,
    "gamma": 0.3,
    "margin": 0.02,
    "delta": 0.05,
    "input_vmin": 0.0,
    "input_vmax": 1.0,
    "rails": [
      0.0,
      0.45
    ],
    "solver": "klu",
    "body_tie": "ground",
    "body_res": 10.0,
    "rs_clamp": 10.0,
    "model_vto": 0.75,
    "vg_cutoff": 0.75,
    "vg_cutoff_epochs": 4,
    "vg_init": {
      "mode": "fixed",
      "lo": 1.0,
      "hi": 3.0,
      "fixed": 0.75
    },
    "epochs": 100,
    "device_include_path": "/home/ma-lab/Desktop/pyclln-final/device_model/nmos_lvl1_ald1106.lib",
    "device_subckt": "NMOSWRAP"
  },
  "train": {
    "acc": 0.9526791927627001,
    "hinge": 0.0026236033402922744,
    "n_free": 1437,
    "n_clamp": 154,
    "hinge_active": 154,
    "hinge_active_frac": 0.10716771050800278,
    "skipped": 1283,
    "reload_free": 0,
    "reload_clamp": 0,
    "nonfinite_free": 0,
    "nonfinite_clamp": 0
  },
  "val": {
    "acc": 0.9222222222222223,
    "hinge": 0.00465774138888889,
    "test_gap_mean": 0.08534680527777777,
    "test_gap_median": 0.07657089999999997,
    "test_gap_std": 0.06994978295622907,
    "test_satisfy_frac": 0.8611111111111112,
    "test_hinge_mean": 0.00465774138888889,
    "val_reloads": 0.0,
    "val_nonfinite": 0.0
  },
  "timing_s": {
    "epoch_total": 13.875584363937378,
    "train_free": 7.614851236343384,
    "train_clamp": 0.8160390853881836,
    "train_update": 0.14510273933410645
  },
  "vg_stats": {
    "vg_unique_min": 0.7394458274002,
    "vg_unique_max": 2.293689439443131,
    "vg_unique_sat_lo": 0.0,
    "vg_unique_sat_hi": 0.0
  }
}