{
  "epoch": 62,
  "config": {
    "seed": 2,
    "gamma": 0.3,
    "margin": 0.02,
    "delta": 0.05,
    "input_vmin": 0.0,
    "input_vmax": 1.0,
    "rails": [
      0.0,
      0.45
    ],
    "solver": "klu",
    "body_tie": "ground",
    "body_res": 10.0,
    "rs_clamp": 10.0,
    "model_vto": 0.75,
    "vg_cutoff": 0.75,
    "vg_cutoff_epochs": 4,
    "vg_init": {
      "mode": "fixed",
      "lo": 1.0,
      "hi": 3.0,
      "fixed": 0.75
    },
    "epochs": 100,
    "device_include_path": "/home/ma-lab/Desktop/pyclln-final/device_model/nmos_lvl1_ald1106.lib",
    "device_subckt": "NMOSWRAP"
  },
  "train": {
    "acc": 0.9568545581071677,
    "hinge": 0.002461915866388309,
    "n_free": 1437,
    "n_clamp": 147,
    "hinge_active": 147,
    "hinge_active_frac": 0.1022964509394572,
    "skipped": 1290,
    "reload_free": 0,
    "reload_clamp": 0,
    "nonfinite_free": 0,
    "nonfinite_clamp": 0
  },
  "val": {
    "acc": 0.9194444444444444,
    "hinge": 0.004692213611111109,
    "test_gap_mean": 0.0864880486111111,
    "test_gap_median": 0.07888735,
    "test_gap_std": 0.07020253282623584,
    "test_satisfy_frac": 0.8555555555555555,
    "test_hinge_mean": 0.004692213611111111,
    "val_reloads": 0.0,
    "val_nonfinite": 0.0
  },
  "timing_s": {
    "epoch_total": 13.456310510635376,
    "train_free": 7.481229782104492,
    "train_clamp": 0.7606709003448486,
    "train_update": 0.13366127014160156
  },
  "vg_stats": {
    "vg_unique_min": 0.7330499554197825,
    "vg_unique_max": 2.366907278500838,
    "vg_unique_sat_lo": 0.0,
    "vg_unique_sat_hi": 0.0
  }
}