{
  "epoch": 91,
  "config": {
    "seed": 2,
    "gamma": 0.3,
    "margin": 0.02,
    "delta": 0.05,
    "input_vmin": 0.0,
    "input_vmax": 1.0,
    "rails": [
      0.0,
      0.45
    ],
    "solver": "klu",
    "body_tie": "ground",
    "body_res": 10.0,
    "rs_clamp": 10.0,
    "model_vto": 0.75,
    "vg_cutoff": 0.75,
    "vg_cutoff_epochs": 4,
    "vg_init": {
      "mode": "fixed",
      "lo": 1.0,
      "hi": 3.0,
      "fixed": 0.75
    },
    "epochs": 100,
    "device_include_path": "/home/ma-lab/Desktop/pyclln-final/device_model/nmos_lvl1_ald1106.lib",
    "device_subckt": "NMOSWRAP"
  },
  "train": {
    "acc": 0.9617258176757133,
    "hinge": 0.002231017258176756,
    "n_free": 1437,
    "n_clamp": 133,
    "hinge_active": 133,
    "hinge_active_frac": 0.09255393180236604,
    "skipped": 1304,
    "reload_free": 0,
    "reload_clamp": 0,
    "nonfinite_free": 0,
    "nonfinite_clamp": 0
  },
  "val": {
    "acc": 0.9277777777777778,
    "hinge": 0.004540604166666666,
    "test_gap_mean": 0.09098271333333333,
    "test_gap_median": 0.08553835000000001,
    "test_gap_std": 0.0736418156273356,
    "test_satisfy_frac": 0.85,
    "test_hinge_mean": 0.004540604166666668,
    "val_reloads": 0.0,
    "val_nonfinite": 0.0
  },
  "timing_s": {
    "epoch_total": 11.83829951286316,
    "train_free": 6.482933282852173,
    "train_clamp": 0.5892245769500732,
    "train_update": 0.17212557792663574
  },
  "vg_stats": {
    "vg_unique_min": 0.7234748570014312,
    "vg_unique_max": 2.4663136610009886,
    "vg_unique_sat_lo": 0.0,
    "vg_unique_sat_hi": 0.0
  }
}