{
  "epoch": 85,
  "config": {
    "seed": 2,
    "gamma": 0.3,
    "margin": 0.02,
    "delta": 0.05,
    "input_vmin": 0.0,
    "input_vmax": 1.0,
    "rails": [
      0.0,
      0.45
    ],
    "solver": "klu",
    "body_tie": "ground",
    "body_res": 10.0,
    "rs_clamp": 10.0,
    "model_vto": 0.75,
    "vg_cutoff": 0.75,
    "vg_cutoff_epochs": 4,
    "vg_init": {
      "mode": "fixed",
      "lo": 1.0,
      "hi": 3.0,
      "fixed": 0.75
    },
    "epochs": 100,
    "device_include_path": "/home/ma-lab/Desktop/pyclln-final/device_model/nmos_lvl1_ald1106.lib",
    "device_subckt": "NMOSWRAP"
  },
  "train": {
    "acc": 0.9589422407794015,
    "hinge": 0.002319935142658315,
    "n_free": 1437,
    "n_clamp": 134,
    "hinge_active": 134,
    "hinge_active_frac": 0.09324982602644398,
    "skipped": 1303,
    "reload_free": 0,
    "reload_clamp": 0,
    "nonfinite_free": 0,
    "nonfinite_clamp": 0
  },
  "val": {
    "acc": 0.9305555555555556,
    "hinge": 0.004733903333333334,
    "test_gap_mean": 0.08980304194444445,
    "test_gap_median": 0.08216525000000002,
    "test_gap_std": 0.07370412319584894,
    "test_satisfy_frac": 0.8444444444444444,
    "test_hinge_mean": 0.0047339033333333325,
    "val_reloads": 0.0,
    "val_nonfinite": 0.0
  },
  "timing_s": {
    "epoch_total": 12.008656024932861,
    "train_free": 6.532026529312134,
    "train_clamp": 0.6042015552520752,
    "train_update": 0.1274254322052002
  },
  "vg_stats": {
    "vg_unique_min": 0.745566624601254,
    "vg_unique_max": 2.463183117819801,
    "vg_unique_sat_lo": 0.0,
    "vg_unique_sat_hi": 0.0
  }
}