{
  "epoch": 53,
  "config": {
    "seed": 2,
    "gamma": 0.3,
    "margin": 0.02,
    "delta": 0.05,
    "input_vmin": 0.0,
    "input_vmax": 1.0,
    "rails": [
      0.0,
      0.45
    ],
    "solver": "klu",
    "body_tie": "ground",
    "body_res": 10.0,
    "rs_clamp": 10.0,
    "model_vto": 0.75,
    "vg_cutoff": 0.75,
    "vg_cutoff_epochs": 4,
    "vg_init": {
      "mode": "fixed",
      "lo": 1.0,
      "hi": 3.0,
      "fixed": 0.75
    },
    "epochs": 100,
    "device_include_path": "/home/ma-lab/Desktop/pyclln-final/device_model/nmos_lvl1_ald1106.lib",
    "device_subckt": "NMOSWRAP"
  },
  "train": {
    "acc": 0.9596381350034795,
    "hinge": 0.0024920537926235204,
    "n_free": 1437,
    "n_clamp": 157,
    "hinge_active": 157,
    "hinge_active_frac": 0.10925539318023661,
    "skipped": 1280,
    "reload_free": 0,
    "reload_clamp": 0,
    "nonfinite_free": 0,
    "nonfinite_clamp": 0
  },
  "val": {
    "acc": 0.9277777777777778,
    "hinge": 0.004563521944444445,
    "test_gap_mean": 0.08423113583333333,
    "test_gap_median": 0.07398335,
    "test_gap_std": 0.06979489932512953,
    "test_satisfy_frac": 0.8388888888888889,
    "test_hinge_mean": 0.004563521944444445,
    "val_reloads": 0.0,
    "val_nonfinite": 0.0
  },
  "timing_s": {
    "epoch_total": 13.839738368988037,
    "train_free": 7.705714702606201,
    "train_clamp": 0.8378369808197021,
    "train_update": 0.1493382453918457
  },
  "vg_stats": {
    "vg_unique_min": 0.7520793328236143,
    "vg_unique_max": 2.282209673860541,
    "vg_unique_sat_lo": 0.0,
    "vg_unique_sat_hi": 0.0
  }
}