{
  "epoch": 45,
  "config": {
    "seed": 2,
    "gamma": 0.3,
    "margin": 0.02,
    "delta": 0.05,
    "input_vmin": 0.0,
    "input_vmax": 1.0,
    "rails": [
      0.0,
      0.45
    ],
    "solver": "klu",
    "body_tie": "ground",
    "body_res": 10.0,
    "rs_clamp": 10.0,
    "model_vto": 0.75,
    "vg_cutoff": 0.75,
    "vg_cutoff_epochs": 4,
    "vg_init": {
      "mode": "fixed",
      "lo": 1.0,
      "hi": 3.0,
      "fixed": 0.75
    },
    "epochs": 100,
    "device_include_path": "/home/ma-lab/Desktop/pyclln-final/device_model/nmos_lvl1_ald1106.lib",
    "device_subckt": "NMOSWRAP"
  },
  "train": {
    "acc": 0.9512874043145442,
    "hinge": 0.0027607955462769646,
    "n_free": 1437,
    "n_clamp": 162,
    "hinge_active": 162,
    "hinge_active_frac": 0.1127348643006263,
    "skipped": 1275,
    "reload_free": 0,
    "reload_clamp": 0,
    "nonfinite_free": 0,
    "nonfinite_clamp": 0
  },
  "val": {
    "acc": 0.9222222222222223,
    "hinge": 0.004968787777777779,
    "test_gap_mean": 0.0835479475,
    "test_gap_median": 0.07424965,
    "test_gap_std": 0.07121553972057054,
    "test_satisfy_frac": 0.8361111111111111,
    "test_hinge_mean": 0.0049687877777777785,
    "val_reloads": 0.0,
    "val_nonfinite": 0.0
  },
  "timing_s": {
    "epoch_total": 14.33383846282959,
    "train_free": 7.915044069290161,
    "train_clamp": 0.8783159255981445,
    "train_update": 0.1991879940032959
  },
  "vg_stats": {
    "vg_unique_min": 0.7184197321460387,
    "vg_unique_max": 2.2357329866819944,
    "vg_unique_sat_lo": 0.0,
    "vg_unique_sat_hi": 0.0
  }
}