{
  "epoch": 74,
  "config": {
    "seed": 2,
    "gamma": 0.3,
    "margin": 0.02,
    "delta": 0.05,
    "input_vmin": 0.0,
    "input_vmax": 1.0,
    "rails": [
      0.0,
      0.45
    ],
    "solver": "klu",
    "body_tie": "ground",
    "body_res": 10.0,
    "rs_clamp": 10.0,
    "model_vto": 0.75,
    "vg_cutoff": 0.75,
    "vg_cutoff_epochs": 4,
    "vg_init": {
      "mode": "fixed",
      "lo": 1.0,
      "hi": 3.0,
      "fixed": 0.75
    },
    "epochs": 100,
    "device_include_path": "/home/ma-lab/Desktop/pyclln-final/device_model/nmos_lvl1_ald1106.lib",
    "device_subckt": "NMOSWRAP"
  },
  "train": {
    "acc": 0.9582463465553236,
    "hinge": 0.0023843574112734855,
    "n_free": 1437,
    "n_clamp": 145,
    "hinge_active": 145,
    "hinge_active_frac": 0.10090466249130133,
    "skipped": 1292,
    "reload_free": 0,
    "reload_clamp": 0,
    "nonfinite_free": 0,
    "nonfinite_clamp": 0
  },
  "val": {
    "acc": 0.9194444444444444,
    "hinge": 0.004851183611111107,
    "test_gap_mean": 0.0884974725,
    "test_gap_median": 0.08350905000000003,
    "test_gap_std": 0.07181859237286597,
    "test_satisfy_frac": 0.8611111111111112,
    "test_hinge_mean": 0.004851183611111112,
    "val_reloads": 0.0,
    "val_nonfinite": 0.0
  },
  "timing_s": {
    "epoch_total": 12.299843788146973,
    "train_free": 6.711711883544922,
    "train_clamp": 0.6695871353149414,
    "train_update": 0.13715457916259766
  },
  "vg_stats": {
    "vg_unique_min": 0.7262127751942367,
    "vg_unique_max": 2.4293825428554108,
    "vg_unique_sat_lo": 0.0,
    "vg_unique_sat_hi": 0.0
  }
}