{
  "epoch": 61,
  "config": {
    "seed": 2,
    "gamma": 0.3,
    "margin": 0.02,
    "delta": 0.05,
    "input_vmin": 0.0,
    "input_vmax": 1.0,
    "rails": [
      0.0,
      0.45
    ],
    "solver": "klu",
    "body_tie": "ground",
    "body_res": 10.0,
    "rs_clamp": 10.0,
    "model_vto": 0.75,
    "vg_cutoff": 0.75,
    "vg_cutoff_epochs": 4,
    "vg_init": {
      "mode": "fixed",
      "lo": 1.0,
      "hi": 3.0,
      "fixed": 0.75
    },
    "epochs": 100,
    "device_include_path": "/home/ma-lab/Desktop/pyclln-final/device_model/nmos_lvl1_ald1106.lib",
    "device_subckt": "NMOSWRAP"
  },
  "train": {
    "acc": 0.9603340292275574,
    "hinge": 0.0024507345163535155,
    "n_free": 1437,
    "n_clamp": 145,
    "hinge_active": 145,
    "hinge_active_frac": 0.10090466249130133,
    "skipped": 1292,
    "reload_free": 0,
    "reload_clamp": 0,
    "nonfinite_free": 0,
    "nonfinite_clamp": 0
  },
  "val": {
    "acc": 0.9277777777777778,
    "hinge": 0.00466408472222222,
    "test_gap_mean": 0.08637824305555554,
    "test_gap_median": 0.07743354999999999,
    "test_gap_std": 0.07080713632501989,
    "test_satisfy_frac": 0.8388888888888889,
    "test_hinge_mean": 0.004664084722222222,
    "val_reloads": 0.0,
    "val_nonfinite": 0.0
  },
  "timing_s": {
    "epoch_total": 13.750370740890503,
    "train_free": 7.6210925579071045,
    "train_clamp": 0.7598860263824463,
    "train_update": 0.1342940330505371
  },
  "vg_stats": {
    "vg_unique_min": 0.6760416587753209,
    "vg_unique_max": 2.359113457121472,
    "vg_unique_sat_lo": 0.0,
    "vg_unique_sat_hi": 0.0
  }
}