{
  "epoch": 57,
  "config": {
    "seed": 2,
    "gamma": 0.3,
    "margin": 0.02,
    "delta": 0.05,
    "input_vmin": 0.0,
    "input_vmax": 1.0,
    "rails": [
      0.0,
      0.45
    ],
    "solver": "klu",
    "body_tie": "ground",
    "body_res": 10.0,
    "rs_clamp": 10.0,
    "model_vto": 0.75,
    "vg_cutoff": 0.75,
    "vg_cutoff_epochs": 4,
    "vg_init": {
      "mode": "fixed",
      "lo": 1.0,
      "hi": 3.0,
      "fixed": 0.75
    },
    "epochs": 100,
    "device_include_path": "/home/ma-lab/Desktop/pyclln-final/device_model/nmos_lvl1_ald1106.lib",
    "device_subckt": "NMOSWRAP"
  },
  "train": {
    "acc": 0.9575504523312457,
    "hinge": 0.00260058441196938,
    "n_free": 1437,
    "n_clamp": 148,
    "hinge_active": 148,
    "hinge_active_frac": 0.10299234516353514,
    "skipped": 1289,
    "reload_free": 0,
    "reload_clamp": 0,
    "nonfinite_free": 0,
    "nonfinite_clamp": 0
  },
  "val": {
    "acc": 0.925,
    "hinge": 0.004624442499999998,
    "test_gap_mean": 0.08664431805555556,
    "test_gap_median": 0.07919390000000001,
    "test_gap_std": 0.07061336297352869,
    "test_satisfy_frac": 0.8583333333333333,
    "test_hinge_mean": 0.0046244425,
    "val_reloads": 0.0,
    "val_nonfinite": 0.0
  },
  "timing_s": {
    "epoch_total": 13.957323789596558,
    "train_free": 7.806853294372559,
    "train_clamp": 0.8027284145355225,
    "train_update": 0.14004898071289062
  },
  "vg_stats": {
    "vg_unique_min": 0.7076680921299637,
    "vg_unique_max": 2.2948982736249937,
    "vg_unique_sat_lo": 0.0,
    "vg_unique_sat_hi": 0.0
  }
}