{
  "epoch": 92,
  "config": {
    "seed": 2,
    "gamma": 0.3,
    "margin": 0.02,
    "delta": 0.05,
    "input_vmin": 0.0,
    "input_vmax": 1.0,
    "rails": [
      0.0,
      0.45
    ],
    "solver": "klu",
    "body_tie": "ground",
    "body_res": 10.0,
    "rs_clamp": 10.0,
    "model_vto": 0.75,
    "vg_cutoff": 0.75,
    "vg_cutoff_epochs": 4,
    "vg_init": {
      "mode": "fixed",
      "lo": 1.0,
      "hi": 3.0,
      "fixed": 0.75
    },
    "epochs": 100,
    "device_include_path": "/home/ma-lab/Desktop/pyclln-final/device_model/nmos_lvl1_ald1106.lib",
    "device_subckt": "NMOSWRAP"
  },
  "train": {
    "acc": 0.9659011830201809,
    "hinge": 0.0021054800278357665,
    "n_free": 1437,
    "n_clamp": 137,
    "hinge_active": 137,
    "hinge_active_frac": 0.0953375086986778,
    "skipped": 1300,
    "reload_free": 0,
    "reload_clamp": 0,
    "nonfinite_free": 0,
    "nonfinite_clamp": 0
  },
  "val": {
    "acc": 0.9277777777777778,
    "hinge": 0.00489735722222222,
    "test_gap_mean": 0.09146690944444445,
    "test_gap_median": 0.08471320000000002,
    "test_gap_std": 0.07587946047115246,
    "test_satisfy_frac": 0.8444444444444444,
    "test_hinge_mean": 0.004897357222222223,
    "val_reloads": 0.0,
    "val_nonfinite": 0.0
  },
  "timing_s": {
    "epoch_total": 11.647664546966553,
    "train_free": 6.293492794036865,
    "train_clamp": 0.5880379676818848,
    "train_update": 0.1263878345489502
  },
  "vg_stats": {
    "vg_unique_min": 0.7561044039970848,
    "vg_unique_max": 2.4842879690165063,
    "vg_unique_sat_lo": 0.0,
    "vg_unique_sat_hi": 0.0
  }
}