{
  "epoch": 76,
  "config": {
    "seed": 2,
    "gamma": 0.3,
    "margin": 0.02,
    "delta": 0.05,
    "input_vmin": 0.0,
    "input_vmax": 1.0,
    "rails": [
      0.0,
      0.45
    ],
    "solver": "klu",
    "body_tie": "ground",
    "body_res": 10.0,
    "rs_clamp": 10.0,
    "model_vto": 0.75,
    "vg_cutoff": 0.75,
    "vg_cutoff_epochs": 4,
    "vg_init": {
      "mode": "fixed",
      "lo": 1.0,
      "hi": 3.0,
      "fixed": 0.75
    },
    "epochs": 100,
    "device_include_path": "/home/ma-lab/Desktop/pyclln-final/device_model/nmos_lvl1_ald1106.lib",
    "device_subckt": "NMOSWRAP"
  },
  "train": {
    "acc": 0.9603340292275574,
    "hinge": 0.00233967369519833,
    "n_free": 1437,
    "n_clamp": 132,
    "hinge_active": 132,
    "hinge_active_frac": 0.0918580375782881,
    "skipped": 1305,
    "reload_free": 0,
    "reload_clamp": 0,
    "nonfinite_free": 0,
    "nonfinite_clamp": 0
  },
  "val": {
    "acc": 0.9305555555555556,
    "hinge": 0.004547594444444444,
    "test_gap_mean": 0.08823661000000001,
    "test_gap_median": 0.07881460000000001,
    "test_gap_std": 0.07163790773094585,
    "test_satisfy_frac": 0.8611111111111112,
    "test_hinge_mean": 0.004547594444444445,
    "val_reloads": 0.0,
    "val_nonfinite": 0.0
  },
  "timing_s": {
    "epoch_total": 12.15491795539856,
    "train_free": 6.587535858154297,
    "train_clamp": 0.5931673049926758,
    "train_update": 0.1717815399169922
  },
  "vg_stats": {
    "vg_unique_min": 0.7599185211316234,
    "vg_unique_max": 2.418162364616181,
    "vg_unique_sat_lo": 0.0,
    "vg_unique_sat_hi": 0.0
  }
}