{
  "test_gap_mean": 0.08406096527777777,
  "test_gap_median": 0.08651875000000003,
  "test_gap_std": 0.05022678406308331,
  "test_satisfy_frac": 0.7555555555555555,
  "test_hinge_mean": 0.008289893611111111,
  "val_reloads": 0.0,
  "val_nonfinite": 0.0
}