{
  "test_gap_mean": 0.09978692277777777,
  "test_gap_median": 0.10323554999999998,
  "test_gap_std": 0.061232245934554445,
  "test_satisfy_frac": 0.8111111111111111,
  "test_hinge_mean": 0.007925416944444446,
  "val_reloads": 0.0,
  "val_nonfinite": 0.0
}