{
  "test_gap_mean": 0.09897845527777778,
  "test_gap_median": 0.10299729999999999,
  "test_gap_std": 0.06131806446784418,
  "test_satisfy_frac": 0.8083333333333333,
  "test_hinge_mean": 0.008207752777777777,
  "val_reloads": 0.0,
  "val_nonfinite": 0.0
}