{
  "test_gap_mean": 0.0975122375,
  "test_gap_median": 0.09868055,
  "test_gap_std": 0.05981012775658307,
  "test_satisfy_frac": 0.8027777777777778,
  "test_hinge_mean": 0.007657088611111112,
  "val_reloads": 0.0,
  "val_nonfinite": 0.0
}