{
  "test_gap_mean": 0.09351432194444445,
  "test_gap_median": 0.0999613,
  "test_gap_std": 0.05311980604921023,
  "test_satisfy_frac": 0.8111111111111111,
  "test_hinge_mean": 0.0071533375,
  "val_reloads": 0.0,
  "val_nonfinite": 0.0
}