{
  "test_gap_mean": 0.08925358472222224,
  "test_gap_median": 0.09133035,
  "test_gap_std": 0.052717275880816074,
  "test_satisfy_frac": 0.7944444444444444,
  "test_hinge_mean": 0.007602798333333335,
  "val_reloads": 0.0,
  "val_nonfinite": 0.0
}