{
  "test_gap_mean": 0.10155015277777776,
  "test_gap_median": 0.10789455,
  "test_gap_std": 0.06364445095216684,
  "test_satisfy_frac": 0.8166666666666667,
  "test_hinge_mean": 0.007936806111111111,
  "val_reloads": 0.0,
  "val_nonfinite": 0.0
}