{
  "test_gap_mean": 0.10041220499999998,
  "test_gap_median": 0.104737,
  "test_gap_std": 0.06037922809108349,
  "test_satisfy_frac": 0.8194444444444444,
  "test_hinge_mean": 0.0073130216666666675,
  "val_reloads": 0.0,
  "val_nonfinite": 0.0
}