{
  "test_gap_mean": 0.09693131527777778,
  "test_gap_median": 0.10102719999999998,
  "test_gap_std": 0.05852505232124924,
  "test_satisfy_frac": 0.825,
  "test_hinge_mean": 0.007854647222222223,
  "val_reloads": 0.0,
  "val_nonfinite": 0.0
}