{
  "epoch": 81,
  "config": {
    "seed": 2,
    "gamma": 3.0,
    "margin": 0.05,
    "delta": 0.05,
    "input_vmin": 0.0,
    "input_vmax": 1.0,
    "rails": [
      0.0,
      0.45
    ],
    "solver": "klu",
    "body_tie": "source",
    "body_res": 10.0,
    "rs_clamp": 10.0,
    "model_vto": 0.75,
    "vg_cutoff": 0.75,
    "vg_cutoff_epochs": 4,
    "vg_init": {
      "mode": "random",
      "lo": 1.5,
      "hi": 2.5,
      "fixed": 2.0
    },
    "epochs": 100,
    "device_include_path": "/home/ma-lab/Desktop/pyclln-final/device_model/nmos_lvl1_ald1106.lib",
    "device_subckt": "NMOSWRAP"
  },
  "train": {
    "acc": 0.9749478079331941,
    "hinge": 0.0043539203897007646,
    "n_free": 1437,
    "n_clamp": 223,
    "hinge_active": 223,
    "hinge_active_frac": 0.15518441196938065,
    "skipped": 1214,
    "reload_free": 0,
    "reload_clamp": 0,
    "nonfinite_free": 0,
    "nonfinite_clamp": 0
  },
  "val": {
    "acc": 0.95,
    "hinge": 0.007503095,
    "test_gap_mean": 0.10111626333333332,
    "test_gap_median": 0.10297075000000003,
    "test_gap_std": 0.06327007290885496,
    "test_satisfy_frac": 0.8055555555555556,
    "test_hinge_mean": 0.007503095,
    "val_reloads": 0.0,
    "val_nonfinite": 0.0
  },
  "timing_s": {
    "epoch_total": 14.7290940284729,
    "train_free": 7.762748956680298,
    "train_clamp": 1.2218425273895264,
    "train_update": 0.21135473251342773
  },
  "vg_stats": {
    "vg_unique_min": 0.6251111173486871,
    "vg_unique_max": 7.683963255439676,
    "vg_unique_sat_lo": 0.0,
    "vg_unique_sat_hi": 0.0
  }
}