{
  "epoch": 26,
  "config": {
    "seed": 2,
    "gamma": 3.0,
    "margin": 0.05,
    "delta": 0.05,
    "input_vmin": 0.0,
    "input_vmax": 1.0,
    "rails": [
      0.0,
      0.45
    ],
    "solver": "klu",
    "body_tie": "source",
    "body_res": 10.0,
    "rs_clamp": 10.0,
    "model_vto": 0.75,
    "vg_cutoff": 0.75,
    "vg_cutoff_epochs": 4,
    "vg_init": {
      "mode": "random",
      "lo": 1.5,
      "hi": 2.5,
      "fixed": 2.0
    },
    "epochs": 100,
    "device_include_path": "/home/ma-lab/Desktop/pyclln-final/device_model/nmos_lvl1_ald1106.lib",
    "device_subckt": "NMOSWRAP"
  },
  "train": {
    "acc": 0.9700765483646486,
    "hinge": 0.004567692832289495,
    "n_free": 1437,
    "n_clamp": 220,
    "hinge_active": 220,
    "hinge_active_frac": 0.15309672929714682,
    "skipped": 1217,
    "reload_free": 0,
    "reload_clamp": 0,
    "nonfinite_free": 0,
    "nonfinite_clamp": 0
  },
  "val": {
    "acc": 0.9472222222222222,
    "hinge": 0.007562416111111114,
    "test_gap_mean": 0.09186644666666667,
    "test_gap_median": 0.09706275000000003,
    "test_gap_std": 0.05410715822789933,
    "test_satisfy_frac": 0.7972222222222223,
    "test_hinge_mean": 0.0075624161111111105,
    "val_reloads": 0.0,
    "val_nonfinite": 0.0
  },
  "timing_s": {
    "epoch_total": 21.132200241088867,
    "train_free": 12.242301225662231,
    "train_clamp": 1.8771543502807617,
    "train_update": 0.33550548553466797
  },
  "vg_stats": {
    "vg_unique_min": 0.4002695496741998,
    "vg_unique_max": 7.84872072650824,
    "vg_unique_sat_lo": 0.0,
    "vg_unique_sat_hi": 0.0
  }
}