{
  "epoch": 82,
  "config": {
    "seed": 2,
    "gamma": 3.0,
    "margin": 0.05,
    "delta": 0.05,
    "input_vmin": 0.0,
    "input_vmax": 1.0,
    "rails": [
      0.0,
      0.45
    ],
    "solver": "klu",
    "body_tie": "source",
    "body_res": 10.0,
    "rs_clamp": 10.0,
    "model_vto": 0.75,
    "vg_cutoff": 0.75,
    "vg_cutoff_epochs": 4,
    "vg_init": {
      "mode": "random",
      "lo": 1.5,
      "hi": 2.5,
      "fixed": 2.0
    },
    "epochs": 100,
    "device_include_path": "/home/ma-lab/Desktop/pyclln-final/device_model/nmos_lvl1_ald1106.lib",
    "device_subckt": "NMOSWRAP"
  },
  "train": {
    "acc": 0.9721642310368824,
    "hinge": 0.004546533333333333,
    "n_free": 1437,
    "n_clamp": 218,
    "hinge_active": 218,
    "hinge_active_frac": 0.15170494084899094,
    "skipped": 1219,
    "reload_free": 0,
    "reload_clamp": 0,
    "nonfinite_free": 0,
    "nonfinite_clamp": 0
  },
  "val": {
    "acc": 0.9472222222222222,
    "hinge": 0.00751688138888889,
    "test_gap_mean": 0.10231601611111112,
    "test_gap_median": 0.10607204999999997,
    "test_gap_std": 0.06381976998869347,
    "test_satisfy_frac": 0.8194444444444444,
    "test_hinge_mean": 0.00751688138888889,
    "val_reloads": 0.0,
    "val_nonfinite": 0.0
  },
  "timing_s": {
    "epoch_total": 14.25670838356018,
    "train_free": 7.631591558456421,
    "train_clamp": 1.1451997756958008,
    "train_update": 0.20170331001281738
  },
  "vg_stats": {
    "vg_unique_min": 0.44666539426086915,
    "vg_unique_max": 7.603435166035402,
    "vg_unique_sat_lo": 0.0,
    "vg_unique_sat_hi": 0.0
  }
}