{
  "epoch": 88,
  "config": {
    "seed": 2,
    "gamma": 3.0,
    "margin": 0.05,
    "delta": 0.05,
    "input_vmin": 0.0,
    "input_vmax": 1.0,
    "rails": [
      0.0,
      0.45
    ],
    "solver": "klu",
    "body_tie": "source",
    "body_res": 10.0,
    "rs_clamp": 10.0,
    "model_vto": 0.75,
    "vg_cutoff": 0.75,
    "vg_cutoff_epochs": 4,
    "vg_init": {
      "mode": "random",
      "lo": 1.5,
      "hi": 2.5,
      "fixed": 2.0
    },
    "epochs": 100,
    "device_include_path": "/home/ma-lab/Desktop/pyclln-final/device_model/nmos_lvl1_ald1106.lib",
    "device_subckt": "NMOSWRAP"
  },
  "train": {
    "acc": 0.9735560194850382,
    "hinge": 0.0044468485734168416,
    "n_free": 1437,
    "n_clamp": 219,
    "hinge_active": 219,
    "hinge_active_frac": 0.1524008350730689,
    "skipped": 1218,
    "reload_free": 0,
    "reload_clamp": 0,
    "nonfinite_free": 0,
    "nonfinite_clamp": 0
  },
  "val": {
    "acc": 0.9416666666666667,
    "hinge": 0.007397248888888888,
    "test_gap_mean": 0.10396903416666667,
    "test_gap_median": 0.10545395000000002,
    "test_gap_std": 0.06522889172039764,
    "test_satisfy_frac": 0.8388888888888889,
    "test_hinge_mean": 0.007397248888888888,
    "val_reloads": 0.0,
    "val_nonfinite": 0.0
  },
  "timing_s": {
    "epoch_total": 14.614225387573242,
    "train_free": 7.902055978775024,
    "train_clamp": 1.210475206375122,
    "train_update": 0.20657110214233398
  },
  "vg_stats": {
    "vg_unique_min": 0.6417932610472294,
    "vg_unique_max": 7.601530681572467,
    "vg_unique_sat_lo": 0.0,
    "vg_unique_sat_hi": 0.0
  }
}