{
  "epoch": 86,
  "config": {
    "seed": 2,
    "gamma": 3.0,
    "margin": 0.05,
    "delta": 0.05,
    "input_vmin": 0.0,
    "input_vmax": 1.0,
    "rails": [
      0.0,
      0.45
    ],
    "solver": "klu",
    "body_tie": "source",
    "body_res": 10.0,
    "rs_clamp": 10.0,
    "model_vto": 0.75,
    "vg_cutoff": 0.75,
    "vg_cutoff_epochs": 4,
    "vg_init": {
      "mode": "random",
      "lo": 1.5,
      "hi": 2.5,
      "fixed": 2.0
    },
    "epochs": 100,
    "device_include_path": "/home/ma-lab/Desktop/pyclln-final/device_model/nmos_lvl1_ald1106.lib",
    "device_subckt": "NMOSWRAP"
  },
  "train": {
    "acc": 0.9735560194850382,
    "hinge": 0.004412989700765483,
    "n_free": 1437,
    "n_clamp": 215,
    "hinge_active": 215,
    "hinge_active_frac": 0.14961725817675714,
    "skipped": 1222,
    "reload_free": 0,
    "reload_clamp": 0,
    "nonfinite_free": 0,
    "nonfinite_clamp": 0
  },
  "val": {
    "acc": 0.9388888888888889,
    "hinge": 0.007744686944444444,
    "test_gap_mean": 0.10183050333333334,
    "test_gap_median": 0.10956625,
    "test_gap_std": 0.06192038217525784,
    "test_satisfy_frac": 0.8083333333333333,
    "test_hinge_mean": 0.007744686944444444,
    "val_reloads": 0.0,
    "val_nonfinite": 0.0
  },
  "timing_s": {
    "epoch_total": 14.411200523376465,
    "train_free": 7.809684753417969,
    "train_clamp": 1.1483979225158691,
    "train_update": 0.20258402824401855
  },
  "vg_stats": {
    "vg_unique_min": 0.7259125738067388,
    "vg_unique_max": 7.7193505659667405,
    "vg_unique_sat_lo": 0.0,
    "vg_unique_sat_hi": 0.0
  }
}