{
  "epoch": 69,
  "config": {
    "seed": 2,
    "gamma": 3.0,
    "margin": 0.05,
    "delta": 0.05,
    "input_vmin": 0.0,
    "input_vmax": 1.0,
    "rails": [
      0.0,
      0.45
    ],
    "solver": "klu",
    "body_tie": "source",
    "body_res": 10.0,
    "rs_clamp": 10.0,
    "model_vto": 0.75,
    "vg_cutoff": 0.75,
    "vg_cutoff_epochs": 4,
    "vg_init": {
      "mode": "random",
      "lo": 1.5,
      "hi": 2.5,
      "fixed": 2.0
    },
    "epochs": 100,
    "device_include_path": "/home/ma-lab/Desktop/pyclln-final/device_model/nmos_lvl1_ald1106.lib",
    "device_subckt": "NMOSWRAP"
  },
  "train": {
    "acc": 0.9714683368128044,
    "hinge": 0.0043566821155184435,
    "n_free": 1437,
    "n_clamp": 201,
    "hinge_active": 201,
    "hinge_active_frac": 0.13987473903966596,
    "skipped": 1236,
    "reload_free": 0,
    "reload_clamp": 0,
    "nonfinite_free": 0,
    "nonfinite_clamp": 0
  },
  "val": {
    "acc": 0.9388888888888889,
    "hinge": 0.008273021944444448,
    "test_gap_mean": 0.10001406722222222,
    "test_gap_median": 0.10694120000000001,
    "test_gap_std": 0.06207922342639401,
    "test_satisfy_frac": 0.8027777777777778,
    "test_hinge_mean": 0.008273021944444445,
    "val_reloads": 0.0,
    "val_nonfinite": 0.0
  },
  "timing_s": {
    "epoch_total": 14.042959451675415,
    "train_free": 7.968260765075684,
    "train_clamp": 1.087099313735962,
    "train_update": 0.17852306365966797
  },
  "vg_stats": {
    "vg_unique_min": 0.4526249399806635,
    "vg_unique_max": 7.855921847762656,
    "vg_unique_sat_lo": 0.0,
    "vg_unique_sat_hi": 0.0
  }
}