{
  "epoch": 31,
  "config": {
    "seed": 2,
    "gamma": 3.0,
    "margin": 0.05,
    "delta": 0.05,
    "input_vmin": 0.0,
    "input_vmax": 1.0,
    "rails": [
      0.0,
      0.45
    ],
    "solver": "klu",
    "body_tie": "source",
    "body_res": 10.0,
    "rs_clamp": 10.0,
    "model_vto": 0.75,
    "vg_cutoff": 0.75,
    "vg_cutoff_epochs": 4,
    "vg_init": {
      "mode": "random",
      "lo": 1.5,
      "hi": 2.5,
      "fixed": 2.0
    },
    "epochs": 100,
    "device_include_path": "/home/ma-lab/Desktop/pyclln-final/device_model/nmos_lvl1_ald1106.lib",
    "device_subckt": "NMOSWRAP"
  },
  "train": {
    "acc": 0.9721642310368824,
    "hinge": 0.0047333810020876825,
    "n_free": 1437,
    "n_clamp": 227,
    "hinge_active": 227,
    "hinge_active_frac": 0.1579679888656924,
    "skipped": 1210,
    "reload_free": 0,
    "reload_clamp": 0,
    "nonfinite_free": 0,
    "nonfinite_clamp": 0
  },
  "val": {
    "acc": 0.9388888888888889,
    "hinge": 0.008081328611111112,
    "test_gap_mean": 0.09188267472222221,
    "test_gap_median": 0.09611219999999998,
    "test_gap_std": 0.0551684455108534,
    "test_satisfy_frac": 0.8055555555555556,
    "test_hinge_mean": 0.008081328611111112,
    "val_reloads": 0.0,
    "val_nonfinite": 0.0
  },
  "timing_s": {
    "epoch_total": 21.50101900100708,
    "train_free": 12.24510645866394,
    "train_clamp": 1.9210405349731445,
    "train_update": 0.27408528327941895
  },
  "vg_stats": {
    "vg_unique_min": 0.5434323949611375,
    "vg_unique_max": 7.955530522988868,
    "vg_unique_sat_lo": 0.0,
    "vg_unique_sat_hi": 0.0
  }
}