{
  "test_gap_mean": 0.03781137472222222,
  "test_gap_median": 0.03938890000000003,
  "test_gap_std": 0.025008945764574807,
  "test_satisfy_frac": 0.3472222222222222,
  "test_hinge_mean": 0.01682207611111111,
  "val_reloads": 0.0,
  "val_nonfinite": 0.0
}