{
  "test_gap_mean": 0.008858789444444445,
  "test_gap_median": 0.00783724999999999,
  "test_gap_std": 0.011898985524040822,
  "test_satisfy_frac": 0.0,
  "test_hinge_mean": 0.04114121055555556,
  "val_reloads": 0.0,
  "val_nonfinite": 0.0
}