{
  "test_gap_mean": 0.04611170111111112,
  "test_gap_median": 0.04929635000000002,
  "test_gap_std": 0.028168830235057663,
  "test_satisfy_frac": 0.49166666666666664,
  "test_hinge_mean": 0.013013606666666667,
  "val_reloads": 0.0,
  "val_nonfinite": 0.0
}