{
  "test_gap_mean": 0.041550638333333334,
  "test_gap_median": 0.044051300000000015,
  "test_gap_std": 0.026312824126093967,
  "test_satisfy_frac": 0.4222222222222222,
  "test_hinge_mean": 0.014884675833333333,
  "val_reloads": 0.0,
  "val_nonfinite": 0.0
}