{
  "test_gap_mean": 0.04628418027777778,
  "test_gap_median": 0.049547850000000004,
  "test_gap_std": 0.028277325396192245,
  "test_satisfy_frac": 0.49722222222222223,
  "test_hinge_mean": 0.012965700833333335,
  "val_reloads": 0.0,
  "val_nonfinite": 0.0
}