{
  "test_gap_mean": 0.04470430916666667,
  "test_gap_median": 0.04796524999999999,
  "test_gap_std": 0.027706436110035867,
  "test_satisfy_frac": 0.4722222222222222,
  "test_hinge_mean": 0.013591619444444444,
  "val_reloads": 0.0,
  "val_nonfinite": 0.0
}