{
  "test_gap_mean": 0.03853575305555556,
  "test_gap_median": 0.04049065000000002,
  "test_gap_std": 0.025249576234037882,
  "test_satisfy_frac": 0.3611111111111111,
  "test_hinge_mean": 0.01641614777777778,
  "val_reloads": 0.0,
  "val_nonfinite": 0.0
}