{
  "test_gap_mean": 0.013991949444444445,
  "test_gap_median": 0.012831950000000009,
  "test_gap_std": 0.014581418388136615,
  "test_satisfy_frac": 0.0,
  "test_hinge_mean": 0.03600805055555556,
  "val_reloads": 0.0,
  "val_nonfinite": 0.0
}