{
  "test_gap_mean": 0.049568455277777784,
  "test_gap_median": 0.05329290000000003,
  "test_gap_std": 0.029693311057794086,
  "test_satisfy_frac": 0.5305555555555556,
  "test_hinge_mean": 0.011842871944444446,
  "val_reloads": 0.0,
  "val_nonfinite": 0.0
}