{
  "test_gap_mean": 0.0469855825,
  "test_gap_median": 0.04995470000000002,
  "test_gap_std": 0.028657245173380176,
  "test_satisfy_frac": 0.5,
  "test_hinge_mean": 0.012748213333333336,
  "val_reloads": 0.0,
  "val_nonfinite": 0.0
}