{
  "epoch": 84,
  "config": {
    "seed": 0,
    "gamma": 0.03,
    "margin": 0.05,
    "delta": 0.05,
    "input_vmin": 0.0,
    "input_vmax": 1.0,
    "rails": [
      0.0,
      0.45
    ],
    "solver": "klu",
    "body_tie": "floating",
    "body_res": 10.0,
    "rs_clamp": 10.0,
    "model_vto": 0.75,
    "vg_cutoff": 0.75,
    "vg_cutoff_epochs": 4,
    "vg_init": {
      "mode": "random",
      "lo": 1.5,
      "hi": 2.5,
      "fixed": 2.0
    },
    "epochs": 100,
    "device_include_path": "/home/ma-lab/Desktop/pyclln-final/device_model/nmos_lvl1_ald1106.lib",
    "device_subckt": "NMOSWRAP"
  },
  "train": {
    "acc": 0.9505915100904663,
    "hinge": 0.010321307376478782,
    "n_free": 1437,
    "n_clamp": 611,
    "hinge_active": 611,
    "hinge_active_frac": 0.42519137091162146,
    "skipped": 826,
    "reload_free": 0,
    "reload_clamp": 0,
    "nonfinite_free": 0,
    "nonfinite_clamp": 0
  },
  "val": {
    "acc": 0.9361111111111111,
    "hinge": 0.012355386111111113,
    "test_gap_mean": 0.04811815194444444,
    "test_gap_median": 0.05160324999999999,
    "test_gap_std": 0.029154043800289842,
    "test_satisfy_frac": 0.5111111111111111,
    "test_hinge_mean": 0.012355386111111116,
    "val_reloads": 0.0,
    "val_nonfinite": 0.0
  },
  "timing_s": {
    "epoch_total": 161.37289381027222,
    "train_free": 90.1364541053772,
    "train_clamp": 38.044666051864624,
    "train_update": 1.5535194873809814
  },
  "vg_stats": {
    "vg_unique_min": 0.7278328293569423,
    "vg_unique_max": 4.051680165668626,
    "vg_unique_sat_lo": 0.0,
    "vg_unique_sat_hi": 0.0
  }
}