{
  "epoch": 18,
  "config": {
    "seed": 0,
    "gamma": 0.03,
    "margin": 0.05,
    "delta": 0.05,
    "input_vmin": 0.0,
    "input_vmax": 1.0,
    "rails": [
      0.0,
      0.45
    ],
    "solver": "klu",
    "body_tie": "floating",
    "body_res": 10.0,
    "rs_clamp": 10.0,
    "model_vto": 0.75,
    "vg_cutoff": 0.75,
    "vg_cutoff_epochs": 4,
    "vg_init": {
      "mode": "random",
      "lo": 1.5,
      "hi": 2.5,
      "fixed": 2.0
    },
    "epochs": 100,
    "device_include_path": "/home/ma-lab/Desktop/pyclln-final/device_model/nmos_lvl1_ald1106.lib",
    "device_subckt": "NMOSWRAP"
  },
  "train": {
    "acc": 0.8970076548364648,
    "hinge": 0.025247553235908153,
    "n_free": 1437,
    "n_clamp": 1238,
    "hinge_active": 1238,
    "hinge_active_frac": 0.8615170494084899,
    "skipped": 199,
    "reload_free": 0,
    "reload_clamp": 0,
    "nonfinite_free": 0,
    "nonfinite_clamp": 0
  },
  "val": {
    "acc": 0.8944444444444445,
    "hinge": 0.02559965194444447,
    "test_gap_mean": 0.025395879722222223,
    "test_gap_median": 0.025049349999999998,
    "test_gap_std": 0.020957535479350326,
    "test_satisfy_frac": 0.14722222222222223,
    "test_hinge_mean": 0.02559965194444444,
    "val_reloads": 0.0,
    "val_nonfinite": 0.0
  },
  "timing_s": {
    "epoch_total": 177.7672529220581,
    "train_free": 75.92187571525574,
    "train_clamp": 65.24675512313843,
    "train_update": 2.9197893142700195
  },
  "vg_stats": {
    "vg_unique_min": 0.7515587355308612,
    "vg_unique_max": 3.1229983463411237,
    "vg_unique_sat_lo": 0.0,
    "vg_unique_sat_hi": 0.0
  }
}