{
  "epoch": 94,
  "config": {
    "seed": 0,
    "gamma": 0.03,
    "margin": 0.05,
    "delta": 0.05,
    "input_vmin": 0.0,
    "input_vmax": 1.0,
    "rails": [
      0.0,
      0.45
    ],
    "solver": "klu",
    "body_tie": "floating",
    "body_res": 10.0,
    "rs_clamp": 10.0,
    "model_vto": 0.75,
    "vg_cutoff": 0.75,
    "vg_cutoff_epochs": 4,
    "vg_init": {
      "mode": "random",
      "lo": 1.5,
      "hi": 2.5,
      "fixed": 2.0
    },
    "epochs": 100,
    "device_include_path": "/home/ma-lab/Desktop/pyclln-final/device_model/nmos_lvl1_ald1106.lib",
    "device_subckt": "NMOSWRAP"
  },
  "train": {
    "acc": 0.9512874043145442,
    "hinge": 0.009807996868476002,
    "n_free": 1437,
    "n_clamp": 585,
    "hinge_active": 585,
    "hinge_active_frac": 0.407098121085595,
    "skipped": 852,
    "reload_free": 0,
    "reload_clamp": 0,
    "nonfinite_free": 0,
    "nonfinite_clamp": 0
  },
  "val": {
    "acc": 0.9361111111111111,
    "hinge": 0.01184287194444445,
    "test_gap_mean": 0.049568455277777784,
    "test_gap_median": 0.05329290000000003,
    "test_gap_std": 0.029693311057794086,
    "test_satisfy_frac": 0.5305555555555556,
    "test_hinge_mean": 0.011842871944444446,
    "val_reloads": 0.0,
    "val_nonfinite": 0.0
  },
  "timing_s": {
    "epoch_total": 139.3256697654724,
    "train_free": 76.49309349060059,
    "train_clamp": 30.85040807723999,
    "train_update": 1.1742119789123535
  },
  "vg_stats": {
    "vg_unique_min": 0.7320240612166896,
    "vg_unique_max": 4.157109714948325,
    "vg_unique_sat_lo": 0.0,
    "vg_unique_sat_hi": 0.0
  }
}