{
  "epoch": 96,
  "config": {
    "seed": 0,
    "gamma": 0.03,
    "margin": 0.05,
    "delta": 0.05,
    "input_vmin": 0.0,
    "input_vmax": 1.0,
    "rails": [
      0.0,
      0.45
    ],
    "solver": "klu",
    "body_tie": "floating",
    "body_res": 10.0,
    "rs_clamp": 10.0,
    "model_vto": 0.75,
    "vg_cutoff": 0.75,
    "vg_cutoff_epochs": 4,
    "vg_init": {
      "mode": "random",
      "lo": 1.5,
      "hi": 2.5,
      "fixed": 2.0
    },
    "epochs": 100,
    "device_include_path": "/home/ma-lab/Desktop/pyclln-final/device_model/nmos_lvl1_ald1106.lib",
    "device_subckt": "NMOSWRAP"
  },
  "train": {
    "acc": 0.9512874043145442,
    "hinge": 0.009717544258872663,
    "n_free": 1437,
    "n_clamp": 579,
    "hinge_active": 579,
    "hinge_active_frac": 0.40292275574112735,
    "skipped": 858,
    "reload_free": 0,
    "reload_clamp": 0,
    "nonfinite_free": 0,
    "nonfinite_clamp": 0
  },
  "val": {
    "acc": 0.9361111111111111,
    "hinge": 0.011744853055555568,
    "test_gap_mean": 0.049844325,
    "test_gap_median": 0.053479849999999995,
    "test_gap_std": 0.029780271901049368,
    "test_satisfy_frac": 0.5333333333333333,
    "test_hinge_mean": 0.011744853055555558,
    "val_reloads": 0.0,
    "val_nonfinite": 0.0
  },
  "timing_s": {
    "epoch_total": 153.64739871025085,
    "train_free": 87.09259700775146,
    "train_clamp": 34.75569248199463,
    "train_update": 1.6536779403686523
  },
  "vg_stats": {
    "vg_unique_min": 0.7223082839188466,
    "vg_unique_max": 4.173688539523349,
    "vg_unique_sat_lo": 0.0,
    "vg_unique_sat_hi": 0.0
  }
}