{
  "epoch": 36,
  "config": {
    "seed": 0,
    "gamma": 0.03,
    "margin": 0.05,
    "delta": 0.05,
    "input_vmin": 0.0,
    "input_vmax": 1.0,
    "rails": [
      0.0,
      0.45
    ],
    "solver": "klu",
    "body_tie": "floating",
    "body_res": 10.0,
    "rs_clamp": 10.0,
    "model_vto": 0.75,
    "vg_cutoff": 0.75,
    "vg_cutoff_epochs": 4,
    "vg_init": {
      "mode": "random",
      "lo": 1.5,
      "hi": 2.5,
      "fixed": 2.0
    },
    "epochs": 100,
    "device_include_path": "/home/ma-lab/Desktop/pyclln-final/device_model/nmos_lvl1_ald1106.lib",
    "device_subckt": "NMOSWRAP"
  },
  "train": {
    "acc": 0.9380654140570633,
    "hinge": 0.016627408489909554,
    "n_free": 1437,
    "n_clamp": 954,
    "hinge_active": 954,
    "hinge_active_frac": 0.6638830897703549,
    "skipped": 483,
    "reload_free": 0,
    "reload_clamp": 0,
    "nonfinite_free": 0,
    "nonfinite_clamp": 0
  },
  "val": {
    "acc": 0.9277777777777778,
    "hinge": 0.017780813055555567,
    "test_gap_mean": 0.03630168777777778,
    "test_gap_median": 0.03788715000000001,
    "test_gap_std": 0.024550001988931026,
    "test_satisfy_frac": 0.3194444444444444,
    "test_hinge_mean": 0.017780813055555553,
    "val_reloads": 0.0,
    "val_nonfinite": 0.0
  },
  "timing_s": {
    "epoch_total": 210.67172837257385,
    "train_free": 103.66648936271667,
    "train_clamp": 67.7540636062622,
    "train_update": 2.69357967376709
  },
  "vg_stats": {
    "vg_unique_min": 0.7337151574160645,
    "vg_unique_max": 3.335792652283378,
    "vg_unique_sat_lo": 0.0,
    "vg_unique_sat_hi": 0.0
  }
}