{
  "epoch": 42,
  "config": {
    "seed": 0,
    "gamma": 0.03,
    "margin": 0.05,
    "delta": 0.05,
    "input_vmin": 0.0,
    "input_vmax": 1.0,
    "rails": [
      0.0,
      0.45
    ],
    "solver": "klu",
    "body_tie": "floating",
    "body_res": 10.0,
    "rs_clamp": 10.0,
    "model_vto": 0.75,
    "vg_cutoff": 0.75,
    "vg_cutoff_epochs": 4,
    "vg_init": {
      "mode": "random",
      "lo": 1.5,
      "hi": 2.5,
      "fixed": 2.0
    },
    "epochs": 100,
    "device_include_path": "/home/ma-lab/Desktop/pyclln-final/device_model/nmos_lvl1_ald1106.lib",
    "device_subckt": "NMOSWRAP"
  },
  "train": {
    "acc": 0.941544885177453,
    "hinge": 0.015072812317327775,
    "n_free": 1437,
    "n_clamp": 887,
    "hinge_active": 887,
    "hinge_active_frac": 0.6172581767571329,
    "skipped": 550,
    "reload_free": 0,
    "reload_clamp": 0,
    "nonfinite_free": 0,
    "nonfinite_clamp": 0
  },
  "val": {
    "acc": 0.9305555555555556,
    "hinge": 0.016416147777777793,
    "test_gap_mean": 0.03853575305555556,
    "test_gap_median": 0.04049065000000002,
    "test_gap_std": 0.025249576234037882,
    "test_satisfy_frac": 0.3611111111111111,
    "test_hinge_mean": 0.01641614777777778,
    "val_reloads": 0.0,
    "val_nonfinite": 0.0
  },
  "timing_s": {
    "epoch_total": 209.71327185630798,
    "train_free": 105.80426383018494,
    "train_clamp": 64.73226618766785,
    "train_update": 2.5815939903259277
  },
  "vg_stats": {
    "vg_unique_min": 0.6568791219770983,
    "vg_unique_max": 3.390564100914095,
    "vg_unique_sat_lo": 0.0,
    "vg_unique_sat_hi": 0.0
  }
}