{
  "epoch": 53,
  "config": {
    "seed": 0,
    "gamma": 0.03,
    "margin": 0.05,
    "delta": 0.05,
    "input_vmin": 0.0,
    "input_vmax": 1.0,
    "rails": [
      0.0,
      0.45
    ],
    "solver": "klu",
    "body_tie": "floating",
    "body_res": 10.0,
    "rs_clamp": 10.0,
    "model_vto": 0.75,
    "vg_cutoff": 0.75,
    "vg_cutoff_epochs": 4,
    "vg_init": {
      "mode": "random",
      "lo": 1.5,
      "hi": 2.5,
      "fixed": 2.0
    },
    "epochs": 100,
    "device_include_path": "/home/ma-lab/Desktop/pyclln-final/device_model/nmos_lvl1_ald1106.lib",
    "device_subckt": "NMOSWRAP"
  },
  "train": {
    "acc": 0.9443284620737648,
    "hinge": 0.013132190814196257,
    "n_free": 1437,
    "n_clamp": 798,
    "hinge_active": 798,
    "hinge_active_frac": 0.5553235908141962,
    "skipped": 639,
    "reload_free": 0,
    "reload_clamp": 0,
    "nonfinite_free": 0,
    "nonfinite_clamp": 0
  },
  "val": {
    "acc": 0.9361111111111111,
    "hinge": 0.01475769111111112,
    "test_gap_mean": 0.041854633333333335,
    "test_gap_median": 0.04430205000000001,
    "test_gap_std": 0.02646444504954924,
    "test_satisfy_frac": 0.4222222222222222,
    "test_hinge_mean": 0.01475769111111111,
    "val_reloads": 0.0,
    "val_nonfinite": 0.0
  },
  "timing_s": {
    "epoch_total": 177.98814749717712,
    "train_free": 91.54103088378906,
    "train_clamp": 50.63867139816284,
    "train_update": 1.897066354751587
  },
  "vg_stats": {
    "vg_unique_min": 0.6855147533457795,
    "vg_unique_max": 3.6099185705556827,
    "vg_unique_sat_lo": 0.0,
    "vg_unique_sat_hi": 0.0
  }
}