{
  "epoch": 3,
  "config": {
    "seed": 0,
    "gamma": 0.03,
    "margin": 0.05,
    "delta": 0.05,
    "input_vmin": 0.0,
    "input_vmax": 1.0,
    "rails": [
      0.0,
      0.45
    ],
    "solver": "klu",
    "body_tie": "floating",
    "body_res": 10.0,
    "rs_clamp": 10.0,
    "model_vto": 0.75,
    "vg_cutoff": 0.75,
    "vg_cutoff_epochs": 4,
    "vg_init": {
      "mode": "random",
      "lo": 1.5,
      "hi": 2.5,
      "fixed": 2.0
    },
    "epochs": 100,
    "device_include_path": "/home/ma-lab/Desktop/pyclln-final/device_model/nmos_lvl1_ald1106.lib",
    "device_subckt": "NMOSWRAP"
  },
  "train": {
    "acc": 0.5379262352122477,
    "hinge": 0.04961970000000002,
    "n_free": 1437,
    "n_clamp": 1437,
    "hinge_active": 1437,
    "hinge_active_frac": 1.0,
    "skipped": 0,
    "reload_free": 0,
    "reload_clamp": 0,
    "nonfinite_free": 0,
    "nonfinite_clamp": 0
  },
  "val": {
    "acc": 0.6,
    "hinge": 0.047772701111111114,
    "test_gap_mean": 0.0022272988888888882,
    "test_gap_median": 0.002154199999999995,
    "test_gap_std": 0.009741342399136835,
    "test_satisfy_frac": 0.0,
    "test_hinge_mean": 0.0477727011111111,
    "val_reloads": 0.0,
    "val_nonfinite": 0.0
  },
  "timing_s": {
    "epoch_total": 219.07947778701782,
    "train_free": 89.80830430984497,
    "train_clamp": 90.8959014415741,
    "train_update": 4.261790752410889
  },
  "vg_stats": {
    "vg_unique_min": 1.372616114161883,
    "vg_unique_max": 2.659259093636243,
    "vg_unique_sat_lo": 0.0,
    "vg_unique_sat_hi": 0.0
  }
}