{
  "test_gap_mean": 0.016880451944444444,
  "test_gap_median": 0.017739999999999992,
  "test_gap_std": 0.011318814394110787,
  "test_satisfy_frac": 0.4361111111111111,
  "test_hinge_mean": 0.006181922777777778,
  "val_reloads": 0.0,
  "val_nonfinite": 0.0
}