{
  "test_gap_mean": 0.016392389722222223,
  "test_gap_median": 0.017036549999999984,
  "test_gap_std": 0.011236920789259343,
  "test_satisfy_frac": 0.4222222222222222,
  "test_hinge_mean": 0.006443306111111112,
  "val_reloads": 0.0,
  "val_nonfinite": 0.0
}