{
  "test_gap_mean": 0.013002993055555552,
  "test_gap_median": 0.012925500000000034,
  "test_gap_std": 0.010782440430939432,
  "test_satisfy_frac": 0.30277777777777776,
  "test_hinge_mean": 0.008511543055555557,
  "val_reloads": 0.0,
  "val_nonfinite": 0.0
}