{
  "test_gap_mean": 0.018597063611111114,
  "test_gap_median": 0.0199588,
  "test_gap_std": 0.011612568563545145,
  "test_satisfy_frac": 0.49722222222222223,
  "test_hinge_mean": 0.005373481666666667,
  "val_reloads": 0.0,
  "val_nonfinite": 0.0
}