{
  "test_gap_mean": 0.0032369736111111116,
  "test_gap_median": 0.0035537499999999944,
  "test_gap_std": 0.00898859102499127,
  "test_satisfy_frac": 0.019444444444444445,
  "test_hinge_mean": 0.016798869166666668,
  "val_reloads": 0.0,
  "val_nonfinite": 0.0
}