{
  "test_gap_mean": 0.017741738333333333,
  "test_gap_median": 0.01909904999999998,
  "test_gap_std": 0.011424398774420256,
  "test_satisfy_frac": 0.4666666666666667,
  "test_hinge_mean": 0.00573330138888889,
  "val_reloads": 0.0,
  "val_nonfinite": 0.0
}