{
  "epoch": 42,
  "config": {
    "seed": 2,
    "gamma": 0.03,
    "margin": 0.02,
    "delta": 0.02,
    "input_vmin": 0.0,
    "input_vmax": 1.0,
    "rails": [
      0.0,
      0.45
    ],
    "solver": "klu",
    "body_tie": "floating",
    "body_res": 10.0,
    "rs_clamp": 10.0,
    "model_vto": 0.75,
    "vg_cutoff": 0.75,
    "vg_cutoff_epochs": 4,
    "vg_init": {
      "mode": "random",
      "lo": 1.5,
      "hi": 2.5,
      "fixed": 2.0
    },
    "epochs": 100,
    "device_include_path": "/home/ma-lab/Desktop/pyclln-final/device_model/nmos_lvl1_ald1106.lib",
    "device_subckt": "NMOSWRAP"
  },
  "train": {
    "acc": 0.9137091162143354,
    "hinge": 0.0063604327766179514,
    "n_free": 1437,
    "n_clamp": 862,
    "hinge_active": 862,
    "hinge_active_frac": 0.5998608211551845,
    "skipped": 575,
    "reload_free": 0,
    "reload_clamp": 0,
    "nonfinite_free": 0,
    "nonfinite_clamp": 0
  },
  "val": {
    "acc": 0.8972222222222223,
    "hinge": 0.00687665611111111,
    "test_gap_mean": 0.01565284611111111,
    "test_gap_median": 0.016133199999999986,
    "test_gap_std": 0.011157743038814215,
    "test_satisfy_frac": 0.3861111111111111,
    "test_hinge_mean": 0.006876656111111111,
    "val_reloads": 0.0,
    "val_nonfinite": 0.0
  },
  "timing_s": {
    "epoch_total": 152.8053915500641,
    "train_free": 78.08083009719849,
    "train_clamp": 46.639493465423584,
    "train_update": 1.945918083190918
  },
  "vg_stats": {
    "vg_unique_min": 1.0085208142686177,
    "vg_unique_max": 2.794953015983436,
    "vg_unique_sat_lo": 0.0,
    "vg_unique_sat_hi": 0.0
  }
}