{
  "epoch": 47,
  "config": {
    "seed": 2,
    "gamma": 0.03,
    "margin": 0.02,
    "delta": 0.02,
    "input_vmin": 0.0,
    "input_vmax": 1.0,
    "rails": [
      0.0,
      0.45
    ],
    "solver": "klu",
    "body_tie": "floating",
    "body_res": 10.0,
    "rs_clamp": 10.0,
    "model_vto": 0.75,
    "vg_cutoff": 0.75,
    "vg_cutoff_epochs": 4,
    "vg_init": {
      "mode": "random",
      "lo": 1.5,
      "hi": 2.5,
      "fixed": 2.0
    },
    "epochs": 100,
    "device_include_path": "/home/ma-lab/Desktop/pyclln-final/device_model/nmos_lvl1_ald1106.lib",
    "device_subckt": "NMOSWRAP"
  },
  "train": {
    "acc": 0.919276270006959,
    "hinge": 0.005844638691718861,
    "n_free": 1437,
    "n_clamp": 805,
    "hinge_active": 805,
    "hinge_active_frac": 0.5601948503827419,
    "skipped": 632,
    "reload_free": 0,
    "reload_clamp": 0,
    "nonfinite_free": 0,
    "nonfinite_clamp": 0
  },
  "val": {
    "acc": 0.9055555555555556,
    "hinge": 0.006352556111111105,
    "test_gap_mean": 0.016561570833333338,
    "test_gap_median": 0.017206499999999986,
    "test_gap_std": 0.011266055007312373,
    "test_satisfy_frac": 0.425,
    "test_hinge_mean": 0.006352556111111111,
    "val_reloads": 0.0,
    "val_nonfinite": 0.0
  },
  "timing_s": {
    "epoch_total": 158.5977599620819,
    "train_free": 80.71739768981934,
    "train_clamp": 44.88976716995239,
    "train_update": 1.806835412979126
  },
  "vg_stats": {
    "vg_unique_min": 0.9758812483688195,
    "vg_unique_max": 2.805375923372251,
    "vg_unique_sat_lo": 0.0,
    "vg_unique_sat_hi": 0.0
  }
}