{
  "epoch": 12,
  "config": {
    "seed": 2,
    "gamma": 0.03,
    "margin": 0.02,
    "delta": 0.02,
    "input_vmin": 0.0,
    "input_vmax": 1.0,
    "rails": [
      0.0,
      0.45
    ],
    "solver": "klu",
    "body_tie": "floating",
    "body_res": 10.0,
    "rs_clamp": 10.0,
    "model_vto": 0.75,
    "vg_cutoff": 0.75,
    "vg_cutoff_epochs": 4,
    "vg_init": {
      "mode": "random",
      "lo": 1.5,
      "hi": 2.5,
      "fixed": 2.0
    },
    "epochs": 100,
    "device_include_path": "/home/ma-lab/Desktop/pyclln-final/device_model/nmos_lvl1_ald1106.lib",
    "device_subckt": "NMOSWRAP"
  },
  "train": {
    "acc": 0.6743215031315241,
    "hinge": 0.016827423799582457,
    "n_free": 1437,
    "n_clamp": 1417,
    "hinge_active": 1417,
    "hinge_active_frac": 0.9860821155184412,
    "skipped": 20,
    "reload_free": 0,
    "reload_clamp": 0,
    "nonfinite_free": 0,
    "nonfinite_clamp": 0
  },
  "val": {
    "acc": 0.6583333333333333,
    "hinge": 0.016798869166666654,
    "test_gap_mean": 0.0032369736111111116,
    "test_gap_median": 0.0035537499999999944,
    "test_gap_std": 0.00898859102499127,
    "test_satisfy_frac": 0.019444444444444445,
    "test_hinge_mean": 0.016798869166666668,
    "val_reloads": 0.0,
    "val_nonfinite": 0.0
  },
  "timing_s": {
    "epoch_total": 192.35429453849792,
    "train_free": 78.96915864944458,
    "train_clamp": 78.31016373634338,
    "train_update": 3.9878008365631104
  },
  "vg_stats": {
    "vg_unique_min": 1.3297491993515118,
    "vg_unique_max": 2.6204541288778076,
    "vg_unique_sat_lo": 0.0,
    "vg_unique_sat_hi": 0.0
  }
}