{
  "epoch": 11,
  "config": {
    "seed": 2,
    "gamma": 0.03,
    "margin": 0.02,
    "delta": 0.02,
    "input_vmin": 0.0,
    "input_vmax": 1.0,
    "rails": [
      0.0,
      0.45
    ],
    "solver": "klu",
    "body_tie": "floating",
    "body_res": 10.0,
    "rs_clamp": 10.0,
    "model_vto": 0.75,
    "vg_cutoff": 0.75,
    "vg_cutoff_epochs": 4,
    "vg_init": {
      "mode": "random",
      "lo": 1.5,
      "hi": 2.5,
      "fixed": 2.0
    },
    "epochs": 100,
    "device_include_path": "/home/ma-lab/Desktop/pyclln-final/device_model/nmos_lvl1_ald1106.lib",
    "device_subckt": "NMOSWRAP"
  },
  "train": {
    "acc": 0.6416144745998609,
    "hinge": 0.017720392693110626,
    "n_free": 1437,
    "n_clamp": 1422,
    "hinge_active": 1422,
    "hinge_active_frac": 0.9895615866388309,
    "skipped": 15,
    "reload_free": 0,
    "reload_clamp": 0,
    "nonfinite_free": 0,
    "nonfinite_clamp": 0
  },
  "val": {
    "acc": 0.6277777777777778,
    "hinge": 0.017663710555555538,
    "test_gap_mean": 0.00235553388888889,
    "test_gap_median": 0.0027800000000000324,
    "test_gap_std": 0.008839690021429633,
    "test_satisfy_frac": 0.013888888888888888,
    "test_hinge_mean": 0.017663710555555552,
    "val_reloads": 0.0,
    "val_nonfinite": 0.0
  },
  "timing_s": {
    "epoch_total": 194.79098749160767,
    "train_free": 81.01254081726074,
    "train_clamp": 80.88201713562012,
    "train_update": 3.8524558544158936
  },
  "vg_stats": {
    "vg_unique_min": 1.3428110003086082,
    "vg_unique_max": 2.606484216234684,
    "vg_unique_sat_lo": 0.0,
    "vg_unique_sat_hi": 0.0
  }
}