{
  "epoch": 30,
  "config": {
    "seed": 2,
    "gamma": 0.03,
    "margin": 0.02,
    "delta": 0.02,
    "input_vmin": 0.0,
    "input_vmax": 1.0,
    "rails": [
      0.0,
      0.45
    ],
    "solver": "klu",
    "body_tie": "floating",
    "body_res": 10.0,
    "rs_clamp": 10.0,
    "model_vto": 0.75,
    "vg_cutoff": 0.75,
    "vg_cutoff_epochs": 4,
    "vg_init": {
      "mode": "random",
      "lo": 1.5,
      "hi": 2.5,
      "fixed": 2.0
    },
    "epochs": 100,
    "device_include_path": "/home/ma-lab/Desktop/pyclln-final/device_model/nmos_lvl1_ald1106.lib",
    "device_subckt": "NMOSWRAP"
  },
  "train": {
    "acc": 0.8810020876826722,
    "hinge": 0.008284593319415452,
    "n_free": 1437,
    "n_clamp": 1033,
    "hinge_active": 1033,
    "hinge_active_frac": 0.7188587334725122,
    "skipped": 404,
    "reload_free": 0,
    "reload_clamp": 0,
    "nonfinite_free": 0,
    "nonfinite_clamp": 0
  },
  "val": {
    "acc": 0.875,
    "hinge": 0.00871647611111111,
    "test_gap_mean": 0.012691981111111111,
    "test_gap_median": 0.012615749999999995,
    "test_gap_std": 0.010721412085004314,
    "test_satisfy_frac": 0.28055555555555556,
    "test_hinge_mean": 0.008716476111111112,
    "val_reloads": 0.0,
    "val_nonfinite": 0.0
  },
  "timing_s": {
    "epoch_total": 206.92546844482422,
    "train_free": 98.5026502609253,
    "train_clamp": 70.51286005973816,
    "train_update": 2.868234157562256
  },
  "vg_stats": {
    "vg_unique_min": 1.111586501522348,
    "vg_unique_max": 2.764639918725713,
    "vg_unique_sat_lo": 0.0,
    "vg_unique_sat_hi": 0.0
  }
}