{
  "test_gap_mean": 0.03815403277777778,
  "test_gap_median": 0.04109019999999999,
  "test_gap_std": 0.024375617105317285,
  "test_satisfy_frac": 0.34444444444444444,
  "test_hinge_mean": 0.016363123055555553,
  "val_reloads": 0.0,
  "val_nonfinite": 0.0
}