{
  "test_gap_mean": 0.0052077380555555575,
  "test_gap_median": 0.004829449999999999,
  "test_gap_std": 0.004206881700766761,
  "test_satisfy_frac": 0.0,
  "test_hinge_mean": 0.04479226194444443,
  "val_reloads": 0.0,
  "val_nonfinite": 0.0
}