{
  "test_gap_mean": 0.037498338888888885,
  "test_gap_median": 0.040829400000000016,
  "test_gap_std": 0.0241623039775549,
  "test_satisfy_frac": 0.33611111111111114,
  "test_hinge_mean": 0.0167551925,
  "val_reloads": 0.0,
  "val_nonfinite": 0.0
}