{
  "test_gap_mean": 0.01331481638888889,
  "test_gap_median": 0.012530400000000011,
  "test_gap_std": 0.010851633077357184,
  "test_satisfy_frac": 0.0,
  "test_hinge_mean": 0.03668518361111111,
  "val_reloads": 0.0,
  "val_nonfinite": 0.0
}