{
  "test_gap_mean": 0.03799542861111111,
  "test_gap_median": 0.040950050000000016,
  "test_gap_std": 0.024326616540701264,
  "test_satisfy_frac": 0.3416666666666667,
  "test_hinge_mean": 0.01645936388888889,
  "val_reloads": 0.0,
  "val_nonfinite": 0.0
}