{
  "test_gap_mean": 0.02234892277777778,
  "test_gap_median": 0.021248249999999996,
  "test_gap_std": 0.017842847827387716,
  "test_satisfy_frac": 0.06666666666666667,
  "test_hinge_mean": 0.02793701222222222,
  "val_reloads": 0.0,
  "val_nonfinite": 0.0
}