{
  "test_gap_mean": 0.021804624722222225,
  "test_gap_median": 0.020645049999999998,
  "test_gap_std": 0.01747555410211727,
  "test_satisfy_frac": 0.05,
  "test_hinge_mean": 0.028416546944444437,
  "val_reloads": 0.0,
  "val_nonfinite": 0.0
}