{
  "epoch": 52,
  "config": {
    "seed": 0,
    "gamma": 0.03,
    "margin": 0.05,
    "delta": 0.1,
    "input_vmin": 0.0,
    "input_vmax": 1.0,
    "rails": [
      0.0,
      0.45
    ],
    "solver": "klu",
    "body_tie": "source",
    "body_res": 10.0,
    "rs_clamp": 10.0,
    "model_vto": 0.75,
    "vg_cutoff": 0.75,
    "vg_cutoff_epochs": 4,
    "vg_init": {
      "mode": "fixed",
      "lo": 1.0,
      "hi": 3.0,
      "fixed": 4.0
    },
    "epochs": 100,
    "device_include_path": "/home/ma-lab/Desktop/pyclln-final/device_model/nmos_lvl1_ald1106.lib",
    "device_subckt": "NMOSWRAP"
  },
  "train": {
    "acc": 0.9151009046624913,
    "hinge": 0.023216308629088377,
    "n_free": 1437,
    "n_clamp": 1199,
    "hinge_active": 1199,
    "hinge_active_frac": 0.8343771746694503,
    "skipped": 238,
    "reload_free": 0,
    "reload_clamp": 0,
    "nonfinite_free": 0,
    "nonfinite_clamp": 0
  },
  "val": {
    "acc": 0.9166666666666666,
    "hinge": 0.0243761102777778,
    "test_gap_mean": 0.026591919444444445,
    "test_gap_median": 0.026743649999999994,
    "test_gap_std": 0.020107461574280762,
    "test_satisfy_frac": 0.13333333333333333,
    "test_hinge_mean": 0.024376110277777776,
    "val_reloads": 0.0,
    "val_nonfinite": 0.0
  },
  "timing_s": {
    "epoch_total": 84.47405648231506,
    "train_free": 34.48424506187439,
    "train_clamp": 28.619162559509277,
    "train_update": 3.147127628326416
  },
  "vg_stats": {
    "vg_unique_min": 0.7450750106729231,
    "vg_unique_max": 6.543743879101031,
    "vg_unique_sat_lo": 0.0,
    "vg_unique_sat_hi": 0.0
  }
}