{
  "epoch": 78,
  "config": {
    "seed": 0,
    "gamma": 0.03,
    "margin": 0.05,
    "delta": 0.1,
    "input_vmin": 0.0,
    "input_vmax": 1.0,
    "rails": [
      0.0,
      0.45
    ],
    "solver": "klu",
    "body_tie": "source",
    "body_res": 10.0,
    "rs_clamp": 10.0,
    "model_vto": 0.75,
    "vg_cutoff": 0.75,
    "vg_cutoff_epochs": 4,
    "vg_init": {
      "mode": "fixed",
      "lo": 1.0,
      "hi": 3.0,
      "fixed": 4.0
    },
    "epochs": 100,
    "device_include_path": "/home/ma-lab/Desktop/pyclln-final/device_model/nmos_lvl1_ald1106.lib",
    "device_subckt": "NMOSWRAP"
  },
  "train": {
    "acc": 0.9380654140570633,
    "hinge": 0.01732035010438413,
    "n_free": 1437,
    "n_clamp": 984,
    "hinge_active": 984,
    "hinge_active_frac": 0.6847599164926931,
    "skipped": 453,
    "reload_free": 0,
    "reload_clamp": 0,
    "nonfinite_free": 0,
    "nonfinite_clamp": 0
  },
  "val": {
    "acc": 0.9361111111111111,
    "hinge": 0.018706733888888893,
    "test_gap_mean": 0.03433290333333333,
    "test_gap_median": 0.03611980000000001,
    "test_gap_std": 0.023041431810435165,
    "test_satisfy_frac": 0.275,
    "test_hinge_mean": 0.018706733888888886,
    "val_reloads": 0.0,
    "val_nonfinite": 0.0
  },
  "timing_s": {
    "epoch_total": 105.12768959999084,
    "train_free": 48.118614196777344,
    "train_clamp": 32.74709701538086,
    "train_update": 2.6331825256347656
  },
  "vg_stats": {
    "vg_unique_min": 0.6832181340582558,
    "vg_unique_max": 7.129318914459358,
    "vg_unique_sat_lo": 0.0,
    "vg_unique_sat_hi": 0.0
  }
}