{
  "epoch": 85,
  "config": {
    "seed": 0,
    "gamma": 0.03,
    "margin": 0.05,
    "delta": 0.1,
    "input_vmin": 0.0,
    "input_vmax": 1.0,
    "rails": [
      0.0,
      0.45
    ],
    "solver": "klu",
    "body_tie": "source",
    "body_res": 10.0,
    "rs_clamp": 10.0,
    "model_vto": 0.75,
    "vg_cutoff": 0.75,
    "vg_cutoff_epochs": 4,
    "vg_init": {
      "mode": "fixed",
      "lo": 1.0,
      "hi": 3.0,
      "fixed": 4.0
    },
    "epochs": 100,
    "device_include_path": "/home/ma-lab/Desktop/pyclln-final/device_model/nmos_lvl1_ald1106.lib",
    "device_subckt": "NMOSWRAP"
  },
  "train": {
    "acc": 0.940848990953375,
    "hinge": 0.016266919276270015,
    "n_free": 1437,
    "n_clamp": 946,
    "hinge_active": 946,
    "hinge_active_frac": 0.6583159359777314,
    "skipped": 491,
    "reload_free": 0,
    "reload_clamp": 0,
    "nonfinite_free": 0,
    "nonfinite_clamp": 0
  },
  "val": {
    "acc": 0.9333333333333333,
    "hinge": 0.017770621388888894,
    "test_gap_mean": 0.035818876944444446,
    "test_gap_median": 0.038259099999999976,
    "test_gap_std": 0.023614783815019507,
    "test_satisfy_frac": 0.30833333333333335,
    "test_hinge_mean": 0.017770621388888887,
    "val_reloads": 0.0,
    "val_nonfinite": 0.0
  },
  "timing_s": {
    "epoch_total": 99.18573212623596,
    "train_free": 45.20733952522278,
    "train_clamp": 29.838391065597534,
    "train_update": 2.8683390617370605
  },
  "vg_stats": {
    "vg_unique_min": 0.6478900571539847,
    "vg_unique_max": 7.258329989883641,
    "vg_unique_sat_lo": 0.0,
    "vg_unique_sat_hi": 0.0
  }
}