{
  "epoch": 43,
  "config": {
    "seed": 0,
    "gamma": 0.03,
    "margin": 0.05,
    "delta": 0.1,
    "input_vmin": 0.0,
    "input_vmax": 1.0,
    "rails": [
      0.0,
      0.45
    ],
    "solver": "klu",
    "body_tie": "source",
    "body_res": 10.0,
    "rs_clamp": 10.0,
    "model_vto": 0.75,
    "vg_cutoff": 0.75,
    "vg_cutoff_epochs": 4,
    "vg_init": {
      "mode": "fixed",
      "lo": 1.0,
      "hi": 3.0,
      "fixed": 4.0
    },
    "epochs": 100,
    "device_include_path": "/home/ma-lab/Desktop/pyclln-final/device_model/nmos_lvl1_ald1106.lib",
    "device_subckt": "NMOSWRAP"
  },
  "train": {
    "acc": 0.9032707028531664,
    "hinge": 0.02700463994432844,
    "n_free": 1437,
    "n_clamp": 1357,
    "hinge_active": 1357,
    "hinge_active_frac": 0.9443284620737648,
    "skipped": 80,
    "reload_free": 0,
    "reload_clamp": 0,
    "nonfinite_free": 0,
    "nonfinite_clamp": 0
  },
  "val": {
    "acc": 0.9194444444444444,
    "hinge": 0.027937012222222234,
    "test_gap_mean": 0.02234892277777778,
    "test_gap_median": 0.021248249999999996,
    "test_gap_std": 0.017842847827387716,
    "test_satisfy_frac": 0.06666666666666667,
    "test_hinge_mean": 0.02793701222222222,
    "val_reloads": 0.0,
    "val_nonfinite": 0.0
  },
  "timing_s": {
    "epoch_total": 87.64366698265076,
    "train_free": 33.01760816574097,
    "train_clamp": 30.90190029144287,
    "train_update": 3.8961732387542725
  },
  "vg_stats": {
    "vg_unique_min": 1.23257046800645,
    "vg_unique_max": 6.287952120502835,
    "vg_unique_sat_lo": 0.0,
    "vg_unique_sat_hi": 0.0
  }
}