{
  "test_gap_mean": 0.14022916000000002,
  "test_gap_median": 0.1352248,
  "test_gap_std": 0.1083563097939538,
  "test_satisfy_frac": 0.6666666666666666,
  "test_hinge_mean": 0.023720518611111116,
  "val_reloads": 0.0,
  "val_nonfinite": 0.0
}