{
  "test_gap_mean": 0.1468986738888889,
  "test_gap_median": 0.15634005,
  "test_gap_std": 0.09756475886812016,
  "test_satisfy_frac": 0.7055555555555556,
  "test_hinge_mean": 0.02063027194444445,
  "val_reloads": 0.0,
  "val_nonfinite": 0.0
}