{
  "test_gap_mean": 0.07344543694444446,
  "test_gap_median": 0.0791578,
  "test_gap_std": 0.05414633055562078,
  "test_satisfy_frac": 0.3638888888888889,
  "test_hinge_mean": 0.03657671527777778,
  "val_reloads": 0.0,
  "val_nonfinite": 0.0
}