{
  "test_gap_mean": 0.14848702611111111,
  "test_gap_median": 0.1521818,
  "test_gap_std": 0.09796539180053268,
  "test_satisfy_frac": 0.7055555555555556,
  "test_hinge_mean": 0.020315628055555555,
  "val_reloads": 0.0,
  "val_nonfinite": 0.0
}