{
  "test_gap_mean": 0.1376101386111111,
  "test_gap_median": 0.14052664999999998,
  "test_gap_std": 0.0971548222011484,
  "test_satisfy_frac": 0.6583333333333333,
  "test_hinge_mean": 0.022537505555555556,
  "val_reloads": 0.0,
  "val_nonfinite": 0.0
}