{
  "test_gap_mean": 0.13531321555555556,
  "test_gap_median": 0.1313189,
  "test_gap_std": 0.1051726078671844,
  "test_satisfy_frac": 0.6666666666666666,
  "test_hinge_mean": 0.024357093611111116,
  "val_reloads": 0.0,
  "val_nonfinite": 0.0
}