{
  "test_gap_mean": 0.14230737444444444,
  "test_gap_median": 0.1449086,
  "test_gap_std": 0.10023722941052343,
  "test_satisfy_frac": 0.675,
  "test_hinge_mean": 0.022060243055555557,
  "val_reloads": 0.0,
  "val_nonfinite": 0.0
}