{
  "test_gap_mean": 0.13938405666666667,
  "test_gap_median": 0.13484115000000002,
  "test_gap_std": 0.10616993318082314,
  "test_satisfy_frac": 0.6555555555555556,
  "test_hinge_mean": 0.022993465000000005,
  "val_reloads": 0.0,
  "val_nonfinite": 0.0
}