{
  "test_gap_mean": 0.14730544583333333,
  "test_gap_median": 0.15154035,
  "test_gap_std": 0.09812013423094236,
  "test_satisfy_frac": 0.7111111111111111,
  "test_hinge_mean": 0.02082938388888889,
  "val_reloads": 0.0,
  "val_nonfinite": 0.0
}