{
  "test_gap_mean": 0.14603663583333332,
  "test_gap_median": 0.15256850000000002,
  "test_gap_std": 0.09823047044400773,
  "test_satisfy_frac": 0.7055555555555556,
  "test_hinge_mean": 0.021294902222222228,
  "val_reloads": 0.0,
  "val_nonfinite": 0.0
}