{
  "epoch": 62,
  "config": {
    "seed": 2,
    "gamma": 0.3,
    "margin": 0.1,
    "delta": 0.1,
    "input_vmin": 0.0,
    "input_vmax": 1.0,
    "rails": [
      0.0,
      0.45
    ],
    "solver": "klu",
    "body_tie": "ground",
    "body_res": 10.0,
    "rs_clamp": 10.0,
    "model_vto": 0.75,
    "vg_cutoff": 0.75,
    "vg_cutoff_epochs": 4,
    "vg_init": {
      "mode": "random",
      "lo": 0.75,
      "hi": 3.0,
      "fixed": 2.0
    },
    "epochs": 100,
    "device_include_path": "/home/ma-lab/Desktop/pyclln-final/device_model/nmos_lvl1_ald1106.lib",
    "device_subckt": "NMOSWRAP"
  },
  "train": {
    "acc": 0.9331941544885177,
    "hinge": 0.02137119116214337,
    "n_free": 1437,
    "n_clamp": 490,
    "hinge_active": 490,
    "hinge_active_frac": 0.3409881697981907,
    "skipped": 947,
    "reload_free": 0,
    "reload_clamp": 0,
    "nonfinite_free": 0,
    "nonfinite_clamp": 0
  },
  "val": {
    "acc": 0.9166666666666666,
    "hinge": 0.023771645,
    "test_gap_mean": 0.13744731166666668,
    "test_gap_median": 0.13393505,
    "test_gap_std": 0.10356242448474831,
    "test_satisfy_frac": 0.6666666666666666,
    "test_hinge_mean": 0.023771645000000004,
    "val_reloads": 0.0,
    "val_nonfinite": 0.0
  },
  "timing_s": {
    "epoch_total": 10.783994913101196,
    "train_free": 4.707544326782227,
    "train_clamp": 1.5516672134399414,
    "train_update": 0.39226412773132324
  },
  "vg_stats": {
    "vg_unique_min": 0.7398851460871381,
    "vg_unique_max": 2.77686410663589,
    "vg_unique_sat_lo": 0.0,
    "vg_unique_sat_hi": 0.0
  }
}