{
  "epoch": 49,
  "config": {
    "seed": 2,
    "gamma": 0.3,
    "margin": 0.1,
    "delta": 0.1,
    "input_vmin": 0.0,
    "input_vmax": 1.0,
    "rails": [
      0.0,
      0.45
    ],
    "solver": "klu",
    "body_tie": "ground",
    "body_res": 10.0,
    "rs_clamp": 10.0,
    "model_vto": 0.75,
    "vg_cutoff": 0.75,
    "vg_cutoff_epochs": 4,
    "vg_init": {
      "mode": "random",
      "lo": 0.75,
      "hi": 3.0,
      "fixed": 2.0
    },
    "epochs": 100,
    "device_include_path": "/home/ma-lab/Desktop/pyclln-final/device_model/nmos_lvl1_ald1106.lib",
    "device_subckt": "NMOSWRAP"
  },
  "train": {
    "acc": 0.9345859429366736,
    "hinge": 0.019717730480167003,
    "n_free": 1437,
    "n_clamp": 479,
    "hinge_active": 479,
    "hinge_active_frac": 0.3333333333333333,
    "skipped": 958,
    "reload_free": 0,
    "reload_clamp": 0,
    "nonfinite_free": 0,
    "nonfinite_clamp": 0
  },
  "val": {
    "acc": 0.9138888888888889,
    "hinge": 0.022537505555555552,
    "test_gap_mean": 0.1376101386111111,
    "test_gap_median": 0.14052664999999998,
    "test_gap_std": 0.0971548222011484,
    "test_satisfy_frac": 0.6583333333333333,
    "test_hinge_mean": 0.022537505555555556,
    "val_reloads": 0.0,
    "val_nonfinite": 0.0
  },
  "timing_s": {
    "epoch_total": 11.196611881256104,
    "train_free": 5.057877779006958,
    "train_clamp": 1.6203629970550537,
    "train_update": 0.3571345806121826
  },
  "vg_stats": {
    "vg_unique_min": 0.48613913552126864,
    "vg_unique_max": 3.793273331327622,
    "vg_unique_sat_lo": 0.0,
    "vg_unique_sat_hi": 0.0
  }
}