{
  "epoch": 93,
  "config": {
    "seed": 2,
    "gamma": 0.3,
    "margin": 0.1,
    "delta": 0.1,
    "input_vmin": 0.0,
    "input_vmax": 1.0,
    "rails": [
      0.0,
      0.45
    ],
    "solver": "klu",
    "body_tie": "ground",
    "body_res": 10.0,
    "rs_clamp": 10.0,
    "model_vto": 0.75,
    "vg_cutoff": 0.75,
    "vg_cutoff_epochs": 4,
    "vg_init": {
      "mode": "random",
      "lo": 0.75,
      "hi": 3.0,
      "fixed": 2.0
    },
    "epochs": 100,
    "device_include_path": "/home/ma-lab/Desktop/pyclln-final/device_model/nmos_lvl1_ald1106.lib",
    "device_subckt": "NMOSWRAP"
  },
  "train": {
    "acc": 0.9220598469032707,
    "hinge": 0.022425462839248407,
    "n_free": 1437,
    "n_clamp": 511,
    "hinge_active": 511,
    "hinge_active_frac": 0.3556019485038274,
    "skipped": 926,
    "reload_free": 0,
    "reload_clamp": 0,
    "nonfinite_free": 0,
    "nonfinite_clamp": 0
  },
  "val": {
    "acc": 0.9138888888888889,
    "hinge": 0.023647233611111117,
    "test_gap_mean": 0.13861496833333334,
    "test_gap_median": 0.13344964999999998,
    "test_gap_std": 0.10512764457197629,
    "test_satisfy_frac": 0.675,
    "test_hinge_mean": 0.023647233611111117,
    "val_reloads": 0.0,
    "val_nonfinite": 0.0
  },
  "timing_s": {
    "epoch_total": 9.893519639968872,
    "train_free": 4.138312101364136,
    "train_clamp": 1.4350268840789795,
    "train_update": 0.3415701389312744
  },
  "vg_stats": {
    "vg_unique_min": 0.6562750150621752,
    "vg_unique_max": 2.423592946945118,
    "vg_unique_sat_lo": 0.0,
    "vg_unique_sat_hi": 0.0
  }
}