{
  "epoch": 46,
  "config": {
    "seed": 2,
    "gamma": 0.3,
    "margin": 0.1,
    "delta": 0.1,
    "input_vmin": 0.0,
    "input_vmax": 1.0,
    "rails": [
      0.0,
      0.45
    ],
    "solver": "klu",
    "body_tie": "ground",
    "body_res": 10.0,
    "rs_clamp": 10.0,
    "model_vto": 0.75,
    "vg_cutoff": 0.75,
    "vg_cutoff_epochs": 4,
    "vg_init": {
      "mode": "random",
      "lo": 0.75,
      "hi": 3.0,
      "fixed": 2.0
    },
    "epochs": 100,
    "device_include_path": "/home/ma-lab/Desktop/pyclln-final/device_model/nmos_lvl1_ald1106.lib",
    "device_subckt": "NMOSWRAP"
  },
  "train": {
    "acc": 0.9366736256089074,
    "hinge": 0.019516023173277657,
    "n_free": 1437,
    "n_clamp": 462,
    "hinge_active": 462,
    "hinge_active_frac": 0.32150313152400833,
    "skipped": 975,
    "reload_free": 0,
    "reload_clamp": 0,
    "nonfinite_free": 0,
    "nonfinite_clamp": 0
  },
  "val": {
    "acc": 0.9166666666666666,
    "hinge": 0.021591450277777778,
    "test_gap_mean": 0.1396031086111111,
    "test_gap_median": 0.14205974999999998,
    "test_gap_std": 0.09702897544119551,
    "test_satisfy_frac": 0.6638888888888889,
    "test_hinge_mean": 0.021591450277777778,
    "val_reloads": 0.0,
    "val_nonfinite": 0.0
  },
  "timing_s": {
    "epoch_total": 11.42979383468628,
    "train_free": 5.073622226715088,
    "train_clamp": 1.6125657558441162,
    "train_update": 0.34863924980163574
  },
  "vg_stats": {
    "vg_unique_min": 0.6203022877922031,
    "vg_unique_max": 3.9980466589711434,
    "vg_unique_sat_lo": 0.0,
    "vg_unique_sat_hi": 0.0
  }
}