{
  "epoch": 33,
  "config": {
    "seed": 2,
    "gamma": 0.3,
    "margin": 0.1,
    "delta": 0.1,
    "input_vmin": 0.0,
    "input_vmax": 1.0,
    "rails": [
      0.0,
      0.45
    ],
    "solver": "klu",
    "body_tie": "ground",
    "body_res": 10.0,
    "rs_clamp": 10.0,
    "model_vto": 0.75,
    "vg_cutoff": 0.75,
    "vg_cutoff_epochs": 4,
    "vg_init": {
      "mode": "random",
      "lo": 0.75,
      "hi": 3.0,
      "fixed": 2.0
    },
    "epochs": 100,
    "device_include_path": "/home/ma-lab/Desktop/pyclln-final/device_model/nmos_lvl1_ald1106.lib",
    "device_subckt": "NMOSWRAP"
  },
  "train": {
    "acc": 0.942936673625609,
    "hinge": 0.01698602713987475,
    "n_free": 1437,
    "n_clamp": 422,
    "hinge_active": 422,
    "hinge_active_frac": 0.29366736256089077,
    "skipped": 1015,
    "reload_free": 0,
    "reload_clamp": 0,
    "nonfinite_free": 0,
    "nonfinite_clamp": 0
  },
  "val": {
    "acc": 0.9194444444444444,
    "hinge": 0.02030451305555555,
    "test_gap_mean": 0.14617423472222224,
    "test_gap_median": 0.1477349,
    "test_gap_std": 0.09858190180041917,
    "test_satisfy_frac": 0.7055555555555556,
    "test_hinge_mean": 0.020304513055555556,
    "val_reloads": 0.0,
    "val_nonfinite": 0.0
  },
  "timing_s": {
    "epoch_total": 14.398181915283203,
    "train_free": 6.975712776184082,
    "train_clamp": 1.996931552886963,
    "train_update": 0.3751227855682373
  },
  "vg_stats": {
    "vg_unique_min": 0.5443424921728326,
    "vg_unique_max": 4.668848222069139,
    "vg_unique_sat_lo": 0.0,
    "vg_unique_sat_hi": 0.0
  }
}