{
  "epoch": 36,
  "config": {
    "seed": 2,
    "gamma": 0.3,
    "margin": 0.1,
    "delta": 0.1,
    "input_vmin": 0.0,
    "input_vmax": 1.0,
    "rails": [
      0.0,
      0.45
    ],
    "solver": "klu",
    "body_tie": "ground",
    "body_res": 10.0,
    "rs_clamp": 10.0,
    "model_vto": 0.75,
    "vg_cutoff": 0.75,
    "vg_cutoff_epochs": 4,
    "vg_init": {
      "mode": "random",
      "lo": 0.75,
      "hi": 3.0,
      "fixed": 2.0
    },
    "epochs": 100,
    "device_include_path": "/home/ma-lab/Desktop/pyclln-final/device_model/nmos_lvl1_ald1106.lib",
    "device_subckt": "NMOSWRAP"
  },
  "train": {
    "acc": 0.9436325678496869,
    "hinge": 0.017323685455810714,
    "n_free": 1437,
    "n_clamp": 417,
    "hinge_active": 417,
    "hinge_active_frac": 0.29018789144050106,
    "skipped": 1020,
    "reload_free": 0,
    "reload_clamp": 0,
    "nonfinite_free": 0,
    "nonfinite_clamp": 0
  },
  "val": {
    "acc": 0.9111111111111111,
    "hinge": 0.021570838888888885,
    "test_gap_mean": 0.1454796775,
    "test_gap_median": 0.14807475,
    "test_gap_std": 0.1020837330976843,
    "test_satisfy_frac": 0.6916666666666667,
    "test_hinge_mean": 0.02157083888888889,
    "val_reloads": 0.0,
    "val_nonfinite": 0.0
  },
  "timing_s": {
    "epoch_total": 13.6566903591156,
    "train_free": 6.3955299854278564,
    "train_clamp": 1.8321495056152344,
    "train_update": 0.3525044918060303
  },
  "vg_stats": {
    "vg_unique_min": 0.48040440946287977,
    "vg_unique_max": 4.541245634203657,
    "vg_unique_sat_lo": 0.0,
    "vg_unique_sat_hi": 0.0
  }
}