{
  "epoch": 69,
  "config": {
    "seed": 2,
    "gamma": 0.3,
    "margin": 0.1,
    "delta": 0.1,
    "input_vmin": 0.0,
    "input_vmax": 1.0,
    "rails": [
      0.0,
      0.45
    ],
    "solver": "klu",
    "body_tie": "ground",
    "body_res": 10.0,
    "rs_clamp": 10.0,
    "model_vto": 0.75,
    "vg_cutoff": 0.75,
    "vg_cutoff_epochs": 4,
    "vg_init": {
      "mode": "random",
      "lo": 0.75,
      "hi": 3.0,
      "fixed": 2.0
    },
    "epochs": 100,
    "device_include_path": "/home/ma-lab/Desktop/pyclln-final/device_model/nmos_lvl1_ald1106.lib",
    "device_subckt": "NMOSWRAP"
  },
  "train": {
    "acc": 0.930410577592206,
    "hinge": 0.02159692101600557,
    "n_free": 1437,
    "n_clamp": 499,
    "hinge_active": 499,
    "hinge_active_frac": 0.34725121781489215,
    "skipped": 938,
    "reload_free": 0,
    "reload_clamp": 0,
    "nonfinite_free": 0,
    "nonfinite_clamp": 0
  },
  "val": {
    "acc": 0.8972222222222223,
    "hinge": 0.024522839722222217,
    "test_gap_mean": 0.13871492722222223,
    "test_gap_median": 0.1352469,
    "test_gap_std": 0.10821693627039385,
    "test_satisfy_frac": 0.6583333333333333,
    "test_hinge_mean": 0.024522839722222224,
    "val_reloads": 0.0,
    "val_nonfinite": 0.0
  },
  "timing_s": {
    "epoch_total": 8.382266759872437,
    "train_free": 3.7593209743499756,
    "train_clamp": 1.2721076011657715,
    "train_update": 0.2749357223510742
  },
  "vg_stats": {
    "vg_unique_min": 0.5386618030694063,
    "vg_unique_max": 2.5361505866650313,
    "vg_unique_sat_lo": 0.0,
    "vg_unique_sat_hi": 0.0
  }
}