{
  "epoch": 86,
  "config": {
    "seed": 2,
    "gamma": 0.3,
    "margin": 0.1,
    "delta": 0.1,
    "input_vmin": 0.0,
    "input_vmax": 1.0,
    "rails": [
      0.0,
      0.45
    ],
    "solver": "klu",
    "body_tie": "ground",
    "body_res": 10.0,
    "rs_clamp": 10.0,
    "model_vto": 0.75,
    "vg_cutoff": 0.75,
    "vg_cutoff_epochs": 4,
    "vg_init": {
      "mode": "random",
      "lo": 0.75,
      "hi": 3.0,
      "fixed": 2.0
    },
    "epochs": 100,
    "device_include_path": "/home/ma-lab/Desktop/pyclln-final/device_model/nmos_lvl1_ald1106.lib",
    "device_subckt": "NMOSWRAP"
  },
  "train": {
    "acc": 0.9234516353514266,
    "hinge": 0.022457938413361175,
    "n_free": 1437,
    "n_clamp": 507,
    "hinge_active": 507,
    "hinge_active_frac": 0.35281837160751567,
    "skipped": 930,
    "reload_free": 0,
    "reload_clamp": 0,
    "nonfinite_free": 0,
    "nonfinite_clamp": 0
  },
  "val": {
    "acc": 0.9,
    "hinge": 0.02485673166666667,
    "test_gap_mean": 0.13737264694444445,
    "test_gap_median": 0.1309386,
    "test_gap_std": 0.10895065458474508,
    "test_satisfy_frac": 0.6666666666666666,
    "test_hinge_mean": 0.02485673166666667,
    "val_reloads": 0.0,
    "val_nonfinite": 0.0
  },
  "timing_s": {
    "epoch_total": 10.012435674667358,
    "train_free": 4.372820615768433,
    "train_clamp": 1.4495737552642822,
    "train_update": 0.3300328254699707
  },
  "vg_stats": {
    "vg_unique_min": 0.744711533038845,
    "vg_unique_max": 2.426814727956544,
    "vg_unique_sat_lo": 0.0,
    "vg_unique_sat_hi": 0.0
  }
}