{
  "epoch": 24,
  "config": {
    "seed": 2,
    "gamma": 0.3,
    "margin": 0.1,
    "delta": 0.1,
    "input_vmin": 0.0,
    "input_vmax": 1.0,
    "rails": [
      0.0,
      0.45
    ],
    "solver": "klu",
    "body_tie": "ground",
    "body_res": 10.0,
    "rs_clamp": 10.0,
    "model_vto": 0.75,
    "vg_cutoff": 0.75,
    "vg_cutoff_epochs": 4,
    "vg_init": {
      "mode": "random",
      "lo": 0.75,
      "hi": 3.0,
      "fixed": 2.0
    },
    "epochs": 100,
    "device_include_path": "/home/ma-lab/Desktop/pyclln-final/device_model/nmos_lvl1_ald1106.lib",
    "device_subckt": "NMOSWRAP"
  },
  "train": {
    "acc": 0.942240779401531,
    "hinge": 0.01627246137787058,
    "n_free": 1437,
    "n_clamp": 400,
    "hinge_active": 400,
    "hinge_active_frac": 0.2783576896311761,
    "skipped": 1037,
    "reload_free": 0,
    "reload_clamp": 0,
    "nonfinite_free": 0,
    "nonfinite_clamp": 0
  },
  "val": {
    "acc": 0.9194444444444444,
    "hinge": 0.020213215,
    "test_gap_mean": 0.14788219972222222,
    "test_gap_median": 0.15657534999999995,
    "test_gap_std": 0.09740587679152957,
    "test_satisfy_frac": 0.7,
    "test_hinge_mean": 0.020213215000000003,
    "val_reloads": 0.0,
    "val_nonfinite": 0.0
  },
  "timing_s": {
    "epoch_total": 16.256355047225952,
    "train_free": 7.958521604537964,
    "train_clamp": 2.1919963359832764,
    "train_update": 0.39159727096557617
  },
  "vg_stats": {
    "vg_unique_min": 0.5225182000304847,
    "vg_unique_max": 4.919844823813523,
    "vg_unique_sat_lo": 0.0,
    "vg_unique_sat_hi": 0.0
  }
}