{
  "test_gap_mean": 0.05658010638888889,
  "test_gap_median": 0.0576903,
  "test_gap_std": 0.0435945966012773,
  "test_satisfy_frac": 0.18055555555555555,
  "test_hinge_mean": 0.04651078194444445,
  "val_reloads": 0.0,
  "val_nonfinite": 0.0
}