{
  "test_gap_mean": -0.026082345555555556,
  "test_gap_median": -0.025763950000000008,
  "test_gap_std": 0.02447978470162523,
  "test_satisfy_frac": 0.0,
  "test_hinge_mean": 0.12608234555555559,
  "val_reloads": 0.0,
  "val_nonfinite": 0.0
}