{
  "test_gap_mean": 0.03967931805555556,
  "test_gap_median": 0.03886845,
  "test_gap_std": 0.03561438100274915,
  "test_satisfy_frac": 0.03333333333333333,
  "test_hinge_mean": 0.06057119361111112,
  "val_reloads": 0.0,
  "val_nonfinite": 0.0
}