{
  "test_gap_mean": 0.011612281388888888,
  "test_gap_median": 0.012253300000000009,
  "test_gap_std": 0.021879976939793693,
  "test_satisfy_frac": 0.0,
  "test_hinge_mean": 0.08838771861111111,
  "val_reloads": 0.0,
  "val_nonfinite": 0.0
}