{
  "test_gap_mean": 0.07127796472222223,
  "test_gap_median": 0.07902099999999998,
  "test_gap_std": 0.04935809931034234,
  "test_satisfy_frac": 0.32222222222222224,
  "test_hinge_mean": 0.036535357777777784,
  "val_reloads": 0.0,
  "val_nonfinite": 0.0
}