{
  "test_gap_mean": 0.05774331666666666,
  "test_gap_median": 0.05802834999999998,
  "test_gap_std": 0.04375564264324342,
  "test_satisfy_frac": 0.18888888888888888,
  "test_hinge_mean": 0.04557558527777778,
  "val_reloads": 0.0,
  "val_nonfinite": 0.0
}