{
  "test_gap_mean": 0.058889855,
  "test_gap_median": 0.058652499999999996,
  "test_gap_std": 0.04446739180629539,
  "test_satisfy_frac": 0.20277777777777778,
  "test_hinge_mean": 0.04479710722222223,
  "val_reloads": 0.0,
  "val_nonfinite": 0.0
}