{
  "test_gap_mean": 0.015604915277777782,
  "test_gap_median": 0.016052350000000007,
  "test_gap_std": 0.022989367893467255,
  "test_satisfy_frac": 0.0,
  "test_hinge_mean": 0.08439508472222222,
  "val_reloads": 0.0,
  "val_nonfinite": 0.0
}