{
  "test_gap_mean": 0.03732413638888889,
  "test_gap_median": 0.037474800000000016,
  "test_gap_std": 0.03406217449580633,
  "test_satisfy_frac": 0.019444444444444445,
  "test_hinge_mean": 0.06279875611111112,
  "val_reloads": 0.0,
  "val_nonfinite": 0.0
}