{
  "epoch": 49,
  "config": {
    "seed": 2,
    "gamma": 0.03,
    "margin": 0.1,
    "delta": 0.05,
    "input_vmin": 0.0,
    "input_vmax": 1.0,
    "rails": [
      0.0,
      0.45
    ],
    "solver": "klu",
    "body_tie": "source",
    "body_res": 10.0,
    "rs_clamp": 10.0,
    "model_vto": 0.75,
    "vg_cutoff": 0.75,
    "vg_cutoff_epochs": 4,
    "vg_init": {
      "mode": "random",
      "lo": 0.75,
      "hi": 3.0,
      "fixed": 2.0
    },
    "epochs": 100,
    "device_include_path": "/home/ma-lab/Desktop/pyclln-final/device_model/nmos_lvl1_ald1106.lib",
    "device_subckt": "NMOSWRAP"
  },
  "train": {
    "acc": 0.9116214335421016,
    "hinge": 0.046743233333333314,
    "n_free": 1437,
    "n_clamp": 1216,
    "hinge_active": 1216,
    "hinge_active_frac": 0.8462073764787752,
    "skipped": 221,
    "reload_free": 0,
    "reload_clamp": 0,
    "nonfinite_free": 0,
    "nonfinite_clamp": 0
  },
  "val": {
    "acc": 0.8916666666666667,
    "hinge": 0.04792874833333333,
    "test_gap_mean": 0.054729951388888885,
    "test_gap_median": 0.05506610000000001,
    "test_gap_std": 0.042854802238845455,
    "test_satisfy_frac": 0.1638888888888889,
    "test_hinge_mean": 0.04792874833333334,
    "val_reloads": 0.0,
    "val_nonfinite": 0.0
  },
  "timing_s": {
    "epoch_total": 82.12990093231201,
    "train_free": 33.51492714881897,
    "train_clamp": 28.306854248046875,
    "train_update": 3.0155696868896484
  },
  "vg_stats": {
    "vg_unique_min": 0.6849977654473911,
    "vg_unique_max": 4.153586072604643,
    "vg_unique_sat_lo": 0.0,
    "vg_unique_sat_hi": 0.0
  }
}