{
  "epoch": 28,
  "config": {
    "seed": 2,
    "gamma": 0.03,
    "margin": 0.1,
    "delta": 0.05,
    "input_vmin": 0.0,
    "input_vmax": 1.0,
    "rails": [
      0.0,
      0.45
    ],
    "solver": "klu",
    "body_tie": "source",
    "body_res": 10.0,
    "rs_clamp": 10.0,
    "model_vto": 0.75,
    "vg_cutoff": 0.75,
    "vg_cutoff_epochs": 4,
    "vg_init": {
      "mode": "random",
      "lo": 0.75,
      "hi": 3.0,
      "fixed": 2.0
    },
    "epochs": 100,
    "device_include_path": "/home/ma-lab/Desktop/pyclln-final/device_model/nmos_lvl1_ald1106.lib",
    "device_subckt": "NMOSWRAP"
  },
  "train": {
    "acc": 0.8761308281141267,
    "hinge": 0.06380499373695202,
    "n_free": 1437,
    "n_clamp": 1424,
    "hinge_active": 1424,
    "hinge_active_frac": 0.9909533750869868,
    "skipped": 13,
    "reload_free": 0,
    "reload_clamp": 0,
    "nonfinite_free": 0,
    "nonfinite_clamp": 0
  },
  "val": {
    "acc": 0.8583333333333333,
    "hinge": 0.0639975008333333,
    "test_gap_mean": 0.036083465833333335,
    "test_gap_median": 0.03618845000000001,
    "test_gap_std": 0.03326739891058052,
    "test_satisfy_frac": 0.008333333333333333,
    "test_hinge_mean": 0.06399750083333333,
    "val_reloads": 0.0,
    "val_nonfinite": 0.0
  },
  "timing_s": {
    "epoch_total": 101.7745726108551,
    "train_free": 39.024932622909546,
    "train_clamp": 38.9303834438324,
    "train_update": 3.748624801635742
  },
  "vg_stats": {
    "vg_unique_min": 0.551200810261053,
    "vg_unique_max": 3.868045135354672,
    "vg_unique_sat_lo": 0.0,
    "vg_unique_sat_hi": 0.0
  }
}