{
  "epoch": 33,
  "config": {
    "seed": 2,
    "gamma": 0.03,
    "margin": 0.1,
    "delta": 0.05,
    "input_vmin": 0.0,
    "input_vmax": 1.0,
    "rails": [
      0.0,
      0.45
    ],
    "solver": "klu",
    "body_tie": "source",
    "body_res": 10.0,
    "rs_clamp": 10.0,
    "model_vto": 0.75,
    "vg_cutoff": 0.75,
    "vg_cutoff_epochs": 4,
    "vg_init": {
      "mode": "random",
      "lo": 0.75,
      "hi": 3.0,
      "fixed": 2.0
    },
    "epochs": 100,
    "device_include_path": "/home/ma-lab/Desktop/pyclln-final/device_model/nmos_lvl1_ald1106.lib",
    "device_subckt": "NMOSWRAP"
  },
  "train": {
    "acc": 0.894919972164231,
    "hinge": 0.05813506993736951,
    "n_free": 1437,
    "n_clamp": 1377,
    "hinge_active": 1377,
    "hinge_active_frac": 0.9582463465553236,
    "skipped": 60,
    "reload_free": 0,
    "reload_clamp": 0,
    "nonfinite_free": 0,
    "nonfinite_clamp": 0
  },
  "val": {
    "acc": 0.8694444444444445,
    "hinge": 0.05861677361111112,
    "test_gap_mean": 0.04179720611111111,
    "test_gap_median": 0.04045594999999999,
    "test_gap_std": 0.036928543256733844,
    "test_satisfy_frac": 0.058333333333333334,
    "test_hinge_mean": 0.05861677361111111,
    "val_reloads": 0.0,
    "val_nonfinite": 0.0
  },
  "timing_s": {
    "epoch_total": 93.14222598075867,
    "train_free": 36.92871928215027,
    "train_clamp": 35.00510859489441,
    "train_update": 3.7367496490478516
  },
  "vg_stats": {
    "vg_unique_min": 0.5107045891282728,
    "vg_unique_max": 3.9776019077271982,
    "vg_unique_sat_lo": 0.0,
    "vg_unique_sat_hi": 0.0
  }
}