{
  "test_gap_mean": 0.12055992027777777,
  "test_gap_median": 0.12638775000000002,
  "test_gap_std": 0.07824767164930926,
  "test_satisfy_frac": 0.6472222222222223,
  "test_hinge_mean": 0.021779236111111114,
  "val_reloads": 0.0,
  "val_nonfinite": 0.0
}