{
  "test_gap_mean": 0.05655656444444445,
  "test_gap_median": 0.058948749999999994,
  "test_gap_std": 0.04562035188683229,
  "test_satisfy_frac": 0.19722222222222222,
  "test_hinge_mean": 0.046929618888888885,
  "val_reloads": 0.0,
  "val_nonfinite": 0.0
}