{
  "test_gap_mean": 0.10381803055555555,
  "test_gap_median": 0.11095265000000001,
  "test_gap_std": 0.06745346017933328,
  "test_satisfy_frac": 0.5777777777777777,
  "test_hinge_mean": 0.02424566888888889,
  "val_reloads": 0.0,
  "val_nonfinite": 0.0
}