{
  "test_gap_mean": 0.12230008972222224,
  "test_gap_median": 0.1284129,
  "test_gap_std": 0.07839882923332912,
  "test_satisfy_frac": 0.65,
  "test_hinge_mean": 0.021053188611111114,
  "val_reloads": 0.0,
  "val_nonfinite": 0.0
}