{
  "test_gap_mean": 0.09944071444444445,
  "test_gap_median": 0.108688,
  "test_gap_std": 0.06238085279869057,
  "test_satisfy_frac": 0.5555555555555556,
  "test_hinge_mean": 0.024333091388888888,
  "val_reloads": 0.0,
  "val_nonfinite": 0.0
}