{
  "test_gap_mean": 0.1165894075,
  "test_gap_median": 0.12332879999999999,
  "test_gap_std": 0.07476188038972152,
  "test_satisfy_frac": 0.65,
  "test_hinge_mean": 0.0217287225,
  "val_reloads": 0.0,
  "val_nonfinite": 0.0
}