{
  "test_gap_mean": 0.11076440333333333,
  "test_gap_median": 0.11587990000000001,
  "test_gap_std": 0.07115092193494786,
  "test_satisfy_frac": 0.5916666666666667,
  "test_hinge_mean": 0.02268687027777778,
  "val_reloads": 0.0,
  "val_nonfinite": 0.0
}