{
  "test_gap_mean": 0.11914312805555556,
  "test_gap_median": 0.12151555,
  "test_gap_std": 0.07817652784744719,
  "test_satisfy_frac": 0.65,
  "test_hinge_mean": 0.021969436944444448,
  "val_reloads": 0.0,
  "val_nonfinite": 0.0
}