{
  "test_gap_mean": 0.12105834888888888,
  "test_gap_median": 0.12634120000000001,
  "test_gap_std": 0.08003223098910803,
  "test_satisfy_frac": 0.6444444444444445,
  "test_hinge_mean": 0.022196997222222223,
  "val_reloads": 0.0,
  "val_nonfinite": 0.0
}