{
  "test_gap_mean": 0.11729359472222221,
  "test_gap_median": 0.12233819999999998,
  "test_gap_std": 0.07346454752481862,
  "test_satisfy_frac": 0.6416666666666667,
  "test_hinge_mean": 0.020771943055555558,
  "val_reloads": 0.0,
  "val_nonfinite": 0.0
}