{
  "test_gap_mean": 0.12324086194444447,
  "test_gap_median": 0.12795265000000006,
  "test_gap_std": 0.08037590551606572,
  "test_satisfy_frac": 0.6638888888888889,
  "test_hinge_mean": 0.02151669527777778,
  "val_reloads": 0.0,
  "val_nonfinite": 0.0
}