{
  "epoch": 42,
  "config": {
    "seed": 0,
    "gamma": 3.0,
    "margin": 0.1,
    "delta": 0.05,
    "input_vmin": 0.0,
    "input_vmax": 1.0,
    "rails": [
      0.0,
      0.45
    ],
    "solver": "klu",
    "body_tie": "source",
    "body_res": 10.0,
    "rs_clamp": 10.0,
    "model_vto": 0.75,
    "vg_cutoff": 0.75,
    "vg_cutoff_epochs": 4,
    "vg_init": {
      "mode": "random",
      "lo": 1.0,
      "hi": 6.0,
      "fixed": 2.0
    },
    "epochs": 100,
    "device_include_path": "/home/ma-lab/Desktop/pyclln-final/device_model/nmos_lvl1_ald1106.lib",
    "device_subckt": "NMOSWRAP"
  },
  "train": {
    "acc": 0.9526791927627001,
    "hinge": 0.016987767780097418,
    "n_free": 1437,
    "n_clamp": 455,
    "hinge_active": 455,
    "hinge_active_frac": 0.3166318719554628,
    "skipped": 982,
    "reload_free": 0,
    "reload_clamp": 0,
    "nonfinite_free": 0,
    "nonfinite_clamp": 0
  },
  "val": {
    "acc": 0.95,
    "hinge": 0.02077194305555556,
    "test_gap_mean": 0.11729359472222221,
    "test_gap_median": 0.12233819999999998,
    "test_gap_std": 0.07346454752481862,
    "test_satisfy_frac": 0.6416666666666667,
    "test_hinge_mean": 0.020771943055555558,
    "val_reloads": 0.0,
    "val_nonfinite": 0.0
  },
  "timing_s": {
    "epoch_total": 14.386269569396973,
    "train_free": 6.748953580856323,
    "train_clamp": 2.0892553329467773,
    "train_update": 0.44093871116638184
  },
  "vg_stats": {
    "vg_unique_min": 0.46058295724366055,
    "vg_unique_max": 7.91574443711693,
    "vg_unique_sat_lo": 0.0,
    "vg_unique_sat_hi": 0.0
  }
}