{
  "epoch": 75,
  "config": {
    "seed": 0,
    "gamma": 3.0,
    "margin": 0.1,
    "delta": 0.05,
    "input_vmin": 0.0,
    "input_vmax": 1.0,
    "rails": [
      0.0,
      0.45
    ],
    "solver": "klu",
    "body_tie": "source",
    "body_res": 10.0,
    "rs_clamp": 10.0,
    "model_vto": 0.75,
    "vg_cutoff": 0.75,
    "vg_cutoff_epochs": 4,
    "vg_init": {
      "mode": "random",
      "lo": 1.0,
      "hi": 6.0,
      "fixed": 2.0
    },
    "epochs": 100,
    "device_include_path": "/home/ma-lab/Desktop/pyclln-final/device_model/nmos_lvl1_ald1106.lib",
    "device_subckt": "NMOSWRAP"
  },
  "train": {
    "acc": 0.9450243562978428,
    "hinge": 0.017335653653444676,
    "n_free": 1437,
    "n_clamp": 423,
    "hinge_active": 423,
    "hinge_active_frac": 0.29436325678496866,
    "skipped": 1014,
    "reload_free": 0,
    "reload_clamp": 0,
    "nonfinite_free": 0,
    "nonfinite_clamp": 0
  },
  "val": {
    "acc": 0.9305555555555556,
    "hinge": 0.02219699722222223,
    "test_gap_mean": 0.12105834888888888,
    "test_gap_median": 0.12634120000000001,
    "test_gap_std": 0.08003223098910803,
    "test_satisfy_frac": 0.6444444444444445,
    "test_hinge_mean": 0.022196997222222223,
    "val_reloads": 0.0,
    "val_nonfinite": 0.0
  },
  "timing_s": {
    "epoch_total": 11.128841161727905,
    "train_free": 5.101027965545654,
    "train_clamp": 1.4565708637237549,
    "train_update": 0.3109569549560547
  },
  "vg_stats": {
    "vg_unique_min": 0.6710163109677691,
    "vg_unique_max": 7.837452044269102,
    "vg_unique_sat_lo": 0.0,
    "vg_unique_sat_hi": 0.0
  }
}