{
  "epoch": 29,
  "config": {
    "seed": 0,
    "gamma": 3.0,
    "margin": 0.1,
    "delta": 0.05,
    "input_vmin": 0.0,
    "input_vmax": 1.0,
    "rails": [
      0.0,
      0.45
    ],
    "solver": "klu",
    "body_tie": "source",
    "body_res": 10.0,
    "rs_clamp": 10.0,
    "model_vto": 0.75,
    "vg_cutoff": 0.75,
    "vg_cutoff_epochs": 4,
    "vg_init": {
      "mode": "random",
      "lo": 1.0,
      "hi": 6.0,
      "fixed": 2.0
    },
    "epochs": 100,
    "device_include_path": "/home/ma-lab/Desktop/pyclln-final/device_model/nmos_lvl1_ald1106.lib",
    "device_subckt": "NMOSWRAP"
  },
  "train": {
    "acc": 0.9519832985386222,
    "hinge": 0.017393911969380657,
    "n_free": 1437,
    "n_clamp": 488,
    "hinge_active": 488,
    "hinge_active_frac": 0.3395963813500348,
    "skipped": 949,
    "reload_free": 0,
    "reload_clamp": 0,
    "nonfinite_free": 0,
    "nonfinite_clamp": 0
  },
  "val": {
    "acc": 0.9527777777777777,
    "hinge": 0.021973333055555558,
    "test_gap_mean": 0.11170553555555555,
    "test_gap_median": 0.1158593,
    "test_gap_std": 0.07031318903340422,
    "test_satisfy_frac": 0.5972222222222222,
    "test_hinge_mean": 0.02197333305555556,
    "val_reloads": 0.0,
    "val_nonfinite": 0.0
  },
  "timing_s": {
    "epoch_total": 17.20522665977478,
    "train_free": 8.184169054031372,
    "train_clamp": 2.7588517665863037,
    "train_update": 0.5267655849456787
  },
  "vg_stats": {
    "vg_unique_min": 0.5256360972384404,
    "vg_unique_max": 7.96707995828177,
    "vg_unique_sat_lo": 0.0,
    "vg_unique_sat_hi": 0.0
  }
}