{
  "epoch": 56,
  "config": {
    "seed": 0,
    "gamma": 3.0,
    "margin": 0.1,
    "delta": 0.05,
    "input_vmin": 0.0,
    "input_vmax": 1.0,
    "rails": [
      0.0,
      0.45
    ],
    "solver": "klu",
    "body_tie": "source",
    "body_res": 10.0,
    "rs_clamp": 10.0,
    "model_vto": 0.75,
    "vg_cutoff": 0.75,
    "vg_cutoff_epochs": 4,
    "vg_init": {
      "mode": "random",
      "lo": 1.0,
      "hi": 6.0,
      "fixed": 2.0
    },
    "epochs": 100,
    "device_include_path": "/home/ma-lab/Desktop/pyclln-final/device_model/nmos_lvl1_ald1106.lib",
    "device_subckt": "NMOSWRAP"
  },
  "train": {
    "acc": 0.9457202505219207,
    "hinge": 0.01713979199721642,
    "n_free": 1437,
    "n_clamp": 438,
    "hinge_active": 438,
    "hinge_active_frac": 0.3048016701461378,
    "skipped": 999,
    "reload_free": 0,
    "reload_clamp": 0,
    "nonfinite_free": 0,
    "nonfinite_clamp": 0
  },
  "val": {
    "acc": 0.9444444444444444,
    "hinge": 0.020496651388888884,
    "test_gap_mean": 0.1197671561111111,
    "test_gap_median": 0.12424505,
    "test_gap_std": 0.0747891043903137,
    "test_satisfy_frac": 0.6416666666666667,
    "test_hinge_mean": 0.020496651388888894,
    "val_reloads": 0.0,
    "val_nonfinite": 0.0
  },
  "timing_s": {
    "epoch_total": 12.156150817871094,
    "train_free": 5.587708234786987,
    "train_clamp": 1.7299606800079346,
    "train_update": 0.3398447036743164
  },
  "vg_stats": {
    "vg_unique_min": 0.6029360028505306,
    "vg_unique_max": 7.915420085397527,
    "vg_unique_sat_lo": 0.0,
    "vg_unique_sat_hi": 0.0
  }
}