{
  "epoch": 97,
  "config": {
    "seed": 0,
    "gamma": 3.0,
    "margin": 0.1,
    "delta": 0.05,
    "input_vmin": 0.0,
    "input_vmax": 1.0,
    "rails": [
      0.0,
      0.45
    ],
    "solver": "klu",
    "body_tie": "source",
    "body_res": 10.0,
    "rs_clamp": 10.0,
    "model_vto": 0.75,
    "vg_cutoff": 0.75,
    "vg_cutoff_epochs": 4,
    "vg_init": {
      "mode": "random",
      "lo": 1.0,
      "hi": 6.0,
      "fixed": 2.0
    },
    "epochs": 100,
    "device_include_path": "/home/ma-lab/Desktop/pyclln-final/device_model/nmos_lvl1_ald1106.lib",
    "device_subckt": "NMOSWRAP"
  },
  "train": {
    "acc": 0.9478079331941545,
    "hinge": 0.017477744467640947,
    "n_free": 1437,
    "n_clamp": 455,
    "hinge_active": 455,
    "hinge_active_frac": 0.3166318719554628,
    "skipped": 982,
    "reload_free": 0,
    "reload_clamp": 0,
    "nonfinite_free": 0,
    "nonfinite_clamp": 0
  },
  "val": {
    "acc": 0.9333333333333333,
    "hinge": 0.022456001666666663,
    "test_gap_mean": 0.12273562277777778,
    "test_gap_median": 0.1260612,
    "test_gap_std": 0.08350394961716837,
    "test_satisfy_frac": 0.6416666666666667,
    "test_hinge_mean": 0.02245600166666667,
    "val_reloads": 0.0,
    "val_nonfinite": 0.0
  },
  "timing_s": {
    "epoch_total": 10.889110565185547,
    "train_free": 4.979740381240845,
    "train_clamp": 1.5401320457458496,
    "train_update": 0.37166666984558105
  },
  "vg_stats": {
    "vg_unique_min": 0.5780179946037695,
    "vg_unique_max": 7.556669007190703,
    "vg_unique_sat_lo": 0.0,
    "vg_unique_sat_hi": 0.0
  }
}