{
  "test_gap_mean": 0.09572018111111112,
  "test_gap_median": 0.1034505,
  "test_gap_std": 0.05347943781102362,
  "test_satisfy_frac": 0.5194444444444445,
  "test_hinge_mean": 0.023253670555555557,
  "val_reloads": 0.0,
  "val_nonfinite": 0.0
}