{
  "test_gap_mean": 0.11353992777777779,
  "test_gap_median": 0.12321020000000002,
  "test_gap_std": 0.06428569237170079,
  "test_satisfy_frac": 0.6472222222222223,
  "test_hinge_mean": 0.019484688333333333,
  "val_reloads": 0.0,
  "val_nonfinite": 0.0
}