{
  "test_gap_mean": 0.1247338275,
  "test_gap_median": 0.13262865,
  "test_gap_std": 0.07423821258853074,
  "test_satisfy_frac": 0.6694444444444444,
  "test_hinge_mean": 0.018447418611111113,
  "val_reloads": 0.0,
  "val_nonfinite": 0.0
}