{
  "test_gap_mean": 0.11837504694444445,
  "test_gap_median": 0.12531505000000004,
  "test_gap_std": 0.06802718318987754,
  "test_satisfy_frac": 0.6611111111111111,
  "test_hinge_mean": 0.018881363333333335,
  "val_reloads": 0.0,
  "val_nonfinite": 0.0
}