{
  "test_gap_mean": 0.05325509750000001,
  "test_gap_median": 0.05581490000000003,
  "test_gap_std": 0.03663002000458351,
  "test_satisfy_frac": 0.10277777777777777,
  "test_hinge_mean": 0.0479158463888889,
  "val_reloads": 0.0,
  "val_nonfinite": 0.0
}