{
  "test_gap_mean": 0.12465587888888889,
  "test_gap_median": 0.130411,
  "test_gap_std": 0.07431076203739118,
  "test_satisfy_frac": 0.6666666666666666,
  "test_hinge_mean": 0.018462627500000002,
  "val_reloads": 0.0,
  "val_nonfinite": 0.0
}