{
  "test_gap_mean": 0.11617547638888889,
  "test_gap_median": 0.1247105,
  "test_gap_std": 0.06616130084861646,
  "test_satisfy_frac": 0.6472222222222223,
  "test_hinge_mean": 0.019116004722222225,
  "val_reloads": 0.0,
  "val_nonfinite": 0.0
}