{
  "test_gap_mean": 0.027802308611111118,
  "test_gap_median": 0.027802549999999995,
  "test_gap_std": 0.021909629465256653,
  "test_satisfy_frac": 0.0,
  "test_hinge_mean": 0.07219769138888889,
  "val_reloads": 0.0,
  "val_nonfinite": 0.0
}