{
  "test_gap_mean": 0.11186752805555555,
  "test_gap_median": 0.11882199999999998,
  "test_gap_std": 0.06354712287438544,
  "test_satisfy_frac": 0.6222222222222222,
  "test_hinge_mean": 0.019690243333333336,
  "val_reloads": 0.0,
  "val_nonfinite": 0.0
}