{
  "test_gap_mean": 0.1176885161111111,
  "test_gap_median": 0.12687240000000002,
  "test_gap_std": 0.06763614447395233,
  "test_satisfy_frac": 0.6527777777777778,
  "test_hinge_mean": 0.019002310000000005,
  "val_reloads": 0.0,
  "val_nonfinite": 0.0
}