{
  "epoch": 69,
  "config": {
    "seed": 1,
    "gamma": 0.3,
    "margin": 0.1,
    "delta": 0.05,
    "input_vmin": 0.0,
    "input_vmax": 1.0,
    "rails": [
      0.0,
      0.45
    ],
    "solver": "klu",
    "body_tie": "source",
    "body_res": 10.0,
    "rs_clamp": 10.0,
    "model_vto": 0.75,
    "vg_cutoff": 0.75,
    "vg_cutoff_epochs": 4,
    "vg_init": {
      "mode": "random",
      "lo": 1.5,
      "hi": 2.5,
      "fixed": 2.0
    },
    "epochs": 100,
    "device_include_path": "/home/ma-lab/Desktop/pyclln-final/device_model/nmos_lvl1_ald1106.lib",
    "device_subckt": "NMOSWRAP"
  },
  "train": {
    "acc": 0.953375086986778,
    "hinge": 0.016552847390396665,
    "n_free": 1437,
    "n_clamp": 449,
    "hinge_active": 449,
    "hinge_active_frac": 0.3124565066109951,
    "skipped": 988,
    "reload_free": 0,
    "reload_clamp": 0,
    "nonfinite_free": 0,
    "nonfinite_clamp": 0
  },
  "val": {
    "acc": 0.9444444444444444,
    "hinge": 0.019030565555555552,
    "test_gap_mean": 0.11785465944444443,
    "test_gap_median": 0.12381460000000002,
    "test_gap_std": 0.06780390119291703,
    "test_satisfy_frac": 0.6555555555555556,
    "test_hinge_mean": 0.019030565555555556,
    "val_reloads": 0.0,
    "val_nonfinite": 0.0
  },
  "timing_s": {
    "epoch_total": 17.530861854553223,
    "train_free": 8.83357548713684,
    "train_clamp": 2.727360248565674,
    "train_update": 0.444854736328125
  },
  "vg_stats": {
    "vg_unique_min": 0.7046392955753142,
    "vg_unique_max": 6.611085311665075,
    "vg_unique_sat_lo": 0.0,
    "vg_unique_sat_hi": 0.0
  }
}