{
  "epoch": 16,
  "config": {
    "seed": 1,
    "gamma": 0.3,
    "margin": 0.1,
    "delta": 0.05,
    "input_vmin": 0.0,
    "input_vmax": 1.0,
    "rails": [
      0.0,
      0.45
    ],
    "solver": "klu",
    "body_tie": "source",
    "body_res": 10.0,
    "rs_clamp": 10.0,
    "model_vto": 0.75,
    "vg_cutoff": 0.75,
    "vg_cutoff_epochs": 4,
    "vg_init": {
      "mode": "random",
      "lo": 1.5,
      "hi": 2.5,
      "fixed": 2.0
    },
    "epochs": 100,
    "device_include_path": "/home/ma-lab/Desktop/pyclln-final/device_model/nmos_lvl1_ald1106.lib",
    "device_subckt": "NMOSWRAP"
  },
  "train": {
    "acc": 0.9380654140570633,
    "hinge": 0.025375364578983983,
    "n_free": 1437,
    "n_clamp": 730,
    "hinge_active": 730,
    "hinge_active_frac": 0.5080027835768963,
    "skipped": 707,
    "reload_free": 0,
    "reload_clamp": 0,
    "nonfinite_free": 0,
    "nonfinite_clamp": 0
  },
  "val": {
    "acc": 0.9388888888888889,
    "hinge": 0.025130921666666684,
    "test_gap_mean": 0.09006993333333334,
    "test_gap_median": 0.09718374999999999,
    "test_gap_std": 0.05078148362735619,
    "test_satisfy_frac": 0.4666666666666667,
    "test_hinge_mean": 0.02513092166666667,
    "val_reloads": 0.0,
    "val_nonfinite": 0.0
  },
  "timing_s": {
    "epoch_total": 59.50373077392578,
    "train_free": 28.900357484817505,
    "train_clamp": 14.577504873275757,
    "train_update": 1.5850248336791992
  },
  "vg_stats": {
    "vg_unique_min": 0.4131716141469552,
    "vg_unique_max": 5.709670993792114,
    "vg_unique_sat_lo": 0.0,
    "vg_unique_sat_hi": 0.0
  }
}