{
  "epoch": 19,
  "config": {
    "seed": 1,
    "gamma": 0.3,
    "margin": 0.1,
    "delta": 0.05,
    "input_vmin": 0.0,
    "input_vmax": 1.0,
    "rails": [
      0.0,
      0.45
    ],
    "solver": "klu",
    "body_tie": "source",
    "body_res": 10.0,
    "rs_clamp": 10.0,
    "model_vto": 0.75,
    "vg_cutoff": 0.75,
    "vg_cutoff_epochs": 4,
    "vg_init": {
      "mode": "random",
      "lo": 1.5,
      "hi": 2.5,
      "fixed": 2.0
    },
    "epochs": 100,
    "device_include_path": "/home/ma-lab/Desktop/pyclln-final/device_model/nmos_lvl1_ald1106.lib",
    "device_subckt": "NMOSWRAP"
  },
  "train": {
    "acc": 0.942240779401531,
    "hinge": 0.02297131962421712,
    "n_free": 1437,
    "n_clamp": 652,
    "hinge_active": 652,
    "hinge_active_frac": 0.453723034098817,
    "skipped": 785,
    "reload_free": 0,
    "reload_clamp": 0,
    "nonfinite_free": 0,
    "nonfinite_clamp": 0
  },
  "val": {
    "acc": 0.9416666666666667,
    "hinge": 0.023253670555555557,
    "test_gap_mean": 0.09572018111111112,
    "test_gap_median": 0.1034505,
    "test_gap_std": 0.05347943781102362,
    "test_satisfy_frac": 0.5194444444444445,
    "test_hinge_mean": 0.023253670555555557,
    "val_reloads": 0.0,
    "val_nonfinite": 0.0
  },
  "timing_s": {
    "epoch_total": 51.53394913673401,
    "train_free": 26.30235981941223,
    "train_clamp": 11.905187606811523,
    "train_update": 1.3655152320861816
  },
  "vg_stats": {
    "vg_unique_min": 0.4,
    "vg_unique_max": 6.020335830535732,
    "vg_unique_sat_lo": 1.0,
    "vg_unique_sat_hi": 0.0
  }
}