{
  "epoch": 90,
  "config": {
    "seed": 1,
    "gamma": 0.3,
    "margin": 0.1,
    "delta": 0.05,
    "input_vmin": 0.0,
    "input_vmax": 1.0,
    "rails": [
      0.0,
      0.45
    ],
    "solver": "klu",
    "body_tie": "source",
    "body_res": 10.0,
    "rs_clamp": 10.0,
    "model_vto": 0.75,
    "vg_cutoff": 0.75,
    "vg_cutoff_epochs": 4,
    "vg_init": {
      "mode": "random",
      "lo": 1.5,
      "hi": 2.5,
      "fixed": 2.0
    },
    "epochs": 100,
    "device_include_path": "/home/ma-lab/Desktop/pyclln-final/device_model/nmos_lvl1_ald1106.lib",
    "device_subckt": "NMOSWRAP"
  },
  "train": {
    "acc": 0.9512874043145442,
    "hinge": 0.01640778580375785,
    "n_free": 1437,
    "n_clamp": 440,
    "hinge_active": 440,
    "hinge_active_frac": 0.30619345859429364,
    "skipped": 997,
    "reload_free": 0,
    "reload_clamp": 0,
    "nonfinite_free": 0,
    "nonfinite_clamp": 0
  },
  "val": {
    "acc": 0.9416666666666667,
    "hinge": 0.01884048138888889,
    "test_gap_mean": 0.1226206275,
    "test_gap_median": 0.13139935000000003,
    "test_gap_std": 0.0718006993786589,
    "test_satisfy_frac": 0.6583333333333333,
    "test_hinge_mean": 0.01884048138888889,
    "val_reloads": 0.0,
    "val_nonfinite": 0.0
  },
  "timing_s": {
    "epoch_total": 16.158090829849243,
    "train_free": 7.933203220367432,
    "train_clamp": 2.3573875427246094,
    "train_update": 0.40761470794677734
  },
  "vg_stats": {
    "vg_unique_min": 0.7051594915300748,
    "vg_unique_max": 6.6383054974500375,
    "vg_unique_sat_lo": 0.0,
    "vg_unique_sat_hi": 0.0
  }
}