{
  "epoch": 57,
  "config": {
    "seed": 1,
    "gamma": 0.3,
    "margin": 0.1,
    "delta": 0.05,
    "input_vmin": 0.0,
    "input_vmax": 1.0,
    "rails": [
      0.0,
      0.45
    ],
    "solver": "klu",
    "body_tie": "source",
    "body_res": 10.0,
    "rs_clamp": 10.0,
    "model_vto": 0.75,
    "vg_cutoff": 0.75,
    "vg_cutoff_epochs": 4,
    "vg_init": {
      "mode": "random",
      "lo": 1.5,
      "hi": 2.5,
      "fixed": 2.0
    },
    "epochs": 100,
    "device_include_path": "/home/ma-lab/Desktop/pyclln-final/device_model/nmos_lvl1_ald1106.lib",
    "device_subckt": "NMOSWRAP"
  },
  "train": {
    "acc": 0.953375086986778,
    "hinge": 0.016805110647181622,
    "n_free": 1437,
    "n_clamp": 455,
    "hinge_active": 455,
    "hinge_active_frac": 0.3166318719554628,
    "skipped": 982,
    "reload_free": 0,
    "reload_clamp": 0,
    "nonfinite_free": 0,
    "nonfinite_clamp": 0
  },
  "val": {
    "acc": 0.9444444444444444,
    "hinge": 0.018985101666666667,
    "test_gap_mean": 0.11775575555555555,
    "test_gap_median": 0.12595655,
    "test_gap_std": 0.06733748962873937,
    "test_satisfy_frac": 0.65,
    "test_hinge_mean": 0.01898510166666667,
    "val_reloads": 0.0,
    "val_nonfinite": 0.0
  },
  "timing_s": {
    "epoch_total": 14.871164560317993,
    "train_free": 7.553239583969116,
    "train_clamp": 2.36513352394104,
    "train_update": 0.3659367561340332
  },
  "vg_stats": {
    "vg_unique_min": 0.7028042466824839,
    "vg_unique_max": 6.58930629414459,
    "vg_unique_sat_lo": 0.0,
    "vg_unique_sat_hi": 0.0
  }
}