{
  "epoch": 51,
  "config": {
    "seed": 1,
    "gamma": 0.3,
    "margin": 0.1,
    "delta": 0.05,
    "input_vmin": 0.0,
    "input_vmax": 1.0,
    "rails": [
      0.0,
      0.45
    ],
    "solver": "klu",
    "body_tie": "source",
    "body_res": 10.0,
    "rs_clamp": 10.0,
    "model_vto": 0.75,
    "vg_cutoff": 0.75,
    "vg_cutoff_epochs": 4,
    "vg_init": {
      "mode": "random",
      "lo": 1.5,
      "hi": 2.5,
      "fixed": 2.0
    },
    "epochs": 100,
    "device_include_path": "/home/ma-lab/Desktop/pyclln-final/device_model/nmos_lvl1_ald1106.lib",
    "device_subckt": "NMOSWRAP"
  },
  "train": {
    "acc": 0.953375086986778,
    "hinge": 0.017040519554627712,
    "n_free": 1437,
    "n_clamp": 453,
    "hinge_active": 453,
    "hinge_active_frac": 0.31524008350730687,
    "skipped": 984,
    "reload_free": 0,
    "reload_clamp": 0,
    "nonfinite_free": 0,
    "nonfinite_clamp": 0
  },
  "val": {
    "acc": 0.9416666666666667,
    "hinge": 0.019108182222222228,
    "test_gap_mean": 0.11600576222222223,
    "test_gap_median": 0.12342999999999998,
    "test_gap_std": 0.06600082916034772,
    "test_satisfy_frac": 0.6527777777777778,
    "test_hinge_mean": 0.019108182222222225,
    "val_reloads": 0.0,
    "val_nonfinite": 0.0
  },
  "timing_s": {
    "epoch_total": 19.351731538772583,
    "train_free": 9.415567398071289,
    "train_clamp": 2.8952949047088623,
    "train_update": 0.5263168811798096
  },
  "vg_stats": {
    "vg_unique_min": 0.7131798983244297,
    "vg_unique_max": 6.5771707497242335,
    "vg_unique_sat_lo": 0.0,
    "vg_unique_sat_hi": 0.0
  }
}