{
  "epoch": 55,
  "config": {
    "seed": 1,
    "gamma": 0.3,
    "margin": 0.1,
    "delta": 0.05,
    "input_vmin": 0.0,
    "input_vmax": 1.0,
    "rails": [
      0.0,
      0.45
    ],
    "solver": "klu",
    "body_tie": "source",
    "body_res": 10.0,
    "rs_clamp": 10.0,
    "model_vto": 0.75,
    "vg_cutoff": 0.75,
    "vg_cutoff_epochs": 4,
    "vg_init": {
      "mode": "random",
      "lo": 1.5,
      "hi": 2.5,
      "fixed": 2.0
    },
    "epochs": 100,
    "device_include_path": "/home/ma-lab/Desktop/pyclln-final/device_model/nmos_lvl1_ald1106.lib",
    "device_subckt": "NMOSWRAP"
  },
  "train": {
    "acc": 0.953375086986778,
    "hinge": 0.016807628601252615,
    "n_free": 1437,
    "n_clamp": 462,
    "hinge_active": 462,
    "hinge_active_frac": 0.32150313152400833,
    "skipped": 975,
    "reload_free": 0,
    "reload_clamp": 0,
    "nonfinite_free": 0,
    "nonfinite_clamp": 0
  },
  "val": {
    "acc": 0.9444444444444444,
    "hinge": 0.01903562944444445,
    "test_gap_mean": 0.11706051444444444,
    "test_gap_median": 0.12368650000000003,
    "test_gap_std": 0.0668264111060682,
    "test_satisfy_frac": 0.6472222222222223,
    "test_hinge_mean": 0.01903562944444445,
    "val_reloads": 0.0,
    "val_nonfinite": 0.0
  },
  "timing_s": {
    "epoch_total": 16.31654191017151,
    "train_free": 8.229801893234253,
    "train_clamp": 2.586503505706787,
    "train_update": 0.4972960948944092
  },
  "vg_stats": {
    "vg_unique_min": 0.5933604539758196,
    "vg_unique_max": 6.589155471038788,
    "vg_unique_sat_lo": 0.0,
    "vg_unique_sat_hi": 0.0
  }
}