{
  "epoch": 8,
  "config": {
    "seed": 1,
    "gamma": 0.3,
    "margin": 0.1,
    "delta": 0.05,
    "input_vmin": 0.0,
    "input_vmax": 1.0,
    "rails": [
      0.0,
      0.45
    ],
    "solver": "klu",
    "body_tie": "source",
    "body_res": 10.0,
    "rs_clamp": 10.0,
    "model_vto": 0.75,
    "vg_cutoff": 0.75,
    "vg_cutoff_epochs": 4,
    "vg_init": {
      "mode": "random",
      "lo": 1.5,
      "hi": 2.5,
      "fixed": 2.0
    },
    "epochs": 100,
    "device_include_path": "/home/ma-lab/Desktop/pyclln-final/device_model/nmos_lvl1_ald1106.lib",
    "device_subckt": "NMOSWRAP"
  },
  "train": {
    "acc": 0.9234516353514266,
    "hinge": 0.039782755810716754,
    "n_free": 1437,
    "n_clamp": 1069,
    "hinge_active": 1069,
    "hinge_active_frac": 0.743910925539318,
    "skipped": 368,
    "reload_free": 0,
    "reload_clamp": 0,
    "nonfinite_free": 0,
    "nonfinite_clamp": 0
  },
  "val": {
    "acc": 0.9305555555555556,
    "hinge": 0.03753013694444445,
    "test_gap_mean": 0.066348675,
    "test_gap_median": 0.06844360000000002,
    "test_gap_std": 0.040957362162183535,
    "test_satisfy_frac": 0.23333333333333334,
    "test_hinge_mean": 0.037530136944444445,
    "val_reloads": 0.0,
    "val_nonfinite": 0.0
  },
  "timing_s": {
    "epoch_total": 85.00951743125916,
    "train_free": 37.65228247642517,
    "train_clamp": 27.89137554168701,
    "train_update": 2.705021381378174
  },
  "vg_stats": {
    "vg_unique_min": 0.4,
    "vg_unique_max": 4.424904532549689,
    "vg_unique_sat_lo": 9.0,
    "vg_unique_sat_hi": 0.0
  }
}