{
  "epoch": 50,
  "config": {
    "seed": 1,
    "gamma": 0.3,
    "margin": 0.1,
    "delta": 0.05,
    "input_vmin": 0.0,
    "input_vmax": 1.0,
    "rails": [
      0.0,
      0.45
    ],
    "solver": "klu",
    "body_tie": "source",
    "body_res": 10.0,
    "rs_clamp": 10.0,
    "model_vto": 0.75,
    "vg_cutoff": 0.75,
    "vg_cutoff_epochs": 4,
    "vg_init": {
      "mode": "random",
      "lo": 1.5,
      "hi": 2.5,
      "fixed": 2.0
    },
    "epochs": 100,
    "device_include_path": "/home/ma-lab/Desktop/pyclln-final/device_model/nmos_lvl1_ald1106.lib",
    "device_subckt": "NMOSWRAP"
  },
  "train": {
    "acc": 0.9498956158663883,
    "hinge": 0.017121460055671518,
    "n_free": 1437,
    "n_clamp": 460,
    "hinge_active": 460,
    "hinge_active_frac": 0.3201113430758525,
    "skipped": 977,
    "reload_free": 0,
    "reload_clamp": 0,
    "nonfinite_free": 0,
    "nonfinite_clamp": 0
  },
  "val": {
    "acc": 0.9444444444444444,
    "hinge": 0.019060948888888894,
    "test_gap_mean": 0.11605681805555557,
    "test_gap_median": 0.12391849999999999,
    "test_gap_std": 0.06607772129325547,
    "test_satisfy_frac": 0.6472222222222223,
    "test_hinge_mean": 0.01906094888888889,
    "val_reloads": 0.0,
    "val_nonfinite": 0.0
  },
  "timing_s": {
    "epoch_total": 19.514894008636475,
    "train_free": 9.479573011398315,
    "train_clamp": 2.98337984085083,
    "train_update": 0.5392704010009766
  },
  "vg_stats": {
    "vg_unique_min": 0.6596795638915235,
    "vg_unique_max": 6.571177526754389,
    "vg_unique_sat_lo": 0.0,
    "vg_unique_sat_hi": 0.0
  }
}