{
  "test_gap_mean": 0.03336052111111111,
  "test_gap_median": 0.03428494999999998,
  "test_gap_std": 0.01806622501816577,
  "test_satisfy_frac": 0.8055555555555556,
  "test_hinge_mean": 0.0026990375000000007,
  "val_reloads": 0.0,
  "val_nonfinite": 0.0
}