{
  "test_gap_mean": 0.036271535,
  "test_gap_median": 0.03768094999999999,
  "test_gap_std": 0.020033013242879517,
  "test_satisfy_frac": 0.8194444444444444,
  "test_hinge_mean": 0.0026197386111111113,
  "val_reloads": 0.0,
  "val_nonfinite": 0.0
}