{
  "test_gap_mean": 0.028063445833333332,
  "test_gap_median": 0.029388299999999992,
  "test_gap_std": 0.015322495254142025,
  "test_satisfy_frac": 0.7388888888888889,
  "test_hinge_mean": 0.003012003333333334,
  "val_reloads": 0.0,
  "val_nonfinite": 0.0
}