{
  "test_gap_mean": 0.038332286388888887,
  "test_gap_median": 0.04004184999999999,
  "test_gap_std": 0.02122464017408012,
  "test_satisfy_frac": 0.8333333333333334,
  "test_hinge_mean": 0.0025735550000000004,
  "val_reloads": 0.0,
  "val_nonfinite": 0.0
}