{
  "test_gap_mean": 0.03708950527777778,
  "test_gap_median": 0.038338449999999996,
  "test_gap_std": 0.02036958185023825,
  "test_satisfy_frac": 0.8305555555555556,
  "test_hinge_mean": 0.0026673322222222217,
  "val_reloads": 0.0,
  "val_nonfinite": 0.0
}