{
  "test_gap_mean": 0.03181250222222222,
  "test_gap_median": 0.03320549999999997,
  "test_gap_std": 0.017542490646828078,
  "test_satisfy_frac": 0.7833333333333333,
  "test_hinge_mean": 0.002822843611111111,
  "val_reloads": 0.0,
  "val_nonfinite": 0.0
}