{
  "test_gap_mean": 0.03378228388888889,
  "test_gap_median": 0.034470150000000005,
  "test_gap_std": 0.018585310801662886,
  "test_satisfy_frac": 0.8138888888888889,
  "test_hinge_mean": 0.0027779186111111112,
  "val_reloads": 0.0,
  "val_nonfinite": 0.0
}