{
  "test_gap_mean": 0.029517824722222218,
  "test_gap_median": 0.03114489999999999,
  "test_gap_std": 0.016181089384579454,
  "test_satisfy_frac": 0.7666666666666667,
  "test_hinge_mean": 0.0029698430555555556,
  "val_reloads": 0.0,
  "val_nonfinite": 0.0
}