{
  "test_gap_mean": 0.03839096805555556,
  "test_gap_median": 0.0398541,
  "test_gap_std": 0.021294760355468685,
  "test_satisfy_frac": 0.8305555555555556,
  "test_hinge_mean": 0.0026041352777777787,
  "val_reloads": 0.0,
  "val_nonfinite": 0.0
}