{
  "epoch": 47,
  "config": {
    "seed": 0,
    "gamma": 0.3,
    "margin": 0.02,
    "delta": 0.05,
    "input_vmin": 0.0,
    "input_vmax": 1.0,
    "rails": [
      0.0,
      0.45
    ],
    "solver": "klu",
    "body_tie": "floating",
    "body_res": 10.0,
    "rs_clamp": 10.0,
    "model_vto": 0.75,
    "vg_cutoff": 0.75,
    "vg_cutoff_epochs": 4,
    "vg_init": {
      "mode": "random",
      "lo": 1.5,
      "hi": 2.5,
      "fixed": 2.0
    },
    "epochs": 100,
    "device_include_path": "/home/ma-lab/Desktop/pyclln-final/device_model/nmos_lvl1_ald1106.lib",
    "device_subckt": "NMOSWRAP"
  },
  "train": {
    "acc": 0.9860821155184412,
    "hinge": 0.0011724166318719544,
    "n_free": 1437,
    "n_clamp": 168,
    "hinge_active": 168,
    "hinge_active_frac": 0.11691022964509394,
    "skipped": 1269,
    "reload_free": 0,
    "reload_clamp": 0,
    "nonfinite_free": 0,
    "nonfinite_clamp": 0
  },
  "val": {
    "acc": 0.9555555555555556,
    "hinge": 0.0026015905555555547,
    "test_gap_mean": 0.035989517500000005,
    "test_gap_median": 0.03743634999999998,
    "test_gap_std": 0.019789759954405694,
    "test_satisfy_frac": 0.8166666666666667,
    "test_hinge_mean": 0.0026015905555555547,
    "val_reloads": 0.0,
    "val_nonfinite": 0.0
  },
  "timing_s": {
    "epoch_total": 136.10405898094177,
    "train_free": 92.19882011413574,
    "train_clamp": 11.056617498397827,
    "train_update": 0.5262103080749512
  },
  "vg_stats": {
    "vg_unique_min": 0.6492839817925673,
    "vg_unique_max": 3.7081824761916464,
    "vg_unique_sat_lo": 0.0,
    "vg_unique_sat_hi": 0.0
  }
}