{
  "epoch": 2,
  "config": {
    "seed": 0,
    "gamma": 0.3,
    "margin": 0.02,
    "delta": 0.05,
    "input_vmin": 0.0,
    "input_vmax": 1.0,
    "rails": [
      0.0,
      0.45
    ],
    "solver": "klu",
    "body_tie": "floating",
    "body_res": 10.0,
    "rs_clamp": 10.0,
    "model_vto": 0.75,
    "vg_cutoff": 0.75,
    "vg_cutoff_epochs": 4,
    "vg_init": {
      "mode": "random",
      "lo": 1.5,
      "hi": 2.5,
      "fixed": 2.0
    },
    "epochs": 100,
    "device_include_path": "/home/ma-lab/Desktop/pyclln-final/device_model/nmos_lvl1_ald1106.lib",
    "device_subckt": "NMOSWRAP"
  },
  "train": {
    "acc": 0.9116214335421016,
    "hinge": 0.007100085247042445,
    "n_free": 1437,
    "n_clamp": 901,
    "hinge_active": 901,
    "hinge_active_frac": 0.627000695894224,
    "skipped": 536,
    "reload_free": 0,
    "reload_clamp": 0,
    "nonfinite_free": 0,
    "nonfinite_clamp": 0
  },
  "val": {
    "acc": 0.9111111111111111,
    "hinge": 0.00584186555555555,
    "test_gap_mean": 0.018125649444444447,
    "test_gap_median": 0.02011425,
    "test_gap_std": 0.01233752693581433,
    "test_satisfy_frac": 0.5027777777777778,
    "test_hinge_mean": 0.005841865555555556,
    "val_reloads": 0.0,
    "val_nonfinite": 0.0
  },
  "timing_s": {
    "epoch_total": 159.0564317703247,
    "train_free": 79.80430626869202,
    "train_clamp": 49.506683349609375,
    "train_update": 2.106701374053955
  },
  "vg_stats": {
    "vg_unique_min": 0.9509816166252196,
    "vg_unique_max": 2.9318537873964066,
    "vg_unique_sat_lo": 0.0,
    "vg_unique_sat_hi": 0.0
  }
}