{
  "test_gap_mean": 0.06152720638888889,
  "test_gap_median": 0.06545605000000002,
  "test_gap_std": 0.03581738316572987,
  "test_satisfy_frac": 0.6777777777777778,
  "test_hinge_mean": 0.00909762138888889,
  "val_reloads": 0.0,
  "val_nonfinite": 0.0
}