{
  "test_gap_mean": 0.05499565333333333,
  "test_gap_median": 0.058756349999999985,
  "test_gap_std": 0.03196474766273847,
  "test_satisfy_frac": 0.6,
  "test_hinge_mean": 0.010144746388888891,
  "val_reloads": 0.0,
  "val_nonfinite": 0.0
}