{
  "test_gap_mean": 0.05543117583333333,
  "test_gap_median": 0.058962949999999986,
  "test_gap_std": 0.03211441526417778,
  "test_satisfy_frac": 0.6083333333333333,
  "test_hinge_mean": 0.010008986944444444,
  "val_reloads": 0.0,
  "val_nonfinite": 0.0
}