{
  "test_gap_mean": 0.05010232333333333,
  "test_gap_median": 0.05535484999999998,
  "test_gap_std": 0.02977807804059258,
  "test_satisfy_frac": 0.5472222222222223,
  "test_hinge_mean": 0.011486335277777779,
  "val_reloads": 0.0,
  "val_nonfinite": 0.0
}