{
  "test_gap_mean": 0.059737779166666664,
  "test_gap_median": 0.0637472,
  "test_gap_std": 0.034806789804893504,
  "test_satisfy_frac": 0.6555555555555556,
  "test_hinge_mean": 0.00933013166666667,
  "val_reloads": 0.0,
  "val_nonfinite": 0.0
}