{
  "test_gap_mean": 0.06339506888888889,
  "test_gap_median": 0.06731319999999999,
  "test_gap_std": 0.03662609814684255,
  "test_satisfy_frac": 0.6916666666666667,
  "test_hinge_mean": 0.008810571666666668,
  "val_reloads": 0.0,
  "val_nonfinite": 0.0
}