{
  "test_gap_mean": 0.014899061388888888,
  "test_gap_median": 0.013973799999999995,
  "test_gap_std": 0.012554913899993865,
  "test_satisfy_frac": 0.0,
  "test_hinge_mean": 0.03510093861111111,
  "val_reloads": 0.0,
  "val_nonfinite": 0.0
}