{
  "test_gap_mean": 0.05459309222222222,
  "test_gap_median": 0.058468749999999986,
  "test_gap_std": 0.03182650010058609,
  "test_satisfy_frac": 0.5944444444444444,
  "test_hinge_mean": 0.01025314388888889,
  "val_reloads": 0.0,
  "val_nonfinite": 0.0
}