{
  "test_gap_mean": 0.0598654261111111,
  "test_gap_median": 0.06366950000000002,
  "test_gap_std": 0.03473174707193912,
  "test_satisfy_frac": 0.6527777777777778,
  "test_hinge_mean": 0.00926350527777778,
  "val_reloads": 0.0,
  "val_nonfinite": 0.0
}