{
  "epoch": 77,
  "config": {
    "seed": 0,
    "gamma": 0.3,
    "margin": 0.05,
    "delta": 0.02,
    "input_vmin": 0.0,
    "input_vmax": 1.0,
    "rails": [
      0.0,
      0.45
    ],
    "solver": "klu",
    "body_tie": "source",
    "body_res": 10.0,
    "rs_clamp": 10.0,
    "model_vto": 0.75,
    "vg_cutoff": 0.75,
    "vg_cutoff_epochs": 4,
    "vg_init": {
      "mode": "fixed",
      "lo": 1.0,
      "hi": 3.0,
      "fixed": 2.0
    },
    "epochs": 100,
    "device_include_path": "/home/ma-lab/Desktop/pyclln-final/device_model/nmos_lvl1_ald1106.lib",
    "device_subckt": "NMOSWRAP"
  },
  "train": {
    "acc": 0.9665970772442589,
    "hinge": 0.0066721130132219985,
    "n_free": 1437,
    "n_clamp": 395,
    "hinge_active": 395,
    "hinge_active_frac": 0.27487821851078637,
    "skipped": 1042,
    "reload_free": 0,
    "reload_clamp": 0,
    "nonfinite_free": 0,
    "nonfinite_clamp": 0
  },
  "val": {
    "acc": 0.95,
    "hinge": 0.009234196388888895,
    "test_gap_mean": 0.06003659277777778,
    "test_gap_median": 0.0647056,
    "test_gap_std": 0.03476361867305632,
    "test_satisfy_frac": 0.6555555555555556,
    "test_hinge_mean": 0.009234196388888892,
    "val_reloads": 0.0,
    "val_nonfinite": 0.0
  },
  "timing_s": {
    "epoch_total": 60.48436689376831,
    "train_free": 34.773681640625,
    "train_clamp": 9.505297422409058,
    "train_update": 1.0628175735473633
  },
  "vg_stats": {
    "vg_unique_min": 0.7029031471683337,
    "vg_unique_max": 5.543830624668334,
    "vg_unique_sat_lo": 0.0,
    "vg_unique_sat_hi": 0.0
  }
}