{
  "epoch": 75,
  "config": {
    "seed": 0,
    "gamma": 0.3,
    "margin": 0.05,
    "delta": 0.02,
    "input_vmin": 0.0,
    "input_vmax": 1.0,
    "rails": [
      0.0,
      0.45
    ],
    "solver": "klu",
    "body_tie": "source",
    "body_res": 10.0,
    "rs_clamp": 10.0,
    "model_vto": 0.75,
    "vg_cutoff": 0.75,
    "vg_cutoff_epochs": 4,
    "vg_init": {
      "mode": "fixed",
      "lo": 1.0,
      "hi": 3.0,
      "fixed": 2.0
    },
    "epochs": 100,
    "device_include_path": "/home/ma-lab/Desktop/pyclln-final/device_model/nmos_lvl1_ald1106.lib",
    "device_subckt": "NMOSWRAP"
  },
  "train": {
    "acc": 0.9659011830201809,
    "hinge": 0.006743724634655538,
    "n_free": 1437,
    "n_clamp": 397,
    "hinge_active": 397,
    "hinge_active_frac": 0.2762700069589422,
    "skipped": 1040,
    "reload_free": 0,
    "reload_clamp": 0,
    "nonfinite_free": 0,
    "nonfinite_clamp": 0
  },
  "val": {
    "acc": 0.9472222222222222,
    "hinge": 0.00933013166666667,
    "test_gap_mean": 0.059737779166666664,
    "test_gap_median": 0.0637472,
    "test_gap_std": 0.034806789804893504,
    "test_satisfy_frac": 0.6555555555555556,
    "test_hinge_mean": 0.00933013166666667,
    "val_reloads": 0.0,
    "val_nonfinite": 0.0
  },
  "timing_s": {
    "epoch_total": 59.1188325881958,
    "train_free": 34.691269874572754,
    "train_clamp": 9.58536148071289,
    "train_update": 0.9103014469146729
  },
  "vg_stats": {
    "vg_unique_min": 0.7214706286906846,
    "vg_unique_max": 5.524262557389556,
    "vg_unique_sat_lo": 0.0,
    "vg_unique_sat_hi": 0.0
  }
}