{
  "epoch": 20,
  "config": {
    "seed": 0,
    "gamma": 0.3,
    "margin": 0.05,
    "delta": 0.02,
    "input_vmin": 0.0,
    "input_vmax": 1.0,
    "rails": [
      0.0,
      0.45
    ],
    "solver": "klu",
    "body_tie": "source",
    "body_res": 10.0,
    "rs_clamp": 10.0,
    "model_vto": 0.75,
    "vg_cutoff": 0.75,
    "vg_cutoff_epochs": 4,
    "vg_init": {
      "mode": "fixed",
      "lo": 1.0,
      "hi": 3.0,
      "fixed": 2.0
    },
    "epochs": 100,
    "device_include_path": "/home/ma-lab/Desktop/pyclln-final/device_model/nmos_lvl1_ald1106.lib",
    "device_subckt": "NMOSWRAP"
  },
  "train": {
    "acc": 0.9491997216423104,
    "hinge": 0.011697609951287411,
    "n_free": 1437,
    "n_clamp": 720,
    "hinge_active": 720,
    "hinge_active_frac": 0.5010438413361169,
    "skipped": 717,
    "reload_free": 0,
    "reload_clamp": 0,
    "nonfinite_free": 0,
    "nonfinite_clamp": 0
  },
  "val": {
    "acc": 0.9361111111111111,
    "hinge": 0.01349605222222223,
    "test_gap_mean": 0.04426916111111111,
    "test_gap_median": 0.04765699999999998,
    "test_gap_std": 0.027126303401501666,
    "test_satisfy_frac": 0.46111111111111114,
    "test_hinge_mean": 0.013496052222222223,
    "val_reloads": 0.0,
    "val_nonfinite": 0.0
  },
  "timing_s": {
    "epoch_total": 87.9530200958252,
    "train_free": 43.595738887786865,
    "train_clamp": 21.705986976623535,
    "train_update": 2.056891441345215
  },
  "vg_stats": {
    "vg_unique_min": 0.5930965052872923,
    "vg_unique_max": 3.913888597927091,
    "vg_unique_sat_lo": 0.0,
    "vg_unique_sat_hi": 0.0
  }
}