{
  "epoch": 81,
  "config": {
    "seed": 0,
    "gamma": 0.3,
    "margin": 0.05,
    "delta": 0.02,
    "input_vmin": 0.0,
    "input_vmax": 1.0,
    "rails": [
      0.0,
      0.45
    ],
    "solver": "klu",
    "body_tie": "source",
    "body_res": 10.0,
    "rs_clamp": 10.0,
    "model_vto": 0.75,
    "vg_cutoff": 0.75,
    "vg_cutoff_epochs": 4,
    "vg_init": {
      "mode": "fixed",
      "lo": 1.0,
      "hi": 3.0,
      "fixed": 2.0
    },
    "epochs": 100,
    "device_include_path": "/home/ma-lab/Desktop/pyclln-final/device_model/nmos_lvl1_ald1106.lib",
    "device_subckt": "NMOSWRAP"
  },
  "train": {
    "acc": 0.9672929714683368,
    "hinge": 0.006534208907446075,
    "n_free": 1437,
    "n_clamp": 379,
    "hinge_active": 379,
    "hinge_active_frac": 0.26374391092553934,
    "skipped": 1058,
    "reload_free": 0,
    "reload_clamp": 0,
    "nonfinite_free": 0,
    "nonfinite_clamp": 0
  },
  "val": {
    "acc": 0.9472222222222222,
    "hinge": 0.00919119138888889,
    "test_gap_mean": 0.06075088472222223,
    "test_gap_median": 0.06512730000000003,
    "test_gap_std": 0.03532632160701949,
    "test_satisfy_frac": 0.6694444444444444,
    "test_hinge_mean": 0.00919119138888889,
    "val_reloads": 0.0,
    "val_nonfinite": 0.0
  },
  "timing_s": {
    "epoch_total": 53.36380577087402,
    "train_free": 31.075444221496582,
    "train_clamp": 8.170220136642456,
    "train_update": 0.8457350730895996
  },
  "vg_stats": {
    "vg_unique_min": 0.7373255272046996,
    "vg_unique_max": 5.602930084388005,
    "vg_unique_sat_lo": 0.0,
    "vg_unique_sat_hi": 0.0
  }
}