{
  "epoch": 18,
  "config": {
    "seed": 0,
    "gamma": 0.3,
    "margin": 0.05,
    "delta": 0.02,
    "input_vmin": 0.0,
    "input_vmax": 1.0,
    "rails": [
      0.0,
      0.45
    ],
    "solver": "klu",
    "body_tie": "source",
    "body_res": 10.0,
    "rs_clamp": 10.0,
    "model_vto": 0.75,
    "vg_cutoff": 0.75,
    "vg_cutoff_epochs": 4,
    "vg_init": {
      "mode": "fixed",
      "lo": 1.0,
      "hi": 3.0,
      "fixed": 2.0
    },
    "epochs": 100,
    "device_include_path": "/home/ma-lab/Desktop/pyclln-final/device_model/nmos_lvl1_ald1106.lib",
    "device_subckt": "NMOSWRAP"
  },
  "train": {
    "acc": 0.9485038274182325,
    "hinge": 0.012335308141962441,
    "n_free": 1437,
    "n_clamp": 770,
    "hinge_active": 770,
    "hinge_active_frac": 0.5358385525400139,
    "skipped": 667,
    "reload_free": 0,
    "reload_clamp": 0,
    "nonfinite_free": 0,
    "nonfinite_clamp": 0
  },
  "val": {
    "acc": 0.925,
    "hinge": 0.01413129027777778,
    "test_gap_mean": 0.04281304805555555,
    "test_gap_median": 0.04638339999999999,
    "test_gap_std": 0.026723740194736476,
    "test_satisfy_frac": 0.44166666666666665,
    "test_hinge_mean": 0.01413129027777778,
    "val_reloads": 0.0,
    "val_nonfinite": 0.0
  },
  "timing_s": {
    "epoch_total": 94.6465961933136,
    "train_free": 46.47769212722778,
    "train_clamp": 24.73874521255493,
    "train_update": 2.409580707550049
  },
  "vg_stats": {
    "vg_unique_min": 0.4966107089798392,
    "vg_unique_max": 3.8111058554764896,
    "vg_unique_sat_lo": 0.0,
    "vg_unique_sat_hi": 0.0
  }
}