{
  "test_gap_mean": 0.037976615000000005,
  "test_gap_median": 0.04231644999999999,
  "test_gap_std": 0.024474641688449646,
  "test_satisfy_frac": 0.35,
  "test_hinge_mean": 0.016452804444444444,
  "val_reloads": 0.0,
  "val_nonfinite": 0.0
}