{
  "test_gap_mean": 0.037209606944444445,
  "test_gap_median": 0.04160689999999999,
  "test_gap_std": 0.024380377690602417,
  "test_satisfy_frac": 0.3277777777777778,
  "test_hinge_mean": 0.016938569722222224,
  "val_reloads": 0.0,
  "val_nonfinite": 0.0
}