{
  "test_gap_mean": 0.03216147833333333,
  "test_gap_median": 0.035793450000000004,
  "test_gap_std": 0.02383872734222328,
  "test_satisfy_frac": 0.24444444444444444,
  "test_hinge_mean": 0.02043015138888889,
  "val_reloads": 0.0,
  "val_nonfinite": 0.0
}