{
  "test_gap_mean": 0.04173576694444445,
  "test_gap_median": 0.04517305000000002,
  "test_gap_std": 0.025213270614800398,
  "test_satisfy_frac": 0.4388888888888889,
  "test_hinge_mean": 0.014386905277777778,
  "val_reloads": 0.0,
  "val_nonfinite": 0.0
}