{
  "test_gap_mean": -0.012083884722222223,
  "test_gap_median": -0.009972150000000013,
  "test_gap_std": 0.02215062333034056,
  "test_satisfy_frac": 0.0,
  "test_hinge_mean": 0.06208388472222222,
  "val_reloads": 0.0,
  "val_nonfinite": 0.0
}