{
  "epoch": 14,
  "config": {
    "seed": 1,
    "gamma": 0.03,
    "margin": 0.05,
    "delta": 0.05,
    "input_vmin": 0.0,
    "input_vmax": 1.0,
    "rails": [
      0.0,
      0.45
    ],
    "solver": "klu",
    "body_tie": "source",
    "body_res": 10.0,
    "rs_clamp": 10.0,
    "model_vto": 0.75,
    "vg_cutoff": 0.75,
    "vg_cutoff_epochs": 4,
    "vg_init": {
      "mode": "random",
      "lo": 0.75,
      "hi": 3.0,
      "fixed": 2.0
    },
    "epochs": 100,
    "device_include_path": "/home/ma-lab/Desktop/pyclln-final/device_model/nmos_lvl1_ald1106.lib",
    "device_subckt": "NMOSWRAP"
  },
  "train": {
    "acc": 0.7578288100208769,
    "hinge": 0.03391059791231736,
    "n_free": 1437,
    "n_clamp": 1333,
    "hinge_active": 1333,
    "hinge_active_frac": 0.9276270006958942,
    "skipped": 104,
    "reload_free": 0,
    "reload_clamp": 0,
    "nonfinite_free": 0,
    "nonfinite_clamp": 0
  },
  "val": {
    "acc": 0.7638888888888888,
    "hinge": 0.033309748611111106,
    "test_gap_mean": 0.016954671666666667,
    "test_gap_median": 0.018811449999999993,
    "test_gap_std": 0.022151588471150264,
    "test_satisfy_frac": 0.04722222222222222,
    "test_hinge_mean": 0.03330974861111111,
    "val_reloads": 0.0,
    "val_nonfinite": 0.0
  },
  "timing_s": {
    "epoch_total": 112.3203706741333,
    "train_free": 44.35053038597107,
    "train_clamp": 40.83190107345581,
    "train_update": 4.045614719390869
  },
  "vg_stats": {
    "vg_unique_min": 0.6491797967463343,
    "vg_unique_max": 3.318302950615774,
    "vg_unique_sat_lo": 0.0,
    "vg_unique_sat_hi": 0.0
  }
}