{
  "epoch": 54,
  "config": {
    "seed": 1,
    "gamma": 0.03,
    "margin": 0.05,
    "delta": 0.05,
    "input_vmin": 0.0,
    "input_vmax": 1.0,
    "rails": [
      0.0,
      0.45
    ],
    "solver": "klu",
    "body_tie": "source",
    "body_res": 10.0,
    "rs_clamp": 10.0,
    "model_vto": 0.75,
    "vg_cutoff": 0.75,
    "vg_cutoff_epochs": 4,
    "vg_init": {
      "mode": "random",
      "lo": 0.75,
      "hi": 3.0,
      "fixed": 2.0
    },
    "epochs": 100,
    "device_include_path": "/home/ma-lab/Desktop/pyclln-final/device_model/nmos_lvl1_ald1106.lib",
    "device_subckt": "NMOSWRAP"
  },
  "train": {
    "acc": 0.9199721642310369,
    "hinge": 0.014964121503131507,
    "n_free": 1437,
    "n_clamp": 821,
    "hinge_active": 821,
    "hinge_active_frac": 0.5713291579679889,
    "skipped": 616,
    "reload_free": 0,
    "reload_clamp": 0,
    "nonfinite_free": 0,
    "nonfinite_clamp": 0
  },
  "val": {
    "acc": 0.9166666666666666,
    "hinge": 0.014509665555555561,
    "test_gap_mean": 0.041515965277777775,
    "test_gap_median": 0.04506080000000001,
    "test_gap_std": 0.02518579468428229,
    "test_satisfy_frac": 0.44166666666666665,
    "test_hinge_mean": 0.014509665555555556,
    "val_reloads": 0.0,
    "val_nonfinite": 0.0
  },
  "timing_s": {
    "epoch_total": 74.635018825531,
    "train_free": 36.21705961227417,
    "train_clamp": 20.680661916732788,
    "train_update": 1.9008214473724365
  },
  "vg_stats": {
    "vg_unique_min": 0.6886973419990291,
    "vg_unique_max": 3.938392721838672,
    "vg_unique_sat_lo": 0.0,
    "vg_unique_sat_hi": 0.0
  }
}