{
  "epoch": 41,
  "config": {
    "seed": 1,
    "gamma": 0.03,
    "margin": 0.05,
    "delta": 0.05,
    "input_vmin": 0.0,
    "input_vmax": 1.0,
    "rails": [
      0.0,
      0.45
    ],
    "solver": "klu",
    "body_tie": "source",
    "body_res": 10.0,
    "rs_clamp": 10.0,
    "model_vto": 0.75,
    "vg_cutoff": 0.75,
    "vg_cutoff_epochs": 4,
    "vg_init": {
      "mode": "random",
      "lo": 0.75,
      "hi": 3.0,
      "fixed": 2.0
    },
    "epochs": 100,
    "device_include_path": "/home/ma-lab/Desktop/pyclln-final/device_model/nmos_lvl1_ald1106.lib",
    "device_subckt": "NMOSWRAP"
  },
  "train": {
    "acc": 0.9130132219902575,
    "hinge": 0.01760933980514962,
    "n_free": 1437,
    "n_clamp": 923,
    "hinge_active": 923,
    "hinge_active_frac": 0.6423103688239388,
    "skipped": 514,
    "reload_free": 0,
    "reload_clamp": 0,
    "nonfinite_free": 0,
    "nonfinite_clamp": 0
  },
  "val": {
    "acc": 0.9,
    "hinge": 0.01693856972222223,
    "test_gap_mean": 0.037209606944444445,
    "test_gap_median": 0.04160689999999999,
    "test_gap_std": 0.024380377690602417,
    "test_satisfy_frac": 0.3277777777777778,
    "test_hinge_mean": 0.016938569722222224,
    "val_reloads": 0.0,
    "val_nonfinite": 0.0
  },
  "timing_s": {
    "epoch_total": 85.88293528556824,
    "train_free": 39.48775339126587,
    "train_clamp": 25.22943615913391,
    "train_update": 2.45660138130188
  },
  "vg_stats": {
    "vg_unique_min": 0.6740192681220248,
    "vg_unique_max": 3.6882974703418365,
    "vg_unique_sat_lo": 0.0,
    "vg_unique_sat_hi": 0.0
  }
}