{
  "epoch": 32,
  "config": {
    "seed": 1,
    "gamma": 0.03,
    "margin": 0.05,
    "delta": 0.05,
    "input_vmin": 0.0,
    "input_vmax": 1.0,
    "rails": [
      0.0,
      0.45
    ],
    "solver": "klu",
    "body_tie": "source",
    "body_res": 10.0,
    "rs_clamp": 10.0,
    "model_vto": 0.75,
    "vg_cutoff": 0.75,
    "vg_cutoff_epochs": 4,
    "vg_init": {
      "mode": "random",
      "lo": 0.75,
      "hi": 3.0,
      "fixed": 2.0
    },
    "epochs": 100,
    "device_include_path": "/home/ma-lab/Desktop/pyclln-final/device_model/nmos_lvl1_ald1106.lib",
    "device_subckt": "NMOSWRAP"
  },
  "train": {
    "acc": 0.8872651356993737,
    "hinge": 0.02040938837856642,
    "n_free": 1437,
    "n_clamp": 994,
    "hinge_active": 994,
    "hinge_active_frac": 0.6917188587334725,
    "skipped": 443,
    "reload_free": 0,
    "reload_clamp": 0,
    "nonfinite_free": 0,
    "nonfinite_clamp": 0
  },
  "val": {
    "acc": 0.8888888888888888,
    "hinge": 0.019648962222222236,
    "test_gap_mean": 0.03319022611111111,
    "test_gap_median": 0.03673430000000001,
    "test_gap_std": 0.023864934872293665,
    "test_satisfy_frac": 0.2611111111111111,
    "test_hinge_mean": 0.019648962222222222,
    "val_reloads": 0.0,
    "val_nonfinite": 0.0
  },
  "timing_s": {
    "epoch_total": 90.10897040367126,
    "train_free": 40.50730061531067,
    "train_clamp": 27.765901803970337,
    "train_update": 2.6592154502868652
  },
  "vg_stats": {
    "vg_unique_min": 0.6852075919092628,
    "vg_unique_max": 3.582646126324889,
    "vg_unique_sat_lo": 0.0,
    "vg_unique_sat_hi": 0.0
  }
}