{
  "epoch": 53,
  "config": {
    "seed": 1,
    "gamma": 0.03,
    "margin": 0.05,
    "delta": 0.05,
    "input_vmin": 0.0,
    "input_vmax": 1.0,
    "rails": [
      0.0,
      0.45
    ],
    "solver": "klu",
    "body_tie": "source",
    "body_res": 10.0,
    "rs_clamp": 10.0,
    "model_vto": 0.75,
    "vg_cutoff": 0.75,
    "vg_cutoff_epochs": 4,
    "vg_init": {
      "mode": "random",
      "lo": 0.75,
      "hi": 3.0,
      "fixed": 2.0
    },
    "epochs": 100,
    "device_include_path": "/home/ma-lab/Desktop/pyclln-final/device_model/nmos_lvl1_ald1106.lib",
    "device_subckt": "NMOSWRAP"
  },
  "train": {
    "acc": 0.9206680584551148,
    "hinge": 0.01512963048016702,
    "n_free": 1437,
    "n_clamp": 837,
    "hinge_active": 837,
    "hinge_active_frac": 0.5824634655532359,
    "skipped": 600,
    "reload_free": 0,
    "reload_clamp": 0,
    "nonfinite_free": 0,
    "nonfinite_clamp": 0
  },
  "val": {
    "acc": 0.9138888888888889,
    "hinge": 0.014634843055555565,
    "test_gap_mean": 0.041298130277777775,
    "test_gap_median": 0.04492299999999999,
    "test_gap_std": 0.02518474045107694,
    "test_satisfy_frac": 0.43333333333333335,
    "test_hinge_mean": 0.014634843055555555,
    "val_reloads": 0.0,
    "val_nonfinite": 0.0
  },
  "timing_s": {
    "epoch_total": 79.88142228126526,
    "train_free": 38.64422631263733,
    "train_clamp": 22.39825749397278,
    "train_update": 2.203310012817383
  },
  "vg_stats": {
    "vg_unique_min": 0.71173191724897,
    "vg_unique_max": 3.9200999341024576,
    "vg_unique_sat_lo": 0.0,
    "vg_unique_sat_hi": 0.0
  }
}