{
  "epoch": 18,
  "config": {
    "seed": 1,
    "gamma": 0.03,
    "margin": 0.05,
    "delta": 0.05,
    "input_vmin": 0.0,
    "input_vmax": 1.0,
    "rails": [
      0.0,
      0.45
    ],
    "solver": "klu",
    "body_tie": "source",
    "body_res": 10.0,
    "rs_clamp": 10.0,
    "model_vto": 0.75,
    "vg_cutoff": 0.75,
    "vg_cutoff_epochs": 4,
    "vg_init": {
      "mode": "random",
      "lo": 0.75,
      "hi": 3.0,
      "fixed": 2.0
    },
    "epochs": 100,
    "device_include_path": "/home/ma-lab/Desktop/pyclln-final/device_model/nmos_lvl1_ald1106.lib",
    "device_subckt": "NMOSWRAP"
  },
  "train": {
    "acc": 0.8162839248434238,
    "hinge": 0.028904960194850372,
    "n_free": 1437,
    "n_clamp": 1229,
    "hinge_active": 1229,
    "hinge_active_frac": 0.8552540013917884,
    "skipped": 208,
    "reload_free": 0,
    "reload_clamp": 0,
    "nonfinite_free": 0,
    "nonfinite_clamp": 0
  },
  "val": {
    "acc": 0.8138888888888889,
    "hinge": 0.028301619166666667,
    "test_gap_mean": 0.022320133611111112,
    "test_gap_median": 0.02523855,
    "test_gap_std": 0.02270409551342147,
    "test_satisfy_frac": 0.09444444444444444,
    "test_hinge_mean": 0.028301619166666667,
    "val_reloads": 0.0,
    "val_nonfinite": 0.0
  },
  "timing_s": {
    "epoch_total": 93.64437890052795,
    "train_free": 39.5308940410614,
    "train_clamp": 33.5074667930603,
    "train_update": 2.9776782989501953
  },
  "vg_stats": {
    "vg_unique_min": 0.671542499493084,
    "vg_unique_max": 3.409235321875248,
    "vg_unique_sat_lo": 0.0,
    "vg_unique_sat_hi": 0.0
  }
}