{
  "epoch": 70,
  "config": {
    "seed": 1,
    "gamma": 0.03,
    "margin": 0.05,
    "delta": 0.05,
    "input_vmin": 0.0,
    "input_vmax": 1.0,
    "rails": [
      0.0,
      0.45
    ],
    "solver": "klu",
    "body_tie": "source",
    "body_res": 10.0,
    "rs_clamp": 10.0,
    "model_vto": 0.75,
    "vg_cutoff": 0.75,
    "vg_cutoff_epochs": 4,
    "vg_init": {
      "mode": "random",
      "lo": 0.75,
      "hi": 3.0,
      "fixed": 2.0
    },
    "epochs": 100,
    "device_include_path": "/home/ma-lab/Desktop/pyclln-final/device_model/nmos_lvl1_ald1106.lib",
    "device_subckt": "NMOSWRAP"
  },
  "train": {
    "acc": 0.9352818371607515,
    "hinge": 0.012945079679888663,
    "n_free": 1437,
    "n_clamp": 719,
    "hinge_active": 719,
    "hinge_active_frac": 0.500347947112039,
    "skipped": 718,
    "reload_free": 0,
    "reload_clamp": 0,
    "nonfinite_free": 0,
    "nonfinite_clamp": 0
  },
  "val": {
    "acc": 0.9333333333333333,
    "hinge": 0.012814639444444451,
    "test_gap_mean": 0.04530788944444445,
    "test_gap_median": 0.04938785,
    "test_gap_std": 0.02614760566072074,
    "test_satisfy_frac": 0.4888888888888889,
    "test_hinge_mean": 0.012814639444444446,
    "val_reloads": 0.0,
    "val_nonfinite": 0.0
  },
  "timing_s": {
    "epoch_total": 77.06521677970886,
    "train_free": 37.91770005226135,
    "train_clamp": 18.890116453170776,
    "train_update": 1.8246698379516602
  },
  "vg_stats": {
    "vg_unique_min": 0.7321374953148935,
    "vg_unique_max": 4.169925288010913,
    "vg_unique_sat_lo": 0.0,
    "vg_unique_sat_hi": 0.0
  }
}