{
  "epoch": 51,
  "config": {
    "seed": 1,
    "gamma": 0.03,
    "margin": 0.05,
    "delta": 0.05,
    "input_vmin": 0.0,
    "input_vmax": 1.0,
    "rails": [
      0.0,
      0.45
    ],
    "solver": "klu",
    "body_tie": "source",
    "body_res": 10.0,
    "rs_clamp": 10.0,
    "model_vto": 0.75,
    "vg_cutoff": 0.75,
    "vg_cutoff_epochs": 4,
    "vg_init": {
      "mode": "random",
      "lo": 0.75,
      "hi": 3.0,
      "fixed": 2.0
    },
    "epochs": 100,
    "device_include_path": "/home/ma-lab/Desktop/pyclln-final/device_model/nmos_lvl1_ald1106.lib",
    "device_subckt": "NMOSWRAP"
  },
  "train": {
    "acc": 0.918580375782881,
    "hinge": 0.01546946708420323,
    "n_free": 1437,
    "n_clamp": 847,
    "hinge_active": 847,
    "hinge_active_frac": 0.5894224077940153,
    "skipped": 590,
    "reload_free": 0,
    "reload_clamp": 0,
    "nonfinite_free": 0,
    "nonfinite_clamp": 0
  },
  "val": {
    "acc": 0.9111111111111111,
    "hinge": 0.014913182777777784,
    "test_gap_mean": 0.04067901916666667,
    "test_gap_median": 0.044994950000000006,
    "test_gap_std": 0.024982858095595476,
    "test_satisfy_frac": 0.4166666666666667,
    "test_hinge_mean": 0.014913182777777778,
    "val_reloads": 0.0,
    "val_nonfinite": 0.0
  },
  "timing_s": {
    "epoch_total": 74.72856903076172,
    "train_free": 36.07890224456787,
    "train_clamp": 21.08560347557068,
    "train_update": 2.0048751831054688
  },
  "vg_stats": {
    "vg_unique_min": 0.6883968103064081,
    "vg_unique_max": 3.888994750237315,
    "vg_unique_sat_lo": 0.0,
    "vg_unique_sat_hi": 0.0
  }
}