{
  "epoch": 6,
  "config": {
    "seed": 1,
    "gamma": 0.03,
    "margin": 0.05,
    "delta": 0.05,
    "input_vmin": 0.0,
    "input_vmax": 1.0,
    "rails": [
      0.0,
      0.45
    ],
    "solver": "klu",
    "body_tie": "source",
    "body_res": 10.0,
    "rs_clamp": 10.0,
    "model_vto": 0.75,
    "vg_cutoff": 0.75,
    "vg_cutoff_epochs": 4,
    "vg_init": {
      "mode": "random",
      "lo": 0.75,
      "hi": 3.0,
      "fixed": 2.0
    },
    "epochs": 100,
    "device_include_path": "/home/ma-lab/Desktop/pyclln-final/device_model/nmos_lvl1_ald1106.lib",
    "device_subckt": "NMOSWRAP"
  },
  "train": {
    "acc": 0.4711203897007655,
    "hinge": 0.05242803924843425,
    "n_free": 1437,
    "n_clamp": 1431,
    "hinge_active": 1431,
    "hinge_active_frac": 0.9958246346555324,
    "skipped": 6,
    "reload_free": 0,
    "reload_clamp": 0,
    "nonfinite_free": 0,
    "nonfinite_clamp": 0
  },
  "val": {
    "acc": 0.525,
    "hinge": 0.050761714166666624,
    "test_gap_mean": -0.0007564105555555564,
    "test_gap_median": 0.001329250000000004,
    "test_gap_std": 0.021404034818472625,
    "test_satisfy_frac": 0.002777777777777778,
    "test_hinge_mean": 0.05076171416666667,
    "val_reloads": 0.0,
    "val_nonfinite": 0.0
  },
  "timing_s": {
    "epoch_total": 107.78628945350647,
    "train_free": 40.8467435836792,
    "train_clamp": 41.506980895996094,
    "train_update": 4.321564197540283
  },
  "vg_stats": {
    "vg_unique_min": 0.5827543221592268,
    "vg_unique_max": 3.151395532088057,
    "vg_unique_sat_lo": 0.0,
    "vg_unique_sat_hi": 0.0
  }
}