{
  "epoch": 10,
  "config": {
    "seed": 1,
    "gamma": 0.03,
    "margin": 0.05,
    "delta": 0.05,
    "input_vmin": 0.0,
    "input_vmax": 1.0,
    "rails": [
      0.0,
      0.45
    ],
    "solver": "klu",
    "body_tie": "source",
    "body_res": 10.0,
    "rs_clamp": 10.0,
    "model_vto": 0.75,
    "vg_cutoff": 0.75,
    "vg_cutoff_epochs": 4,
    "vg_init": {
      "mode": "random",
      "lo": 0.75,
      "hi": 3.0,
      "fixed": 2.0
    },
    "epochs": 100,
    "device_include_path": "/home/ma-lab/Desktop/pyclln-final/device_model/nmos_lvl1_ald1106.lib",
    "device_subckt": "NMOSWRAP"
  },
  "train": {
    "acc": 0.662491301322199,
    "hinge": 0.04146644599860817,
    "n_free": 1437,
    "n_clamp": 1408,
    "hinge_active": 1408,
    "hinge_active_frac": 0.9798190675017397,
    "skipped": 29,
    "reload_free": 0,
    "reload_clamp": 0,
    "nonfinite_free": 0,
    "nonfinite_clamp": 0
  },
  "val": {
    "acc": 0.6972222222222222,
    "hinge": 0.04047418638888886,
    "test_gap_mean": 0.009583411666666668,
    "test_gap_median": 0.01116615,
    "test_gap_std": 0.021618686004600988,
    "test_satisfy_frac": 0.011111111111111112,
    "test_hinge_mean": 0.04047418638888889,
    "val_reloads": 0.0,
    "val_nonfinite": 0.0
  },
  "timing_s": {
    "epoch_total": 111.63192987442017,
    "train_free": 43.70016884803772,
    "train_clamp": 42.723827600479126,
    "train_update": 3.7035093307495117
  },
  "vg_stats": {
    "vg_unique_min": 0.5626972610794856,
    "vg_unique_max": 3.239533949287191,
    "vg_unique_sat_lo": 0.0,
    "vg_unique_sat_hi": 0.0
  }
}