{
  "test_gap_mean": 0.0018499280555555556,
  "test_gap_median": 0.0017881499999999884,
  "test_gap_std": 0.001387451292404968,
  "test_satisfy_frac": 0.0,
  "test_hinge_mean": 0.04815007194444444,
  "val_reloads": 0.0,
  "val_nonfinite": 0.0
}