{
  "test_gap_mean": 0.0028666122222222212,
  "test_gap_median": 0.0027387000000000106,
  "test_gap_std": 0.00216212624466071,
  "test_satisfy_frac": 0.0,
  "test_hinge_mean": 0.04713338777777777,
  "val_reloads": 0.0,
  "val_nonfinite": 0.0
}