{
  "test_gap_mean": 0.006626412500000002,
  "test_gap_median": 0.006268499999999982,
  "test_gap_std": 0.005011530106534815,
  "test_satisfy_frac": 0.0,
  "test_hinge_mean": 0.04337358749999999,
  "val_reloads": 0.0,
  "val_nonfinite": 0.0
}