{
  "test_gap_mean": 0.003985149444444443,
  "test_gap_median": 0.003802099999999975,
  "test_gap_std": 0.0030024014815273254,
  "test_satisfy_frac": 0.0,
  "test_hinge_mean": 0.046014850555555556,
  "val_reloads": 0.0,
  "val_nonfinite": 0.0
}