{
  "test_gap_mean": 0.0014787355555555548,
  "test_gap_median": 0.0014327499999999826,
  "test_gap_std": 0.001109962606683577,
  "test_satisfy_frac": 0.0,
  "test_hinge_mean": 0.048521264444444434,
  "val_reloads": 0.0,
  "val_nonfinite": 0.0
}