{
  "test_gap_mean": 0.004732770277777778,
  "test_gap_median": 0.004494649999999989,
  "test_gap_std": 0.003570227037719953,
  "test_satisfy_frac": 0.0,
  "test_hinge_mean": 0.04526722972222222,
  "val_reloads": 0.0,
  "val_nonfinite": 0.0
}