{
  "test_gap_mean": 0.0007447213888888894,
  "test_gap_median": 0.0007049999999999973,
  "test_gap_std": 0.0005608166176441712,
  "test_satisfy_frac": 0.0,
  "test_hinge_mean": 0.04925527861111111,
  "val_reloads": 0.0,
  "val_nonfinite": 0.0
}