{
  "test_gap_mean": 0.002682496388888887,
  "test_gap_median": 0.00255370000000002,
  "test_gap_std": 0.0020224881713191405,
  "test_satisfy_frac": 0.0,
  "test_hinge_mean": 0.04731750361111111,
  "val_reloads": 0.0,
  "val_nonfinite": 0.0
}