{
  "test_gap_mean": 0.0033322347222222233,
  "test_gap_median": 0.0031796000000000046,
  "test_gap_std": 0.0025183675385587767,
  "test_satisfy_frac": 0.0,
  "test_hinge_mean": 0.04666776527777778,
  "val_reloads": 0.0,
  "val_nonfinite": 0.0
}