{
  "test_gap_mean": 0.005487043888888892,
  "test_gap_median": 0.005217250000000007,
  "test_gap_std": 0.0041433752645526935,
  "test_satisfy_frac": 0.0,
  "test_hinge_mean": 0.0445129561111111,
  "val_reloads": 0.0,
  "val_nonfinite": 0.0
}