{
  "epoch": 19,
  "config": {
    "seed": 1,
    "gamma": 0.03,
    "margin": 0.05,
    "delta": 0.02,
    "input_vmin": 0.0,
    "input_vmax": 1.0,
    "rails": [
      0.0,
      0.45
    ],
    "solver": "klu",
    "body_tie": "floating",
    "body_res": 10.0,
    "rs_clamp": 10.0,
    "model_vto": 0.75,
    "vg_cutoff": 0.75,
    "vg_cutoff_epochs": 4,
    "vg_init": {
      "mode": "fixed",
      "lo": 1.0,
      "hi": 3.0,
      "fixed": 4.0
    },
    "epochs": 100,
    "device_include_path": "/home/ma-lab/Desktop/pyclln-final/device_model/nmos_lvl1_ald1106.lib",
    "device_subckt": "NMOSWRAP"
  },
  "train": {
    "acc": 0.9032707028531664,
    "hinge": 0.0482454919972164,
    "n_free": 1437,
    "n_clamp": 1437,
    "hinge_active": 1437,
    "hinge_active_frac": 1.0,
    "skipped": 0,
    "reload_free": 0,
    "reload_clamp": 0,
    "nonfinite_free": 0,
    "nonfinite_clamp": 0
  },
  "val": {
    "acc": 0.9111111111111111,
    "hinge": 0.048245411111111136,
    "test_gap_mean": 0.001754588888888887,
    "test_gap_median": 0.0016717499999999996,
    "test_gap_std": 0.0013194097672144895,
    "test_satisfy_frac": 0.0,
    "test_hinge_mean": 0.0482454111111111,
    "val_reloads": 0.0,
    "val_nonfinite": 0.0
  },
  "timing_s": {
    "epoch_total": 262.65989422798157,
    "train_free": 110.6600034236908,
    "train_clamp": 111.77705478668213,
    "train_update": 3.1769859790802
  },
  "vg_stats": {
    "vg_unique_min": 3.7596006458629403,
    "vg_unique_max": 4.20238097729686,
    "vg_unique_sat_lo": 0.0,
    "vg_unique_sat_hi": 0.0
  }
}