{
  "epoch": 26,
  "config": {
    "seed": 1,
    "gamma": 0.03,
    "margin": 0.05,
    "delta": 0.02,
    "input_vmin": 0.0,
    "input_vmax": 1.0,
    "rails": [
      0.0,
      0.45
    ],
    "solver": "klu",
    "body_tie": "floating",
    "body_res": 10.0,
    "rs_clamp": 10.0,
    "model_vto": 0.75,
    "vg_cutoff": 0.75,
    "vg_cutoff_epochs": 4,
    "vg_init": {
      "mode": "fixed",
      "lo": 1.0,
      "hi": 3.0,
      "fixed": 4.0
    },
    "epochs": 100,
    "device_include_path": "/home/ma-lab/Desktop/pyclln-final/device_model/nmos_lvl1_ald1106.lib",
    "device_subckt": "NMOSWRAP"
  },
  "train": {
    "acc": 0.8977035490605428,
    "hinge": 0.047579915727209585,
    "n_free": 1437,
    "n_clamp": 1437,
    "hinge_active": 1437,
    "hinge_active_frac": 1.0,
    "skipped": 0,
    "reload_free": 0,
    "reload_clamp": 0,
    "nonfinite_free": 0,
    "nonfinite_clamp": 0
  },
  "val": {
    "acc": 0.9083333333333333,
    "hinge": 0.0475971216666667,
    "test_gap_mean": 0.002402878333333332,
    "test_gap_median": 0.0023199499999999873,
    "test_gap_std": 0.0018057030479466684,
    "test_satisfy_frac": 0.0,
    "test_hinge_mean": 0.04759712166666666,
    "val_reloads": 0.0,
    "val_nonfinite": 0.0
  },
  "timing_s": {
    "epoch_total": 291.60432386398315,
    "train_free": 120.91337537765503,
    "train_clamp": 121.85531306266785,
    "train_update": 3.4118311405181885
  },
  "vg_stats": {
    "vg_unique_min": 3.6717126106134215,
    "vg_unique_max": 4.276230890789685,
    "vg_unique_sat_lo": 0.0,
    "vg_unique_sat_hi": 0.0
  }
}