{
  "test_gap_mean": 0.08623266805555554,
  "test_gap_median": 0.08448529999999999,
  "test_gap_std": 0.06176282039305152,
  "test_satisfy_frac": 0.8833333333333333,
  "test_hinge_mean": 0.004184191111111112,
  "val_reloads": 0.0,
  "val_nonfinite": 0.0
}