{
  "test_gap_mean": 0.0892796311111111,
  "test_gap_median": 0.08709234999999996,
  "test_gap_std": 0.0632793070134466,
  "test_satisfy_frac": 0.8777777777777778,
  "test_hinge_mean": 0.004961962500000001,
  "val_reloads": 0.0,
  "val_nonfinite": 0.0
}