{
  "test_gap_mean": 0.07700985111111111,
  "test_gap_median": 0.07735989999999998,
  "test_gap_std": 0.048309709764064665,
  "test_satisfy_frac": 0.8805555555555555,
  "test_hinge_mean": 0.0032812638888888887,
  "val_reloads": 0.0,
  "val_nonfinite": 0.0
}