{
  "test_gap_mean": 0.09275797000000002,
  "test_gap_median": 0.09444415000000003,
  "test_gap_std": 0.06470472619816406,
  "test_satisfy_frac": 0.8861111111111111,
  "test_hinge_mean": 0.004706312777777778,
  "val_reloads": 0.0,
  "val_nonfinite": 0.0
}