{
  "test_gap_mean": 0.08823745416666666,
  "test_gap_median": 0.08612214999999998,
  "test_gap_std": 0.05827906480417098,
  "test_satisfy_frac": 0.9111111111111111,
  "test_hinge_mean": 0.003840599999999999,
  "val_reloads": 0.0,
  "val_nonfinite": 0.0
}