{
  "test_gap_mean": 0.09257190666666668,
  "test_gap_median": 0.08798615000000001,
  "test_gap_std": 0.06545026336729592,
  "test_satisfy_frac": 0.8944444444444445,
  "test_hinge_mean": 0.004192591388888889,
  "val_reloads": 0.0,
  "val_nonfinite": 0.0
}