{
  "test_gap_mean": 0.07020440944444443,
  "test_gap_median": 0.0726271,
  "test_gap_std": 0.043247755044705564,
  "test_satisfy_frac": 0.8777777777777778,
  "test_hinge_mean": 0.003565885277777778,
  "val_reloads": 0.0,
  "val_nonfinite": 0.0
}