{
  "test_gap_mean": 0.08869312388888888,
  "test_gap_median": 0.09359799999999999,
  "test_gap_std": 0.060271914081095265,
  "test_satisfy_frac": 0.8888888888888888,
  "test_hinge_mean": 0.004402536111111112,
  "val_reloads": 0.0,
  "val_nonfinite": 0.0
}