{
  "test_gap_mean": 0.08799729166666667,
  "test_gap_median": 0.08689565000000002,
  "test_gap_std": 0.061335405496030025,
  "test_satisfy_frac": 0.875,
  "test_hinge_mean": 0.003984509166666667,
  "val_reloads": 0.0,
  "val_nonfinite": 0.0
}