{
  "test_gap_mean": 0.08831762805555556,
  "test_gap_median": 0.08718324999999999,
  "test_gap_std": 0.06095379001213603,
  "test_satisfy_frac": 0.8777777777777778,
  "test_hinge_mean": 0.004399021944444446,
  "val_reloads": 0.0,
  "val_nonfinite": 0.0
}