{
  "epoch": 38,
  "config": {
    "seed": 0,
    "gamma": 3.0,
    "margin": 0.02,
    "delta": 0.1,
    "input_vmin": 0.0,
    "input_vmax": 1.0,
    "rails": [
      0.0,
      0.45
    ],
    "solver": "klu",
    "body_tie": "source",
    "body_res": 10.0,
    "rs_clamp": 10.0,
    "model_vto": 0.75,
    "vg_cutoff": 0.75,
    "vg_cutoff_epochs": 4,
    "vg_init": {
      "mode": "random",
      "lo": 1.5,
      "hi": 2.5,
      "fixed": 2.0
    },
    "epochs": 100,
    "device_include_path": "/home/ma-lab/Desktop/pyclln-final/device_model/nmos_lvl1_ald1106.lib",
    "device_subckt": "NMOSWRAP"
  },
  "train": {
    "acc": 0.9638135003479471,
    "hinge": 0.002291803827418233,
    "n_free": 1437,
    "n_clamp": 141,
    "hinge_active": 141,
    "hinge_active_frac": 0.09812108559498957,
    "skipped": 1296,
    "reload_free": 0,
    "reload_clamp": 0,
    "nonfinite_free": 0,
    "nonfinite_clamp": 0
  },
  "val": {
    "acc": 0.9416666666666667,
    "hinge": 0.003718516388888888,
    "test_gap_mean": 0.0815757936111111,
    "test_gap_median": 0.0804088,
    "test_gap_std": 0.05267450602174103,
    "test_satisfy_frac": 0.8944444444444445,
    "test_hinge_mean": 0.0037185163888888905,
    "val_reloads": 0.0,
    "val_nonfinite": 0.0
  },
  "timing_s": {
    "epoch_total": 17.39503502845764,
    "train_free": 10.34434461593628,
    "train_clamp": 1.0113654136657715,
    "train_update": 0.14391016960144043
  },
  "vg_stats": {
    "vg_unique_min": 0.44755775676390996,
    "vg_unique_max": 7.449474322461904,
    "vg_unique_sat_lo": 0.0,
    "vg_unique_sat_hi": 0.0
  }
}