{
  "epoch": 71,
  "config": {
    "seed": 0,
    "gamma": 3.0,
    "margin": 0.02,
    "delta": 0.1,
    "input_vmin": 0.0,
    "input_vmax": 1.0,
    "rails": [
      0.0,
      0.45
    ],
    "solver": "klu",
    "body_tie": "source",
    "body_res": 10.0,
    "rs_clamp": 10.0,
    "model_vto": 0.75,
    "vg_cutoff": 0.75,
    "vg_cutoff_epochs": 4,
    "vg_init": {
      "mode": "random",
      "lo": 1.5,
      "hi": 2.5,
      "fixed": 2.0
    },
    "epochs": 100,
    "device_include_path": "/home/ma-lab/Desktop/pyclln-final/device_model/nmos_lvl1_ald1106.lib",
    "device_subckt": "NMOSWRAP"
  },
  "train": {
    "acc": 0.9631176061238692,
    "hinge": 0.0021913091162143344,
    "n_free": 1437,
    "n_clamp": 126,
    "hinge_active": 126,
    "hinge_active_frac": 0.08768267223382047,
    "skipped": 1311,
    "reload_free": 0,
    "reload_clamp": 0,
    "nonfinite_free": 0,
    "nonfinite_clamp": 0
  },
  "val": {
    "acc": 0.9361111111111111,
    "hinge": 0.005032911111111112,
    "test_gap_mean": 0.08668500027777777,
    "test_gap_median": 0.08131454999999999,
    "test_gap_std": 0.06211372653352277,
    "test_satisfy_frac": 0.8972222222222223,
    "test_hinge_mean": 0.005032911111111112,
    "val_reloads": 0.0,
    "val_nonfinite": 0.0
  },
  "timing_s": {
    "epoch_total": 15.093775272369385,
    "train_free": 8.678106784820557,
    "train_clamp": 0.7629399299621582,
    "train_update": 0.12845778465270996
  },
  "vg_stats": {
    "vg_unique_min": 0.5486828229818161,
    "vg_unique_max": 7.314120813035574,
    "vg_unique_sat_lo": 0.0,
    "vg_unique_sat_hi": 0.0
  }
}