{
  "epoch": 22,
  "config": {
    "seed": 0,
    "gamma": 3.0,
    "margin": 0.02,
    "delta": 0.1,
    "input_vmin": 0.0,
    "input_vmax": 1.0,
    "rails": [
      0.0,
      0.45
    ],
    "solver": "klu",
    "body_tie": "source",
    "body_res": 10.0,
    "rs_clamp": 10.0,
    "model_vto": 0.75,
    "vg_cutoff": 0.75,
    "vg_cutoff_epochs": 4,
    "vg_init": {
      "mode": "random",
      "lo": 1.5,
      "hi": 2.5,
      "fixed": 2.0
    },
    "epochs": 100,
    "device_include_path": "/home/ma-lab/Desktop/pyclln-final/device_model/nmos_lvl1_ald1106.lib",
    "device_subckt": "NMOSWRAP"
  },
  "train": {
    "acc": 0.9610299234516354,
    "hinge": 0.0019886675713291575,
    "n_free": 1437,
    "n_clamp": 125,
    "hinge_active": 125,
    "hinge_active_frac": 0.08698677800974251,
    "skipped": 1312,
    "reload_free": 0,
    "reload_clamp": 0,
    "nonfinite_free": 0,
    "nonfinite_clamp": 0
  },
  "val": {
    "acc": 0.95,
    "hinge": 0.0032812638888888887,
    "test_gap_mean": 0.07700985111111111,
    "test_gap_median": 0.07735989999999998,
    "test_gap_std": 0.048309709764064665,
    "test_satisfy_frac": 0.8805555555555555,
    "test_hinge_mean": 0.0032812638888888887,
    "val_reloads": 0.0,
    "val_nonfinite": 0.0
  },
  "timing_s": {
    "epoch_total": 25.688670873641968,
    "train_free": 15.964726448059082,
    "train_clamp": 1.375392198562622,
    "train_update": 0.17090058326721191
  },
  "vg_stats": {
    "vg_unique_min": 0.40000007347504,
    "vg_unique_max": 7.372857393305199,
    "vg_unique_sat_lo": 0.0,
    "vg_unique_sat_hi": 0.0
  }
}