{
  "epoch": 14,
  "config": {
    "seed": 0,
    "gamma": 3.0,
    "margin": 0.02,
    "delta": 0.1,
    "input_vmin": 0.0,
    "input_vmax": 1.0,
    "rails": [
      0.0,
      0.45
    ],
    "solver": "klu",
    "body_tie": "source",
    "body_res": 10.0,
    "rs_clamp": 10.0,
    "model_vto": 0.75,
    "vg_cutoff": 0.75,
    "vg_cutoff_epochs": 4,
    "vg_init": {
      "mode": "random",
      "lo": 1.5,
      "hi": 2.5,
      "fixed": 2.0
    },
    "epochs": 100,
    "device_include_path": "/home/ma-lab/Desktop/pyclln-final/device_model/nmos_lvl1_ald1106.lib",
    "device_subckt": "NMOSWRAP"
  },
  "train": {
    "acc": 0.9631176061238692,
    "hinge": 0.0020065533054975646,
    "n_free": 1437,
    "n_clamp": 126,
    "hinge_active": 126,
    "hinge_active_frac": 0.08768267223382047,
    "skipped": 1311,
    "reload_free": 0,
    "reload_clamp": 0,
    "nonfinite_free": 0,
    "nonfinite_clamp": 0
  },
  "val": {
    "acc": 0.9388888888888889,
    "hinge": 0.004266203055555554,
    "test_gap_mean": 0.07508888027777778,
    "test_gap_median": 0.07920985,
    "test_gap_std": 0.050430284049262,
    "test_satisfy_frac": 0.8694444444444445,
    "test_hinge_mean": 0.0042662030555555555,
    "val_reloads": 0.0,
    "val_nonfinite": 0.0
  },
  "timing_s": {
    "epoch_total": 32.91917085647583,
    "train_free": 20.810790061950684,
    "train_clamp": 1.8141183853149414,
    "train_update": 0.21073293685913086
  },
  "vg_stats": {
    "vg_unique_min": 0.4,
    "vg_unique_max": 7.04935195187166,
    "vg_unique_sat_lo": 1.0,
    "vg_unique_sat_hi": 0.0
  }
}