{
  "epoch": 62,
  "config": {
    "seed": 0,
    "gamma": 3.0,
    "margin": 0.02,
    "delta": 0.1,
    "input_vmin": 0.0,
    "input_vmax": 1.0,
    "rails": [
      0.0,
      0.45
    ],
    "solver": "klu",
    "body_tie": "source",
    "body_res": 10.0,
    "rs_clamp": 10.0,
    "model_vto": 0.75,
    "vg_cutoff": 0.75,
    "vg_cutoff_epochs": 4,
    "vg_init": {
      "mode": "random",
      "lo": 1.5,
      "hi": 2.5,
      "fixed": 2.0
    },
    "epochs": 100,
    "device_include_path": "/home/ma-lab/Desktop/pyclln-final/device_model/nmos_lvl1_ald1106.lib",
    "device_subckt": "NMOSWRAP"
  },
  "train": {
    "acc": 0.9603340292275574,
    "hinge": 0.002179606054279749,
    "n_free": 1437,
    "n_clamp": 131,
    "hinge_active": 131,
    "hinge_active_frac": 0.09116214335421016,
    "skipped": 1306,
    "reload_free": 0,
    "reload_clamp": 0,
    "nonfinite_free": 0,
    "nonfinite_clamp": 0
  },
  "val": {
    "acc": 0.925,
    "hinge": 0.00420882111111111,
    "test_gap_mean": 0.08947727833333333,
    "test_gap_median": 0.09038805,
    "test_gap_std": 0.061101960536663426,
    "test_satisfy_frac": 0.8805555555555555,
    "test_hinge_mean": 0.0042088211111111105,
    "val_reloads": 0.0,
    "val_nonfinite": 0.0
  },
  "timing_s": {
    "epoch_total": 16.030166625976562,
    "train_free": 9.304651975631714,
    "train_clamp": 0.8346374034881592,
    "train_update": 0.1860809326171875
  },
  "vg_stats": {
    "vg_unique_min": 0.4743295086084396,
    "vg_unique_max": 6.874042828303596,
    "vg_unique_sat_lo": 0.0,
    "vg_unique_sat_hi": 0.0
  }
}