{
  "epoch": 26,
  "config": {
    "seed": 0,
    "gamma": 3.0,
    "margin": 0.02,
    "delta": 0.1,
    "input_vmin": 0.0,
    "input_vmax": 1.0,
    "rails": [
      0.0,
      0.45
    ],
    "solver": "klu",
    "body_tie": "source",
    "body_res": 10.0,
    "rs_clamp": 10.0,
    "model_vto": 0.75,
    "vg_cutoff": 0.75,
    "vg_cutoff_epochs": 4,
    "vg_init": {
      "mode": "random",
      "lo": 1.5,
      "hi": 2.5,
      "fixed": 2.0
    },
    "epochs": 100,
    "device_include_path": "/home/ma-lab/Desktop/pyclln-final/device_model/nmos_lvl1_ald1106.lib",
    "device_subckt": "NMOSWRAP"
  },
  "train": {
    "acc": 0.965205288796103,
    "hinge": 0.0019218855254001393,
    "n_free": 1437,
    "n_clamp": 125,
    "hinge_active": 125,
    "hinge_active_frac": 0.08698677800974251,
    "skipped": 1312,
    "reload_free": 0,
    "reload_clamp": 0,
    "nonfinite_free": 0,
    "nonfinite_clamp": 0
  },
  "val": {
    "acc": 0.9444444444444444,
    "hinge": 0.0038529869444444424,
    "test_gap_mean": 0.07748299750000001,
    "test_gap_median": 0.07847990000000002,
    "test_gap_std": 0.05158801552389016,
    "test_satisfy_frac": 0.8777777777777778,
    "test_hinge_mean": 0.0038529869444444437,
    "val_reloads": 0.0,
    "val_nonfinite": 0.0
  },
  "timing_s": {
    "epoch_total": 22.818092346191406,
    "train_free": 13.823719501495361,
    "train_clamp": 1.1995561122894287,
    "train_update": 0.16524839401245117
  },
  "vg_stats": {
    "vg_unique_min": 0.4000058605032999,
    "vg_unique_max": 7.169516009056892,
    "vg_unique_sat_lo": 0.0,
    "vg_unique_sat_hi": 0.0
  }
}