{
  "epoch": 3,
  "config": {
    "seed": 0,
    "gamma": 3.0,
    "margin": 0.02,
    "delta": 0.1,
    "input_vmin": 0.0,
    "input_vmax": 1.0,
    "rails": [
      0.0,
      0.45
    ],
    "solver": "klu",
    "body_tie": "source",
    "body_res": 10.0,
    "rs_clamp": 10.0,
    "model_vto": 0.75,
    "vg_cutoff": 0.75,
    "vg_cutoff_epochs": 4,
    "vg_init": {
      "mode": "random",
      "lo": 1.5,
      "hi": 2.5,
      "fixed": 2.0
    },
    "epochs": 100,
    "device_include_path": "/home/ma-lab/Desktop/pyclln-final/device_model/nmos_lvl1_ald1106.lib",
    "device_subckt": "NMOSWRAP"
  },
  "train": {
    "acc": 0.9311064718162839,
    "hinge": 0.003488820668058453,
    "n_free": 1437,
    "n_clamp": 247,
    "hinge_active": 247,
    "hinge_active_frac": 0.17188587334725122,
    "skipped": 1190,
    "reload_free": 0,
    "reload_clamp": 0,
    "nonfinite_free": 0,
    "nonfinite_clamp": 0
  },
  "val": {
    "acc": 0.8944444444444445,
    "hinge": 0.006076674166666664,
    "test_gap_mean": 0.04974613305555556,
    "test_gap_median": 0.0501723,
    "test_gap_std": 0.04233819225950583,
    "test_satisfy_frac": 0.7638888888888888,
    "test_hinge_mean": 0.006076674166666667,
    "val_reloads": 0.0,
    "val_nonfinite": 0.0
  },
  "timing_s": {
    "epoch_total": 53.16647124290466,
    "train_free": 32.025875091552734,
    "train_clamp": 5.496245861053467,
    "train_update": 0.5462856292724609
  },
  "vg_stats": {
    "vg_unique_min": 0.4,
    "vg_unique_max": 5.437361020964962,
    "vg_unique_sat_lo": 23.0,
    "vg_unique_sat_hi": 0.0
  }
}