{
  "epoch": 32,
  "config": {
    "seed": 0,
    "gamma": 3.0,
    "margin": 0.02,
    "delta": 0.1,
    "input_vmin": 0.0,
    "input_vmax": 1.0,
    "rails": [
      0.0,
      0.45
    ],
    "solver": "klu",
    "body_tie": "source",
    "body_res": 10.0,
    "rs_clamp": 10.0,
    "model_vto": 0.75,
    "vg_cutoff": 0.75,
    "vg_cutoff_epochs": 4,
    "vg_init": {
      "mode": "random",
      "lo": 1.5,
      "hi": 2.5,
      "fixed": 2.0
    },
    "epochs": 100,
    "device_include_path": "/home/ma-lab/Desktop/pyclln-final/device_model/nmos_lvl1_ald1106.lib",
    "device_subckt": "NMOSWRAP"
  },
  "train": {
    "acc": 0.964509394572025,
    "hinge": 0.0019079601252609598,
    "n_free": 1437,
    "n_clamp": 125,
    "hinge_active": 125,
    "hinge_active_frac": 0.08698677800974251,
    "skipped": 1312,
    "reload_free": 0,
    "reload_clamp": 0,
    "nonfinite_free": 0,
    "nonfinite_clamp": 0
  },
  "val": {
    "acc": 0.9194444444444444,
    "hinge": 0.004507535833333331,
    "test_gap_mean": 0.08064391333333333,
    "test_gap_median": 0.08288314999999996,
    "test_gap_std": 0.05541871739170992,
    "test_satisfy_frac": 0.8583333333333333,
    "test_hinge_mean": 0.004507535833333333,
    "val_reloads": 0.0,
    "val_nonfinite": 0.0
  },
  "timing_s": {
    "epoch_total": 20.15765881538391,
    "train_free": 12.107955932617188,
    "train_clamp": 1.053328275680542,
    "train_update": 0.1493067741394043
  },
  "vg_stats": {
    "vg_unique_min": 0.4,
    "vg_unique_max": 7.207865982154598,
    "vg_unique_sat_lo": 2.0,
    "vg_unique_sat_hi": 0.0
  }
}