{
  "epoch": 100,
  "config": {
    "seed": 0,
    "gamma": 3.0,
    "margin": 0.02,
    "delta": 0.1,
    "input_vmin": 0.0,
    "input_vmax": 1.0,
    "rails": [
      0.0,
      0.45
    ],
    "solver": "klu",
    "body_tie": "source",
    "body_res": 10.0,
    "rs_clamp": 10.0,
    "model_vto": 0.75,
    "vg_cutoff": 0.75,
    "vg_cutoff_epochs": 4,
    "vg_init": {
      "mode": "random",
      "lo": 1.5,
      "hi": 2.5,
      "fixed": 2.0
    },
    "epochs": 100,
    "device_include_path": "/home/ma-lab/Desktop/pyclln-final/device_model/nmos_lvl1_ald1106.lib",
    "device_subckt": "NMOSWRAP"
  },
  "train": {
    "acc": 0.9575504523312457,
    "hinge": 0.002339447320807236,
    "n_free": 1437,
    "n_clamp": 129,
    "hinge_active": 129,
    "hinge_active_frac": 0.08977035490605428,
    "skipped": 1308,
    "reload_free": 0,
    "reload_clamp": 0,
    "nonfinite_free": 0,
    "nonfinite_clamp": 0
  },
  "val": {
    "acc": 0.9333333333333333,
    "hinge": 0.004399021944444445,
    "test_gap_mean": 0.08831762805555556,
    "test_gap_median": 0.08718324999999999,
    "test_gap_std": 0.06095379001213603,
    "test_satisfy_frac": 0.8777777777777778,
    "test_hinge_mean": 0.004399021944444446,
    "val_reloads": 0.0,
    "val_nonfinite": 0.0
  },
  "timing_s": {
    "epoch_total": 13.270753383636475,
    "train_free": 7.430978298187256,
    "train_clamp": 0.66306471824646,
    "train_update": 0.11681032180786133
  },
  "vg_stats": {
    "vg_unique_min": 0.611623400216517,
    "vg_unique_max": 6.623078865479122,
    "vg_unique_sat_lo": 0.0,
    "vg_unique_sat_hi": 0.0
  }
}