{
  "epoch": 93,
  "config": {
    "seed": 0,
    "gamma": 3.0,
    "margin": 0.02,
    "delta": 0.1,
    "input_vmin": 0.0,
    "input_vmax": 1.0,
    "rails": [
      0.0,
      0.45
    ],
    "solver": "klu",
    "body_tie": "source",
    "body_res": 10.0,
    "rs_clamp": 10.0,
    "model_vto": 0.75,
    "vg_cutoff": 0.75,
    "vg_cutoff_epochs": 4,
    "vg_init": {
      "mode": "random",
      "lo": 1.5,
      "hi": 2.5,
      "fixed": 2.0
    },
    "epochs": 100,
    "device_include_path": "/home/ma-lab/Desktop/pyclln-final/device_model/nmos_lvl1_ald1106.lib",
    "device_subckt": "NMOSWRAP"
  },
  "train": {
    "acc": 0.9554627696590118,
    "hinge": 0.002301756715379261,
    "n_free": 1437,
    "n_clamp": 121,
    "hinge_active": 121,
    "hinge_active_frac": 0.08420320111343076,
    "skipped": 1316,
    "reload_free": 0,
    "reload_clamp": 0,
    "nonfinite_free": 0,
    "nonfinite_clamp": 0
  },
  "val": {
    "acc": 0.9083333333333333,
    "hinge": 0.0053765513888888875,
    "test_gap_mean": 0.08500187861111111,
    "test_gap_median": 0.08335409999999996,
    "test_gap_std": 0.06373217594746536,
    "test_satisfy_frac": 0.875,
    "test_hinge_mean": 0.005376551388888888,
    "val_reloads": 0.0,
    "val_nonfinite": 0.0
  },
  "timing_s": {
    "epoch_total": 11.78334093093872,
    "train_free": 6.871971368789673,
    "train_clamp": 0.5822505950927734,
    "train_update": 0.10337281227111816
  },
  "vg_stats": {
    "vg_unique_min": 0.45487525974897997,
    "vg_unique_max": 6.581508191595467,
    "vg_unique_sat_lo": 0.0,
    "vg_unique_sat_hi": 0.0
  }
}