{
  "epoch": 76,
  "config": {
    "seed": 0,
    "gamma": 3.0,
    "margin": 0.02,
    "delta": 0.1,
    "input_vmin": 0.0,
    "input_vmax": 1.0,
    "rails": [
      0.0,
      0.45
    ],
    "solver": "klu",
    "body_tie": "source",
    "body_res": 10.0,
    "rs_clamp": 10.0,
    "model_vto": 0.75,
    "vg_cutoff": 0.75,
    "vg_cutoff_epochs": 4,
    "vg_init": {
      "mode": "random",
      "lo": 1.5,
      "hi": 2.5,
      "fixed": 2.0
    },
    "epochs": 100,
    "device_include_path": "/home/ma-lab/Desktop/pyclln-final/device_model/nmos_lvl1_ald1106.lib",
    "device_subckt": "NMOSWRAP"
  },
  "train": {
    "acc": 0.9589422407794015,
    "hinge": 0.002367127835768962,
    "n_free": 1437,
    "n_clamp": 132,
    "hinge_active": 132,
    "hinge_active_frac": 0.0918580375782881,
    "skipped": 1305,
    "reload_free": 0,
    "reload_clamp": 0,
    "nonfinite_free": 0,
    "nonfinite_clamp": 0
  },
  "val": {
    "acc": 0.925,
    "hinge": 0.0045094,
    "test_gap_mean": 0.09145195555555555,
    "test_gap_median": 0.09165779999999998,
    "test_gap_std": 0.06364597471684391,
    "test_satisfy_frac": 0.8944444444444445,
    "test_hinge_mean": 0.0045094,
    "val_reloads": 0.0,
    "val_nonfinite": 0.0
  },
  "timing_s": {
    "epoch_total": 14.535667419433594,
    "train_free": 8.309185028076172,
    "train_clamp": 0.7685301303863525,
    "train_update": 0.13033127784729004
  },
  "vg_stats": {
    "vg_unique_min": 0.4,
    "vg_unique_max": 7.05179591945487,
    "vg_unique_sat_lo": 1.0,
    "vg_unique_sat_hi": 0.0
  }
}