{
  "epoch": 75,
  "config": {
    "seed": 0,
    "gamma": 3.0,
    "margin": 0.02,
    "delta": 0.1,
    "input_vmin": 0.0,
    "input_vmax": 1.0,
    "rails": [
      0.0,
      0.45
    ],
    "solver": "klu",
    "body_tie": "source",
    "body_res": 10.0,
    "rs_clamp": 10.0,
    "model_vto": 0.75,
    "vg_cutoff": 0.75,
    "vg_cutoff_epochs": 4,
    "vg_init": {
      "mode": "random",
      "lo": 1.5,
      "hi": 2.5,
      "fixed": 2.0
    },
    "epochs": 100,
    "device_include_path": "/home/ma-lab/Desktop/pyclln-final/device_model/nmos_lvl1_ald1106.lib",
    "device_subckt": "NMOSWRAP"
  },
  "train": {
    "acc": 0.9582463465553236,
    "hinge": 0.0024316588726513554,
    "n_free": 1437,
    "n_clamp": 130,
    "hinge_active": 130,
    "hinge_active_frac": 0.09046624913013222,
    "skipped": 1307,
    "reload_free": 0,
    "reload_clamp": 0,
    "nonfinite_free": 0,
    "nonfinite_clamp": 0
  },
  "val": {
    "acc": 0.9055555555555556,
    "hinge": 0.005584129444444442,
    "test_gap_mean": 0.08847976833333333,
    "test_gap_median": 0.08703010000000003,
    "test_gap_std": 0.0662077749651156,
    "test_satisfy_frac": 0.8722222222222222,
    "test_hinge_mean": 0.005584129444444443,
    "val_reloads": 0.0,
    "val_nonfinite": 0.0
  },
  "timing_s": {
    "epoch_total": 14.44362187385559,
    "train_free": 8.249472618103027,
    "train_clamp": 0.7404274940490723,
    "train_update": 0.12882208824157715
  },
  "vg_stats": {
    "vg_unique_min": 0.4749298469784226,
    "vg_unique_max": 7.0886722597945795,
    "vg_unique_sat_lo": 0.0,
    "vg_unique_sat_hi": 0.0
  }
}