{
  "test_gap_mean": 0.09675147833333332,
  "test_gap_median": 0.09373490000000001,
  "test_gap_std": 0.059813576177609525,
  "test_satisfy_frac": 0.8055555555555556,
  "test_hinge_mean": 0.007096812777777779,
  "val_reloads": 0.0,
  "val_nonfinite": 0.0
}