{
  "test_gap_mean": 0.09258576277777777,
  "test_gap_median": 0.09256079999999997,
  "test_gap_std": 0.056539637504221106,
  "test_satisfy_frac": 0.8055555555555556,
  "test_hinge_mean": 0.00766964111111111,
  "val_reloads": 0.0,
  "val_nonfinite": 0.0
}