{
  "test_gap_mean": 0.0851982636111111,
  "test_gap_median": 0.08915845,
  "test_gap_std": 0.05091964245286099,
  "test_satisfy_frac": 0.7777777777777778,
  "test_hinge_mean": 0.007629010555555556,
  "val_reloads": 0.0,
  "val_nonfinite": 0.0
}