{
  "test_gap_mean": 0.0972349602777778,
  "test_gap_median": 0.09585545000000001,
  "test_gap_std": 0.059913289836292724,
  "test_satisfy_frac": 0.8361111111111111,
  "test_hinge_mean": 0.007130401666666666,
  "val_reloads": 0.0,
  "val_nonfinite": 0.0
}