{
  "test_gap_mean": 0.09782179388888888,
  "test_gap_median": 0.09724374999999999,
  "test_gap_std": 0.06004481463822821,
  "test_satisfy_frac": 0.8055555555555556,
  "test_hinge_mean": 0.006933308333333332,
  "val_reloads": 0.0,
  "val_nonfinite": 0.0
}