{
  "test_gap_mean": 0.0962243097222222,
  "test_gap_median": 0.09596205000000005,
  "test_gap_std": 0.05756425080924589,
  "test_satisfy_frac": 0.8166666666666667,
  "test_hinge_mean": 0.006698418055555555,
  "val_reloads": 0.0,
  "val_nonfinite": 0.0
}