{
  "test_gap_mean": 0.08772883361111111,
  "test_gap_median": 0.08966800000000003,
  "test_gap_std": 0.05199817406221222,
  "test_satisfy_frac": 0.8027777777777778,
  "test_hinge_mean": 0.007381913055555555,
  "val_reloads": 0.0,
  "val_nonfinite": 0.0
}