{
  "test_gap_mean": 0.09726177999999999,
  "test_gap_median": 0.09676559999999998,
  "test_gap_std": 0.05911911305444139,
  "test_satisfy_frac": 0.8194444444444444,
  "test_hinge_mean": 0.0070602047222222235,
  "val_reloads": 0.0,
  "val_nonfinite": 0.0
}