{
  "test_gap_mean": 0.09739780833333332,
  "test_gap_median": 0.09739284999999995,
  "test_gap_std": 0.059624537482647164,
  "test_satisfy_frac": 0.8138888888888889,
  "test_hinge_mean": 0.006992771944444446,
  "val_reloads": 0.0,
  "val_nonfinite": 0.0
}