{
  "epoch": 25,
  "config": {
    "seed": 0,
    "gamma": 3.0,
    "margin": 0.05,
    "delta": 0.02,
    "input_vmin": 0.0,
    "input_vmax": 1.0,
    "rails": [
      0.0,
      0.45
    ],
    "solver": "klu",
    "body_tie": "ground",
    "body_res": 10.0,
    "rs_clamp": 10.0,
    "model_vto": 0.75,
    "vg_cutoff": 0.75,
    "vg_cutoff_epochs": 4,
    "vg_init": {
      "mode": "fixed",
      "lo": 1.0,
      "hi": 3.0,
      "fixed": 2.0
    },
    "epochs": 100,
    "device_include_path": "/home/ma-lab/Desktop/pyclln-final/device_model/nmos_lvl1_ald1106.lib",
    "device_subckt": "NMOSWRAP"
  },
  "train": {
    "acc": 0.9798190675017397,
    "hinge": 0.004141798190675016,
    "n_free": 1437,
    "n_clamp": 215,
    "hinge_active": 215,
    "hinge_active_frac": 0.14961725817675714,
    "skipped": 1222,
    "reload_free": 0,
    "reload_clamp": 0,
    "nonfinite_free": 0,
    "nonfinite_clamp": 0
  },
  "val": {
    "acc": 0.9527777777777777,
    "hinge": 0.007040454722222223,
    "test_gap_mean": 0.09590359555555555,
    "test_gap_median": 0.0981611,
    "test_gap_std": 0.05654450319758355,
    "test_satisfy_frac": 0.8111111111111111,
    "test_hinge_mean": 0.007040454722222221,
    "val_reloads": 0.0,
    "val_nonfinite": 0.0
  },
  "timing_s": {
    "epoch_total": 39.65192937850952,
    "train_free": 24.397932052612305,
    "train_clamp": 3.6512293815612793,
    "train_update": 0.44678449630737305
  },
  "vg_stats": {
    "vg_unique_min": 0.4231526732480323,
    "vg_unique_max": 6.800742013412512,
    "vg_unique_sat_lo": 0.0,
    "vg_unique_sat_hi": 0.0
  }
}