{
  "epoch": 57,
  "config": {
    "seed": 0,
    "gamma": 3.0,
    "margin": 0.05,
    "delta": 0.02,
    "input_vmin": 0.0,
    "input_vmax": 1.0,
    "rails": [
      0.0,
      0.45
    ],
    "solver": "klu",
    "body_tie": "ground",
    "body_res": 10.0,
    "rs_clamp": 10.0,
    "model_vto": 0.75,
    "vg_cutoff": 0.75,
    "vg_cutoff_epochs": 4,
    "vg_init": {
      "mode": "fixed",
      "lo": 1.0,
      "hi": 3.0,
      "fixed": 2.0
    },
    "epochs": 100,
    "device_include_path": "/home/ma-lab/Desktop/pyclln-final/device_model/nmos_lvl1_ald1106.lib",
    "device_subckt": "NMOSWRAP"
  },
  "train": {
    "acc": 0.9812108559498957,
    "hinge": 0.0035122720946416156,
    "n_free": 1437,
    "n_clamp": 209,
    "hinge_active": 209,
    "hinge_active_frac": 0.1454418928322895,
    "skipped": 1228,
    "reload_free": 0,
    "reload_clamp": 0,
    "nonfinite_free": 0,
    "nonfinite_clamp": 0
  },
  "val": {
    "acc": 0.9555555555555556,
    "hinge": 0.006634747777777778,
    "test_gap_mean": 0.0974323025,
    "test_gap_median": 0.09537970000000001,
    "test_gap_std": 0.05870700977642485,
    "test_satisfy_frac": 0.8333333333333334,
    "test_hinge_mean": 0.006634747777777778,
    "val_reloads": 0.0,
    "val_nonfinite": 0.0
  },
  "timing_s": {
    "epoch_total": 23.055622816085815,
    "train_free": 13.763535261154175,
    "train_clamp": 2.0250656604766846,
    "train_update": 0.2704901695251465
  },
  "vg_stats": {
    "vg_unique_min": 0.6759430105357711,
    "vg_unique_max": 7.606203988376131,
    "vg_unique_sat_lo": 0.0,
    "vg_unique_sat_hi": 0.0
  }
}