{
  "epoch": 16,
  "config": {
    "seed": 0,
    "gamma": 3.0,
    "margin": 0.05,
    "delta": 0.02,
    "input_vmin": 0.0,
    "input_vmax": 1.0,
    "rails": [
      0.0,
      0.45
    ],
    "solver": "klu",
    "body_tie": "ground",
    "body_res": 10.0,
    "rs_clamp": 10.0,
    "model_vto": 0.75,
    "vg_cutoff": 0.75,
    "vg_cutoff_epochs": 4,
    "vg_init": {
      "mode": "fixed",
      "lo": 1.0,
      "hi": 3.0,
      "fixed": 2.0
    },
    "epochs": 100,
    "device_include_path": "/home/ma-lab/Desktop/pyclln-final/device_model/nmos_lvl1_ald1106.lib",
    "device_subckt": "NMOSWRAP"
  },
  "train": {
    "acc": 0.9714683368128044,
    "hinge": 0.00489291461377871,
    "n_free": 1437,
    "n_clamp": 248,
    "hinge_active": 248,
    "hinge_active_frac": 0.17258176757132915,
    "skipped": 1189,
    "reload_free": 0,
    "reload_clamp": 0,
    "nonfinite_free": 0,
    "nonfinite_clamp": 0
  },
  "val": {
    "acc": 0.9583333333333334,
    "hinge": 0.00717133444444445,
    "test_gap_mean": 0.08928840444444444,
    "test_gap_median": 0.09135905,
    "test_gap_std": 0.052966756827110516,
    "test_satisfy_frac": 0.8138888888888889,
    "test_hinge_mean": 0.007171334444444444,
    "val_reloads": 0.0,
    "val_nonfinite": 0.0
  },
  "timing_s": {
    "epoch_total": 46.28268265724182,
    "train_free": 28.62064290046692,
    "train_clamp": 4.955658197402954,
    "train_update": 0.4971656799316406
  },
  "vg_stats": {
    "vg_unique_min": 0.42414298967983,
    "vg_unique_max": 6.418937292371033,
    "vg_unique_sat_lo": 0.0,
    "vg_unique_sat_hi": 0.0
  }
}