{
  "epoch": 33,
  "config": {
    "seed": 0,
    "gamma": 3.0,
    "margin": 0.05,
    "delta": 0.02,
    "input_vmin": 0.0,
    "input_vmax": 1.0,
    "rails": [
      0.0,
      0.45
    ],
    "solver": "klu",
    "body_tie": "ground",
    "body_res": 10.0,
    "rs_clamp": 10.0,
    "model_vto": 0.75,
    "vg_cutoff": 0.75,
    "vg_cutoff_epochs": 4,
    "vg_init": {
      "mode": "fixed",
      "lo": 1.0,
      "hi": 3.0,
      "fixed": 2.0
    },
    "epochs": 100,
    "device_include_path": "/home/ma-lab/Desktop/pyclln-final/device_model/nmos_lvl1_ald1106.lib",
    "device_subckt": "NMOSWRAP"
  },
  "train": {
    "acc": 0.9805149617258176,
    "hinge": 0.0037100899095337514,
    "n_free": 1437,
    "n_clamp": 205,
    "hinge_active": 205,
    "hinge_active_frac": 0.14265831593597772,
    "skipped": 1232,
    "reload_free": 0,
    "reload_clamp": 0,
    "nonfinite_free": 0,
    "nonfinite_clamp": 0
  },
  "val": {
    "acc": 0.95,
    "hinge": 0.0069569049999999985,
    "test_gap_mean": 0.09540563083333334,
    "test_gap_median": 0.09779009999999999,
    "test_gap_std": 0.05612372566000912,
    "test_satisfy_frac": 0.8138888888888889,
    "test_hinge_mean": 0.006956905000000001,
    "val_reloads": 0.0,
    "val_nonfinite": 0.0
  },
  "timing_s": {
    "epoch_total": 35.17676591873169,
    "train_free": 21.073002815246582,
    "train_clamp": 3.015104055404663,
    "train_update": 0.357710599899292
  },
  "vg_stats": {
    "vg_unique_min": 0.6138289945187237,
    "vg_unique_max": 7.023172113956511,
    "vg_unique_sat_lo": 0.0,
    "vg_unique_sat_hi": 0.0
  }
}