{
  "epoch": 85,
  "config": {
    "seed": 0,
    "gamma": 3.0,
    "margin": 0.05,
    "delta": 0.02,
    "input_vmin": 0.0,
    "input_vmax": 1.0,
    "rails": [
      0.0,
      0.45
    ],
    "solver": "klu",
    "body_tie": "ground",
    "body_res": 10.0,
    "rs_clamp": 10.0,
    "model_vto": 0.75,
    "vg_cutoff": 0.75,
    "vg_cutoff_epochs": 4,
    "vg_init": {
      "mode": "fixed",
      "lo": 1.0,
      "hi": 3.0,
      "fixed": 2.0
    },
    "epochs": 100,
    "device_include_path": "/home/ma-lab/Desktop/pyclln-final/device_model/nmos_lvl1_ald1106.lib",
    "device_subckt": "NMOSWRAP"
  },
  "train": {
    "acc": 0.9839944328462074,
    "hinge": 0.003289286012526097,
    "n_free": 1437,
    "n_clamp": 199,
    "hinge_active": 199,
    "hinge_active_frac": 0.13848295059151008,
    "skipped": 1238,
    "reload_free": 0,
    "reload_clamp": 0,
    "nonfinite_free": 0,
    "nonfinite_clamp": 0
  },
  "val": {
    "acc": 0.9638888888888889,
    "hinge": 0.0068332055555555575,
    "test_gap_mean": 0.09638201694444445,
    "test_gap_median": 0.09356510000000004,
    "test_gap_std": 0.058862241375534495,
    "test_satisfy_frac": 0.8166666666666667,
    "test_hinge_mean": 0.006833205555555556,
    "val_reloads": 0.0,
    "val_nonfinite": 0.0
  },
  "timing_s": {
    "epoch_total": 19.50742483139038,
    "train_free": 11.011826753616333,
    "train_clamp": 1.5187933444976807,
    "train_update": 0.24881792068481445
  },
  "vg_stats": {
    "vg_unique_min": 0.6736275749367864,
    "vg_unique_max": 7.90486315807139,
    "vg_unique_sat_lo": 0.0,
    "vg_unique_sat_hi": 0.0
  }
}