{
  "epoch": 63,
  "config": {
    "seed": 0,
    "gamma": 3.0,
    "margin": 0.05,
    "delta": 0.02,
    "input_vmin": 0.0,
    "input_vmax": 1.0,
    "rails": [
      0.0,
      0.45
    ],
    "solver": "klu",
    "body_tie": "ground",
    "body_res": 10.0,
    "rs_clamp": 10.0,
    "model_vto": 0.75,
    "vg_cutoff": 0.75,
    "vg_cutoff_epochs": 4,
    "vg_init": {
      "mode": "fixed",
      "lo": 1.0,
      "hi": 3.0,
      "fixed": 2.0
    },
    "epochs": 100,
    "device_include_path": "/home/ma-lab/Desktop/pyclln-final/device_model/nmos_lvl1_ald1106.lib",
    "device_subckt": "NMOSWRAP"
  },
  "train": {
    "acc": 0.9839944328462074,
    "hinge": 0.00338760521920668,
    "n_free": 1437,
    "n_clamp": 192,
    "hinge_active": 192,
    "hinge_active_frac": 0.1336116910229645,
    "skipped": 1245,
    "reload_free": 0,
    "reload_clamp": 0,
    "nonfinite_free": 0,
    "nonfinite_clamp": 0
  },
  "val": {
    "acc": 0.9611111111111111,
    "hinge": 0.00701267638888889,
    "test_gap_mean": 0.09748843805555557,
    "test_gap_median": 0.10019689999999998,
    "test_gap_std": 0.05936411827539728,
    "test_satisfy_frac": 0.8138888888888889,
    "test_hinge_mean": 0.00701267638888889,
    "val_reloads": 0.0,
    "val_nonfinite": 0.0
  },
  "timing_s": {
    "epoch_total": 26.045494556427002,
    "train_free": 15.388137102127075,
    "train_clamp": 2.046957015991211,
    "train_update": 0.2760756015777588
  },
  "vg_stats": {
    "vg_unique_min": 0.5057859577334854,
    "vg_unique_max": 7.880007308694777,
    "vg_unique_sat_lo": 0.0,
    "vg_unique_sat_hi": 0.0
  }
}