{
  "epoch": 13,
  "config": {
    "seed": 0,
    "gamma": 3.0,
    "margin": 0.05,
    "delta": 0.02,
    "input_vmin": 0.0,
    "input_vmax": 1.0,
    "rails": [
      0.0,
      0.45
    ],
    "solver": "klu",
    "body_tie": "ground",
    "body_res": 10.0,
    "rs_clamp": 10.0,
    "model_vto": 0.75,
    "vg_cutoff": 0.75,
    "vg_cutoff_epochs": 4,
    "vg_init": {
      "mode": "fixed",
      "lo": 1.0,
      "hi": 3.0,
      "fixed": 2.0
    },
    "epochs": 100,
    "device_include_path": "/home/ma-lab/Desktop/pyclln-final/device_model/nmos_lvl1_ald1106.lib",
    "device_subckt": "NMOSWRAP"
  },
  "train": {
    "acc": 0.9693806541405706,
    "hinge": 0.00546870974251914,
    "n_free": 1437,
    "n_clamp": 278,
    "hinge_active": 278,
    "hinge_active_frac": 0.19345859429366735,
    "skipped": 1159,
    "reload_free": 0,
    "reload_clamp": 0,
    "nonfinite_free": 0,
    "nonfinite_clamp": 0
  },
  "val": {
    "acc": 0.95,
    "hinge": 0.007504840000000001,
    "test_gap_mean": 0.08484509416666666,
    "test_gap_median": 0.08706595000000003,
    "test_gap_std": 0.050246117495767156,
    "test_satisfy_frac": 0.7888888888888889,
    "test_hinge_mean": 0.007504840000000001,
    "val_reloads": 0.0,
    "val_nonfinite": 0.0
  },
  "timing_s": {
    "epoch_total": 49.60328817367554,
    "train_free": 29.75355100631714,
    "train_clamp": 5.7583136558532715,
    "train_update": 0.654747724533081
  },
  "vg_stats": {
    "vg_unique_min": 0.4958683197669693,
    "vg_unique_max": 6.218603434233618,
    "vg_unique_sat_lo": 0.0,
    "vg_unique_sat_hi": 0.0
  }
}