{
  "test_gap_mean": 0.007472948333333335,
  "test_gap_median": 0.006625700000000012,
  "test_gap_std": 0.0059776188798855235,
  "test_satisfy_frac": 0.0,
  "test_hinge_mean": 0.042527051666666656,
  "val_reloads": 0.0,
  "val_nonfinite": 0.0
}