{
  "test_gap_mean": 0.004691672500000001,
  "test_gap_median": 0.0041894499999999835,
  "test_gap_std": 0.0037510939005093186,
  "test_satisfy_frac": 0.0,
  "test_hinge_mean": 0.04530832749999999,
  "val_reloads": 0.0,
  "val_nonfinite": 0.0
}