{
  "epoch": 68,
  "config": {
    "seed": 2,
    "gamma": 0.03,
    "margin": 0.05,
    "delta": 0.02,
    "input_vmin": 0.0,
    "input_vmax": 1.0,
    "rails": [
      0.0,
      0.45
    ],
    "solver": "klu",
    "body_tie": "floating",
    "body_res": 10.0,
    "rs_clamp": 10.0,
    "model_vto": 0.75,
    "vg_cutoff": 0.75,
    "vg_cutoff_epochs": 4,
    "vg_init": {
      "mode": "fixed",
      "lo": 1.0,
      "hi": 3.0,
      "fixed": 4.0
    },
    "epochs": 100,
    "device_include_path": "/home/ma-lab/Desktop/pyclln-final/device_model/nmos_lvl1_ald1106.lib",
    "device_subckt": "NMOSWRAP"
  },
  "train": {
    "acc": 0.9004871259568545,
    "hinge": 0.0435715086986778,
    "n_free": 1437,
    "n_clamp": 1437,
    "hinge_active": 1437,
    "hinge_active_frac": 1.0,
    "skipped": 0,
    "reload_free": 0,
    "reload_clamp": 0,
    "nonfinite_free": 0,
    "nonfinite_clamp": 0
  },
  "val": {
    "acc": 0.8972222222222223,
    "hinge": 0.04359016027777778,
    "test_gap_mean": 0.006409839722222223,
    "test_gap_median": 0.00569639999999999,
    "test_gap_std": 0.005123304000231027,
    "test_satisfy_frac": 0.0,
    "test_hinge_mean": 0.043590160277777776,
    "val_reloads": 0.0,
    "val_nonfinite": 0.0
  },
  "timing_s": {
    "epoch_total": 318.61171197891235,
    "train_free": 132.7482180595398,
    "train_clamp": 134.01929640769958,
    "train_update": 3.707726001739502
  },
  "vg_stats": {
    "vg_unique_min": 3.1623936910923227,
    "vg_unique_max": 4.744471583434938,
    "vg_unique_sat_lo": 0.0,
    "vg_unique_sat_hi": 0.0
  }
}