{
  "epoch": 8,
  "config": {
    "seed": 2,
    "gamma": 0.03,
    "margin": 0.05,
    "delta": 0.02,
    "input_vmin": 0.0,
    "input_vmax": 1.0,
    "rails": [
      0.0,
      0.45
    ],
    "solver": "klu",
    "body_tie": "floating",
    "body_res": 10.0,
    "rs_clamp": 10.0,
    "model_vto": 0.75,
    "vg_cutoff": 0.75,
    "vg_cutoff_epochs": 4,
    "vg_init": {
      "mode": "fixed",
      "lo": 1.0,
      "hi": 3.0,
      "fixed": 4.0
    },
    "epochs": 100,
    "device_include_path": "/home/ma-lab/Desktop/pyclln-final/device_model/nmos_lvl1_ald1106.lib",
    "device_subckt": "NMOSWRAP"
  },
  "train": {
    "acc": 0.9011830201809325,
    "hinge": 0.04929183549060541,
    "n_free": 1437,
    "n_clamp": 1437,
    "hinge_active": 1437,
    "hinge_active_frac": 1.0,
    "skipped": 0,
    "reload_free": 0,
    "reload_clamp": 0,
    "nonfinite_free": 0,
    "nonfinite_clamp": 0
  },
  "val": {
    "acc": 0.8916666666666667,
    "hinge": 0.04924782805555559,
    "test_gap_mean": 0.0007521719444444436,
    "test_gap_median": 0.0006754999999999955,
    "test_gap_std": 0.0006055419801637729,
    "test_satisfy_frac": 0.0,
    "test_hinge_mean": 0.04924782805555556,
    "val_reloads": 0.0,
    "val_nonfinite": 0.0
  },
  "timing_s": {
    "epoch_total": 280.5299303531647,
    "train_free": 116.61694478988647,
    "train_clamp": 117.39076542854309,
    "train_update": 3.4979054927825928
  },
  "vg_stats": {
    "vg_unique_min": 3.900677856888066,
    "vg_unique_max": 4.088556267409791,
    "vg_unique_sat_lo": 0.0,
    "vg_unique_sat_hi": 0.0
  }
}