{
  "test_gap_mean": 0.01412493722222222,
  "test_gap_median": 0.012411549999999993,
  "test_gap_std": 0.011395947931565316,
  "test_satisfy_frac": 0.0,
  "test_hinge_mean": 0.03587506277777777,
  "val_reloads": 0.0,
  "val_nonfinite": 0.0
}