{
  "test_gap_mean": 0.010324932777777778,
  "test_gap_median": 0.009044400000000008,
  "test_gap_std": 0.008249431172516824,
  "test_satisfy_frac": 0.0,
  "test_hinge_mean": 0.039675067222222214,
  "val_reloads": 0.0,
  "val_nonfinite": 0.0
}