{
  "test_gap_mean": 0.09587563138888891,
  "test_gap_median": 0.1022777,
  "test_gap_std": 0.062337522930255684,
  "test_satisfy_frac": 0.5305555555555556,
  "test_hinge_mean": 0.025702432777777784,
  "val_reloads": 0.0,
  "val_nonfinite": 0.0
}