{
  "test_gap_mean": 0.027330547777777776,
  "test_gap_median": 0.02581620000000001,
  "test_gap_std": 0.022211563674948077,
  "test_satisfy_frac": 0.0,
  "test_hinge_mean": 0.07266945222222222,
  "val_reloads": 0.0,
  "val_nonfinite": 0.0
}