{
  "test_gap_mean": 0.11588924083333334,
  "test_gap_median": 0.12026574999999998,
  "test_gap_std": 0.07461380196110856,
  "test_satisfy_frac": 0.6277777777777778,
  "test_hinge_mean": 0.02216141138888889,
  "val_reloads": 0.0,
  "val_nonfinite": 0.0
}