{
  "test_gap_mean": 0.11477812416666665,
  "test_gap_median": 0.11927105000000002,
  "test_gap_std": 0.07187544964448608,
  "test_satisfy_frac": 0.6194444444444445,
  "test_hinge_mean": 0.021491932222222225,
  "val_reloads": 0.0,
  "val_nonfinite": 0.0
}