{
  "test_gap_mean": 0.08603278944444444,
  "test_gap_median": 0.0944487,
  "test_gap_std": 0.05746316038717472,
  "test_satisfy_frac": 0.46111111111111114,
  "test_hinge_mean": 0.029249896388888894,
  "val_reloads": 0.0,
  "val_nonfinite": 0.0
}