{
  "test_gap_mean": 0.11905345416666666,
  "test_gap_median": 0.12339374999999994,
  "test_gap_std": 0.0773219666428509,
  "test_satisfy_frac": 0.6388888888888888,
  "test_hinge_mean": 0.022095706944444446,
  "val_reloads": 0.0,
  "val_nonfinite": 0.0
}