{
  "test_gap_mean": 0.1120678438888889,
  "test_gap_median": 0.11899405000000005,
  "test_gap_std": 0.070682420124804,
  "test_satisfy_frac": 0.6194444444444445,
  "test_hinge_mean": 0.022033314722222225,
  "val_reloads": 0.0,
  "val_nonfinite": 0.0
}