{
  "test_gap_mean": 0.11753198194444446,
  "test_gap_median": 0.12339689999999998,
  "test_gap_std": 0.07900468211115601,
  "test_satisfy_frac": 0.6277777777777778,
  "test_hinge_mean": 0.023466572222222225,
  "val_reloads": 0.0,
  "val_nonfinite": 0.0
}