{
  "test_gap_mean": 0.12138640777777779,
  "test_gap_median": 0.122226,
  "test_gap_std": 0.07789508790986328,
  "test_satisfy_frac": 0.65,
  "test_hinge_mean": 0.02104227555555556,
  "val_reloads": 0.0,
  "val_nonfinite": 0.0
}