{
  "test_gap_mean": 0.11862284444444443,
  "test_gap_median": 0.12219440000000001,
  "test_gap_std": 0.07807192041650245,
  "test_satisfy_frac": 0.6388888888888888,
  "test_hinge_mean": 0.022358827222222225,
  "val_reloads": 0.0,
  "val_nonfinite": 0.0
}