{
  "test_gap_mean": 0.10735024666666668,
  "test_gap_median": 0.11520185,
  "test_gap_std": 0.06890770879092668,
  "test_satisfy_frac": 0.5861111111111111,
  "test_hinge_mean": 0.023479150000000004,
  "val_reloads": 0.0,
  "val_nonfinite": 0.0
}