{
  "test_gap_mean": 0.11904130166666668,
  "test_gap_median": 0.12418794999999996,
  "test_gap_std": 0.07668988246100726,
  "test_satisfy_frac": 0.6277777777777778,
  "test_hinge_mean": 0.02169847944444445,
  "val_reloads": 0.0,
  "val_nonfinite": 0.0
}