{
  "epoch": 75,
  "config": {
    "seed": 0,
    "gamma": 3.0,
    "margin": 0.1,
    "delta": 0.05,
    "input_vmin": 0.0,
    "input_vmax": 1.0,
    "rails": [
      0.0,
      0.45
    ],
    "solver": "klu",
    "body_tie": "source",
    "body_res": 10.0,
    "rs_clamp": 10.0,
    "model_vto": 0.75,
    "vg_cutoff": 0.75,
    "vg_cutoff_epochs": 4,
    "vg_init": {
      "mode": "fixed",
      "lo": 1.0,
      "hi": 3.0,
      "fixed": 4.0
    },
    "epochs": 100,
    "device_include_path": "/home/ma-lab/Desktop/pyclln-final/device_model/nmos_lvl1_ald1106.lib",
    "device_subckt": "NMOSWRAP"
  },
  "train": {
    "acc": 0.9478079331941545,
    "hinge": 0.01785432032011134,
    "n_free": 1437,
    "n_clamp": 452,
    "hinge_active": 452,
    "hinge_active_frac": 0.31454418928322897,
    "skipped": 985,
    "reload_free": 0,
    "reload_clamp": 0,
    "nonfinite_free": 0,
    "nonfinite_clamp": 0
  },
  "val": {
    "acc": 0.9277777777777778,
    "hinge": 0.022142341111111116,
    "test_gap_mean": 0.11744628972222222,
    "test_gap_median": 0.12299669999999996,
    "test_gap_std": 0.07685640659749465,
    "test_satisfy_frac": 0.6277777777777778,
    "test_hinge_mean": 0.02214234111111111,
    "val_reloads": 0.0,
    "val_nonfinite": 0.0
  },
  "timing_s": {
    "epoch_total": 12.35187816619873,
    "train_free": 5.534761190414429,
    "train_clamp": 1.7044768333435059,
    "train_update": 0.38039469718933105
  },
  "vg_stats": {
    "vg_unique_min": 0.6190376752386102,
    "vg_unique_max": 7.941263687506819,
    "vg_unique_sat_lo": 0.0,
    "vg_unique_sat_hi": 0.0
  }
}