{
  "epoch": 4,
  "config": {
    "seed": 0,
    "gamma": 3.0,
    "margin": 0.1,
    "delta": 0.05,
    "input_vmin": 0.0,
    "input_vmax": 1.0,
    "rails": [
      0.0,
      0.45
    ],
    "solver": "klu",
    "body_tie": "source",
    "body_res": 10.0,
    "rs_clamp": 10.0,
    "model_vto": 0.75,
    "vg_cutoff": 0.75,
    "vg_cutoff_epochs": 4,
    "vg_init": {
      "mode": "fixed",
      "lo": 1.0,
      "hi": 3.0,
      "fixed": 4.0
    },
    "epochs": 100,
    "device_include_path": "/home/ma-lab/Desktop/pyclln-final/device_model/nmos_lvl1_ald1106.lib",
    "device_subckt": "NMOSWRAP"
  },
  "train": {
    "acc": 0.9164926931106472,
    "hinge": 0.038219830758524795,
    "n_free": 1437,
    "n_clamp": 1049,
    "hinge_active": 1049,
    "hinge_active_frac": 0.7299930410577592,
    "skipped": 388,
    "reload_free": 0,
    "reload_clamp": 0,
    "nonfinite_free": 0,
    "nonfinite_clamp": 0
  },
  "val": {
    "acc": 0.9083333333333333,
    "hinge": 0.03822808000000001,
    "test_gap_mean": 0.0686819513888889,
    "test_gap_median": 0.07296184999999997,
    "test_gap_std": 0.04946411575642374,
    "test_satisfy_frac": 0.30277777777777776,
    "test_hinge_mean": 0.038228080000000005,
    "val_reloads": 0.0,
    "val_nonfinite": 0.0
  },
  "timing_s": {
    "epoch_total": 74.22730469703674,
    "train_free": 32.211308002471924,
    "train_clamp": 23.44252324104309,
    "train_update": 2.6812541484832764
  },
  "vg_stats": {
    "vg_unique_min": 0.4,
    "vg_unique_max": 8.0,
    "vg_unique_sat_lo": 33.0,
    "vg_unique_sat_hi": 8.0
  }
}