{
  "epoch": 81,
  "config": {
    "seed": 0,
    "gamma": 3.0,
    "margin": 0.1,
    "delta": 0.05,
    "input_vmin": 0.0,
    "input_vmax": 1.0,
    "rails": [
      0.0,
      0.45
    ],
    "solver": "klu",
    "body_tie": "source",
    "body_res": 10.0,
    "rs_clamp": 10.0,
    "model_vto": 0.75,
    "vg_cutoff": 0.75,
    "vg_cutoff_epochs": 4,
    "vg_init": {
      "mode": "fixed",
      "lo": 1.0,
      "hi": 3.0,
      "fixed": 4.0
    },
    "epochs": 100,
    "device_include_path": "/home/ma-lab/Desktop/pyclln-final/device_model/nmos_lvl1_ald1106.lib",
    "device_subckt": "NMOSWRAP"
  },
  "train": {
    "acc": 0.9464161447459986,
    "hinge": 0.017585928879610288,
    "n_free": 1437,
    "n_clamp": 467,
    "hinge_active": 467,
    "hinge_active_frac": 0.32498260264439804,
    "skipped": 970,
    "reload_free": 0,
    "reload_clamp": 0,
    "nonfinite_free": 0,
    "nonfinite_clamp": 0
  },
  "val": {
    "acc": 0.9388888888888889,
    "hinge": 0.02160383361111113,
    "test_gap_mean": 0.1202207988888889,
    "test_gap_median": 0.12421625,
    "test_gap_std": 0.0776048049311442,
    "test_satisfy_frac": 0.6555555555555556,
    "test_hinge_mean": 0.021603833611111116,
    "val_reloads": 0.0,
    "val_nonfinite": 0.0
  },
  "timing_s": {
    "epoch_total": 11.793859004974365,
    "train_free": 5.276018381118774,
    "train_clamp": 1.7032968997955322,
    "train_update": 0.35181403160095215
  },
  "vg_stats": {
    "vg_unique_min": 0.7838761771878888,
    "vg_unique_max": 7.968621950509013,
    "vg_unique_sat_lo": 0.0,
    "vg_unique_sat_hi": 0.0
  }
}