{
  "epoch": 36,
  "config": {
    "seed": 0,
    "gamma": 3.0,
    "margin": 0.1,
    "delta": 0.05,
    "input_vmin": 0.0,
    "input_vmax": 1.0,
    "rails": [
      0.0,
      0.45
    ],
    "solver": "klu",
    "body_tie": "source",
    "body_res": 10.0,
    "rs_clamp": 10.0,
    "model_vto": 0.75,
    "vg_cutoff": 0.75,
    "vg_cutoff_epochs": 4,
    "vg_init": {
      "mode": "fixed",
      "lo": 1.0,
      "hi": 3.0,
      "fixed": 4.0
    },
    "epochs": 100,
    "device_include_path": "/home/ma-lab/Desktop/pyclln-final/device_model/nmos_lvl1_ald1106.lib",
    "device_subckt": "NMOSWRAP"
  },
  "train": {
    "acc": 0.9561586638830898,
    "hinge": 0.017110060055671547,
    "n_free": 1437,
    "n_clamp": 482,
    "hinge_active": 482,
    "hinge_active_frac": 0.3354210160055672,
    "skipped": 955,
    "reload_free": 0,
    "reload_clamp": 0,
    "nonfinite_free": 0,
    "nonfinite_clamp": 0
  },
  "val": {
    "acc": 0.9472222222222222,
    "hinge": 0.021624915833333334,
    "test_gap_mean": 0.11424262527777777,
    "test_gap_median": 0.11997265000000001,
    "test_gap_std": 0.07147927029608889,
    "test_satisfy_frac": 0.6027777777777777,
    "test_hinge_mean": 0.021624915833333338,
    "val_reloads": 0.0,
    "val_nonfinite": 0.0
  },
  "timing_s": {
    "epoch_total": 16.235528707504272,
    "train_free": 7.578336238861084,
    "train_clamp": 2.627185583114624,
    "train_update": 0.4392266273498535
  },
  "vg_stats": {
    "vg_unique_min": 0.4759274902271198,
    "vg_unique_max": 8.0,
    "vg_unique_sat_lo": 0.0,
    "vg_unique_sat_hi": 3.0
  }
}