{
  "epoch": 52,
  "config": {
    "seed": 0,
    "gamma": 3.0,
    "margin": 0.1,
    "delta": 0.05,
    "input_vmin": 0.0,
    "input_vmax": 1.0,
    "rails": [
      0.0,
      0.45
    ],
    "solver": "klu",
    "body_tie": "source",
    "body_res": 10.0,
    "rs_clamp": 10.0,
    "model_vto": 0.75,
    "vg_cutoff": 0.75,
    "vg_cutoff_epochs": 4,
    "vg_init": {
      "mode": "fixed",
      "lo": 1.0,
      "hi": 3.0,
      "fixed": 4.0
    },
    "epochs": 100,
    "device_include_path": "/home/ma-lab/Desktop/pyclln-final/device_model/nmos_lvl1_ald1106.lib",
    "device_subckt": "NMOSWRAP"
  },
  "train": {
    "acc": 0.9519832985386222,
    "hinge": 0.01727909338900487,
    "n_free": 1437,
    "n_clamp": 457,
    "hinge_active": 457,
    "hinge_active_frac": 0.3180236604036186,
    "skipped": 980,
    "reload_free": 0,
    "reload_clamp": 0,
    "nonfinite_free": 0,
    "nonfinite_clamp": 0
  },
  "val": {
    "acc": 0.9555555555555556,
    "hinge": 0.020676577500000015,
    "test_gap_mean": 0.11503790777777777,
    "test_gap_median": 0.11833105,
    "test_gap_std": 0.0702475121283475,
    "test_satisfy_frac": 0.6027777777777777,
    "test_hinge_mean": 0.020676577500000005,
    "val_reloads": 0.0,
    "val_nonfinite": 0.0
  },
  "timing_s": {
    "epoch_total": 14.475400924682617,
    "train_free": 6.841897249221802,
    "train_clamp": 2.12855863571167,
    "train_update": 0.3948075771331787
  },
  "vg_stats": {
    "vg_unique_min": 0.4103746831529201,
    "vg_unique_max": 8.0,
    "vg_unique_sat_lo": 0.0,
    "vg_unique_sat_hi": 1.0
  }
}