{
  "test_gap_mean": 0.10415403527777778,
  "test_gap_median": 0.10228690000000001,
  "test_gap_std": 0.0601520864925113,
  "test_satisfy_frac": 0.8194444444444444,
  "test_hinge_mean": 0.0058703708333333335,
  "val_reloads": 0.0,
  "val_nonfinite": 0.0
}