{
  "test_gap_mean": 0.10127511527777777,
  "test_gap_median": 0.1020607,
  "test_gap_std": 0.058490945067417296,
  "test_satisfy_frac": 0.8055555555555556,
  "test_hinge_mean": 0.0064571363888888894,
  "val_reloads": 0.0,
  "val_nonfinite": 0.0
}