{
  "test_gap_mean": 0.10270094638888888,
  "test_gap_median": 0.10375264999999997,
  "test_gap_std": 0.06121714594262096,
  "test_satisfy_frac": 0.8083333333333333,
  "test_hinge_mean": 0.006581895277777778,
  "val_reloads": 0.0,
  "val_nonfinite": 0.0
}