{
  "test_gap_mean": 0.0994051388888889,
  "test_gap_median": 0.10004905,
  "test_gap_std": 0.05992214681111269,
  "test_satisfy_frac": 0.8,
  "test_hinge_mean": 0.006747463611111113,
  "val_reloads": 0.0,
  "val_nonfinite": 0.0
}