{
  "test_gap_mean": 0.10431288666666667,
  "test_gap_median": 0.10217865000000001,
  "test_gap_std": 0.06484920571248254,
  "test_satisfy_frac": 0.7972222222222223,
  "test_hinge_mean": 0.006956378055555557,
  "val_reloads": 0.0,
  "val_nonfinite": 0.0
}