{
  "test_gap_mean": 0.10259327944444444,
  "test_gap_median": 0.10091959999999997,
  "test_gap_std": 0.06135022967667974,
  "test_satisfy_frac": 0.8055555555555556,
  "test_hinge_mean": 0.006668641388888888,
  "val_reloads": 0.0,
  "val_nonfinite": 0.0
}