{
  "test_gap_mean": 0.10303910027777777,
  "test_gap_median": 0.1054775,
  "test_gap_std": 0.06073643570971606,
  "test_satisfy_frac": 0.7944444444444444,
  "test_hinge_mean": 0.006521451388888891,
  "val_reloads": 0.0,
  "val_nonfinite": 0.0
}