{
  "test_gap_mean": 0.10509703388888889,
  "test_gap_median": 0.10032605,
  "test_gap_std": 0.06655620313775265,
  "test_satisfy_frac": 0.8166666666666667,
  "test_hinge_mean": 0.007062852222222225,
  "val_reloads": 0.0,
  "val_nonfinite": 0.0
}