{
  "test_gap_mean": 0.1019348461111111,
  "test_gap_median": 0.10033555,
  "test_gap_std": 0.058297556552017266,
  "test_satisfy_frac": 0.8055555555555556,
  "test_hinge_mean": 0.006029556944444444,
  "val_reloads": 0.0,
  "val_nonfinite": 0.0
}