{
  "test_gap_mean": 0.10321090138888889,
  "test_gap_median": 0.10275230000000002,
  "test_gap_std": 0.06181180243330802,
  "test_satisfy_frac": 0.8055555555555556,
  "test_hinge_mean": 0.006367059444444445,
  "val_reloads": 0.0,
  "val_nonfinite": 0.0
}