{
  "epoch": 2,
  "config": {
    "seed": 1,
    "gamma": 3.0,
    "margin": 0.05,
    "delta": 0.02,
    "input_vmin": 0.0,
    "input_vmax": 1.0,
    "rails": [
      0.0,
      0.45
    ],
    "solver": "klu",
    "body_tie": "source",
    "body_res": 10.0,
    "rs_clamp": 10.0,
    "model_vto": 0.75,
    "vg_cutoff": 0.75,
    "vg_cutoff_epochs": 4,
    "vg_init": {
      "mode": "fixed",
      "lo": 1.0,
      "hi": 3.0,
      "fixed": 0.75
    },
    "epochs": 100,
    "device_include_path": "/home/ma-lab/Desktop/pyclln-final/device_model/nmos_lvl1_ald1106.lib",
    "device_subckt": "NMOSWRAP"
  },
  "train": {
    "acc": 0.9130132219902575,
    "hinge": 0.012011246555323606,
    "n_free": 1437,
    "n_clamp": 441,
    "hinge_active": 441,
    "hinge_active_frac": 0.3068893528183716,
    "skipped": 996,
    "reload_free": 0,
    "reload_clamp": 0,
    "nonfinite_free": 0,
    "nonfinite_clamp": 0
  },
  "val": {
    "acc": 0.9277777777777778,
    "hinge": 0.010717375555555558,
    "test_gap_mean": 0.08217948,
    "test_gap_median": 0.08412415000000001,
    "test_gap_std": 0.0570003916199158,
    "test_satisfy_frac": 0.7083333333333334,
    "test_hinge_mean": 0.010717375555555556,
    "val_reloads": 0.0,
    "val_nonfinite": 0.0
  },
  "timing_s": {
    "epoch_total": 60.39383864402771,
    "train_free": 33.37929701805115,
    "train_clamp": 10.118378400802612,
    "train_update": 1.1369919776916504
  },
  "vg_stats": {
    "vg_unique_min": 0.4,
    "vg_unique_max": 2.435958791747582,
    "vg_unique_sat_lo": 24.0,
    "vg_unique_sat_hi": 0.0
  }
}