{
  "epoch": 86,
  "config": {
    "seed": 1,
    "gamma": 3.0,
    "margin": 0.05,
    "delta": 0.02,
    "input_vmin": 0.0,
    "input_vmax": 1.0,
    "rails": [
      0.0,
      0.45
    ],
    "solver": "klu",
    "body_tie": "source",
    "body_res": 10.0,
    "rs_clamp": 10.0,
    "model_vto": 0.75,
    "vg_cutoff": 0.75,
    "vg_cutoff_epochs": 4,
    "vg_init": {
      "mode": "fixed",
      "lo": 1.0,
      "hi": 3.0,
      "fixed": 0.75
    },
    "epochs": 100,
    "device_include_path": "/home/ma-lab/Desktop/pyclln-final/device_model/nmos_lvl1_ald1106.lib",
    "device_subckt": "NMOSWRAP"
  },
  "train": {
    "acc": 0.9735560194850382,
    "hinge": 0.004315648782185109,
    "n_free": 1437,
    "n_clamp": 224,
    "hinge_active": 224,
    "hinge_active_frac": 0.1558803061934586,
    "skipped": 1213,
    "reload_free": 0,
    "reload_clamp": 0,
    "nonfinite_free": 0,
    "nonfinite_clamp": 0
  },
  "val": {
    "acc": 0.9638888888888889,
    "hinge": 0.006533206388888891,
    "test_gap_mean": 0.10162334277777778,
    "test_gap_median": 0.10034689999999999,
    "test_gap_std": 0.06049692336664782,
    "test_satisfy_frac": 0.8055555555555556,
    "test_hinge_mean": 0.006533206388888891,
    "val_reloads": 0.0,
    "val_nonfinite": 0.0
  },
  "timing_s": {
    "epoch_total": 13.921143770217896,
    "train_free": 7.334212303161621,
    "train_clamp": 1.1377811431884766,
    "train_update": 0.2279648780822754
  },
  "vg_stats": {
    "vg_unique_min": 0.7776871197795543,
    "vg_unique_max": 7.816296332663901,
    "vg_unique_sat_lo": 0.0,
    "vg_unique_sat_hi": 0.0
  }
}