{
  "epoch": 88,
  "config": {
    "seed": 1,
    "gamma": 3.0,
    "margin": 0.05,
    "delta": 0.02,
    "input_vmin": 0.0,
    "input_vmax": 1.0,
    "rails": [
      0.0,
      0.45
    ],
    "solver": "klu",
    "body_tie": "source",
    "body_res": 10.0,
    "rs_clamp": 10.0,
    "model_vto": 0.75,
    "vg_cutoff": 0.75,
    "vg_cutoff_epochs": 4,
    "vg_init": {
      "mode": "fixed",
      "lo": 1.0,
      "hi": 3.0,
      "fixed": 0.75
    },
    "epochs": 100,
    "device_include_path": "/home/ma-lab/Desktop/pyclln-final/device_model/nmos_lvl1_ald1106.lib",
    "device_subckt": "NMOSWRAP"
  },
  "train": {
    "acc": 0.9707724425887265,
    "hinge": 0.004321336812804456,
    "n_free": 1437,
    "n_clamp": 223,
    "hinge_active": 223,
    "hinge_active_frac": 0.15518441196938065,
    "skipped": 1214,
    "reload_free": 0,
    "reload_clamp": 0,
    "nonfinite_free": 0,
    "nonfinite_clamp": 0
  },
  "val": {
    "acc": 0.9555555555555556,
    "hinge": 0.006498076388888886,
    "test_gap_mean": 0.10070264083333333,
    "test_gap_median": 0.09903035000000004,
    "test_gap_std": 0.059354718610186936,
    "test_satisfy_frac": 0.8055555555555556,
    "test_hinge_mean": 0.006498076388888888,
    "val_reloads": 0.0,
    "val_nonfinite": 0.0
  },
  "timing_s": {
    "epoch_total": 11.665809869766235,
    "train_free": 6.541671276092529,
    "train_clamp": 0.9972083568572998,
    "train_update": 0.16839027404785156
  },
  "vg_stats": {
    "vg_unique_min": 0.7543332215135994,
    "vg_unique_max": 7.9671099744650595,
    "vg_unique_sat_lo": 0.0,
    "vg_unique_sat_hi": 0.0
  }
}