{
  "epoch": 99,
  "config": {
    "seed": 1,
    "gamma": 3.0,
    "margin": 0.05,
    "delta": 0.02,
    "input_vmin": 0.0,
    "input_vmax": 1.0,
    "rails": [
      0.0,
      0.45
    ],
    "solver": "klu",
    "body_tie": "source",
    "body_res": 10.0,
    "rs_clamp": 10.0,
    "model_vto": 0.75,
    "vg_cutoff": 0.75,
    "vg_cutoff_epochs": 4,
    "vg_init": {
      "mode": "fixed",
      "lo": 1.0,
      "hi": 3.0,
      "fixed": 0.75
    },
    "epochs": 100,
    "device_include_path": "/home/ma-lab/Desktop/pyclln-final/device_model/nmos_lvl1_ald1106.lib",
    "device_subckt": "NMOSWRAP"
  },
  "train": {
    "acc": 0.9749478079331941,
    "hinge": 0.004259204732080728,
    "n_free": 1437,
    "n_clamp": 232,
    "hinge_active": 232,
    "hinge_active_frac": 0.16144745998608212,
    "skipped": 1205,
    "reload_free": 0,
    "reload_clamp": 0,
    "nonfinite_free": 0,
    "nonfinite_clamp": 0
  },
  "val": {
    "acc": 0.9611111111111111,
    "hinge": 0.006029556944444446,
    "test_gap_mean": 0.1019348461111111,
    "test_gap_median": 0.10033555,
    "test_gap_std": 0.058297556552017266,
    "test_satisfy_frac": 0.8055555555555556,
    "test_hinge_mean": 0.006029556944444444,
    "val_reloads": 0.0,
    "val_nonfinite": 0.0
  },
  "timing_s": {
    "epoch_total": 14.33172059059143,
    "train_free": 7.694046974182129,
    "train_clamp": 1.2191016674041748,
    "train_update": 0.2140638828277588
  },
  "vg_stats": {
    "vg_unique_min": 0.7036523228247067,
    "vg_unique_max": 7.928825602169359,
    "vg_unique_sat_lo": 0.0,
    "vg_unique_sat_hi": 0.0
  }
}