{
  "epoch": 85,
  "config": {
    "seed": 1,
    "gamma": 3.0,
    "margin": 0.05,
    "delta": 0.02,
    "input_vmin": 0.0,
    "input_vmax": 1.0,
    "rails": [
      0.0,
      0.45
    ],
    "solver": "klu",
    "body_tie": "source",
    "body_res": 10.0,
    "rs_clamp": 10.0,
    "model_vto": 0.75,
    "vg_cutoff": 0.75,
    "vg_cutoff_epochs": 4,
    "vg_init": {
      "mode": "fixed",
      "lo": 1.0,
      "hi": 3.0,
      "fixed": 0.75
    },
    "epochs": 100,
    "device_include_path": "/home/ma-lab/Desktop/pyclln-final/device_model/nmos_lvl1_ald1106.lib",
    "device_subckt": "NMOSWRAP"
  },
  "train": {
    "acc": 0.9721642310368824,
    "hinge": 0.004268652331245652,
    "n_free": 1437,
    "n_clamp": 230,
    "hinge_active": 230,
    "hinge_active_frac": 0.16005567153792624,
    "skipped": 1207,
    "reload_free": 0,
    "reload_clamp": 0,
    "nonfinite_free": 0,
    "nonfinite_clamp": 0
  },
  "val": {
    "acc": 0.9638888888888889,
    "hinge": 0.006320846666666667,
    "test_gap_mean": 0.10232043638888888,
    "test_gap_median": 0.10071334999999995,
    "test_gap_std": 0.060583873702523466,
    "test_satisfy_frac": 0.8055555555555556,
    "test_hinge_mean": 0.006320846666666666,
    "val_reloads": 0.0,
    "val_nonfinite": 0.0
  },
  "timing_s": {
    "epoch_total": 14.104642152786255,
    "train_free": 7.307716131210327,
    "train_clamp": 1.1636319160461426,
    "train_update": 0.23188209533691406
  },
  "vg_stats": {
    "vg_unique_min": 0.7666205162726646,
    "vg_unique_max": 7.96297126146446,
    "vg_unique_sat_lo": 0.0,
    "vg_unique_sat_hi": 0.0
  }
}