{
  "epoch": 42,
  "config": {
    "seed": 1,
    "gamma": 3.0,
    "margin": 0.05,
    "delta": 0.02,
    "input_vmin": 0.0,
    "input_vmax": 1.0,
    "rails": [
      0.0,
      0.45
    ],
    "solver": "klu",
    "body_tie": "source",
    "body_res": 10.0,
    "rs_clamp": 10.0,
    "model_vto": 0.75,
    "vg_cutoff": 0.75,
    "vg_cutoff_epochs": 4,
    "vg_init": {
      "mode": "fixed",
      "lo": 1.0,
      "hi": 3.0,
      "fixed": 0.75
    },
    "epochs": 100,
    "device_include_path": "/home/ma-lab/Desktop/pyclln-final/device_model/nmos_lvl1_ald1106.lib",
    "device_subckt": "NMOSWRAP"
  },
  "train": {
    "acc": 0.9707724425887265,
    "hinge": 0.004700079192762698,
    "n_free": 1437,
    "n_clamp": 227,
    "hinge_active": 227,
    "hinge_active_frac": 0.1579679888656924,
    "skipped": 1210,
    "reload_free": 0,
    "reload_clamp": 0,
    "nonfinite_free": 0,
    "nonfinite_clamp": 0
  },
  "val": {
    "acc": 0.9638888888888889,
    "hinge": 0.006462604722222223,
    "test_gap_mean": 0.1025972563888889,
    "test_gap_median": 0.10244275,
    "test_gap_std": 0.06036647815185284,
    "test_satisfy_frac": 0.8083333333333333,
    "test_hinge_mean": 0.006462604722222221,
    "val_reloads": 0.0,
    "val_nonfinite": 0.0
  },
  "timing_s": {
    "epoch_total": 14.24141526222229,
    "train_free": 7.52424168586731,
    "train_clamp": 1.1829471588134766,
    "train_update": 0.23887395858764648
  },
  "vg_stats": {
    "vg_unique_min": 0.7092854474360817,
    "vg_unique_max": 6.001803385365324,
    "vg_unique_sat_lo": 0.0,
    "vg_unique_sat_hi": 0.0
  }
}