{
  "epoch": 92,
  "config": {
    "seed": 1,
    "gamma": 3.0,
    "margin": 0.05,
    "delta": 0.02,
    "input_vmin": 0.0,
    "input_vmax": 1.0,
    "rails": [
      0.0,
      0.45
    ],
    "solver": "klu",
    "body_tie": "source",
    "body_res": 10.0,
    "rs_clamp": 10.0,
    "model_vto": 0.75,
    "vg_cutoff": 0.75,
    "vg_cutoff_epochs": 4,
    "vg_init": {
      "mode": "fixed",
      "lo": 1.0,
      "hi": 3.0,
      "fixed": 0.75
    },
    "epochs": 100,
    "device_include_path": "/home/ma-lab/Desktop/pyclln-final/device_model/nmos_lvl1_ald1106.lib",
    "device_subckt": "NMOSWRAP"
  },
  "train": {
    "acc": 0.9749478079331941,
    "hinge": 0.004318658733472514,
    "n_free": 1437,
    "n_clamp": 233,
    "hinge_active": 233,
    "hinge_active_frac": 0.16214335421016005,
    "skipped": 1204,
    "reload_free": 0,
    "reload_clamp": 0,
    "nonfinite_free": 0,
    "nonfinite_clamp": 0
  },
  "val": {
    "acc": 0.9583333333333334,
    "hinge": 0.006598976388888891,
    "test_gap_mean": 0.10024463638888889,
    "test_gap_median": 0.09996145000000001,
    "test_gap_std": 0.05848991387219807,
    "test_satisfy_frac": 0.8111111111111111,
    "test_hinge_mean": 0.006598976388888888,
    "val_reloads": 0.0,
    "val_nonfinite": 0.0
  },
  "timing_s": {
    "epoch_total": 14.89591097831726,
    "train_free": 7.9772629737854,
    "train_clamp": 1.2873692512512207,
    "train_update": 0.22409725189208984
  },
  "vg_stats": {
    "vg_unique_min": 0.6356213156820594,
    "vg_unique_max": 8.0,
    "vg_unique_sat_lo": 0.0,
    "vg_unique_sat_hi": 1.0
  }
}