{
  "epoch": 98,
  "config": {
    "seed": 1,
    "gamma": 3.0,
    "margin": 0.05,
    "delta": 0.02,
    "input_vmin": 0.0,
    "input_vmax": 1.0,
    "rails": [
      0.0,
      0.45
    ],
    "solver": "klu",
    "body_tie": "source",
    "body_res": 10.0,
    "rs_clamp": 10.0,
    "model_vto": 0.75,
    "vg_cutoff": 0.75,
    "vg_cutoff_epochs": 4,
    "vg_init": {
      "mode": "fixed",
      "lo": 1.0,
      "hi": 3.0,
      "fixed": 0.75
    },
    "epochs": 100,
    "device_include_path": "/home/ma-lab/Desktop/pyclln-final/device_model/nmos_lvl1_ald1106.lib",
    "device_subckt": "NMOSWRAP"
  },
  "train": {
    "acc": 0.9707724425887265,
    "hinge": 0.004256078288100209,
    "n_free": 1437,
    "n_clamp": 230,
    "hinge_active": 230,
    "hinge_active_frac": 0.16005567153792624,
    "skipped": 1207,
    "reload_free": 0,
    "reload_clamp": 0,
    "nonfinite_free": 0,
    "nonfinite_clamp": 0
  },
  "val": {
    "acc": 0.9611111111111111,
    "hinge": 0.0066686413888888876,
    "test_gap_mean": 0.10259327944444444,
    "test_gap_median": 0.10091959999999997,
    "test_gap_std": 0.06135022967667974,
    "test_satisfy_frac": 0.8055555555555556,
    "test_hinge_mean": 0.006668641388888888,
    "val_reloads": 0.0,
    "val_nonfinite": 0.0
  },
  "timing_s": {
    "epoch_total": 14.109353303909302,
    "train_free": 7.561755418777466,
    "train_clamp": 1.2030627727508545,
    "train_update": 0.20881414413452148
  },
  "vg_stats": {
    "vg_unique_min": 0.6961033046708767,
    "vg_unique_max": 7.97840898157298,
    "vg_unique_sat_lo": 0.0,
    "vg_unique_sat_hi": 0.0
  }
}