{
  "epoch": 15,
  "config": {
    "seed": 1,
    "gamma": 3.0,
    "margin": 0.05,
    "delta": 0.02,
    "input_vmin": 0.0,
    "input_vmax": 1.0,
    "rails": [
      0.0,
      0.45
    ],
    "solver": "klu",
    "body_tie": "source",
    "body_res": 10.0,
    "rs_clamp": 10.0,
    "model_vto": 0.75,
    "vg_cutoff": 0.75,
    "vg_cutoff_epochs": 4,
    "vg_init": {
      "mode": "fixed",
      "lo": 1.0,
      "hi": 3.0,
      "fixed": 0.75
    },
    "epochs": 100,
    "device_include_path": "/home/ma-lab/Desktop/pyclln-final/device_model/nmos_lvl1_ald1106.lib",
    "device_subckt": "NMOSWRAP"
  },
  "train": {
    "acc": 0.9631176061238692,
    "hinge": 0.005815400974251916,
    "n_free": 1437,
    "n_clamp": 259,
    "hinge_active": 259,
    "hinge_active_frac": 0.1802366040361865,
    "skipped": 1178,
    "reload_free": 0,
    "reload_clamp": 0,
    "nonfinite_free": 0,
    "nonfinite_clamp": 0
  },
  "val": {
    "acc": 0.9611111111111111,
    "hinge": 0.006761945277777777,
    "test_gap_mean": 0.1026021238888889,
    "test_gap_median": 0.1019204,
    "test_gap_std": 0.06197203020947556,
    "test_satisfy_frac": 0.7972222222222223,
    "test_hinge_mean": 0.0067619452777777775,
    "val_reloads": 0.0,
    "val_nonfinite": 0.0
  },
  "timing_s": {
    "epoch_total": 18.725805521011353,
    "train_free": 10.150913715362549,
    "train_clamp": 1.80830979347229,
    "train_update": 0.33603835105895996
  },
  "vg_stats": {
    "vg_unique_min": 0.6244620835360626,
    "vg_unique_max": 4.114614924683642,
    "vg_unique_sat_lo": 0.0,
    "vg_unique_sat_hi": 0.0
  }
}