{
  "test_gap_mean": 0.04936499222222222,
  "test_gap_median": 0.053764249999999986,
  "test_gap_std": 0.029664678367424067,
  "test_satisfy_frac": 0.5305555555555556,
  "test_hinge_mean": 0.01229093194444444,
  "val_reloads": 0.0,
  "val_nonfinite": 0.0
}