{
  "test_gap_mean": 0.034134421944444444,
  "test_gap_median": 0.035050849999999995,
  "test_gap_std": 0.025398543631385235,
  "test_satisfy_frac": 0.3138888888888889,
  "test_hinge_mean": 0.0197876075,
  "val_reloads": 0.0,
  "val_nonfinite": 0.0
}