{
  "test_gap_mean": 0.05360558000000001,
  "test_gap_median": 0.057676649999999996,
  "test_gap_std": 0.031578086664115324,
  "test_satisfy_frac": 0.5777777777777777,
  "test_hinge_mean": 0.011078146666666667,
  "val_reloads": 0.0,
  "val_nonfinite": 0.0
}