{
  "test_gap_mean": 0.01359094361111111,
  "test_gap_median": 0.012954049999999995,
  "test_gap_std": 0.020233553696606517,
  "test_satisfy_frac": 0.027777777777777776,
  "test_hinge_mean": 0.03654565277777777,
  "val_reloads": 0.0,
  "val_nonfinite": 0.0
}