{
  "test_gap_mean": 0.05026320027777778,
  "test_gap_median": 0.05406635000000001,
  "test_gap_std": 0.030055239913476632,
  "test_satisfy_frac": 0.5444444444444444,
  "test_hinge_mean": 0.012017897777777778,
  "val_reloads": 0.0,
  "val_nonfinite": 0.0
}