{
  "test_gap_mean": -0.015410851944444443,
  "test_gap_median": -0.013871650000000013,
  "test_gap_std": 0.020406209640113814,
  "test_satisfy_frac": 0.0,
  "test_hinge_mean": 0.06541085194444445,
  "val_reloads": 0.0,
  "val_nonfinite": 0.0
}