{
  "test_gap_mean": 0.04362932111111111,
  "test_gap_median": 0.04733994999999999,
  "test_gap_std": 0.027695908564838376,
  "test_satisfy_frac": 0.4777777777777778,
  "test_hinge_mean": 0.014477522777777778,
  "val_reloads": 0.0,
  "val_nonfinite": 0.0
}