{
  "test_gap_mean": 0.04746802333333333,
  "test_gap_median": 0.0512493,
  "test_gap_std": 0.02885889063657776,
  "test_satisfy_frac": 0.5111111111111111,
  "test_hinge_mean": 0.012929311944444447,
  "val_reloads": 0.0,
  "val_nonfinite": 0.0
}