{
  "epoch": 50,
  "config": {
    "seed": 2,
    "gamma": 0.3,
    "margin": 0.05,
    "delta": 0.02,
    "input_vmin": 0.0,
    "input_vmax": 1.0,
    "rails": [
      0.0,
      0.45
    ],
    "solver": "klu",
    "body_tie": "ground",
    "body_res": 10.0,
    "rs_clamp": 10.0,
    "model_vto": 0.75,
    "vg_cutoff": 0.75,
    "vg_cutoff_epochs": 4,
    "vg_init": {
      "mode": "random",
      "lo": 1.0,
      "hi": 6.0,
      "fixed": 2.0
    },
    "epochs": 100,
    "device_include_path": "/home/ma-lab/Desktop/pyclln-final/device_model/nmos_lvl1_ald1106.lib",
    "device_subckt": "NMOSWRAP"
  },
  "train": {
    "acc": 0.9352818371607515,
    "hinge": 0.0127817897007655,
    "n_free": 1437,
    "n_clamp": 737,
    "hinge_active": 737,
    "hinge_active_frac": 0.5128740431454419,
    "skipped": 700,
    "reload_free": 0,
    "reload_clamp": 0,
    "nonfinite_free": 0,
    "nonfinite_clamp": 0
  },
  "val": {
    "acc": 0.9305555555555556,
    "hinge": 0.014109436111111123,
    "test_gap_mean": 0.04456241722222222,
    "test_gap_median": 0.048385700000000004,
    "test_gap_std": 0.02800856753223582,
    "test_satisfy_frac": 0.4861111111111111,
    "test_hinge_mean": 0.014109436111111111,
    "val_reloads": 0.0,
    "val_nonfinite": 0.0
  },
  "timing_s": {
    "epoch_total": 75.16331887245178,
    "train_free": 37.22316217422485,
    "train_clamp": 18.97550868988037,
    "train_update": 1.9852063655853271
  },
  "vg_stats": {
    "vg_unique_min": 0.614027545200135,
    "vg_unique_max": 7.998842907898526,
    "vg_unique_sat_lo": 0.0,
    "vg_unique_sat_hi": 0.0
  }
}