{
  "epoch": 95,
  "config": {
    "seed": 2,
    "gamma": 0.3,
    "margin": 0.05,
    "delta": 0.02,
    "input_vmin": 0.0,
    "input_vmax": 1.0,
    "rails": [
      0.0,
      0.45
    ],
    "solver": "klu",
    "body_tie": "ground",
    "body_res": 10.0,
    "rs_clamp": 10.0,
    "model_vto": 0.75,
    "vg_cutoff": 0.75,
    "vg_cutoff_epochs": 4,
    "vg_init": {
      "mode": "random",
      "lo": 1.0,
      "hi": 6.0,
      "fixed": 2.0
    },
    "epochs": 100,
    "device_include_path": "/home/ma-lab/Desktop/pyclln-final/device_model/nmos_lvl1_ald1106.lib",
    "device_subckt": "NMOSWRAP"
  },
  "train": {
    "acc": 0.9561586638830898,
    "hinge": 0.00942045024356299,
    "n_free": 1437,
    "n_clamp": 550,
    "hinge_active": 550,
    "hinge_active_frac": 0.3827418232428671,
    "skipped": 887,
    "reload_free": 0,
    "reload_clamp": 0,
    "nonfinite_free": 0,
    "nonfinite_clamp": 0
  },
  "val": {
    "acc": 0.9416666666666667,
    "hinge": 0.011200669444444459,
    "test_gap_mean": 0.05308033222222222,
    "test_gap_median": 0.057109649999999984,
    "test_gap_std": 0.031292679904565995,
    "test_satisfy_frac": 0.5722222222222222,
    "test_hinge_mean": 0.011200669444444445,
    "val_reloads": 0.0,
    "val_nonfinite": 0.0
  },
  "timing_s": {
    "epoch_total": 64.09860920906067,
    "train_free": 34.861165285110474,
    "train_clamp": 13.309212446212769,
    "train_update": 1.3581047058105469
  },
  "vg_stats": {
    "vg_unique_min": 0.7484497261402548,
    "vg_unique_max": 8.0,
    "vg_unique_sat_lo": 0.0,
    "vg_unique_sat_hi": 1.0
  }
}