{
  "epoch": 99,
  "config": {
    "seed": 2,
    "gamma": 0.3,
    "margin": 0.05,
    "delta": 0.02,
    "input_vmin": 0.0,
    "input_vmax": 1.0,
    "rails": [
      0.0,
      0.45
    ],
    "solver": "klu",
    "body_tie": "ground",
    "body_res": 10.0,
    "rs_clamp": 10.0,
    "model_vto": 0.75,
    "vg_cutoff": 0.75,
    "vg_cutoff_epochs": 4,
    "vg_init": {
      "mode": "random",
      "lo": 1.0,
      "hi": 6.0,
      "fixed": 2.0
    },
    "epochs": 100,
    "device_include_path": "/home/ma-lab/Desktop/pyclln-final/device_model/nmos_lvl1_ald1106.lib",
    "device_subckt": "NMOSWRAP"
  },
  "train": {
    "acc": 0.9561586638830898,
    "hinge": 0.009247061864996525,
    "n_free": 1437,
    "n_clamp": 543,
    "hinge_active": 543,
    "hinge_active_frac": 0.3778705636743215,
    "skipped": 894,
    "reload_free": 0,
    "reload_clamp": 0,
    "nonfinite_free": 0,
    "nonfinite_clamp": 0
  },
  "val": {
    "acc": 0.9444444444444444,
    "hinge": 0.011078146666666665,
    "test_gap_mean": 0.05360558000000001,
    "test_gap_median": 0.057676649999999996,
    "test_gap_std": 0.031578086664115324,
    "test_satisfy_frac": 0.5777777777777777,
    "test_hinge_mean": 0.011078146666666667,
    "val_reloads": 0.0,
    "val_nonfinite": 0.0
  },
  "timing_s": {
    "epoch_total": 58.22913861274719,
    "train_free": 31.76390266418457,
    "train_clamp": 11.850597143173218,
    "train_update": 1.107875108718872
  },
  "vg_stats": {
    "vg_unique_min": 0.7223371555393373,
    "vg_unique_max": 8.0,
    "vg_unique_sat_lo": 0.0,
    "vg_unique_sat_hi": 1.0
  }
}