{
  "test_gap_mean": 0.06153844055555556,
  "test_gap_median": 0.06282200000000004,
  "test_gap_std": 0.037921301707159405,
  "test_satisfy_frac": 0.8722222222222222,
  "test_hinge_mean": 0.0030576877777777783,
  "val_reloads": 0.0,
  "val_nonfinite": 0.0
}