{
  "test_gap_mean": 0.06185103,
  "test_gap_median": 0.06469724999999998,
  "test_gap_std": 0.03833399004031815,
  "test_satisfy_frac": 0.8611111111111112,
  "test_hinge_mean": 0.003311292500000001,
  "val_reloads": 0.0,
  "val_nonfinite": 0.0
}