{
  "test_gap_mean": 0.035093149722222224,
  "test_gap_median": 0.0362942,
  "test_gap_std": 0.018234150746491533,
  "test_satisfy_frac": 0.7944444444444444,
  "test_hinge_mean": 0.0023407969444444437,
  "val_reloads": 0.0,
  "val_nonfinite": 0.0
}