{
  "test_gap_mean": 0.03824270027777778,
  "test_gap_median": 0.03938774999999997,
  "test_gap_std": 0.02042834805934649,
  "test_satisfy_frac": 0.8333333333333334,
  "test_hinge_mean": 0.0024635463888888886,
  "val_reloads": 0.0,
  "val_nonfinite": 0.0
}