{
  "test_gap_mean": 0.03535936694444444,
  "test_gap_median": 0.036352349999999964,
  "test_gap_std": 0.017997526484325302,
  "test_satisfy_frac": 0.8277777777777777,
  "test_hinge_mean": 0.002332902222222223,
  "val_reloads": 0.0,
  "val_nonfinite": 0.0
}