{
  "test_gap_mean": 0.04614178416666667,
  "test_gap_median": 0.047484600000000016,
  "test_gap_std": 0.027420878186575272,
  "test_satisfy_frac": 0.8416666666666667,
  "test_hinge_mean": 0.0027116413888888893,
  "val_reloads": 0.0,
  "val_nonfinite": 0.0
}