{
  "test_gap_mean": 0.04573867527777777,
  "test_gap_median": 0.04783045,
  "test_gap_std": 0.025089308222796262,
  "test_satisfy_frac": 0.8555555555555555,
  "test_hinge_mean": 0.0023618941666666664,
  "val_reloads": 0.0,
  "val_nonfinite": 0.0
}