{
  "test_gap_mean": 0.05346380638888889,
  "test_gap_median": 0.05591335,
  "test_gap_std": 0.030873279366710162,
  "test_satisfy_frac": 0.8694444444444445,
  "test_hinge_mean": 0.0028445966666666668,
  "val_reloads": 0.0,
  "val_nonfinite": 0.0
}