{
  "test_gap_mean": 0.05507452777777778,
  "test_gap_median": 0.05675725000000004,
  "test_gap_std": 0.03467544758643844,
  "test_satisfy_frac": 0.8361111111111111,
  "test_hinge_mean": 0.0033287108333333332,
  "val_reloads": 0.0,
  "val_nonfinite": 0.0
}