{
  "epoch": 48,
  "config": {
    "seed": 1,
    "gamma": 0.3,
    "margin": 0.02,
    "delta": 0.1,
    "input_vmin": 0.0,
    "input_vmax": 1.0,
    "rails": [
      0.0,
      0.45
    ],
    "solver": "klu",
    "body_tie": "source",
    "body_res": 10.0,
    "rs_clamp": 10.0,
    "model_vto": 0.75,
    "vg_cutoff": 0.75,
    "vg_cutoff_epochs": 4,
    "vg_init": {
      "mode": "fixed",
      "lo": 1.0,
      "hi": 3.0,
      "fixed": 2.0
    },
    "epochs": 100,
    "device_include_path": "/home/ma-lab/Desktop/pyclln-final/device_model/nmos_lvl1_ald1106.lib",
    "device_subckt": "NMOSWRAP"
  },
  "train": {
    "acc": 0.9735560194850382,
    "hinge": 0.001533134725121781,
    "n_free": 1437,
    "n_clamp": 147,
    "hinge_active": 147,
    "hinge_active_frac": 0.1022964509394572,
    "skipped": 1290,
    "reload_free": 0,
    "reload_clamp": 0,
    "nonfinite_free": 0,
    "nonfinite_clamp": 0
  },
  "val": {
    "acc": 0.9527777777777777,
    "hinge": 0.002524569166666667,
    "test_gap_mean": 0.051371104999999986,
    "test_gap_median": 0.05302405000000002,
    "test_gap_std": 0.02890167337964625,
    "test_satisfy_frac": 0.8611111111111112,
    "test_hinge_mean": 0.002524569166666667,
    "val_reloads": 0.0,
    "val_nonfinite": 0.0
  },
  "timing_s": {
    "epoch_total": 41.172285318374634,
    "train_free": 26.17762541770935,
    "train_clamp": 2.690425157546997,
    "train_update": 0.2531161308288574
  },
  "vg_stats": {
    "vg_unique_min": 0.6009745287987999,
    "vg_unique_max": 3.7503163625487974,
    "vg_unique_sat_lo": 0.0,
    "vg_unique_sat_hi": 0.0
  }
}