{
  "epoch": 77,
  "config": {
    "seed": 1,
    "gamma": 0.3,
    "margin": 0.02,
    "delta": 0.1,
    "input_vmin": 0.0,
    "input_vmax": 1.0,
    "rails": [
      0.0,
      0.45
    ],
    "solver": "klu",
    "body_tie": "source",
    "body_res": 10.0,
    "rs_clamp": 10.0,
    "model_vto": 0.75,
    "vg_cutoff": 0.75,
    "vg_cutoff_epochs": 4,
    "vg_init": {
      "mode": "fixed",
      "lo": 1.0,
      "hi": 3.0,
      "fixed": 2.0
    },
    "epochs": 100,
    "device_include_path": "/home/ma-lab/Desktop/pyclln-final/device_model/nmos_lvl1_ald1106.lib",
    "device_subckt": "NMOSWRAP"
  },
  "train": {
    "acc": 0.9756437021572721,
    "hinge": 0.0014858949895615863,
    "n_free": 1437,
    "n_clamp": 127,
    "hinge_active": 127,
    "hinge_active_frac": 0.0883785664578984,
    "skipped": 1310,
    "reload_free": 0,
    "reload_clamp": 0,
    "nonfinite_free": 0,
    "nonfinite_clamp": 0
  },
  "val": {
    "acc": 0.9388888888888889,
    "hinge": 0.0032951608333333326,
    "test_gap_mean": 0.06023768916666666,
    "test_gap_median": 0.06300745000000002,
    "test_gap_std": 0.03697054162201034,
    "test_satisfy_frac": 0.8583333333333333,
    "test_hinge_mean": 0.003295160833333334,
    "val_reloads": 0.0,
    "val_nonfinite": 0.0
  },
  "timing_s": {
    "epoch_total": 33.094762325286865,
    "train_free": 20.928503036499023,
    "train_clamp": 1.8325700759887695,
    "train_update": 0.20708703994750977
  },
  "vg_stats": {
    "vg_unique_min": 0.7271791026159401,
    "vg_unique_max": 3.730570373008726,
    "vg_unique_sat_lo": 0.0,
    "vg_unique_sat_hi": 0.0
  }
}