{
  "epoch": 33,
  "config": {
    "seed": 1,
    "gamma": 0.3,
    "margin": 0.02,
    "delta": 0.1,
    "input_vmin": 0.0,
    "input_vmax": 1.0,
    "rails": [
      0.0,
      0.45
    ],
    "solver": "klu",
    "body_tie": "source",
    "body_res": 10.0,
    "rs_clamp": 10.0,
    "model_vto": 0.75,
    "vg_cutoff": 0.75,
    "vg_cutoff_epochs": 4,
    "vg_init": {
      "mode": "fixed",
      "lo": 1.0,
      "hi": 3.0,
      "fixed": 2.0
    },
    "epochs": 100,
    "device_include_path": "/home/ma-lab/Desktop/pyclln-final/device_model/nmos_lvl1_ald1106.lib",
    "device_subckt": "NMOSWRAP"
  },
  "train": {
    "acc": 0.9826026443980515,
    "hinge": 0.001349158733472512,
    "n_free": 1437,
    "n_clamp": 165,
    "hinge_active": 165,
    "hinge_active_frac": 0.11482254697286012,
    "skipped": 1272,
    "reload_free": 0,
    "reload_clamp": 0,
    "nonfinite_free": 0,
    "nonfinite_clamp": 0
  },
  "val": {
    "acc": 0.9555555555555556,
    "hinge": 0.0022890994444444445,
    "test_gap_mean": 0.04429573277777778,
    "test_gap_median": 0.04594555,
    "test_gap_std": 0.023765924674431647,
    "test_satisfy_frac": 0.8472222222222222,
    "test_hinge_mean": 0.002289099444444444,
    "val_reloads": 0.0,
    "val_nonfinite": 0.0
  },
  "timing_s": {
    "epoch_total": 53.44853973388672,
    "train_free": 34.339406967163086,
    "train_clamp": 3.9993185997009277,
    "train_update": 0.37511634826660156
  },
  "vg_stats": {
    "vg_unique_min": 0.5796109026061416,
    "vg_unique_max": 3.683572102063018,
    "vg_unique_sat_lo": 0.0,
    "vg_unique_sat_hi": 0.0
  }
}