{
  "test_gap_mean": 0.05517658555555555,
  "test_gap_median": 0.05495264999999999,
  "test_gap_std": 0.041712945997273536,
  "test_satisfy_frac": 0.15833333333333333,
  "test_hinge_mean": 0.04717357250000001,
  "val_reloads": 0.0,
  "val_nonfinite": 0.0
}