{
  "test_gap_mean": 0.057896173611111115,
  "test_gap_median": 0.058941549999999995,
  "test_gap_std": 0.04297427392341322,
  "test_satisfy_frac": 0.20555555555555555,
  "test_hinge_mean": 0.04521019861111111,
  "val_reloads": 0.0,
  "val_nonfinite": 0.0
}