{
  "test_gap_mean": 0.04345022611111111,
  "test_gap_median": 0.040022300000000025,
  "test_gap_std": 0.03550226654519299,
  "test_satisfy_frac": 0.041666666666666664,
  "test_hinge_mean": 0.056854374166666666,
  "val_reloads": 0.0,
  "val_nonfinite": 0.0
}