{
  "test_gap_mean": 0.07360603861111112,
  "test_gap_median": 0.07800089999999996,
  "test_gap_std": 0.04919841808800397,
  "test_satisfy_frac": 0.3472222222222222,
  "test_hinge_mean": 0.035182055277777784,
  "val_reloads": 0.0,
  "val_nonfinite": 0.0
}