{
  "test_gap_mean": 0.06801344722222222,
  "test_gap_median": 0.07075394999999998,
  "test_gap_std": 0.047006613389794456,
  "test_satisfy_frac": 0.2916666666666667,
  "test_hinge_mean": 0.03843935527777778,
  "val_reloads": 0.0,
  "val_nonfinite": 0.0
}