{
  "test_gap_mean": 0.022299896944444446,
  "test_gap_median": 0.022515399999999977,
  "test_gap_std": 0.019323897549616487,
  "test_satisfy_frac": 0.0,
  "test_hinge_mean": 0.07770010305555555,
  "val_reloads": 0.0,
  "val_nonfinite": 0.0
}