{
  "test_gap_mean": 0.06172194916666667,
  "test_gap_median": 0.06334415000000002,
  "test_gap_std": 0.04457088900204307,
  "test_satisfy_frac": 0.2388888888888889,
  "test_hinge_mean": 0.04251713694444444,
  "val_reloads": 0.0,
  "val_nonfinite": 0.0
}