{
  "test_gap_mean": 0.07737575527777778,
  "test_gap_median": 0.08302035000000002,
  "test_gap_std": 0.05069341229655733,
  "test_satisfy_frac": 0.36944444444444446,
  "test_hinge_mean": 0.03316108527777778,
  "val_reloads": 0.0,
  "val_nonfinite": 0.0
}