{
  "test_gap_mean": 0.037677416944444445,
  "test_gap_median": 0.03506305,
  "test_gap_std": 0.031116009675499785,
  "test_satisfy_frac": 0.008333333333333333,
  "test_hinge_mean": 0.062359178333333334,
  "val_reloads": 0.0,
  "val_nonfinite": 0.0
}