{
  "test_gap_mean": 0.05659364388888889,
  "test_gap_median": 0.05619525000000003,
  "test_gap_std": 0.042386957768031745,
  "test_satisfy_frac": 0.19166666666666668,
  "test_hinge_mean": 0.04614089055555556,
  "val_reloads": 0.0,
  "val_nonfinite": 0.0
}