{
  "test_gap_mean": 0.05587487972222222,
  "test_gap_median": 0.055951749999999995,
  "test_gap_std": 0.042120171461952564,
  "test_satisfy_frac": 0.18333333333333332,
  "test_hinge_mean": 0.046673342222222226,
  "val_reloads": 0.0,
  "val_nonfinite": 0.0
}