{
  "test_gap_mean": 0.08226342694444445,
  "test_gap_median": 0.08803775,
  "test_gap_std": 0.05303544718225121,
  "test_satisfy_frac": 0.41944444444444445,
  "test_hinge_mean": 0.030896752777777783,
  "val_reloads": 0.0,
  "val_nonfinite": 0.0
}