{
  "test_gap_mean": 0.07552561027777778,
  "test_gap_median": 0.08065824999999999,
  "test_gap_std": 0.05006571869347251,
  "test_satisfy_frac": 0.3611111111111111,
  "test_hinge_mean": 0.03417793805555556,
  "val_reloads": 0.0,
  "val_nonfinite": 0.0
}