{
  "test_gap_mean": 0.07315424083333333,
  "test_gap_median": 0.07747279999999998,
  "test_gap_std": 0.049111887839378504,
  "test_satisfy_frac": 0.3416666666666667,
  "test_hinge_mean": 0.03546227055555556,
  "val_reloads": 0.0,
  "val_nonfinite": 0.0
}