{
  "test_gap_mean": 0.04647708722222222,
  "test_gap_median": 0.0434765,
  "test_gap_std": 0.037273934863400235,
  "test_satisfy_frac": 0.07222222222222222,
  "test_hinge_mean": 0.05415508611111112,
  "val_reloads": 0.0,
  "val_nonfinite": 0.0
}