{
  "epoch": 15,
  "config": {
    "seed": 2,
    "gamma": 0.03,
    "margin": 0.1,
    "delta": 0.05,
    "input_vmin": 0.0,
    "input_vmax": 1.0,
    "rails": [
      0.0,
      0.45
    ],
    "solver": "klu",
    "body_tie": "floating",
    "body_res": 10.0,
    "rs_clamp": 10.0,
    "model_vto": 0.75,
    "vg_cutoff": 0.75,
    "vg_cutoff_epochs": 4,
    "vg_init": {
      "mode": "random",
      "lo": 1.5,
      "hi": 2.5,
      "fixed": 2.0
    },
    "epochs": 100,
    "device_include_path": "/home/ma-lab/Desktop/pyclln-final/device_model/nmos_lvl1_ald1106.lib",
    "device_subckt": "NMOSWRAP"
  },
  "train": {
    "acc": 0.8733472512178149,
    "hinge": 0.07958994578983995,
    "n_free": 1437,
    "n_clamp": 1437,
    "hinge_active": 1437,
    "hinge_active_frac": 1.0,
    "skipped": 0,
    "reload_free": 0,
    "reload_clamp": 0,
    "nonfinite_free": 0,
    "nonfinite_clamp": 0
  },
  "val": {
    "acc": 0.8555555555555555,
    "hinge": 0.07919211388888886,
    "test_gap_mean": 0.02080788611111111,
    "test_gap_median": 0.020990700000000015,
    "test_gap_std": 0.018333985315156183,
    "test_satisfy_frac": 0.0,
    "test_hinge_mean": 0.0791921138888889,
    "val_reloads": 0.0,
    "val_nonfinite": 0.0
  },
  "timing_s": {
    "epoch_total": 188.71595335006714,
    "train_free": 78.761958360672,
    "train_clamp": 79.2139801979065,
    "train_update": 3.1620378494262695
  },
  "vg_stats": {
    "vg_unique_min": 0.8649056740891519,
    "vg_unique_max": 2.9972541345351766,
    "vg_unique_sat_lo": 0.0,
    "vg_unique_sat_hi": 0.0
  }
}