{
  "epoch": 20,
  "config": {
    "seed": 2,
    "gamma": 0.03,
    "margin": 0.1,
    "delta": 0.05,
    "input_vmin": 0.0,
    "input_vmax": 1.0,
    "rails": [
      0.0,
      0.45
    ],
    "solver": "klu",
    "body_tie": "floating",
    "body_res": 10.0,
    "rs_clamp": 10.0,
    "model_vto": 0.75,
    "vg_cutoff": 0.75,
    "vg_cutoff_epochs": 4,
    "vg_init": {
      "mode": "random",
      "lo": 1.5,
      "hi": 2.5,
      "fixed": 2.0
    },
    "epochs": 100,
    "device_include_path": "/home/ma-lab/Desktop/pyclln-final/device_model/nmos_lvl1_ald1106.lib",
    "device_subckt": "NMOSWRAP"
  },
  "train": {
    "acc": 0.8844815588030619,
    "hinge": 0.07212181586638841,
    "n_free": 1437,
    "n_clamp": 1437,
    "hinge_active": 1437,
    "hinge_active_frac": 1.0,
    "skipped": 0,
    "reload_free": 0,
    "reload_clamp": 0,
    "nonfinite_free": 0,
    "nonfinite_clamp": 0
  },
  "val": {
    "acc": 0.8888888888888888,
    "hinge": 0.07186774972222228,
    "test_gap_mean": 0.028132250277777784,
    "test_gap_median": 0.027071100000000015,
    "test_gap_std": 0.02360134754370441,
    "test_satisfy_frac": 0.0,
    "test_hinge_mean": 0.07186774972222222,
    "val_reloads": 0.0,
    "val_nonfinite": 0.0
  },
  "timing_s": {
    "epoch_total": 219.4563980102539,
    "train_free": 92.39900255203247,
    "train_clamp": 93.06411099433899,
    "train_update": 3.5348362922668457
  },
  "vg_stats": {
    "vg_unique_min": 0.5590379982082125,
    "vg_unique_max": 3.1737873824573497,
    "vg_unique_sat_lo": 0.0,
    "vg_unique_sat_hi": 0.0
  }
}