{
  "epoch": 16,
  "config": {
    "seed": 2,
    "gamma": 0.03,
    "margin": 0.1,
    "delta": 0.05,
    "input_vmin": 0.0,
    "input_vmax": 1.0,
    "rails": [
      0.0,
      0.45
    ],
    "solver": "klu",
    "body_tie": "floating",
    "body_res": 10.0,
    "rs_clamp": 10.0,
    "model_vto": 0.75,
    "vg_cutoff": 0.75,
    "vg_cutoff_epochs": 4,
    "vg_init": {
      "mode": "random",
      "lo": 1.5,
      "hi": 2.5,
      "fixed": 2.0
    },
    "epochs": 100,
    "device_include_path": "/home/ma-lab/Desktop/pyclln-final/device_model/nmos_lvl1_ald1106.lib",
    "device_subckt": "NMOSWRAP"
  },
  "train": {
    "acc": 0.8740431454418929,
    "hinge": 0.0780682970772443,
    "n_free": 1437,
    "n_clamp": 1437,
    "hinge_active": 1437,
    "hinge_active_frac": 1.0,
    "skipped": 0,
    "reload_free": 0,
    "reload_clamp": 0,
    "nonfinite_free": 0,
    "nonfinite_clamp": 0
  },
  "val": {
    "acc": 0.8611111111111112,
    "hinge": 0.0777001030555556,
    "test_gap_mean": 0.022299896944444446,
    "test_gap_median": 0.022515399999999977,
    "test_gap_std": 0.019323897549616487,
    "test_satisfy_frac": 0.0,
    "test_hinge_mean": 0.07770010305555555,
    "val_reloads": 0.0,
    "val_nonfinite": 0.0
  },
  "timing_s": {
    "epoch_total": 186.87731051445007,
    "train_free": 77.99298095703125,
    "train_clamp": 78.74201107025146,
    "train_update": 3.117846727371216
  },
  "vg_stats": {
    "vg_unique_min": 0.8055090467506303,
    "vg_unique_max": 3.033613463081989,
    "vg_unique_sat_lo": 0.0,
    "vg_unique_sat_hi": 0.0
  }
}