{
  "epoch": 3,
  "config": {
    "seed": 2,
    "gamma": 0.03,
    "margin": 0.1,
    "delta": 0.05,
    "input_vmin": 0.0,
    "input_vmax": 1.0,
    "rails": [
      0.0,
      0.45
    ],
    "solver": "klu",
    "body_tie": "floating",
    "body_res": 10.0,
    "rs_clamp": 10.0,
    "model_vto": 0.75,
    "vg_cutoff": 0.75,
    "vg_cutoff_epochs": 4,
    "vg_init": {
      "mode": "random",
      "lo": 1.5,
      "hi": 2.5,
      "fixed": 2.0
    },
    "epochs": 100,
    "device_include_path": "/home/ma-lab/Desktop/pyclln-final/device_model/nmos_lvl1_ald1106.lib",
    "device_subckt": "NMOSWRAP"
  },
  "train": {
    "acc": 0.4279749478079332,
    "hinge": 0.10219266116910224,
    "n_free": 1437,
    "n_clamp": 1437,
    "hinge_active": 1437,
    "hinge_active_frac": 1.0,
    "skipped": 0,
    "reload_free": 0,
    "reload_clamp": 0,
    "nonfinite_free": 0,
    "nonfinite_clamp": 0
  },
  "val": {
    "acc": 0.4638888888888889,
    "hinge": 0.10109725750000008,
    "test_gap_mean": -0.0010972574999999994,
    "test_gap_median": -0.0007398500000000002,
    "test_gap_std": 0.008767811108262196,
    "test_satisfy_frac": 0.0,
    "test_hinge_mean": 0.10109725750000001,
    "val_reloads": 0.0,
    "val_nonfinite": 0.0
  },
  "timing_s": {
    "epoch_total": 166.83359599113464,
    "train_free": 68.21526646614075,
    "train_clamp": 69.36268448829651,
    "train_update": 3.2957801818847656
  },
  "vg_stats": {
    "vg_unique_min": 1.388463041978899,
    "vg_unique_max": 2.5700206846635956,
    "vg_unique_sat_lo": 0.0,
    "vg_unique_sat_hi": 0.0
  }
}