{
  "epoch": 85,
  "config": {
    "seed": 2,
    "gamma": 0.03,
    "margin": 0.1,
    "delta": 0.05,
    "input_vmin": 0.0,
    "input_vmax": 1.0,
    "rails": [
      0.0,
      0.45
    ],
    "solver": "klu",
    "body_tie": "floating",
    "body_res": 10.0,
    "rs_clamp": 10.0,
    "model_vto": 0.75,
    "vg_cutoff": 0.75,
    "vg_cutoff_epochs": 4,
    "vg_init": {
      "mode": "random",
      "lo": 1.5,
      "hi": 2.5,
      "fixed": 2.0
    },
    "epochs": 100,
    "device_include_path": "/home/ma-lab/Desktop/pyclln-final/device_model/nmos_lvl1_ald1106.lib",
    "device_subckt": "NMOSWRAP"
  },
  "train": {
    "acc": 0.941544885177453,
    "hinge": 0.031303323521224787,
    "n_free": 1437,
    "n_clamp": 922,
    "hinge_active": 922,
    "hinge_active_frac": 0.6416144745998609,
    "skipped": 515,
    "reload_free": 0,
    "reload_clamp": 0,
    "nonfinite_free": 0,
    "nonfinite_clamp": 0
  },
  "val": {
    "acc": 0.9361111111111111,
    "hinge": 0.03341639694444445,
    "test_gap_mean": 0.07693441277777778,
    "test_gap_median": 0.08264285000000002,
    "test_gap_std": 0.05057923702322814,
    "test_satisfy_frac": 0.36666666666666664,
    "test_hinge_mean": 0.03341639694444444,
    "val_reloads": 0.0,
    "val_nonfinite": 0.0
  },
  "timing_s": {
    "epoch_total": 139.30092644691467,
    "train_free": 68.92310404777527,
    "train_clamp": 43.95183324813843,
    "train_update": 2.014464855194092
  },
  "vg_stats": {
    "vg_unique_min": 0.7345058877365901,
    "vg_unique_max": 4.428021779973291,
    "vg_unique_sat_lo": 0.0,
    "vg_unique_sat_hi": 0.0
  }
}