{
  "epoch": 31,
  "config": {
    "seed": 2,
    "gamma": 0.03,
    "margin": 0.1,
    "delta": 0.05,
    "input_vmin": 0.0,
    "input_vmax": 1.0,
    "rails": [
      0.0,
      0.45
    ],
    "solver": "klu",
    "body_tie": "floating",
    "body_res": 10.0,
    "rs_clamp": 10.0,
    "model_vto": 0.75,
    "vg_cutoff": 0.75,
    "vg_cutoff_epochs": 4,
    "vg_init": {
      "mode": "random",
      "lo": 1.5,
      "hi": 2.5,
      "fixed": 2.0
    },
    "epochs": 100,
    "device_include_path": "/home/ma-lab/Desktop/pyclln-final/device_model/nmos_lvl1_ald1106.lib",
    "device_subckt": "NMOSWRAP"
  },
  "train": {
    "acc": 0.9025748086290883,
    "hinge": 0.05780103667362557,
    "n_free": 1437,
    "n_clamp": 1401,
    "hinge_active": 1401,
    "hinge_active_frac": 0.9749478079331941,
    "skipped": 36,
    "reload_free": 0,
    "reload_clamp": 0,
    "nonfinite_free": 0,
    "nonfinite_clamp": 0
  },
  "val": {
    "acc": 0.8972222222222223,
    "hinge": 0.05783218916666664,
    "test_gap_mean": 0.04239617805555555,
    "test_gap_median": 0.039234450000000004,
    "test_gap_std": 0.034688076827126886,
    "test_satisfy_frac": 0.027777777777777776,
    "test_hinge_mean": 0.05783218916666668,
    "val_reloads": 0.0,
    "val_nonfinite": 0.0
  },
  "timing_s": {
    "epoch_total": 236.4038016796112,
    "train_free": 101.91104054450989,
    "train_clamp": 97.98804688453674,
    "train_update": 3.8498871326446533
  },
  "vg_stats": {
    "vg_unique_min": 0.5902021854456209,
    "vg_unique_max": 3.514410963768732,
    "vg_unique_sat_lo": 0.0,
    "vg_unique_sat_hi": 0.0
  }
}