{
  "epoch": 64,
  "config": {
    "seed": 2,
    "gamma": 0.03,
    "margin": 0.1,
    "delta": 0.05,
    "input_vmin": 0.0,
    "input_vmax": 1.0,
    "rails": [
      0.0,
      0.45
    ],
    "solver": "klu",
    "body_tie": "floating",
    "body_res": 10.0,
    "rs_clamp": 10.0,
    "model_vto": 0.75,
    "vg_cutoff": 0.75,
    "vg_cutoff_epochs": 4,
    "vg_init": {
      "mode": "random",
      "lo": 1.5,
      "hi": 2.5,
      "fixed": 2.0
    },
    "epochs": 100,
    "device_include_path": "/home/ma-lab/Desktop/pyclln-final/device_model/nmos_lvl1_ald1106.lib",
    "device_subckt": "NMOSWRAP"
  },
  "train": {
    "acc": 0.9276270006958942,
    "hinge": 0.03809189485038269,
    "n_free": 1437,
    "n_clamp": 1083,
    "hinge_active": 1083,
    "hinge_active_frac": 0.7536534446764092,
    "skipped": 354,
    "reload_free": 0,
    "reload_clamp": 0,
    "nonfinite_free": 0,
    "nonfinite_clamp": 0
  },
  "val": {
    "acc": 0.925,
    "hinge": 0.03945946611111113,
    "test_gap_mean": 0.06637235027777777,
    "test_gap_median": 0.06932615,
    "test_gap_std": 0.04638849094842922,
    "test_satisfy_frac": 0.28055555555555556,
    "test_hinge_mean": 0.03945946611111111,
    "val_reloads": 0.0,
    "val_nonfinite": 0.0
  },
  "timing_s": {
    "epoch_total": 190.12729334831238,
    "train_free": 89.02873587608337,
    "train_clamp": 66.9705650806427,
    "train_update": 2.809255599975586
  },
  "vg_stats": {
    "vg_unique_min": 0.6290379074320798,
    "vg_unique_max": 3.953387497144245,
    "vg_unique_sat_lo": 0.0,
    "vg_unique_sat_hi": 0.0
  }
}