{
  "test_gap_mean": 0.11013166472222222,
  "test_gap_median": 0.11176410000000003,
  "test_gap_std": 0.07284395685768735,
  "test_satisfy_frac": 0.8111111111111111,
  "test_hinge_mean": 0.008577031944444445,
  "val_reloads": 0.0,
  "val_nonfinite": 0.0
}