{
  "test_gap_mean": 0.11033920333333334,
  "test_gap_median": 0.10898459999999999,
  "test_gap_std": 0.07057104225273628,
  "test_satisfy_frac": 0.8222222222222222,
  "test_hinge_mean": 0.007559633333333334,
  "val_reloads": 0.0,
  "val_nonfinite": 0.0
}