{
  "test_gap_mean": 0.10489300972222221,
  "test_gap_median": 0.10712135,
  "test_gap_std": 0.07232180438402255,
  "test_satisfy_frac": 0.7861111111111111,
  "test_hinge_mean": 0.009834430555555555,
  "val_reloads": 0.0,
  "val_nonfinite": 0.0
}