{
  "test_gap_mean": 0.10829273083333334,
  "test_gap_median": 0.10971829999999999,
  "test_gap_std": 0.0698163374232781,
  "test_satisfy_frac": 0.825,
  "test_hinge_mean": 0.008050999444444448,
  "val_reloads": 0.0,
  "val_nonfinite": 0.0
}