{
  "test_gap_mean": 0.11073481833333333,
  "test_gap_median": 0.11217385000000002,
  "test_gap_std": 0.07451637502965519,
  "test_satisfy_frac": 0.7833333333333333,
  "test_hinge_mean": 0.008813974722222223,
  "val_reloads": 0.0,
  "val_nonfinite": 0.0
}