{
  "test_gap_mean": 0.10836791527777778,
  "test_gap_median": 0.10822319999999996,
  "test_gap_std": 0.07115852648323721,
  "test_satisfy_frac": 0.8055555555555556,
  "test_hinge_mean": 0.008667440833333333,
  "val_reloads": 0.0,
  "val_nonfinite": 0.0
}