{
  "test_gap_mean": 0.1112903236111111,
  "test_gap_median": 0.10842955000000001,
  "test_gap_std": 0.07111098469471563,
  "test_satisfy_frac": 0.8222222222222222,
  "test_hinge_mean": 0.007195826666666669,
  "val_reloads": 0.0,
  "val_nonfinite": 0.0
}