{
  "test_gap_mean": 0.10782311694444445,
  "test_gap_median": 0.10951705,
  "test_gap_std": 0.06799380374897339,
  "test_satisfy_frac": 0.8222222222222222,
  "test_hinge_mean": 0.008202886944444446,
  "val_reloads": 0.0,
  "val_nonfinite": 0.0
}