{
  "test_gap_mean": 0.10440829750000001,
  "test_gap_median": 0.101606,
  "test_gap_std": 0.06928423043017733,
  "test_satisfy_frac": 0.7916666666666666,
  "test_hinge_mean": 0.007892362777777776,
  "val_reloads": 0.0,
  "val_nonfinite": 0.0
}