{
  "test_gap_mean": 0.10792209916666667,
  "test_gap_median": 0.10990124999999998,
  "test_gap_std": 0.06557389867687807,
  "test_satisfy_frac": 0.8277777777777777,
  "test_hinge_mean": 0.007609501388888889,
  "val_reloads": 0.0,
  "val_nonfinite": 0.0
}