{
  "test_gap_mean": 0.11392372222222223,
  "test_gap_median": 0.10999190000000003,
  "test_gap_std": 0.07103469477639865,
  "test_satisfy_frac": 0.85,
  "test_hinge_mean": 0.007318773611111112,
  "val_reloads": 0.0,
  "val_nonfinite": 0.0
}