{
  "test_gap_mean": 0.11193758083333333,
  "test_gap_median": 0.11493544999999997,
  "test_gap_std": 0.07190000504196625,
  "test_satisfy_frac": 0.8111111111111111,
  "test_hinge_mean": 0.008191729722222221,
  "val_reloads": 0.0,
  "val_nonfinite": 0.0
}