{
  "test_gap_mean": 0.11060130194444445,
  "test_gap_median": 0.10911524999999997,
  "test_gap_std": 0.07019075916678398,
  "test_satisfy_frac": 0.8305555555555556,
  "test_hinge_mean": 0.0079420075,
  "val_reloads": 0.0,
  "val_nonfinite": 0.0
}