{
  "epoch": 62,
  "config": {
    "seed": 2,
    "gamma": 3.0,
    "margin": 0.05,
    "delta": 0.05,
    "input_vmin": 0.0,
    "input_vmax": 1.0,
    "rails": [
      0.0,
      0.45
    ],
    "solver": "klu",
    "body_tie": "floating",
    "body_res": 10.0,
    "rs_clamp": 10.0,
    "model_vto": 0.75,
    "vg_cutoff": 0.75,
    "vg_cutoff_epochs": 4,
    "vg_init": {
      "mode": "fixed",
      "lo": 1.0,
      "hi": 3.0,
      "fixed": 0.75
    },
    "epochs": 100,
    "device_include_path": "/home/ma-lab/Desktop/pyclln-final/device_model/nmos_lvl1_ald1106.lib",
    "device_subckt": "NMOSWRAP"
  },
  "train": {
    "acc": 0.9693806541405706,
    "hinge": 0.0048638383437717495,
    "n_free": 1437,
    "n_clamp": 214,
    "hinge_active": 214,
    "hinge_active_frac": 0.1489213639526792,
    "skipped": 1223,
    "reload_free": 0,
    "reload_clamp": 0,
    "nonfinite_free": 0,
    "nonfinite_clamp": 0
  },
  "val": {
    "acc": 0.9388888888888889,
    "hinge": 0.007892362777777774,
    "test_gap_mean": 0.10440829750000001,
    "test_gap_median": 0.101606,
    "test_gap_std": 0.06928423043017733,
    "test_satisfy_frac": 0.7916666666666666,
    "test_hinge_mean": 0.007892362777777776,
    "val_reloads": 0.0,
    "val_nonfinite": 0.0
  },
  "timing_s": {
    "epoch_total": 14.588022470474243,
    "train_free": 8.43767786026001,
    "train_clamp": 1.2603392601013184,
    "train_update": 0.1559467315673828
  },
  "vg_stats": {
    "vg_unique_min": 0.7033565408127879,
    "vg_unique_max": 5.284815591219084,
    "vg_unique_sat_lo": 0.0,
    "vg_unique_sat_hi": 0.0
  }
}