{
  "epoch": 63,
  "config": {
    "seed": 2,
    "gamma": 3.0,
    "margin": 0.05,
    "delta": 0.05,
    "input_vmin": 0.0,
    "input_vmax": 1.0,
    "rails": [
      0.0,
      0.45
    ],
    "solver": "klu",
    "body_tie": "floating",
    "body_res": 10.0,
    "rs_clamp": 10.0,
    "model_vto": 0.75,
    "vg_cutoff": 0.75,
    "vg_cutoff_epochs": 4,
    "vg_init": {
      "mode": "fixed",
      "lo": 1.0,
      "hi": 3.0,
      "fixed": 0.75
    },
    "epochs": 100,
    "device_include_path": "/home/ma-lab/Desktop/pyclln-final/device_model/nmos_lvl1_ald1106.lib",
    "device_subckt": "NMOSWRAP"
  },
  "train": {
    "acc": 0.9659011830201809,
    "hinge": 0.0049249416840640246,
    "n_free": 1437,
    "n_clamp": 232,
    "hinge_active": 232,
    "hinge_active_frac": 0.16144745998608212,
    "skipped": 1205,
    "reload_free": 0,
    "reload_clamp": 0,
    "nonfinite_free": 0,
    "nonfinite_clamp": 0
  },
  "val": {
    "acc": 0.9305555555555556,
    "hinge": 0.007923284166666666,
    "test_gap_mean": 0.10951729194444443,
    "test_gap_median": 0.10943299999999997,
    "test_gap_std": 0.06966256512103275,
    "test_satisfy_frac": 0.825,
    "test_hinge_mean": 0.007923284166666666,
    "val_reloads": 0.0,
    "val_nonfinite": 0.0
  },
  "timing_s": {
    "epoch_total": 19.481343746185303,
    "train_free": 11.22807240486145,
    "train_clamp": 1.7921810150146484,
    "train_update": 0.26407575607299805
  },
  "vg_stats": {
    "vg_unique_min": 0.6521132636631811,
    "vg_unique_max": 5.403450373614444,
    "vg_unique_sat_lo": 0.0,
    "vg_unique_sat_hi": 0.0
  }
}