{
  "epoch": 98,
  "config": {
    "seed": 2,
    "gamma": 3.0,
    "margin": 0.05,
    "delta": 0.05,
    "input_vmin": 0.0,
    "input_vmax": 1.0,
    "rails": [
      0.0,
      0.45
    ],
    "solver": "klu",
    "body_tie": "floating",
    "body_res": 10.0,
    "rs_clamp": 10.0,
    "model_vto": 0.75,
    "vg_cutoff": 0.75,
    "vg_cutoff_epochs": 4,
    "vg_init": {
      "mode": "fixed",
      "lo": 1.0,
      "hi": 3.0,
      "fixed": 0.75
    },
    "epochs": 100,
    "device_include_path": "/home/ma-lab/Desktop/pyclln-final/device_model/nmos_lvl1_ald1106.lib",
    "device_subckt": "NMOSWRAP"
  },
  "train": {
    "acc": 0.9693806541405706,
    "hinge": 0.004882402992345162,
    "n_free": 1437,
    "n_clamp": 213,
    "hinge_active": 213,
    "hinge_active_frac": 0.14822546972860126,
    "skipped": 1224,
    "reload_free": 0,
    "reload_clamp": 0,
    "nonfinite_free": 0,
    "nonfinite_clamp": 0
  },
  "val": {
    "acc": 0.9472222222222222,
    "hinge": 0.008124176111111114,
    "test_gap_mean": 0.10757285527777777,
    "test_gap_median": 0.10405384999999995,
    "test_gap_std": 0.07222890283113298,
    "test_satisfy_frac": 0.7833333333333333,
    "test_hinge_mean": 0.008124176111111114,
    "val_reloads": 0.0,
    "val_nonfinite": 0.0
  },
  "timing_s": {
    "epoch_total": 14.039788484573364,
    "train_free": 8.255160570144653,
    "train_clamp": 1.1935551166534424,
    "train_update": 0.19185662269592285
  },
  "vg_stats": {
    "vg_unique_min": 0.7879643190003168,
    "vg_unique_max": 5.5083037164635265,
    "vg_unique_sat_lo": 0.0,
    "vg_unique_sat_hi": 0.0
  }
}