{
  "epoch": 32,
  "config": {
    "seed": 2,
    "gamma": 3.0,
    "margin": 0.05,
    "delta": 0.05,
    "input_vmin": 0.0,
    "input_vmax": 1.0,
    "rails": [
      0.0,
      0.45
    ],
    "solver": "klu",
    "body_tie": "floating",
    "body_res": 10.0,
    "rs_clamp": 10.0,
    "model_vto": 0.75,
    "vg_cutoff": 0.75,
    "vg_cutoff_epochs": 4,
    "vg_init": {
      "mode": "fixed",
      "lo": 1.0,
      "hi": 3.0,
      "fixed": 0.75
    },
    "epochs": 100,
    "device_include_path": "/home/ma-lab/Desktop/pyclln-final/device_model/nmos_lvl1_ald1106.lib",
    "device_subckt": "NMOSWRAP"
  },
  "train": {
    "acc": 0.965205288796103,
    "hinge": 0.005183332846207373,
    "n_free": 1437,
    "n_clamp": 207,
    "hinge_active": 207,
    "hinge_active_frac": 0.1440501043841336,
    "skipped": 1230,
    "reload_free": 0,
    "reload_clamp": 0,
    "nonfinite_free": 0,
    "nonfinite_clamp": 0
  },
  "val": {
    "acc": 0.95,
    "hinge": 0.007318773611111115,
    "test_gap_mean": 0.11392372222222223,
    "test_gap_median": 0.10999190000000003,
    "test_gap_std": 0.07103469477639865,
    "test_satisfy_frac": 0.85,
    "test_hinge_mean": 0.007318773611111112,
    "val_reloads": 0.0,
    "val_nonfinite": 0.0
  },
  "timing_s": {
    "epoch_total": 20.091015577316284,
    "train_free": 12.031785249710083,
    "train_clamp": 1.7111680507659912,
    "train_update": 0.26868247985839844
  },
  "vg_stats": {
    "vg_unique_min": 0.5197300950723089,
    "vg_unique_max": 5.379494663299406,
    "vg_unique_sat_lo": 0.0,
    "vg_unique_sat_hi": 0.0
  }
}