{
  "epoch": 16,
  "config": {
    "seed": 2,
    "gamma": 3.0,
    "margin": 0.05,
    "delta": 0.05,
    "input_vmin": 0.0,
    "input_vmax": 1.0,
    "rails": [
      0.0,
      0.45
    ],
    "solver": "klu",
    "body_tie": "floating",
    "body_res": 10.0,
    "rs_clamp": 10.0,
    "model_vto": 0.75,
    "vg_cutoff": 0.75,
    "vg_cutoff_epochs": 4,
    "vg_init": {
      "mode": "fixed",
      "lo": 1.0,
      "hi": 3.0,
      "fixed": 0.75
    },
    "epochs": 100,
    "device_include_path": "/home/ma-lab/Desktop/pyclln-final/device_model/nmos_lvl1_ald1106.lib",
    "device_subckt": "NMOSWRAP"
  },
  "train": {
    "acc": 0.9707724425887265,
    "hinge": 0.005339232846207374,
    "n_free": 1437,
    "n_clamp": 234,
    "hinge_active": 234,
    "hinge_active_frac": 0.162839248434238,
    "skipped": 1203,
    "reload_free": 0,
    "reload_clamp": 0,
    "nonfinite_free": 0,
    "nonfinite_clamp": 0
  },
  "val": {
    "acc": 0.9388888888888889,
    "hinge": 0.00777526388888889,
    "test_gap_mean": 0.11111545361111111,
    "test_gap_median": 0.11513510000000002,
    "test_gap_std": 0.07053477418745852,
    "test_satisfy_frac": 0.8138888888888889,
    "test_hinge_mean": 0.007775263888888887,
    "val_reloads": 0.0,
    "val_nonfinite": 0.0
  },
  "timing_s": {
    "epoch_total": 26.559011697769165,
    "train_free": 15.756662845611572,
    "train_clamp": 2.5512614250183105,
    "train_update": 0.36446642875671387
  },
  "vg_stats": {
    "vg_unique_min": 0.5113995629038303,
    "vg_unique_max": 5.062415330909618,
    "vg_unique_sat_lo": 0.0,
    "vg_unique_sat_hi": 0.0
  }
}