{
  "epoch": 46,
  "config": {
    "seed": 2,
    "gamma": 3.0,
    "margin": 0.05,
    "delta": 0.05,
    "input_vmin": 0.0,
    "input_vmax": 1.0,
    "rails": [
      0.0,
      0.45
    ],
    "solver": "klu",
    "body_tie": "floating",
    "body_res": 10.0,
    "rs_clamp": 10.0,
    "model_vto": 0.75,
    "vg_cutoff": 0.75,
    "vg_cutoff_epochs": 4,
    "vg_init": {
      "mode": "fixed",
      "lo": 1.0,
      "hi": 3.0,
      "fixed": 0.75
    },
    "epochs": 100,
    "device_include_path": "/home/ma-lab/Desktop/pyclln-final/device_model/nmos_lvl1_ald1106.lib",
    "device_subckt": "NMOSWRAP"
  },
  "train": {
    "acc": 0.964509394572025,
    "hinge": 0.004977443562978427,
    "n_free": 1437,
    "n_clamp": 214,
    "hinge_active": 214,
    "hinge_active_frac": 0.1489213639526792,
    "skipped": 1223,
    "reload_free": 0,
    "reload_clamp": 0,
    "nonfinite_free": 0,
    "nonfinite_clamp": 0
  },
  "val": {
    "acc": 0.9277777777777778,
    "hinge": 0.008202886944444442,
    "test_gap_mean": 0.10782311694444445,
    "test_gap_median": 0.10951705,
    "test_gap_std": 0.06799380374897339,
    "test_satisfy_frac": 0.8222222222222222,
    "test_hinge_mean": 0.008202886944444446,
    "val_reloads": 0.0,
    "val_nonfinite": 0.0
  },
  "timing_s": {
    "epoch_total": 16.461145162582397,
    "train_free": 9.243862628936768,
    "train_clamp": 1.3566930294036865,
    "train_update": 0.16567659378051758
  },
  "vg_stats": {
    "vg_unique_min": 0.4918184154347494,
    "vg_unique_max": 5.1132981393083625,
    "vg_unique_sat_lo": 0.0,
    "vg_unique_sat_hi": 0.0
  }
}