{
  "epoch": 94,
  "config": {
    "seed": 2,
    "gamma": 3.0,
    "margin": 0.05,
    "delta": 0.05,
    "input_vmin": 0.0,
    "input_vmax": 1.0,
    "rails": [
      0.0,
      0.45
    ],
    "solver": "klu",
    "body_tie": "floating",
    "body_res": 10.0,
    "rs_clamp": 10.0,
    "model_vto": 0.75,
    "vg_cutoff": 0.75,
    "vg_cutoff_epochs": 4,
    "vg_init": {
      "mode": "fixed",
      "lo": 1.0,
      "hi": 3.0,
      "fixed": 0.75
    },
    "epochs": 100,
    "device_include_path": "/home/ma-lab/Desktop/pyclln-final/device_model/nmos_lvl1_ald1106.lib",
    "device_subckt": "NMOSWRAP"
  },
  "train": {
    "acc": 0.9672929714683368,
    "hinge": 0.004981953653444676,
    "n_free": 1437,
    "n_clamp": 213,
    "hinge_active": 213,
    "hinge_active_frac": 0.14822546972860126,
    "skipped": 1224,
    "reload_free": 0,
    "reload_clamp": 0,
    "nonfinite_free": 0,
    "nonfinite_clamp": 0
  },
  "val": {
    "acc": 0.9361111111111111,
    "hinge": 0.008191729722222223,
    "test_gap_mean": 0.11193758083333333,
    "test_gap_median": 0.11493544999999997,
    "test_gap_std": 0.07190000504196625,
    "test_satisfy_frac": 0.8111111111111111,
    "test_hinge_mean": 0.008191729722222221,
    "val_reloads": 0.0,
    "val_nonfinite": 0.0
  },
  "timing_s": {
    "epoch_total": 17.71446967124939,
    "train_free": 10.265573978424072,
    "train_clamp": 1.5136175155639648,
    "train_update": 0.2387104034423828
  },
  "vg_stats": {
    "vg_unique_min": 0.7829894011136436,
    "vg_unique_max": 5.3272117540146775,
    "vg_unique_sat_lo": 0.0,
    "vg_unique_sat_hi": 0.0
  }
}