{
  "test_gap_mean": 0.05075010952777778,
  "test_gap_median": 0.056994050000000004,
  "test_gap_std": 0.05151233825425808,
  "test_satisfy_frac": 0.5333333333333333,
  "test_hinge_mean": 0.02052834325,
  "val_reloads": 0.0,
  "val_nonfinite": 0.0
}