{
  "test_gap_mean": 0.11061758222222223,
  "test_gap_median": 0.10542375000000001,
  "test_gap_std": 0.095652805998011,
  "test_satisfy_frac": 0.75,
  "test_hinge_mean": 0.013071883333333334,
  "val_reloads": 0.0,
  "val_nonfinite": 0.0
}