{
  "test_gap_mean": 0.10793283361111111,
  "test_gap_median": 0.1005459,
  "test_gap_std": 0.09350976504321298,
  "test_satisfy_frac": 0.7333333333333333,
  "test_hinge_mean": 0.013406043611111113,
  "val_reloads": 0.0,
  "val_nonfinite": 0.0
}