{
  "test_gap_mean": 0.11198701861111111,
  "test_gap_median": 0.10602870000000002,
  "test_gap_std": 0.09649530871611792,
  "test_satisfy_frac": 0.7527777777777778,
  "test_hinge_mean": 0.012841963055555556,
  "val_reloads": 0.0,
  "val_nonfinite": 0.0
}