{
  "test_gap_mean": 0.11319896305555556,
  "test_gap_median": 0.10703794999999999,
  "test_gap_std": 0.09670429746981343,
  "test_satisfy_frac": 0.7611111111111111,
  "test_hinge_mean": 0.012442040555555556,
  "val_reloads": 0.0,
  "val_nonfinite": 0.0
}