{
  "test_gap_mean": 0.10325817305555557,
  "test_gap_median": 0.09836110000000002,
  "test_gap_std": 0.09083322219472695,
  "test_satisfy_frac": 0.7305555555555555,
  "test_hinge_mean": 0.014272952222222222,
  "val_reloads": 0.0,
  "val_nonfinite": 0.0
}