{
  "test_gap_mean": 0.11109018305555556,
  "test_gap_median": 0.1054753,
  "test_gap_std": 0.09605394122876547,
  "test_satisfy_frac": 0.7444444444444445,
  "test_hinge_mean": 0.013092582222222222,
  "val_reloads": 0.0,
  "val_nonfinite": 0.0
}