{
  "test_gap_mean": 0.11071312249999998,
  "test_gap_median": 0.10609175000000001,
  "test_gap_std": 0.09629773886012369,
  "test_satisfy_frac": 0.7388888888888889,
  "test_hinge_mean": 0.0134075425,
  "val_reloads": 0.0,
  "val_nonfinite": 0.0
}