{
  "epoch": 58,
  "config": {
    "seed": 2,
    "gamma": 0.03,
    "margin": 0.05,
    "delta": 0.1,
    "input_vmin": 0.0,
    "input_vmax": 1.0,
    "rails": [
      0.0,
      0.45
    ],
    "solver": "klu",
    "body_tie": "ground",
    "body_res": 10.0,
    "rs_clamp": 10.0,
    "model_vto": 0.75,
    "vg_cutoff": 0.75,
    "vg_cutoff_epochs": 4,
    "vg_init": {
      "mode": "fixed",
      "lo": 1.0,
      "hi": 3.0,
      "fixed": 0.75
    },
    "epochs": 100,
    "device_include_path": "/home/ma-lab/Desktop/pyclln-final/device_model/nmos_lvl1_ald1106.lib",
    "device_subckt": "NMOSWRAP"
  },
  "train": {
    "acc": 0.8990953375086986,
    "hinge": 0.01324416096033404,
    "n_free": 1437,
    "n_clamp": 379,
    "hinge_active": 379,
    "hinge_active_frac": 0.26374391092553934,
    "skipped": 1058,
    "reload_free": 0,
    "reload_clamp": 0,
    "nonfinite_free": 0,
    "nonfinite_clamp": 0
  },
  "val": {
    "acc": 0.9083333333333333,
    "hinge": 0.013588546666666673,
    "test_gap_mean": 0.10649542222222222,
    "test_gap_median": 0.10139940000000003,
    "test_gap_std": 0.09248188675891714,
    "test_satisfy_frac": 0.7361111111111112,
    "test_hinge_mean": 0.013588546666666668,
    "val_reloads": 0.0,
    "val_nonfinite": 0.0
  },
  "timing_s": {
    "epoch_total": 9.580699920654297,
    "train_free": 4.53321385383606,
    "train_clamp": 1.1652255058288574,
    "train_update": 0.24766755104064941
  },
  "vg_stats": {
    "vg_unique_min": 0.7646981383271316,
    "vg_unique_max": 1.9247090420038004,
    "vg_unique_sat_lo": 0.0,
    "vg_unique_sat_hi": 0.0
  }
}