{
  "epoch": 3,
  "config": {
    "seed": 2,
    "gamma": 0.03,
    "margin": 0.05,
    "delta": 0.1,
    "input_vmin": 0.0,
    "input_vmax": 1.0,
    "rails": [
      0.0,
      0.45
    ],
    "solver": "klu",
    "body_tie": "ground",
    "body_res": 10.0,
    "rs_clamp": 10.0,
    "model_vto": 0.75,
    "vg_cutoff": 0.75,
    "vg_cutoff_epochs": 4,
    "vg_init": {
      "mode": "fixed",
      "lo": 1.0,
      "hi": 3.0,
      "fixed": 0.75
    },
    "epochs": 100,
    "device_include_path": "/home/ma-lab/Desktop/pyclln-final/device_model/nmos_lvl1_ald1106.lib",
    "device_subckt": "NMOSWRAP"
  },
  "train": {
    "acc": 0.7800974251913709,
    "hinge": 0.02814815255393181,
    "n_free": 1437,
    "n_clamp": 1065,
    "hinge_active": 1065,
    "hinge_active_frac": 0.7411273486430062,
    "skipped": 372,
    "reload_free": 0,
    "reload_clamp": 0,
    "nonfinite_free": 0,
    "nonfinite_clamp": 0
  },
  "val": {
    "acc": 0.8,
    "hinge": 0.026777578277777794,
    "test_gap_mean": 0.028653125777777778,
    "test_gap_median": 0.029982439999999992,
    "test_gap_std": 0.03435725445473143,
    "test_satisfy_frac": 0.30277777777777776,
    "test_hinge_mean": 0.026777578277777776,
    "val_reloads": 0.0,
    "val_nonfinite": 0.0
  },
  "timing_s": {
    "epoch_total": 72.32499313354492,
    "train_free": 30.193674325942993,
    "train_clamp": 21.972911596298218,
    "train_update": 2.8565807342529297
  },
  "vg_stats": {
    "vg_unique_min": 0.4,
    "vg_unique_max": 1.043460214187269,
    "vg_unique_sat_lo": 18.0,
    "vg_unique_sat_hi": 0.0
  }
}