{
  "epoch": 41,
  "config": {
    "seed": 2,
    "gamma": 0.03,
    "margin": 0.05,
    "delta": 0.1,
    "input_vmin": 0.0,
    "input_vmax": 1.0,
    "rails": [
      0.0,
      0.45
    ],
    "solver": "klu",
    "body_tie": "ground",
    "body_res": 10.0,
    "rs_clamp": 10.0,
    "model_vto": 0.75,
    "vg_cutoff": 0.75,
    "vg_cutoff_epochs": 4,
    "vg_init": {
      "mode": "fixed",
      "lo": 1.0,
      "hi": 3.0,
      "fixed": 0.75
    },
    "epochs": 100,
    "device_include_path": "/home/ma-lab/Desktop/pyclln-final/device_model/nmos_lvl1_ald1106.lib",
    "device_subckt": "NMOSWRAP"
  },
  "train": {
    "acc": 0.8886569241475296,
    "hinge": 0.014361602713987488,
    "n_free": 1437,
    "n_clamp": 403,
    "hinge_active": 403,
    "hinge_active_frac": 0.2804453723034099,
    "skipped": 1034,
    "reload_free": 0,
    "reload_clamp": 0,
    "nonfinite_free": 0,
    "nonfinite_clamp": 0
  },
  "val": {
    "acc": 0.8833333333333333,
    "hinge": 0.015126351666666668,
    "test_gap_mean": 0.09810577194444445,
    "test_gap_median": 0.09455574999999997,
    "test_gap_std": 0.08742518391085581,
    "test_satisfy_frac": 0.7138888888888889,
    "test_hinge_mean": 0.015126351666666668,
    "val_reloads": 0.0,
    "val_nonfinite": 0.0
  },
  "timing_s": {
    "epoch_total": 10.576574325561523,
    "train_free": 4.896997690200806,
    "train_clamp": 1.3111345767974854,
    "train_update": 0.2807590961456299
  },
  "vg_stats": {
    "vg_unique_min": 0.7616212956163885,
    "vg_unique_max": 1.7957759936165154,
    "vg_unique_sat_lo": 0.0,
    "vg_unique_sat_hi": 0.0
  }
}