{
  "epoch": 21,
  "config": {
    "seed": 2,
    "gamma": 0.03,
    "margin": 0.05,
    "delta": 0.1,
    "input_vmin": 0.0,
    "input_vmax": 1.0,
    "rails": [
      0.0,
      0.45
    ],
    "solver": "klu",
    "body_tie": "ground",
    "body_res": 10.0,
    "rs_clamp": 10.0,
    "model_vto": 0.75,
    "vg_cutoff": 0.75,
    "vg_cutoff_epochs": 4,
    "vg_init": {
      "mode": "fixed",
      "lo": 1.0,
      "hi": 3.0,
      "fixed": 0.75
    },
    "epochs": 100,
    "device_include_path": "/home/ma-lab/Desktop/pyclln-final/device_model/nmos_lvl1_ald1106.lib",
    "device_subckt": "NMOSWRAP"
  },
  "train": {
    "acc": 0.8656924147529576,
    "hinge": 0.01703853656228255,
    "n_free": 1437,
    "n_clamp": 514,
    "hinge_active": 514,
    "hinge_active_frac": 0.35768963117606123,
    "skipped": 923,
    "reload_free": 0,
    "reload_clamp": 0,
    "nonfinite_free": 0,
    "nonfinite_clamp": 0
  },
  "val": {
    "acc": 0.8694444444444445,
    "hinge": 0.017109770555555563,
    "test_gap_mean": 0.07949266222222222,
    "test_gap_median": 0.08184815,
    "test_gap_std": 0.07406630023011226,
    "test_satisfy_frac": 0.675,
    "test_hinge_mean": 0.017109770555555556,
    "val_reloads": 0.0,
    "val_nonfinite": 0.0
  },
  "timing_s": {
    "epoch_total": 11.880862951278687,
    "train_free": 5.35241436958313,
    "train_clamp": 1.803330659866333,
    "train_update": 0.43035078048706055
  },
  "vg_stats": {
    "vg_unique_min": 0.7415032944425323,
    "vg_unique_max": 1.5550990156274722,
    "vg_unique_sat_lo": 0.0,
    "vg_unique_sat_hi": 0.0
  }
}