{
  "epoch": 48,
  "config": {
    "seed": 2,
    "gamma": 0.03,
    "margin": 0.05,
    "delta": 0.1,
    "input_vmin": 0.0,
    "input_vmax": 1.0,
    "rails": [
      0.0,
      0.45
    ],
    "solver": "klu",
    "body_tie": "ground",
    "body_res": 10.0,
    "rs_clamp": 10.0,
    "model_vto": 0.75,
    "vg_cutoff": 0.75,
    "vg_cutoff_epochs": 4,
    "vg_init": {
      "mode": "fixed",
      "lo": 1.0,
      "hi": 3.0,
      "fixed": 0.75
    },
    "epochs": 100,
    "device_include_path": "/home/ma-lab/Desktop/pyclln-final/device_model/nmos_lvl1_ald1106.lib",
    "device_subckt": "NMOSWRAP"
  },
  "train": {
    "acc": 0.8977035490605428,
    "hinge": 0.013858534307585253,
    "n_free": 1437,
    "n_clamp": 395,
    "hinge_active": 395,
    "hinge_active_frac": 0.27487821851078637,
    "skipped": 1042,
    "reload_free": 0,
    "reload_clamp": 0,
    "nonfinite_free": 0,
    "nonfinite_clamp": 0
  },
  "val": {
    "acc": 0.8972222222222223,
    "hinge": 0.014366462222222225,
    "test_gap_mean": 0.10220777444444445,
    "test_gap_median": 0.10049565000000002,
    "test_gap_std": 0.08982924046224848,
    "test_satisfy_frac": 0.7305555555555555,
    "test_hinge_mean": 0.01436646222222222,
    "val_reloads": 0.0,
    "val_nonfinite": 0.0
  },
  "timing_s": {
    "epoch_total": 8.439480304718018,
    "train_free": 3.9803833961486816,
    "train_clamp": 1.0783591270446777,
    "train_update": 0.21691012382507324
  },
  "vg_stats": {
    "vg_unique_min": 0.7471869801143045,
    "vg_unique_max": 1.8629966540660283,
    "vg_unique_sat_lo": 0.0,
    "vg_unique_sat_hi": 0.0
  }
}