{
  "epoch": 37,
  "config": {
    "seed": 2,
    "gamma": 0.03,
    "margin": 0.05,
    "delta": 0.1,
    "input_vmin": 0.0,
    "input_vmax": 1.0,
    "rails": [
      0.0,
      0.45
    ],
    "solver": "klu",
    "body_tie": "ground",
    "body_res": 10.0,
    "rs_clamp": 10.0,
    "model_vto": 0.75,
    "vg_cutoff": 0.75,
    "vg_cutoff_epochs": 4,
    "vg_init": {
      "mode": "fixed",
      "lo": 1.0,
      "hi": 3.0,
      "fixed": 0.75
    },
    "epochs": 100,
    "device_include_path": "/home/ma-lab/Desktop/pyclln-final/device_model/nmos_lvl1_ald1106.lib",
    "device_subckt": "NMOSWRAP"
  },
  "train": {
    "acc": 0.8886569241475296,
    "hinge": 0.014758944537230343,
    "n_free": 1437,
    "n_clamp": 426,
    "hinge_active": 426,
    "hinge_active_frac": 0.2964509394572025,
    "skipped": 1011,
    "reload_free": 0,
    "reload_clamp": 0,
    "nonfinite_free": 0,
    "nonfinite_clamp": 0
  },
  "val": {
    "acc": 0.8777777777777778,
    "hinge": 0.015463855277777782,
    "test_gap_mean": 0.09584988944444446,
    "test_gap_median": 0.09325270000000002,
    "test_gap_std": 0.08587862935193707,
    "test_satisfy_frac": 0.7,
    "test_hinge_mean": 0.01546385527777778,
    "val_reloads": 0.0,
    "val_nonfinite": 0.0
  },
  "timing_s": {
    "epoch_total": 10.711479187011719,
    "train_free": 4.960808038711548,
    "train_clamp": 1.4065053462982178,
    "train_update": 0.30348634719848633
  },
  "vg_stats": {
    "vg_unique_min": 0.720021298446771,
    "vg_unique_max": 1.7634812794725976,
    "vg_unique_sat_lo": 0.0,
    "vg_unique_sat_hi": 0.0
  }
}