{
  "test_gap_mean": 0.009615699722222223,
  "test_gap_median": 0.009341349999999998,
  "test_gap_std": 0.00723447244987689,
  "test_satisfy_frac": 0.0,
  "test_hinge_mean": 0.04038430027777777,
  "val_reloads": 0.0,
  "val_nonfinite": 0.0
}