{
  "test_gap_mean": 0.02580716333333334,
  "test_gap_median": 0.025485699999999972,
  "test_gap_std": 0.018182928522655226,
  "test_satisfy_frac": 0.08888888888888889,
  "test_hinge_mean": 0.02462297833333333,
  "val_reloads": 0.0,
  "val_nonfinite": 0.0
}