{
  "test_gap_mean": 0.02682104638888889,
  "test_gap_median": 0.026573500000000028,
  "test_gap_std": 0.01859660128197379,
  "test_satisfy_frac": 0.1111111111111111,
  "test_hinge_mean": 0.023768304999999997,
  "val_reloads": 0.0,
  "val_nonfinite": 0.0
}