{
  "test_gap_mean": 0.035724474722222226,
  "test_gap_median": 0.037620949999999986,
  "test_gap_std": 0.0210323428918033,
  "test_satisfy_frac": 0.2916666666666667,
  "test_hinge_mean": 0.0170019575,
  "val_reloads": 0.0,
  "val_nonfinite": 0.0
}