{
  "test_gap_mean": 0.007383418888888885,
  "test_gap_median": 0.007104949999999985,
  "test_gap_std": 0.005594605159514426,
  "test_satisfy_frac": 0.0,
  "test_hinge_mean": 0.042616581111111114,
  "val_reloads": 0.0,
  "val_nonfinite": 0.0
}