{
  "test_gap_mean": 0.02307346027777778,
  "test_gap_median": 0.022705950000000003,
  "test_gap_std": 0.016861417840241897,
  "test_satisfy_frac": 0.03888888888888889,
  "test_hinge_mean": 0.02709482777777777,
  "val_reloads": 0.0,
  "val_nonfinite": 0.0
}