{
  "test_gap_mean": 0.0320508475,
  "test_gap_median": 0.03360235,
  "test_gap_std": 0.020341124561541832,
  "test_satisfy_frac": 0.21388888888888888,
  "test_hinge_mean": 0.019647568333333334,
  "val_reloads": 0.0,
  "val_nonfinite": 0.0
}