{
  "test_gap_mean": 0.030995228888888893,
  "test_gap_median": 0.03243555000000001,
  "test_gap_std": 0.020039432832154782,
  "test_satisfy_frac": 0.18055555555555555,
  "test_hinge_mean": 0.020426506666666667,
  "val_reloads": 0.0,
  "val_nonfinite": 0.0
}