{
  "epoch": 45,
  "config": {
    "seed": 1,
    "gamma": 0.03,
    "margin": 0.05,
    "delta": 0.1,
    "input_vmin": 0.0,
    "input_vmax": 1.0,
    "rails": [
      0.0,
      0.45
    ],
    "solver": "klu",
    "body_tie": "ground",
    "body_res": 10.0,
    "rs_clamp": 10.0,
    "model_vto": 0.75,
    "vg_cutoff": 0.75,
    "vg_cutoff_epochs": 4,
    "vg_init": {
      "mode": "fixed",
      "lo": 1.0,
      "hi": 3.0,
      "fixed": 4.0
    },
    "epochs": 100,
    "device_include_path": "/home/ma-lab/Desktop/pyclln-final/device_model/nmos_lvl1_ald1106.lib",
    "device_subckt": "NMOSWRAP"
  },
  "train": {
    "acc": 0.9137091162143354,
    "hinge": 0.0246306617954071,
    "n_free": 1437,
    "n_clamp": 1244,
    "hinge_active": 1244,
    "hinge_active_frac": 0.8656924147529576,
    "skipped": 193,
    "reload_free": 0,
    "reload_clamp": 0,
    "nonfinite_free": 0,
    "nonfinite_clamp": 0
  },
  "val": {
    "acc": 0.9166666666666666,
    "hinge": 0.024622978333333333,
    "test_gap_mean": 0.02580716333333334,
    "test_gap_median": 0.025485699999999972,
    "test_gap_std": 0.018182928522655226,
    "test_satisfy_frac": 0.08888888888888889,
    "test_hinge_mean": 0.02462297833333333,
    "val_reloads": 0.0,
    "val_nonfinite": 0.0
  },
  "timing_s": {
    "epoch_total": 78.04325246810913,
    "train_free": 30.10921597480774,
    "train_clamp": 25.80666184425354,
    "train_update": 3.5266621112823486
  },
  "vg_stats": {
    "vg_unique_min": 1.2155935181512092,
    "vg_unique_max": 6.151419440440531,
    "vg_unique_sat_lo": 0.0,
    "vg_unique_sat_hi": 0.0
  }
}