{
  "epoch": 53,
  "config": {
    "seed": 1,
    "gamma": 0.03,
    "margin": 0.05,
    "delta": 0.1,
    "input_vmin": 0.0,
    "input_vmax": 1.0,
    "rails": [
      0.0,
      0.45
    ],
    "solver": "klu",
    "body_tie": "ground",
    "body_res": 10.0,
    "rs_clamp": 10.0,
    "model_vto": 0.75,
    "vg_cutoff": 0.75,
    "vg_cutoff_epochs": 4,
    "vg_init": {
      "mode": "fixed",
      "lo": 1.0,
      "hi": 3.0,
      "fixed": 4.0
    },
    "epochs": 100,
    "device_include_path": "/home/ma-lab/Desktop/pyclln-final/device_model/nmos_lvl1_ald1106.lib",
    "device_subckt": "NMOSWRAP"
  },
  "train": {
    "acc": 0.9227557411273486,
    "hinge": 0.02184178622129437,
    "n_free": 1437,
    "n_clamp": 1128,
    "hinge_active": 1128,
    "hinge_active_frac": 0.7849686847599165,
    "skipped": 309,
    "reload_free": 0,
    "reload_clamp": 0,
    "nonfinite_free": 0,
    "nonfinite_clamp": 0
  },
  "val": {
    "acc": 0.925,
    "hinge": 0.021625961111111123,
    "test_gap_mean": 0.0294516175,
    "test_gap_median": 0.029848349999999996,
    "test_gap_std": 0.01959132774283899,
    "test_satisfy_frac": 0.16111111111111112,
    "test_hinge_mean": 0.02162596111111111,
    "val_reloads": 0.0,
    "val_nonfinite": 0.0
  },
  "timing_s": {
    "epoch_total": 75.52306127548218,
    "train_free": 31.599483251571655,
    "train_clamp": 24.526594161987305,
    "train_update": 2.9787304401397705
  },
  "vg_stats": {
    "vg_unique_min": 0.7969518660149015,
    "vg_unique_max": 6.418831962764855,
    "vg_unique_sat_lo": 0.0,
    "vg_unique_sat_hi": 0.0
  }
}