{
  "epoch": 51,
  "config": {
    "seed": 1,
    "gamma": 0.03,
    "margin": 0.05,
    "delta": 0.1,
    "input_vmin": 0.0,
    "input_vmax": 1.0,
    "rails": [
      0.0,
      0.45
    ],
    "solver": "klu",
    "body_tie": "ground",
    "body_res": 10.0,
    "rs_clamp": 10.0,
    "model_vto": 0.75,
    "vg_cutoff": 0.75,
    "vg_cutoff_epochs": 4,
    "vg_init": {
      "mode": "fixed",
      "lo": 1.0,
      "hi": 3.0,
      "fixed": 4.0
    },
    "epochs": 100,
    "device_include_path": "/home/ma-lab/Desktop/pyclln-final/device_model/nmos_lvl1_ald1106.lib",
    "device_subckt": "NMOSWRAP"
  },
  "train": {
    "acc": 0.9178844815588031,
    "hinge": 0.02245145281837161,
    "n_free": 1437,
    "n_clamp": 1154,
    "hinge_active": 1154,
    "hinge_active_frac": 0.8030619345859429,
    "skipped": 283,
    "reload_free": 0,
    "reload_clamp": 0,
    "nonfinite_free": 0,
    "nonfinite_clamp": 0
  },
  "val": {
    "acc": 0.9222222222222223,
    "hinge": 0.022270713611111128,
    "test_gap_mean": 0.028646558888888892,
    "test_gap_median": 0.02875825,
    "test_gap_std": 0.019327632722365228,
    "test_satisfy_frac": 0.14166666666666666,
    "test_hinge_mean": 0.022270713611111107,
    "val_reloads": 0.0,
    "val_nonfinite": 0.0
  },
  "timing_s": {
    "epoch_total": 77.63312244415283,
    "train_free": 31.39603900909424,
    "train_clamp": 24.994523763656616,
    "train_update": 2.9806933403015137
  },
  "vg_stats": {
    "vg_unique_min": 0.9071154301952169,
    "vg_unique_max": 6.3592523360701705,
    "vg_unique_sat_lo": 0.0,
    "vg_unique_sat_hi": 0.0
  }
}