{
  "test_gap_mean": 0.05692154583333334,
  "test_gap_median": 0.06253,
  "test_gap_std": 0.034254029554157475,
  "test_satisfy_frac": 0.6,
  "test_hinge_mean": 0.01043129638888889,
  "val_reloads": 0.0,
  "val_nonfinite": 0.0
}