{
  "test_gap_mean": 0.10006161361111111,
  "test_gap_median": 0.09626935,
  "test_gap_std": 0.07386766368886251,
  "test_satisfy_frac": 0.775,
  "test_hinge_mean": 0.010221904166666669,
  "val_reloads": 0.0,
  "val_nonfinite": 0.0
}