{
  "test_gap_mean": 0.10014421944444443,
  "test_gap_median": 0.09926285000000004,
  "test_gap_std": 0.07134905665827693,
  "test_satisfy_frac": 0.7861111111111111,
  "test_hinge_mean": 0.009442530833333334,
  "val_reloads": 0.0,
  "val_nonfinite": 0.0
}