{
  "test_gap_mean": 0.04276463083333334,
  "test_gap_median": 0.04550230000000001,
  "test_gap_std": 0.027875148329888747,
  "test_satisfy_frac": 0.4444444444444444,
  "test_hinge_mean": 0.014757976666666667,
  "val_reloads": 0.0,
  "val_nonfinite": 0.0
}