{
  "test_gap_mean": 0.0936002461111111,
  "test_gap_median": 0.09634704999999999,
  "test_gap_std": 0.056022269166602016,
  "test_satisfy_frac": 0.8166666666666667,
  "test_hinge_mean": 0.007441454166666668,
  "val_reloads": 0.0,
  "val_nonfinite": 0.0
}