{
  "test_gap_mean": 0.10133041083333334,
  "test_gap_median": 0.10144555,
  "test_gap_std": 0.07121959995208926,
  "test_satisfy_frac": 0.8,
  "test_hinge_mean": 0.009279855,
  "val_reloads": 0.0,
  "val_nonfinite": 0.0
}