{
  "test_gap_mean": 0.10069581472222221,
  "test_gap_median": 0.09906375,
  "test_gap_std": 0.07154643464913213,
  "test_satisfy_frac": 0.7861111111111111,
  "test_hinge_mean": 0.009170661944444446,
  "val_reloads": 0.0,
  "val_nonfinite": 0.0
}