{
  "test_gap_mean": 0.09575454,
  "test_gap_median": 0.09840329999999997,
  "test_gap_std": 0.06014219574453447,
  "test_satisfy_frac": 0.8055555555555556,
  "test_hinge_mean": 0.00808220722222222,
  "val_reloads": 0.0,
  "val_nonfinite": 0.0
}