{
  "test_gap_mean": 0.09293349583333332,
  "test_gap_median": 0.09504120000000005,
  "test_gap_std": 0.05548541238654995,
  "test_satisfy_frac": 0.8333333333333334,
  "test_hinge_mean": 0.00768648888888889,
  "val_reloads": 0.0,
  "val_nonfinite": 0.0
}