{
  "test_gap_mean": 0.09250689777777778,
  "test_gap_median": 0.09424470000000001,
  "test_gap_std": 0.05455872602082238,
  "test_satisfy_frac": 0.8305555555555556,
  "test_hinge_mean": 0.007315962222222221,
  "val_reloads": 0.0,
  "val_nonfinite": 0.0
}