{
  "test_gap_mean": 0.10080608333333332,
  "test_gap_median": 0.09953910000000002,
  "test_gap_std": 0.0736664905415255,
  "test_satisfy_frac": 0.7972222222222223,
  "test_hinge_mean": 0.010343862777777778,
  "val_reloads": 0.0,
  "val_nonfinite": 0.0
}