{
  "test_gap_mean": 0.06211815222222223,
  "test_gap_median": 0.06688255,
  "test_gap_std": 0.03698470895989382,
  "test_satisfy_frac": 0.6833333333333333,
  "test_hinge_mean": 0.009366768333333332,
  "val_reloads": 0.0,
  "val_nonfinite": 0.0
}