{
  "epoch": 60,
  "config": {
    "seed": 0,
    "gamma": 0.3,
    "margin": 0.05,
    "delta": 0.1,
    "input_vmin": 0.0,
    "input_vmax": 1.0,
    "rails": [
      0.0,
      0.45
    ],
    "solver": "klu",
    "body_tie": "source",
    "body_res": 10.0,
    "rs_clamp": 10.0,
    "model_vto": 0.75,
    "vg_cutoff": 0.75,
    "vg_cutoff_epochs": 4,
    "vg_init": {
      "mode": "fixed",
      "lo": 1.0,
      "hi": 3.0,
      "fixed": 2.0
    },
    "epochs": 100,
    "device_include_path": "/home/ma-lab/Desktop/pyclln-final/device_model/nmos_lvl1_ald1106.lib",
    "device_subckt": "NMOSWRAP"
  },
  "train": {
    "acc": 0.9610299234516354,
    "hinge": 0.005405266875434935,
    "n_free": 1437,
    "n_clamp": 235,
    "hinge_active": 235,
    "hinge_active_frac": 0.16353514265831592,
    "skipped": 1202,
    "reload_free": 0,
    "reload_clamp": 0,
    "nonfinite_free": 0,
    "nonfinite_clamp": 0
  },
  "val": {
    "acc": 0.9472222222222222,
    "hinge": 0.008351421388888891,
    "test_gap_mean": 0.0968545322222222,
    "test_gap_median": 0.09782549999999998,
    "test_gap_std": 0.0635216048181025,
    "test_satisfy_frac": 0.8055555555555556,
    "test_hinge_mean": 0.00835142138888889,
    "val_reloads": 0.0,
    "val_nonfinite": 0.0
  },
  "timing_s": {
    "epoch_total": 16.716336250305176,
    "train_free": 9.136226892471313,
    "train_clamp": 1.4738194942474365,
    "train_update": 0.2392125129699707
  },
  "vg_stats": {
    "vg_unique_min": 0.6813215700185908,
    "vg_unique_max": 4.2958607805860485,
    "vg_unique_sat_lo": 0.0,
    "vg_unique_sat_hi": 0.0
  }
}