{
  "epoch": 34,
  "config": {
    "seed": 0,
    "gamma": 0.3,
    "margin": 0.05,
    "delta": 0.1,
    "input_vmin": 0.0,
    "input_vmax": 1.0,
    "rails": [
      0.0,
      0.45
    ],
    "solver": "klu",
    "body_tie": "source",
    "body_res": 10.0,
    "rs_clamp": 10.0,
    "model_vto": 0.75,
    "vg_cutoff": 0.75,
    "vg_cutoff_epochs": 4,
    "vg_init": {
      "mode": "fixed",
      "lo": 1.0,
      "hi": 3.0,
      "fixed": 2.0
    },
    "epochs": 100,
    "device_include_path": "/home/ma-lab/Desktop/pyclln-final/device_model/nmos_lvl1_ald1106.lib",
    "device_subckt": "NMOSWRAP"
  },
  "train": {
    "acc": 0.9665970772442589,
    "hinge": 0.005320375574112736,
    "n_free": 1437,
    "n_clamp": 232,
    "hinge_active": 232,
    "hinge_active_frac": 0.16144745998608212,
    "skipped": 1205,
    "reload_free": 0,
    "reload_clamp": 0,
    "nonfinite_free": 0,
    "nonfinite_clamp": 0
  },
  "val": {
    "acc": 0.9527777777777777,
    "hinge": 0.007588621388888889,
    "test_gap_mean": 0.0948499061111111,
    "test_gap_median": 0.09766419999999998,
    "test_gap_std": 0.05674870747083943,
    "test_satisfy_frac": 0.8305555555555556,
    "test_hinge_mean": 0.007588621388888889,
    "val_reloads": 0.0,
    "val_nonfinite": 0.0
  },
  "timing_s": {
    "epoch_total": 23.195064306259155,
    "train_free": 13.298856973648071,
    "train_clamp": 2.132141590118408,
    "train_update": 0.3526341915130615
  },
  "vg_stats": {
    "vg_unique_min": 0.5671803261734526,
    "vg_unique_max": 4.3970449138016345,
    "vg_unique_sat_lo": 0.0,
    "vg_unique_sat_hi": 0.0
  }
}