{
  "epoch": 86,
  "config": {
    "seed": 0,
    "gamma": 0.3,
    "margin": 0.05,
    "delta": 0.1,
    "input_vmin": 0.0,
    "input_vmax": 1.0,
    "rails": [
      0.0,
      0.45
    ],
    "solver": "klu",
    "body_tie": "source",
    "body_res": 10.0,
    "rs_clamp": 10.0,
    "model_vto": 0.75,
    "vg_cutoff": 0.75,
    "vg_cutoff_epochs": 4,
    "vg_init": {
      "mode": "fixed",
      "lo": 1.0,
      "hi": 3.0,
      "fixed": 2.0
    },
    "epochs": 100,
    "device_include_path": "/home/ma-lab/Desktop/pyclln-final/device_model/nmos_lvl1_ald1106.lib",
    "device_subckt": "NMOSWRAP"
  },
  "train": {
    "acc": 0.9568545581071677,
    "hinge": 0.006026684759916495,
    "n_free": 1437,
    "n_clamp": 244,
    "hinge_active": 244,
    "hinge_active_frac": 0.1697981906750174,
    "skipped": 1193,
    "reload_free": 0,
    "reload_clamp": 0,
    "nonfinite_free": 0,
    "nonfinite_clamp": 0
  },
  "val": {
    "acc": 0.9222222222222223,
    "hinge": 0.009776871388888886,
    "test_gap_mean": 0.09966200833333332,
    "test_gap_median": 0.09770514999999999,
    "test_gap_std": 0.07212368286775107,
    "test_satisfy_frac": 0.7666666666666667,
    "test_hinge_mean": 0.009776871388888888,
    "val_reloads": 0.0,
    "val_nonfinite": 0.0
  },
  "timing_s": {
    "epoch_total": 12.498393058776855,
    "train_free": 6.9623284339904785,
    "train_clamp": 1.1435866355895996,
    "train_update": 0.2012014389038086
  },
  "vg_stats": {
    "vg_unique_min": 0.7342794078518744,
    "vg_unique_max": 3.7161528333504212,
    "vg_unique_sat_lo": 0.0,
    "vg_unique_sat_hi": 0.0
  }
}