{
  "epoch": 79,
  "config": {
    "seed": 0,
    "gamma": 0.3,
    "margin": 0.05,
    "delta": 0.1,
    "input_vmin": 0.0,
    "input_vmax": 1.0,
    "rails": [
      0.0,
      0.45
    ],
    "solver": "klu",
    "body_tie": "source",
    "body_res": 10.0,
    "rs_clamp": 10.0,
    "model_vto": 0.75,
    "vg_cutoff": 0.75,
    "vg_cutoff_epochs": 4,
    "vg_init": {
      "mode": "fixed",
      "lo": 1.0,
      "hi": 3.0,
      "fixed": 2.0
    },
    "epochs": 100,
    "device_include_path": "/home/ma-lab/Desktop/pyclln-final/device_model/nmos_lvl1_ald1106.lib",
    "device_subckt": "NMOSWRAP"
  },
  "train": {
    "acc": 0.9596381350034795,
    "hinge": 0.00596765720250522,
    "n_free": 1437,
    "n_clamp": 253,
    "hinge_active": 253,
    "hinge_active_frac": 0.17606123869171886,
    "skipped": 1184,
    "reload_free": 0,
    "reload_clamp": 0,
    "nonfinite_free": 0,
    "nonfinite_clamp": 0
  },
  "val": {
    "acc": 0.9222222222222223,
    "hinge": 0.00945051416666667,
    "test_gap_mean": 0.10038014138888889,
    "test_gap_median": 0.10156469999999998,
    "test_gap_std": 0.07091372166578618,
    "test_satisfy_frac": 0.7861111111111111,
    "test_hinge_mean": 0.009450514166666667,
    "val_reloads": 0.0,
    "val_nonfinite": 0.0
  },
  "timing_s": {
    "epoch_total": 13.419262886047363,
    "train_free": 7.105558156967163,
    "train_clamp": 1.2361931800842285,
    "train_update": 0.22282767295837402
  },
  "vg_stats": {
    "vg_unique_min": 0.6760159471815987,
    "vg_unique_max": 3.884454949296978,
    "vg_unique_sat_lo": 0.0,
    "vg_unique_sat_hi": 0.0
  }
}