{
  "epoch": 65,
  "config": {
    "seed": 0,
    "gamma": 0.3,
    "margin": 0.05,
    "delta": 0.1,
    "input_vmin": 0.0,
    "input_vmax": 1.0,
    "rails": [
      0.0,
      0.45
    ],
    "solver": "klu",
    "body_tie": "source",
    "body_res": 10.0,
    "rs_clamp": 10.0,
    "model_vto": 0.75,
    "vg_cutoff": 0.75,
    "vg_cutoff_epochs": 4,
    "vg_init": {
      "mode": "fixed",
      "lo": 1.0,
      "hi": 3.0,
      "fixed": 2.0
    },
    "epochs": 100,
    "device_include_path": "/home/ma-lab/Desktop/pyclln-final/device_model/nmos_lvl1_ald1106.lib",
    "device_subckt": "NMOSWRAP"
  },
  "train": {
    "acc": 0.9659011830201809,
    "hinge": 0.005485817118997919,
    "n_free": 1437,
    "n_clamp": 237,
    "hinge_active": 237,
    "hinge_active_frac": 0.1649269311064718,
    "skipped": 1200,
    "reload_free": 0,
    "reload_clamp": 0,
    "nonfinite_free": 0,
    "nonfinite_clamp": 0
  },
  "val": {
    "acc": 0.9361111111111111,
    "hinge": 0.008900145000000002,
    "test_gap_mean": 0.098715205,
    "test_gap_median": 0.09845760000000003,
    "test_gap_std": 0.06577633602269324,
    "test_satisfy_frac": 0.7916666666666666,
    "test_hinge_mean": 0.008900144999999998,
    "val_reloads": 0.0,
    "val_nonfinite": 0.0
  },
  "timing_s": {
    "epoch_total": 15.720822095870972,
    "train_free": 8.558733463287354,
    "train_clamp": 1.3855602741241455,
    "train_update": 0.23644280433654785
  },
  "vg_stats": {
    "vg_unique_min": 0.6856278923355404,
    "vg_unique_max": 4.214637383828014,
    "vg_unique_sat_lo": 0.0,
    "vg_unique_sat_hi": 0.0
  }
}