{
  "epoch": 75,
  "config": {
    "seed": 0,
    "gamma": 0.3,
    "margin": 0.05,
    "delta": 0.1,
    "input_vmin": 0.0,
    "input_vmax": 1.0,
    "rails": [
      0.0,
      0.45
    ],
    "solver": "klu",
    "body_tie": "source",
    "body_res": 10.0,
    "rs_clamp": 10.0,
    "model_vto": 0.75,
    "vg_cutoff": 0.75,
    "vg_cutoff_epochs": 4,
    "vg_init": {
      "mode": "fixed",
      "lo": 1.0,
      "hi": 3.0,
      "fixed": 2.0
    },
    "epochs": 100,
    "device_include_path": "/home/ma-lab/Desktop/pyclln-final/device_model/nmos_lvl1_ald1106.lib",
    "device_subckt": "NMOSWRAP"
  },
  "train": {
    "acc": 0.9610299234516354,
    "hinge": 0.005676054975643701,
    "n_free": 1437,
    "n_clamp": 239,
    "hinge_active": 239,
    "hinge_active_frac": 0.1663187195546277,
    "skipped": 1198,
    "reload_free": 0,
    "reload_clamp": 0,
    "nonfinite_free": 0,
    "nonfinite_clamp": 0
  },
  "val": {
    "acc": 0.9277777777777778,
    "hinge": 0.009867731944444447,
    "test_gap_mean": 0.1004044625,
    "test_gap_median": 0.09870135,
    "test_gap_std": 0.07168246398730972,
    "test_satisfy_frac": 0.7861111111111111,
    "test_hinge_mean": 0.009867731944444446,
    "val_reloads": 0.0,
    "val_nonfinite": 0.0
  },
  "timing_s": {
    "epoch_total": 13.333251953125,
    "train_free": 7.01634407043457,
    "train_clamp": 1.1674058437347412,
    "train_update": 0.2135331630706787
  },
  "vg_stats": {
    "vg_unique_min": 0.7302837790840527,
    "vg_unique_max": 4.012073573899452,
    "vg_unique_sat_lo": 0.0,
    "vg_unique_sat_hi": 0.0
  }
}