{
  "test_gap_mean": 0.038845671666666665,
  "test_gap_median": 0.03513625000000001,
  "test_gap_std": 0.03147779694066434,
  "test_satisfy_frac": 0.016666666666666666,
  "test_hinge_mean": 0.061244031388888905,
  "val_reloads": 0.0,
  "val_nonfinite": 0.0
}