{
  "test_gap_mean": 0.06653984361111112,
  "test_gap_median": 0.07070729999999997,
  "test_gap_std": 0.04659111638748807,
  "test_satisfy_frac": 0.28888888888888886,
  "test_hinge_mean": 0.039353629166666675,
  "val_reloads": 0.0,
  "val_nonfinite": 0.0
}