{
  "test_gap_mean": 0.010092967222222221,
  "test_gap_median": 0.008982449999999975,
  "test_gap_std": 0.008113277578076915,
  "test_satisfy_frac": 0.0,
  "test_hinge_mean": 0.08990703277777778,
  "val_reloads": 0.0,
  "val_nonfinite": 0.0
}