{
  "test_gap_mean": 0.005034941944444444,
  "test_gap_median": 0.004528749999999998,
  "test_gap_std": 0.0040137024775541074,
  "test_satisfy_frac": 0.0,
  "test_hinge_mean": 0.09496505805555558,
  "val_reloads": 0.0,
  "val_nonfinite": 0.0
}