{
  "test_gap_mean": 0.06477981194444446,
  "test_gap_median": 0.06768170000000001,
  "test_gap_std": 0.045767679108113773,
  "test_satisfy_frac": 0.26666666666666666,
  "test_hinge_mean": 0.040435615277777774,
  "val_reloads": 0.0,
  "val_nonfinite": 0.0
}