{
  "test_gap_mean": 0.06378915972222222,
  "test_gap_median": 0.06646039999999998,
  "test_gap_std": 0.04529139414493743,
  "test_satisfy_frac": 0.25555555555555554,
  "test_hinge_mean": 0.04104236472222223,
  "val_reloads": 0.0,
  "val_nonfinite": 0.0
}