{
  "test_gap_mean": 0.06090433027777777,
  "test_gap_median": 0.06312324999999999,
  "test_gap_std": 0.04405858835964587,
  "test_satisfy_frac": 0.24166666666666667,
  "test_hinge_mean": 0.042966785,
  "val_reloads": 0.0,
  "val_nonfinite": 0.0
}