{
  "test_gap_mean": 0.032535136111111106,
  "test_gap_median": 0.02935345000000003,
  "test_gap_std": 0.02624476016410972,
  "test_satisfy_frac": 0.0,
  "test_hinge_mean": 0.06746486388888889,
  "val_reloads": 0.0,
  "val_nonfinite": 0.0
}