{
  "test_gap_mean": 0.022962941944444443,
  "test_gap_median": 0.02054605000000001,
  "test_gap_std": 0.01846455058678029,
  "test_satisfy_frac": 0.0,
  "test_hinge_mean": 0.07703705805555557,
  "val_reloads": 0.0,
  "val_nonfinite": 0.0
}