{
  "test_gap_mean": 0.07265050944444444,
  "test_gap_median": 0.07668579999999997,
  "test_gap_std": 0.04900710955370398,
  "test_satisfy_frac": 0.3333333333333333,
  "test_hinge_mean": 0.03573515916666667,
  "val_reloads": 0.0,
  "val_nonfinite": 0.0
}