{
  "test_gap_mean": 0.04248371861111112,
  "test_gap_median": 0.03845949999999998,
  "test_gap_std": 0.03409245046852852,
  "test_satisfy_frac": 0.025,
  "test_hinge_mean": 0.05777159000000001,
  "val_reloads": 0.0,
  "val_nonfinite": 0.0
}