{
  "epoch": 68,
  "config": {
    "seed": 2,
    "gamma": 0.03,
    "margin": 0.1,
    "delta": 0.05,
    "input_vmin": 0.0,
    "input_vmax": 1.0,
    "rails": [
      0.0,
      0.45
    ],
    "solver": "klu",
    "body_tie": "source",
    "body_res": 10.0,
    "rs_clamp": 10.0,
    "model_vto": 0.75,
    "vg_cutoff": 0.75,
    "vg_cutoff_epochs": 4,
    "vg_init": {
      "mode": "fixed",
      "lo": 1.0,
      "hi": 3.0,
      "fixed": 2.0
    },
    "epochs": 100,
    "device_include_path": "/home/ma-lab/Desktop/pyclln-final/device_model/nmos_lvl1_ald1106.lib",
    "device_subckt": "NMOSWRAP"
  },
  "train": {
    "acc": 0.9199721642310369,
    "hinge": 0.0413368514265832,
    "n_free": 1437,
    "n_clamp": 1127,
    "hinge_active": 1127,
    "hinge_active_frac": 0.7842727905358385,
    "skipped": 310,
    "reload_free": 0,
    "reload_clamp": 0,
    "nonfinite_free": 0,
    "nonfinite_clamp": 0
  },
  "val": {
    "acc": 0.9222222222222223,
    "hinge": 0.04230893777777778,
    "test_gap_mean": 0.06187598472222222,
    "test_gap_median": 0.06479,
    "test_gap_std": 0.04445219337364724,
    "test_satisfy_frac": 0.24166666666666667,
    "test_hinge_mean": 0.04230893777777778,
    "val_reloads": 0.0,
    "val_nonfinite": 0.0
  },
  "timing_s": {
    "epoch_total": 96.46750450134277,
    "train_free": 40.67749643325806,
    "train_clamp": 32.162652015686035,
    "train_update": 3.426281452178955
  },
  "vg_stats": {
    "vg_unique_min": 0.6666931430562643,
    "vg_unique_max": 3.8667336095506455,
    "vg_unique_sat_lo": 0.0,
    "vg_unique_sat_hi": 0.0
  }
}