{
  "epoch": 93,
  "config": {
    "seed": 2,
    "gamma": 0.03,
    "margin": 0.1,
    "delta": 0.05,
    "input_vmin": 0.0,
    "input_vmax": 1.0,
    "rails": [
      0.0,
      0.45
    ],
    "solver": "klu",
    "body_tie": "source",
    "body_res": 10.0,
    "rs_clamp": 10.0,
    "model_vto": 0.75,
    "vg_cutoff": 0.75,
    "vg_cutoff_epochs": 4,
    "vg_init": {
      "mode": "fixed",
      "lo": 1.0,
      "hi": 3.0,
      "fixed": 2.0
    },
    "epochs": 100,
    "device_include_path": "/home/ma-lab/Desktop/pyclln-final/device_model/nmos_lvl1_ald1106.lib",
    "device_subckt": "NMOSWRAP"
  },
  "train": {
    "acc": 0.9345859429366736,
    "hinge": 0.03391999881697984,
    "n_free": 1437,
    "n_clamp": 983,
    "hinge_active": 983,
    "hinge_active_frac": 0.6840640222686152,
    "skipped": 454,
    "reload_free": 0,
    "reload_clamp": 0,
    "nonfinite_free": 0,
    "nonfinite_clamp": 0
  },
  "val": {
    "acc": 0.925,
    "hinge": 0.03573515916666666,
    "test_gap_mean": 0.07265050944444444,
    "test_gap_median": 0.07668579999999997,
    "test_gap_std": 0.04900710955370398,
    "test_satisfy_frac": 0.3333333333333333,
    "test_hinge_mean": 0.03573515916666667,
    "val_reloads": 0.0,
    "val_nonfinite": 0.0
  },
  "timing_s": {
    "epoch_total": 74.25241422653198,
    "train_free": 33.42459487915039,
    "train_clamp": 22.62887930870056,
    "train_update": 2.3913156986236572
  },
  "vg_stats": {
    "vg_unique_min": 0.7085931659240784,
    "vg_unique_max": 4.338298471468891,
    "vg_unique_sat_lo": 0.0,
    "vg_unique_sat_hi": 0.0
  }
}