{
  "epoch": 13,
  "config": {
    "seed": 2,
    "gamma": 0.03,
    "margin": 0.1,
    "delta": 0.05,
    "input_vmin": 0.0,
    "input_vmax": 1.0,
    "rails": [
      0.0,
      0.45
    ],
    "solver": "klu",
    "body_tie": "source",
    "body_res": 10.0,
    "rs_clamp": 10.0,
    "model_vto": 0.75,
    "vg_cutoff": 0.75,
    "vg_cutoff_epochs": 4,
    "vg_init": {
      "mode": "fixed",
      "lo": 1.0,
      "hi": 3.0,
      "fixed": 2.0
    },
    "epochs": 100,
    "device_include_path": "/home/ma-lab/Desktop/pyclln-final/device_model/nmos_lvl1_ald1106.lib",
    "device_subckt": "NMOSWRAP"
  },
  "train": {
    "acc": 0.9025748086290883,
    "hinge": 0.08400294405010438,
    "n_free": 1437,
    "n_clamp": 1437,
    "hinge_active": 1437,
    "hinge_active_frac": 1.0,
    "skipped": 0,
    "reload_free": 0,
    "reload_clamp": 0,
    "nonfinite_free": 0,
    "nonfinite_clamp": 0
  },
  "val": {
    "acc": 0.8916666666666667,
    "hinge": 0.08346387972222218,
    "test_gap_mean": 0.01653612027777778,
    "test_gap_median": 0.014776800000000007,
    "test_gap_std": 0.013272499947560953,
    "test_satisfy_frac": 0.0,
    "test_hinge_mean": 0.08346387972222223,
    "val_reloads": 0.0,
    "val_nonfinite": 0.0
  },
  "timing_s": {
    "epoch_total": 91.44628953933716,
    "train_free": 34.163875579833984,
    "train_clamp": 34.71471667289734,
    "train_update": 3.655625343322754
  },
  "vg_stats": {
    "vg_unique_min": 1.3305077767238846,
    "vg_unique_max": 2.526219550990496,
    "vg_unique_sat_lo": 0.0,
    "vg_unique_sat_hi": 0.0
  }
}