{
  "epoch": 44,
  "config": {
    "seed": 2,
    "gamma": 0.03,
    "margin": 0.1,
    "delta": 0.05,
    "input_vmin": 0.0,
    "input_vmax": 1.0,
    "rails": [
      0.0,
      0.45
    ],
    "solver": "klu",
    "body_tie": "source",
    "body_res": 10.0,
    "rs_clamp": 10.0,
    "model_vto": 0.75,
    "vg_cutoff": 0.75,
    "vg_cutoff_epochs": 4,
    "vg_init": {
      "mode": "fixed",
      "lo": 1.0,
      "hi": 3.0,
      "fixed": 2.0
    },
    "epochs": 100,
    "device_include_path": "/home/ma-lab/Desktop/pyclln-final/device_model/nmos_lvl1_ald1106.lib",
    "device_subckt": "NMOSWRAP"
  },
  "train": {
    "acc": 0.9088378566457899,
    "hinge": 0.052009945650661076,
    "n_free": 1437,
    "n_clamp": 1317,
    "hinge_active": 1317,
    "hinge_active_frac": 0.9164926931106472,
    "skipped": 120,
    "reload_free": 0,
    "reload_clamp": 0,
    "nonfinite_free": 0,
    "nonfinite_clamp": 0
  },
  "val": {
    "acc": 0.9,
    "hinge": 0.05223184916666667,
    "test_gap_mean": 0.048636026666666665,
    "test_gap_median": 0.045377,
    "test_gap_std": 0.03837755461693737,
    "test_satisfy_frac": 0.08611111111111111,
    "test_hinge_mean": 0.05223184916666667,
    "val_reloads": 0.0,
    "val_nonfinite": 0.0
  },
  "timing_s": {
    "epoch_total": 113.80941033363342,
    "train_free": 45.84218168258667,
    "train_clamp": 41.51217436790466,
    "train_update": 3.9612157344818115
  },
  "vg_stats": {
    "vg_unique_min": 0.6347918482552839,
    "vg_unique_max": 3.4612675542178675,
    "vg_unique_sat_lo": 0.0,
    "vg_unique_sat_hi": 0.0
  }
}