{
  "epoch": 69,
  "config": {
    "seed": 2,
    "gamma": 0.03,
    "margin": 0.1,
    "delta": 0.05,
    "input_vmin": 0.0,
    "input_vmax": 1.0,
    "rails": [
      0.0,
      0.45
    ],
    "solver": "klu",
    "body_tie": "source",
    "body_res": 10.0,
    "rs_clamp": 10.0,
    "model_vto": 0.75,
    "vg_cutoff": 0.75,
    "vg_cutoff_epochs": 4,
    "vg_init": {
      "mode": "fixed",
      "lo": 1.0,
      "hi": 3.0,
      "fixed": 2.0
    },
    "epochs": 100,
    "device_include_path": "/home/ma-lab/Desktop/pyclln-final/device_model/nmos_lvl1_ald1106.lib",
    "device_subckt": "NMOSWRAP"
  },
  "train": {
    "acc": 0.919276270006959,
    "hinge": 0.04099601544885177,
    "n_free": 1437,
    "n_clamp": 1123,
    "hinge_active": 1123,
    "hinge_active_frac": 0.7814892136395268,
    "skipped": 314,
    "reload_free": 0,
    "reload_clamp": 0,
    "nonfinite_free": 0,
    "nonfinite_clamp": 0
  },
  "val": {
    "acc": 0.9222222222222223,
    "hinge": 0.041981638055555555,
    "test_gap_mean": 0.06235763166666667,
    "test_gap_median": 0.06522135,
    "test_gap_std": 0.044625870187468955,
    "test_satisfy_frac": 0.24444444444444444,
    "test_hinge_mean": 0.04198163805555556,
    "val_reloads": 0.0,
    "val_nonfinite": 0.0
  },
  "timing_s": {
    "epoch_total": 96.17044711112976,
    "train_free": 41.23169279098511,
    "train_clamp": 32.3609983921051,
    "train_update": 3.023881673812866
  },
  "vg_stats": {
    "vg_unique_min": 0.6363161088419057,
    "vg_unique_max": 3.8754949976938025,
    "vg_unique_sat_lo": 0.0,
    "vg_unique_sat_hi": 0.0
  }
}