{
  "test_gap_mean": 0.019208505555555557,
  "test_gap_median": 0.020803299999999997,
  "test_gap_std": 0.01223625002740365,
  "test_satisfy_frac": 0.5194444444444445,
  "test_hinge_mean": 0.0052202605555555556,
  "val_reloads": 0.0,
  "val_nonfinite": 0.0
}