{
  "test_gap_mean": 0.024792233888888886,
  "test_gap_median": 0.026737999999999998,
  "test_gap_std": 0.014109221254453744,
  "test_satisfy_frac": 0.6694444444444444,
  "test_hinge_mean": 0.003599644722222222,
  "val_reloads": 0.0,
  "val_nonfinite": 0.0
}