{
  "test_gap_mean": 0.03043559111111111,
  "test_gap_median": 0.03221645000000001,
  "test_gap_std": 0.016762866466524515,
  "test_satisfy_frac": 0.7833333333333333,
  "test_hinge_mean": 0.0028902766666666665,
  "val_reloads": 0.0,
  "val_nonfinite": 0.0
}