{
  "test_gap_mean": 0.026933193055555558,
  "test_gap_median": 0.028394799999999984,
  "test_gap_std": 0.014978090165393124,
  "test_satisfy_frac": 0.7111111111111111,
  "test_hinge_mean": 0.0032317247222222226,
  "val_reloads": 0.0,
  "val_nonfinite": 0.0
}