{
  "test_gap_mean": 0.02417849138888889,
  "test_gap_median": 0.026438850000000028,
  "test_gap_std": 0.013971240436882325,
  "test_satisfy_frac": 0.6472222222222223,
  "test_hinge_mean": 0.003793979166666667,
  "val_reloads": 0.0,
  "val_nonfinite": 0.0
}