{
  "test_gap_mean": 0.025369578611111117,
  "test_gap_median": 0.027411100000000008,
  "test_gap_std": 0.014299637759783105,
  "test_satisfy_frac": 0.675,
  "test_hinge_mean": 0.0034836050000000007,
  "val_reloads": 0.0,
  "val_nonfinite": 0.0
}