{
  "test_gap_mean": 0.03155037583333334,
  "test_gap_median": 0.032394549999999994,
  "test_gap_std": 0.01729786072500808,
  "test_satisfy_frac": 0.7805555555555556,
  "test_hinge_mean": 0.00277496,
  "val_reloads": 0.0,
  "val_nonfinite": 0.0
}