{
  "test_gap_mean": 0.023780623055555554,
  "test_gap_median": 0.02582975,
  "test_gap_std": 0.013731819729886761,
  "test_satisfy_frac": 0.6333333333333333,
  "test_hinge_mean": 0.0038323650000000016,
  "val_reloads": 0.0,
  "val_nonfinite": 0.0
}