{
  "epoch": 94,
  "config": {
    "seed": 0,
    "gamma": 0.3,
    "margin": 0.02,
    "delta": 0.02,
    "input_vmin": 0.0,
    "input_vmax": 1.0,
    "rails": [
      0.0,
      0.45
    ],
    "solver": "klu",
    "body_tie": "ground",
    "body_res": 10.0,
    "rs_clamp": 10.0,
    "model_vto": 0.75,
    "vg_cutoff": 0.75,
    "vg_cutoff_epochs": 4,
    "vg_init": {
      "mode": "random",
      "lo": 1.5,
      "hi": 2.5,
      "fixed": 2.0
    },
    "epochs": 100,
    "device_include_path": "/home/ma-lab/Desktop/pyclln-final/device_model/nmos_lvl1_ald1106.lib",
    "device_subckt": "NMOSWRAP"
  },
  "train": {
    "acc": 0.9846903270702854,
    "hinge": 0.0012996133611691025,
    "n_free": 1437,
    "n_clamp": 207,
    "hinge_active": 207,
    "hinge_active_frac": 0.1440501043841336,
    "skipped": 1230,
    "reload_free": 0,
    "reload_clamp": 0,
    "nonfinite_free": 0,
    "nonfinite_clamp": 0
  },
  "val": {
    "acc": 0.9555555555555556,
    "hinge": 0.0026753044444444434,
    "test_gap_mean": 0.03339889944444444,
    "test_gap_median": 0.034510700000000005,
    "test_gap_std": 0.018241120439781402,
    "test_satisfy_frac": 0.8055555555555556,
    "test_hinge_mean": 0.0026753044444444447,
    "val_reloads": 0.0,
    "val_nonfinite": 0.0
  },
  "timing_s": {
    "epoch_total": 63.492072343826294,
    "train_free": 40.94162201881409,
    "train_clamp": 5.918362379074097,
    "train_update": 0.5197024345397949
  },
  "vg_stats": {
    "vg_unique_min": 0.7271083362820975,
    "vg_unique_max": 3.778650412604777,
    "vg_unique_sat_lo": 0.0,
    "vg_unique_sat_hi": 0.0
  }
}