{
  "epoch": 31,
  "config": {
    "seed": 0,
    "gamma": 0.3,
    "margin": 0.02,
    "delta": 0.02,
    "input_vmin": 0.0,
    "input_vmax": 1.0,
    "rails": [
      0.0,
      0.45
    ],
    "solver": "klu",
    "body_tie": "ground",
    "body_res": 10.0,
    "rs_clamp": 10.0,
    "model_vto": 0.75,
    "vg_cutoff": 0.75,
    "vg_cutoff_epochs": 4,
    "vg_init": {
      "mode": "random",
      "lo": 1.5,
      "hi": 2.5,
      "fixed": 2.0
    },
    "epochs": 100,
    "device_include_path": "/home/ma-lab/Desktop/pyclln-final/device_model/nmos_lvl1_ald1106.lib",
    "device_subckt": "NMOSWRAP"
  },
  "train": {
    "acc": 0.9756437021572721,
    "hinge": 0.0021499434237995823,
    "n_free": 1437,
    "n_clamp": 303,
    "hinge_active": 303,
    "hinge_active_frac": 0.21085594989561587,
    "skipped": 1134,
    "reload_free": 0,
    "reload_clamp": 0,
    "nonfinite_free": 0,
    "nonfinite_clamp": 0
  },
  "val": {
    "acc": 0.9555555555555556,
    "hinge": 0.0031749416666666686,
    "test_gap_mean": 0.02810864111111111,
    "test_gap_median": 0.029708949999999998,
    "test_gap_std": 0.01574091886310181,
    "test_satisfy_frac": 0.7444444444444445,
    "test_hinge_mean": 0.0031749416666666673,
    "val_reloads": 0.0,
    "val_nonfinite": 0.0
  },
  "timing_s": {
    "epoch_total": 64.42334032058716,
    "train_free": 39.72412419319153,
    "train_clamp": 8.436772346496582,
    "train_update": 0.7292664051055908
  },
  "vg_stats": {
    "vg_unique_min": 0.7146952307545072,
    "vg_unique_max": 3.4277800874575144,
    "vg_unique_sat_lo": 0.0,
    "vg_unique_sat_hi": 0.0
  }
}