{
  "epoch": 69,
  "config": {
    "seed": 0,
    "gamma": 0.3,
    "margin": 0.02,
    "delta": 0.02,
    "input_vmin": 0.0,
    "input_vmax": 1.0,
    "rails": [
      0.0,
      0.45
    ],
    "solver": "klu",
    "body_tie": "ground",
    "body_res": 10.0,
    "rs_clamp": 10.0,
    "model_vto": 0.75,
    "vg_cutoff": 0.75,
    "vg_cutoff_epochs": 4,
    "vg_init": {
      "mode": "random",
      "lo": 1.5,
      "hi": 2.5,
      "fixed": 2.0
    },
    "epochs": 100,
    "device_include_path": "/home/ma-lab/Desktop/pyclln-final/device_model/nmos_lvl1_ald1106.lib",
    "device_subckt": "NMOSWRAP"
  },
  "train": {
    "acc": 0.9819067501739736,
    "hinge": 0.001504273834377174,
    "n_free": 1437,
    "n_clamp": 233,
    "hinge_active": 233,
    "hinge_active_frac": 0.16214335421016005,
    "skipped": 1204,
    "reload_free": 0,
    "reload_clamp": 0,
    "nonfinite_free": 0,
    "nonfinite_clamp": 0
  },
  "val": {
    "acc": 0.9555555555555556,
    "hinge": 0.0027399574999999996,
    "test_gap_mean": 0.03169157388888889,
    "test_gap_median": 0.033079250000000004,
    "test_gap_std": 0.017248819975630422,
    "test_satisfy_frac": 0.7888888888888889,
    "test_hinge_mean": 0.0027399575,
    "val_reloads": 0.0,
    "val_nonfinite": 0.0
  },
  "timing_s": {
    "epoch_total": 62.947856426239014,
    "train_free": 39.5355544090271,
    "train_clamp": 6.383050441741943,
    "train_update": 0.5097794532775879
  },
  "vg_stats": {
    "vg_unique_min": 0.7391965129392544,
    "vg_unique_max": 3.6307534685709064,
    "vg_unique_sat_lo": 0.0,
    "vg_unique_sat_hi": 0.0
  }
}