{
  "epoch": 99,
  "config": {
    "seed": 0,
    "gamma": 0.3,
    "margin": 0.02,
    "delta": 0.02,
    "input_vmin": 0.0,
    "input_vmax": 1.0,
    "rails": [
      0.0,
      0.45
    ],
    "solver": "klu",
    "body_tie": "ground",
    "body_res": 10.0,
    "rs_clamp": 10.0,
    "model_vto": 0.75,
    "vg_cutoff": 0.75,
    "vg_cutoff_epochs": 4,
    "vg_init": {
      "mode": "random",
      "lo": 1.5,
      "hi": 2.5,
      "fixed": 2.0
    },
    "epochs": 100,
    "device_include_path": "/home/ma-lab/Desktop/pyclln-final/device_model/nmos_lvl1_ald1106.lib",
    "device_subckt": "NMOSWRAP"
  },
  "train": {
    "acc": 0.9832985386221295,
    "hinge": 0.0012587045929018787,
    "n_free": 1437,
    "n_clamp": 203,
    "hinge_active": 203,
    "hinge_active_frac": 0.14126652748782184,
    "skipped": 1234,
    "reload_free": 0,
    "reload_clamp": 0,
    "nonfinite_free": 0,
    "nonfinite_clamp": 0
  },
  "val": {
    "acc": 0.9611111111111111,
    "hinge": 0.0026988330555555557,
    "test_gap_mean": 0.03378944055555555,
    "test_gap_median": 0.03482465000000001,
    "test_gap_std": 0.018468309052636318,
    "test_satisfy_frac": 0.8111111111111111,
    "test_hinge_mean": 0.002698833055555556,
    "val_reloads": 0.0,
    "val_nonfinite": 0.0
  },
  "timing_s": {
    "epoch_total": 56.501152753829956,
    "train_free": 36.48853516578674,
    "train_clamp": 5.156261920928955,
    "train_update": 0.4556581974029541
  },
  "vg_stats": {
    "vg_unique_min": 0.7414411744316458,
    "vg_unique_max": 3.8273031730972327,
    "vg_unique_sat_lo": 0.0,
    "vg_unique_sat_hi": 0.0
  }
}