{
  "epoch": 80,
  "config": {
    "seed": 0,
    "gamma": 0.3,
    "margin": 0.02,
    "delta": 0.02,
    "input_vmin": 0.0,
    "input_vmax": 1.0,
    "rails": [
      0.0,
      0.45
    ],
    "solver": "klu",
    "body_tie": "ground",
    "body_res": 10.0,
    "rs_clamp": 10.0,
    "model_vto": 0.75,
    "vg_cutoff": 0.75,
    "vg_cutoff_epochs": 4,
    "vg_init": {
      "mode": "random",
      "lo": 1.5,
      "hi": 2.5,
      "fixed": 2.0
    },
    "epochs": 100,
    "device_include_path": "/home/ma-lab/Desktop/pyclln-final/device_model/nmos_lvl1_ald1106.lib",
    "device_subckt": "NMOSWRAP"
  },
  "train": {
    "acc": 0.9839944328462074,
    "hinge": 0.0014142659011830202,
    "n_free": 1437,
    "n_clamp": 207,
    "hinge_active": 207,
    "hinge_active_frac": 0.1440501043841336,
    "skipped": 1230,
    "reload_free": 0,
    "reload_clamp": 0,
    "nonfinite_free": 0,
    "nonfinite_clamp": 0
  },
  "val": {
    "acc": 0.9555555555555556,
    "hinge": 0.002695951944444444,
    "test_gap_mean": 0.03229508388888888,
    "test_gap_median": 0.03367000000000002,
    "test_gap_std": 0.017587822248348945,
    "test_satisfy_frac": 0.7944444444444444,
    "test_hinge_mean": 0.0026959519444444448,
    "val_reloads": 0.0,
    "val_nonfinite": 0.0
  },
  "timing_s": {
    "epoch_total": 66.33909559249878,
    "train_free": 41.80863094329834,
    "train_clamp": 6.064254522323608,
    "train_update": 0.5434741973876953
  },
  "vg_stats": {
    "vg_unique_min": 0.8139261143142854,
    "vg_unique_max": 3.648924328319939,
    "vg_unique_sat_lo": 0.0,
    "vg_unique_sat_hi": 0.0
  }
}