{
  "epoch": 43,
  "config": {
    "seed": 0,
    "gamma": 0.3,
    "margin": 0.02,
    "delta": 0.02,
    "input_vmin": 0.0,
    "input_vmax": 1.0,
    "rails": [
      0.0,
      0.45
    ],
    "solver": "klu",
    "body_tie": "ground",
    "body_res": 10.0,
    "rs_clamp": 10.0,
    "model_vto": 0.75,
    "vg_cutoff": 0.75,
    "vg_cutoff_epochs": 4,
    "vg_init": {
      "mode": "random",
      "lo": 1.5,
      "hi": 2.5,
      "fixed": 2.0
    },
    "epochs": 100,
    "device_include_path": "/home/ma-lab/Desktop/pyclln-final/device_model/nmos_lvl1_ald1106.lib",
    "device_subckt": "NMOSWRAP"
  },
  "train": {
    "acc": 0.9798190675017397,
    "hinge": 0.001862264718162837,
    "n_free": 1437,
    "n_clamp": 263,
    "hinge_active": 263,
    "hinge_active_frac": 0.18302018093249825,
    "skipped": 1174,
    "reload_free": 0,
    "reload_clamp": 0,
    "nonfinite_free": 0,
    "nonfinite_clamp": 0
  },
  "val": {
    "acc": 0.9555555555555556,
    "hinge": 0.0029595655555555546,
    "test_gap_mean": 0.02948169527777778,
    "test_gap_median": 0.031129199999999996,
    "test_gap_std": 0.016258223595954788,
    "test_satisfy_frac": 0.7722222222222223,
    "test_hinge_mean": 0.0029595655555555555,
    "val_reloads": 0.0,
    "val_nonfinite": 0.0
  },
  "timing_s": {
    "epoch_total": 60.54601263999939,
    "train_free": 36.45456337928772,
    "train_clamp": 6.669163465499878,
    "train_update": 0.7676012516021729
  },
  "vg_stats": {
    "vg_unique_min": 0.8298275441363543,
    "vg_unique_max": 3.5655332807081415,
    "vg_unique_sat_lo": 0.0,
    "vg_unique_sat_hi": 0.0
  }
}