{
  "epoch": 67,
  "config": {
    "seed": 0,
    "gamma": 0.3,
    "margin": 0.02,
    "delta": 0.02,
    "input_vmin": 0.0,
    "input_vmax": 1.0,
    "rails": [
      0.0,
      0.45
    ],
    "solver": "klu",
    "body_tie": "ground",
    "body_res": 10.0,
    "rs_clamp": 10.0,
    "model_vto": 0.75,
    "vg_cutoff": 0.75,
    "vg_cutoff_epochs": 4,
    "vg_init": {
      "mode": "random",
      "lo": 1.5,
      "hi": 2.5,
      "fixed": 2.0
    },
    "epochs": 100,
    "device_include_path": "/home/ma-lab/Desktop/pyclln-final/device_model/nmos_lvl1_ald1106.lib",
    "device_subckt": "NMOSWRAP"
  },
  "train": {
    "acc": 0.9826026443980515,
    "hinge": 0.0015258851078636033,
    "n_free": 1437,
    "n_clamp": 224,
    "hinge_active": 224,
    "hinge_active_frac": 0.1558803061934586,
    "skipped": 1213,
    "reload_free": 0,
    "reload_clamp": 0,
    "nonfinite_free": 0,
    "nonfinite_clamp": 0
  },
  "val": {
    "acc": 0.9555555555555556,
    "hinge": 0.002774960000000001,
    "test_gap_mean": 0.03155037583333334,
    "test_gap_median": 0.032394549999999994,
    "test_gap_std": 0.01729786072500808,
    "test_satisfy_frac": 0.7805555555555556,
    "test_hinge_mean": 0.00277496,
    "val_reloads": 0.0,
    "val_nonfinite": 0.0
  },
  "timing_s": {
    "epoch_total": 67.25218677520752,
    "train_free": 42.26602101325989,
    "train_clamp": 6.641028165817261,
    "train_update": 0.6555402278900146
  },
  "vg_stats": {
    "vg_unique_min": 0.752751465941712,
    "vg_unique_max": 3.6236539871114637,
    "vg_unique_sat_lo": 0.0,
    "vg_unique_sat_hi": 0.0
  }
}