{
  "test_gap_mean": 0.021693366666666665,
  "test_gap_median": 0.023084699999999986,
  "test_gap_std": 0.011422695206040959,
  "test_satisfy_frac": 0.6055555555555555,
  "test_hinge_mean": 0.0038780930555555562,
  "val_reloads": 0.0,
  "val_nonfinite": 0.0
}