{
  "test_gap_mean": 0.005247471666666667,
  "test_gap_median": 0.005928449999999974,
  "test_gap_std": 0.009396782375099201,
  "test_satisfy_frac": 0.03611111111111111,
  "test_hinge_mean": 0.014825518333333332,
  "val_reloads": 0.0,
  "val_nonfinite": 0.0
}