{
  "test_gap_mean": 0.020172488055555556,
  "test_gap_median": 0.02207125,
  "test_gap_std": 0.010938515946245815,
  "test_satisfy_frac": 0.5805555555555556,
  "test_hinge_mean": 0.004341828611111112,
  "val_reloads": 0.0,
  "val_nonfinite": 0.0
}