{
  "test_gap_mean": 0.007912565555555556,
  "test_gap_median": 0.008855200000000008,
  "test_gap_std": 0.009481535086271763,
  "test_satisfy_frac": 0.08888888888888889,
  "test_hinge_mean": 0.01230964861111111,
  "val_reloads": 0.0,
  "val_nonfinite": 0.0
}