{
  "test_gap_mean": 0.004437765,
  "test_gap_median": 0.0048533499999999785,
  "test_gap_std": 0.00939957159065109,
  "test_satisfy_frac": 0.022222222222222223,
  "test_hinge_mean": 0.015621041111111112,
  "val_reloads": 0.0,
  "val_nonfinite": 0.0
}