{
  "test_gap_mean": 0.013360927777777778,
  "test_gap_median": 0.015017050000000004,
  "test_gap_std": 0.009723417672363375,
  "test_satisfy_frac": 0.275,
  "test_hinge_mean": 0.007777519722222223,
  "val_reloads": 0.0,
  "val_nonfinite": 0.0
}