{
  "epoch": 35,
  "config": {
    "seed": 1,
    "gamma": 0.03,
    "margin": 0.02,
    "delta": 0.02,
    "input_vmin": 0.0,
    "input_vmax": 1.0,
    "rails": [
      0.0,
      0.45
    ],
    "solver": "klu",
    "body_tie": "floating",
    "body_res": 10.0,
    "rs_clamp": 10.0,
    "model_vto": 0.75,
    "vg_cutoff": 0.75,
    "vg_cutoff_epochs": 4,
    "vg_init": {
      "mode": "random",
      "lo": 1.5,
      "hi": 2.5,
      "fixed": 2.0
    },
    "epochs": 100,
    "device_include_path": "/home/ma-lab/Desktop/pyclln-final/device_model/nmos_lvl1_ald1106.lib",
    "device_subckt": "NMOSWRAP"
  },
  "train": {
    "acc": 0.8963117606123869,
    "hinge": 0.007351491301322191,
    "n_free": 1437,
    "n_clamp": 930,
    "hinge_active": 930,
    "hinge_active_frac": 0.6471816283924844,
    "skipped": 507,
    "reload_free": 0,
    "reload_clamp": 0,
    "nonfinite_free": 0,
    "nonfinite_clamp": 0
  },
  "val": {
    "acc": 0.9027777777777778,
    "hinge": 0.006888129999999995,
    "test_gap_mean": 0.014663062499999999,
    "test_gap_median": 0.016581450000000025,
    "test_gap_std": 0.009847260412084129,
    "test_satisfy_frac": 0.3388888888888889,
    "test_hinge_mean": 0.006888130000000001,
    "val_reloads": 0.0,
    "val_nonfinite": 0.0
  },
  "timing_s": {
    "epoch_total": 141.38266921043396,
    "train_free": 69.95152425765991,
    "train_clamp": 45.19832515716553,
    "train_update": 1.9415669441223145
  },
  "vg_stats": {
    "vg_unique_min": 1.0763274429279264,
    "vg_unique_max": 2.762685867482484,
    "vg_unique_sat_lo": 0.0,
    "vg_unique_sat_hi": 0.0
  }
}