{
  "epoch": 3,
  "config": {
    "seed": 1,
    "gamma": 0.03,
    "margin": 0.02,
    "delta": 0.02,
    "input_vmin": 0.0,
    "input_vmax": 1.0,
    "rails": [
      0.0,
      0.45
    ],
    "solver": "klu",
    "body_tie": "floating",
    "body_res": 10.0,
    "rs_clamp": 10.0,
    "model_vto": 0.75,
    "vg_cutoff": 0.75,
    "vg_cutoff_epochs": 4,
    "vg_init": {
      "mode": "random",
      "lo": 1.5,
      "hi": 2.5,
      "fixed": 2.0
    },
    "epochs": 100,
    "device_include_path": "/home/ma-lab/Desktop/pyclln-final/device_model/nmos_lvl1_ald1106.lib",
    "device_subckt": "NMOSWRAP"
  },
  "train": {
    "acc": 0.24565066109951286,
    "hinge": 0.02677183917884482,
    "n_free": 1437,
    "n_clamp": 1433,
    "hinge_active": 1433,
    "hinge_active_frac": 0.9972164231036882,
    "skipped": 4,
    "reload_free": 0,
    "reload_clamp": 0,
    "nonfinite_free": 0,
    "nonfinite_clamp": 0
  },
  "val": {
    "acc": 0.30277777777777776,
    "hinge": 0.025704883333333317,
    "test_gap_mean": -0.005701549722222222,
    "test_gap_median": -0.004112149999999995,
    "test_gap_std": 0.01020734233459207,
    "test_satisfy_frac": 0.002777777777777778,
    "test_hinge_mean": 0.025704883333333338,
    "val_reloads": 0.0,
    "val_nonfinite": 0.0
  },
  "timing_s": {
    "epoch_total": 172.68741869926453,
    "train_free": 71.19368982315063,
    "train_clamp": 72.18602395057678,
    "train_update": 3.464991569519043
  },
  "vg_stats": {
    "vg_unique_min": 1.4217332068912947,
    "vg_unique_max": 2.5243188047850444,
    "vg_unique_sat_lo": 0.0,
    "vg_unique_sat_hi": 0.0
  }
}