{
  "epoch": 93,
  "config": {
    "seed": 1,
    "gamma": 0.03,
    "margin": 0.02,
    "delta": 0.02,
    "input_vmin": 0.0,
    "input_vmax": 1.0,
    "rails": [
      0.0,
      0.45
    ],
    "solver": "klu",
    "body_tie": "floating",
    "body_res": 10.0,
    "rs_clamp": 10.0,
    "model_vto": 0.75,
    "vg_cutoff": 0.75,
    "vg_cutoff_epochs": 4,
    "vg_init": {
      "mode": "random",
      "lo": 1.5,
      "hi": 2.5,
      "fixed": 2.0
    },
    "epochs": 100,
    "device_include_path": "/home/ma-lab/Desktop/pyclln-final/device_model/nmos_lvl1_ald1106.lib",
    "device_subckt": "NMOSWRAP"
  },
  "train": {
    "acc": 0.9505915100904663,
    "hinge": 0.003902476478775222,
    "n_free": 1437,
    "n_clamp": 548,
    "hinge_active": 548,
    "hinge_active_frac": 0.3813500347947112,
    "skipped": 889,
    "reload_free": 0,
    "reload_clamp": 0,
    "nonfinite_free": 0,
    "nonfinite_clamp": 0
  },
  "val": {
    "acc": 0.9583333333333334,
    "hinge": 0.0038951344444444437,
    "test_gap_mean": 0.02162432638888889,
    "test_gap_median": 0.02307645,
    "test_gap_std": 0.011391209755196637,
    "test_satisfy_frac": 0.6055555555555555,
    "test_hinge_mean": 0.0038951344444444454,
    "val_reloads": 0.0,
    "val_nonfinite": 0.0
  },
  "timing_s": {
    "epoch_total": 161.40515685081482,
    "train_free": 94.81248736381531,
    "train_clamp": 36.61121153831482,
    "train_update": 1.276625633239746
  },
  "vg_stats": {
    "vg_unique_min": 0.8493504390350864,
    "vg_unique_max": 3.0115631018374636,
    "vg_unique_sat_lo": 0.0,
    "vg_unique_sat_hi": 0.0
  }
}