{
  "epoch": 34,
  "config": {
    "seed": 1,
    "gamma": 0.03,
    "margin": 0.02,
    "delta": 0.02,
    "input_vmin": 0.0,
    "input_vmax": 1.0,
    "rails": [
      0.0,
      0.45
    ],
    "solver": "klu",
    "body_tie": "floating",
    "body_res": 10.0,
    "rs_clamp": 10.0,
    "model_vto": 0.75,
    "vg_cutoff": 0.75,
    "vg_cutoff_epochs": 4,
    "vg_init": {
      "mode": "random",
      "lo": 1.5,
      "hi": 2.5,
      "fixed": 2.0
    },
    "epochs": 100,
    "device_include_path": "/home/ma-lab/Desktop/pyclln-final/device_model/nmos_lvl1_ald1106.lib",
    "device_subckt": "NMOSWRAP"
  },
  "train": {
    "acc": 0.8942240779401531,
    "hinge": 0.0075120855254001435,
    "n_free": 1437,
    "n_clamp": 944,
    "hinge_active": 944,
    "hinge_active_frac": 0.6569241475295755,
    "skipped": 493,
    "reload_free": 0,
    "reload_clamp": 0,
    "nonfinite_free": 0,
    "nonfinite_clamp": 0
  },
  "val": {
    "acc": 0.9,
    "hinge": 0.007034330277777775,
    "test_gap_mean": 0.014438959444444446,
    "test_gap_median": 0.016396350000000004,
    "test_gap_std": 0.00983276633293103,
    "test_satisfy_frac": 0.325,
    "test_hinge_mean": 0.007034330277777779,
    "val_reloads": 0.0,
    "val_nonfinite": 0.0
  },
  "timing_s": {
    "epoch_total": 155.0105516910553,
    "train_free": 76.76007580757141,
    "train_clamp": 50.43264126777649,
    "train_update": 2.0702767372131348
  },
  "vg_stats": {
    "vg_unique_min": 1.0842619609742605,
    "vg_unique_max": 2.758075738862073,
    "vg_unique_sat_lo": 0.0,
    "vg_unique_sat_hi": 0.0
  }
}