{
  "epoch": 25,
  "config": {
    "seed": 1,
    "gamma": 0.03,
    "margin": 0.02,
    "delta": 0.02,
    "input_vmin": 0.0,
    "input_vmax": 1.0,
    "rails": [
      0.0,
      0.45
    ],
    "solver": "klu",
    "body_tie": "floating",
    "body_res": 10.0,
    "rs_clamp": 10.0,
    "model_vto": 0.75,
    "vg_cutoff": 0.75,
    "vg_cutoff_epochs": 4,
    "vg_init": {
      "mode": "random",
      "lo": 1.5,
      "hi": 2.5,
      "fixed": 2.0
    },
    "epochs": 100,
    "device_include_path": "/home/ma-lab/Desktop/pyclln-final/device_model/nmos_lvl1_ald1106.lib",
    "device_subckt": "NMOSWRAP"
  },
  "train": {
    "acc": 0.860125260960334,
    "hinge": 0.009385113500347944,
    "n_free": 1437,
    "n_clamp": 1062,
    "hinge_active": 1062,
    "hinge_active_frac": 0.7390396659707724,
    "skipped": 375,
    "reload_free": 0,
    "reload_clamp": 0,
    "nonfinite_free": 0,
    "nonfinite_clamp": 0
  },
  "val": {
    "acc": 0.8638888888888889,
    "hinge": 0.008947444166666664,
    "test_gap_mean": 0.011796854166666667,
    "test_gap_median": 0.013501899999999997,
    "test_gap_std": 0.009606092395152406,
    "test_satisfy_frac": 0.21666666666666667,
    "test_hinge_mean": 0.008947444166666667,
    "val_reloads": 0.0,
    "val_nonfinite": 0.0
  },
  "timing_s": {
    "epoch_total": 187.28265166282654,
    "train_free": 90.45362377166748,
    "train_clamp": 66.34323382377625,
    "train_update": 3.002023220062256
  },
  "vg_stats": {
    "vg_unique_min": 1.1718198200372185,
    "vg_unique_max": 2.7133589444463824,
    "vg_unique_sat_lo": 0.0,
    "vg_unique_sat_hi": 0.0
  }
}