{
  "epoch": 42,
  "config": {
    "seed": 1,
    "gamma": 0.03,
    "margin": 0.02,
    "delta": 0.02,
    "input_vmin": 0.0,
    "input_vmax": 1.0,
    "rails": [
      0.0,
      0.45
    ],
    "solver": "klu",
    "body_tie": "floating",
    "body_res": 10.0,
    "rs_clamp": 10.0,
    "model_vto": 0.75,
    "vg_cutoff": 0.75,
    "vg_cutoff_epochs": 4,
    "vg_init": {
      "mode": "random",
      "lo": 1.5,
      "hi": 2.5,
      "fixed": 2.0
    },
    "epochs": 100,
    "device_include_path": "/home/ma-lab/Desktop/pyclln-final/device_model/nmos_lvl1_ald1106.lib",
    "device_subckt": "NMOSWRAP"
  },
  "train": {
    "acc": 0.9116214335421016,
    "hinge": 0.006423823173277662,
    "n_free": 1437,
    "n_clamp": 844,
    "hinge_active": 844,
    "hinge_active_frac": 0.5873347251217815,
    "skipped": 593,
    "reload_free": 0,
    "reload_clamp": 0,
    "nonfinite_free": 0,
    "nonfinite_clamp": 0
  },
  "val": {
    "acc": 0.9194444444444444,
    "hinge": 0.006024982222222218,
    "test_gap_mean": 0.016119421944444445,
    "test_gap_median": 0.018369600000000014,
    "test_gap_std": 0.01002727050749558,
    "test_satisfy_frac": 0.41944444444444445,
    "test_hinge_mean": 0.006024982222222224,
    "val_reloads": 0.0,
    "val_nonfinite": 0.0
  },
  "timing_s": {
    "epoch_total": 169.16155529022217,
    "train_free": 88.05515241622925,
    "train_clamp": 51.25520086288452,
    "train_update": 2.0167675018310547
  },
  "vg_stats": {
    "vg_unique_min": 1.0302793660312457,
    "vg_unique_max": 2.79005270439725,
    "vg_unique_sat_lo": 0.0,
    "vg_unique_sat_hi": 0.0
  }
}