{
  "epoch": 36,
  "config": {
    "seed": 1,
    "gamma": 0.03,
    "margin": 0.02,
    "delta": 0.02,
    "input_vmin": 0.0,
    "input_vmax": 1.0,
    "rails": [
      0.0,
      0.45
    ],
    "solver": "klu",
    "body_tie": "floating",
    "body_res": 10.0,
    "rs_clamp": 10.0,
    "model_vto": 0.75,
    "vg_cutoff": 0.75,
    "vg_cutoff_epochs": 4,
    "vg_init": {
      "mode": "random",
      "lo": 1.5,
      "hi": 2.5,
      "fixed": 2.0
    },
    "epochs": 100,
    "device_include_path": "/home/ma-lab/Desktop/pyclln-final/device_model/nmos_lvl1_ald1106.lib",
    "device_subckt": "NMOSWRAP"
  },
  "train": {
    "acc": 0.9004871259568545,
    "hinge": 0.007200471677105079,
    "n_free": 1437,
    "n_clamp": 912,
    "hinge_active": 912,
    "hinge_active_frac": 0.6346555323590815,
    "skipped": 525,
    "reload_free": 0,
    "reload_clamp": 0,
    "nonfinite_free": 0,
    "nonfinite_clamp": 0
  },
  "val": {
    "acc": 0.9027777777777778,
    "hinge": 0.006740398333333324,
    "test_gap_mean": 0.014882188611111112,
    "test_gap_median": 0.016963599999999995,
    "test_gap_std": 0.009853848940893788,
    "test_satisfy_frac": 0.3527777777777778,
    "test_hinge_mean": 0.006740398333333336,
    "val_reloads": 0.0,
    "val_nonfinite": 0.0
  },
  "timing_s": {
    "epoch_total": 173.77327418327332,
    "train_free": 88.27893567085266,
    "train_clamp": 56.00033903121948,
    "train_update": 2.44917893409729
  },
  "vg_stats": {
    "vg_unique_min": 1.0692706460433317,
    "vg_unique_max": 2.7666405187715806,
    "vg_unique_sat_lo": 0.0,
    "vg_unique_sat_hi": 0.0
  }
}