{
  "test_gap_mean": 0.03969384138888889,
  "test_gap_median": 0.04010785000000003,
  "test_gap_std": 0.02203676884358234,
  "test_satisfy_frac": 0.8388888888888889,
  "test_hinge_mean": 0.002490836111111112,
  "val_reloads": 0.0,
  "val_nonfinite": 0.0
}