{
  "test_gap_mean": 0.011028730277777777,
  "test_gap_median": 0.01161319999999999,
  "test_gap_std": 0.015937234856002746,
  "test_satisfy_frac": 0.3111111111111111,
  "test_hinge_mean": 0.011646006666666668,
  "val_reloads": 0.0,
  "val_nonfinite": 0.0
}