{
  "test_gap_mean": 0.03634395944444444,
  "test_gap_median": 0.03718055000000001,
  "test_gap_std": 0.01991898168191084,
  "test_satisfy_frac": 0.8111111111111111,
  "test_hinge_mean": 0.002481935833333333,
  "val_reloads": 0.0,
  "val_nonfinite": 0.0
}