{
  "test_gap_mean": 0.03994852305555555,
  "test_gap_median": 0.04071140000000001,
  "test_gap_std": 0.022178091698821376,
  "test_satisfy_frac": 0.8333333333333334,
  "test_hinge_mean": 0.002484499166666667,
  "val_reloads": 0.0,
  "val_nonfinite": 0.0
}