{
  "test_gap_mean": 0.035525800555555556,
  "test_gap_median": 0.036473900000000004,
  "test_gap_std": 0.019432884747202492,
  "test_satisfy_frac": 0.8166666666666667,
  "test_hinge_mean": 0.0026026622222222228,
  "val_reloads": 0.0,
  "val_nonfinite": 0.0
}