{
  "epoch": 12,
  "config": {
    "seed": 0,
    "gamma": 3.0,
    "margin": 0.02,
    "delta": 0.02,
    "input_vmin": 0.0,
    "input_vmax": 1.0,
    "rails": [
      0.0,
      0.45
    ],
    "solver": "klu",
    "body_tie": "floating",
    "body_res": 10.0,
    "rs_clamp": 10.0,
    "model_vto": 0.75,
    "vg_cutoff": 0.75,
    "vg_cutoff_epochs": 4,
    "vg_init": {
      "mode": "random",
      "lo": 1.0,
      "hi": 6.0,
      "fixed": 2.0
    },
    "epochs": 100,
    "device_include_path": "/home/ma-lab/Desktop/pyclln-final/device_model/nmos_lvl1_ald1106.lib",
    "device_subckt": "NMOSWRAP"
  },
  "train": {
    "acc": 0.965205288796103,
    "hinge": 0.0023418544885177436,
    "n_free": 1437,
    "n_clamp": 294,
    "hinge_active": 294,
    "hinge_active_frac": 0.2045929018789144,
    "skipped": 1143,
    "reload_free": 0,
    "reload_clamp": 0,
    "nonfinite_free": 0,
    "nonfinite_clamp": 0
  },
  "val": {
    "acc": 0.95,
    "hinge": 0.0030550072222222204,
    "test_gap_mean": 0.031077353333333335,
    "test_gap_median": 0.0325512,
    "test_gap_std": 0.017728013910191215,
    "test_satisfy_frac": 0.7722222222222223,
    "test_hinge_mean": 0.0030550072222222213,
    "val_reloads": 0.0,
    "val_nonfinite": 0.0
  },
  "timing_s": {
    "epoch_total": 216.63527512550354,
    "train_free": 143.2137222290039,
    "train_clamp": 29.4762601852417,
    "train_update": 0.9328961372375488
  },
  "vg_stats": {
    "vg_unique_min": 0.4239820715147501,
    "vg_unique_max": 7.989195036087651,
    "vg_unique_sat_lo": 0.0,
    "vg_unique_sat_hi": 0.0
  }
}