{
  "epoch": 34,
  "config": {
    "seed": 0,
    "gamma": 3.0,
    "margin": 0.02,
    "delta": 0.02,
    "input_vmin": 0.0,
    "input_vmax": 1.0,
    "rails": [
      0.0,
      0.45
    ],
    "solver": "klu",
    "body_tie": "floating",
    "body_res": 10.0,
    "rs_clamp": 10.0,
    "model_vto": 0.75,
    "vg_cutoff": 0.75,
    "vg_cutoff_epochs": 4,
    "vg_init": {
      "mode": "random",
      "lo": 1.0,
      "hi": 6.0,
      "fixed": 2.0
    },
    "epochs": 100,
    "device_include_path": "/home/ma-lab/Desktop/pyclln-final/device_model/nmos_lvl1_ald1106.lib",
    "device_subckt": "NMOSWRAP"
  },
  "train": {
    "acc": 0.9819067501739736,
    "hinge": 0.0014260070981210837,
    "n_free": 1437,
    "n_clamp": 200,
    "hinge_active": 200,
    "hinge_active_frac": 0.13917884481558804,
    "skipped": 1237,
    "reload_free": 0,
    "reload_clamp": 0,
    "nonfinite_free": 0,
    "nonfinite_clamp": 0
  },
  "val": {
    "acc": 0.9555555555555556,
    "hinge": 0.002600175833333334,
    "test_gap_mean": 0.03488939361111111,
    "test_gap_median": 0.03556159999999997,
    "test_gap_std": 0.019084030343126578,
    "test_satisfy_frac": 0.8055555555555556,
    "test_hinge_mean": 0.002600175833333334,
    "val_reloads": 0.0,
    "val_nonfinite": 0.0
  },
  "timing_s": {
    "epoch_total": 160.98102188110352,
    "train_free": 113.04235553741455,
    "train_clamp": 15.951099157333374,
    "train_update": 0.4514491558074951
  },
  "vg_stats": {
    "vg_unique_min": 0.7243570857954809,
    "vg_unique_max": 8.0,
    "vg_unique_sat_lo": 0.0,
    "vg_unique_sat_hi": 1.0
  }
}