{
  "epoch": 59,
  "config": {
    "seed": 0,
    "gamma": 3.0,
    "margin": 0.02,
    "delta": 0.02,
    "input_vmin": 0.0,
    "input_vmax": 1.0,
    "rails": [
      0.0,
      0.45
    ],
    "solver": "klu",
    "body_tie": "floating",
    "body_res": 10.0,
    "rs_clamp": 10.0,
    "model_vto": 0.75,
    "vg_cutoff": 0.75,
    "vg_cutoff_epochs": 4,
    "vg_init": {
      "mode": "random",
      "lo": 1.0,
      "hi": 6.0,
      "fixed": 2.0
    },
    "epochs": 100,
    "device_include_path": "/home/ma-lab/Desktop/pyclln-final/device_model/nmos_lvl1_ald1106.lib",
    "device_subckt": "NMOSWRAP"
  },
  "train": {
    "acc": 0.9867780097425192,
    "hinge": 0.0010679272094641608,
    "n_free": 1437,
    "n_clamp": 171,
    "hinge_active": 171,
    "hinge_active_frac": 0.11899791231732777,
    "skipped": 1266,
    "reload_free": 0,
    "reload_clamp": 0,
    "nonfinite_free": 0,
    "nonfinite_clamp": 0
  },
  "val": {
    "acc": 0.9555555555555556,
    "hinge": 0.0025718624999999996,
    "test_gap_mean": 0.03761023888888889,
    "test_gap_median": 0.03842119999999999,
    "test_gap_std": 0.020820362814130862,
    "test_satisfy_frac": 0.8361111111111111,
    "test_hinge_mean": 0.0025718625,
    "val_reloads": 0.0,
    "val_nonfinite": 0.0
  },
  "timing_s": {
    "epoch_total": 162.62018036842346,
    "train_free": 113.1079957485199,
    "train_clamp": 13.477097749710083,
    "train_update": 0.4568324089050293
  },
  "vg_stats": {
    "vg_unique_min": 0.7252052237369201,
    "vg_unique_max": 8.0,
    "vg_unique_sat_lo": 0.0,
    "vg_unique_sat_hi": 1.0
  }
}