{
  "epoch": 61,
  "config": {
    "seed": 0,
    "gamma": 3.0,
    "margin": 0.02,
    "delta": 0.02,
    "input_vmin": 0.0,
    "input_vmax": 1.0,
    "rails": [
      0.0,
      0.45
    ],
    "solver": "klu",
    "body_tie": "floating",
    "body_res": 10.0,
    "rs_clamp": 10.0,
    "model_vto": 0.75,
    "vg_cutoff": 0.75,
    "vg_cutoff_epochs": 4,
    "vg_init": {
      "mode": "random",
      "lo": 1.0,
      "hi": 6.0,
      "fixed": 2.0
    },
    "epochs": 100,
    "device_include_path": "/home/ma-lab/Desktop/pyclln-final/device_model/nmos_lvl1_ald1106.lib",
    "device_subckt": "NMOSWRAP"
  },
  "train": {
    "acc": 0.9839944328462074,
    "hinge": 0.0010328512178148922,
    "n_free": 1437,
    "n_clamp": 158,
    "hinge_active": 158,
    "hinge_active_frac": 0.10995128740431455,
    "skipped": 1279,
    "reload_free": 0,
    "reload_clamp": 0,
    "nonfinite_free": 0,
    "nonfinite_clamp": 0
  },
  "val": {
    "acc": 0.9527777777777777,
    "hinge": 0.0025658977777777785,
    "test_gap_mean": 0.03756030888888889,
    "test_gap_median": 0.03838470000000002,
    "test_gap_std": 0.020694325224672877,
    "test_satisfy_frac": 0.8333333333333334,
    "test_hinge_mean": 0.0025658977777777777,
    "val_reloads": 0.0,
    "val_nonfinite": 0.0
  },
  "timing_s": {
    "epoch_total": 127.75548028945923,
    "train_free": 90.45126390457153,
    "train_clamp": 9.982595920562744,
    "train_update": 0.34025144577026367
  },
  "vg_stats": {
    "vg_unique_min": 0.7012941660650166,
    "vg_unique_max": 8.0,
    "vg_unique_sat_lo": 0.0,
    "vg_unique_sat_hi": 1.0
  }
}