{
  "epoch": 69,
  "config": {
    "seed": 0,
    "gamma": 3.0,
    "margin": 0.02,
    "delta": 0.02,
    "input_vmin": 0.0,
    "input_vmax": 1.0,
    "rails": [
      0.0,
      0.45
    ],
    "solver": "klu",
    "body_tie": "floating",
    "body_res": 10.0,
    "rs_clamp": 10.0,
    "model_vto": 0.75,
    "vg_cutoff": 0.75,
    "vg_cutoff_epochs": 4,
    "vg_init": {
      "mode": "random",
      "lo": 1.0,
      "hi": 6.0,
      "fixed": 2.0
    },
    "epochs": 100,
    "device_include_path": "/home/ma-lab/Desktop/pyclln-final/device_model/nmos_lvl1_ald1106.lib",
    "device_subckt": "NMOSWRAP"
  },
  "train": {
    "acc": 0.988169798190675,
    "hinge": 0.0009834052887961028,
    "n_free": 1437,
    "n_clamp": 163,
    "hinge_active": 163,
    "hinge_active_frac": 0.11343075852470424,
    "skipped": 1274,
    "reload_free": 0,
    "reload_clamp": 0,
    "nonfinite_free": 0,
    "nonfinite_clamp": 0
  },
  "val": {
    "acc": 0.9555555555555556,
    "hinge": 0.002551063055555557,
    "test_gap_mean": 0.038057529444444446,
    "test_gap_median": 0.039032750000000005,
    "test_gap_std": 0.021146433700294866,
    "test_satisfy_frac": 0.8305555555555556,
    "test_hinge_mean": 0.0025510630555555564,
    "val_reloads": 0.0,
    "val_nonfinite": 0.0
  },
  "timing_s": {
    "epoch_total": 127.11234474182129,
    "train_free": 89.4397759437561,
    "train_clamp": 10.11617136001587,
    "train_update": 0.3139638900756836
  },
  "vg_stats": {
    "vg_unique_min": 0.5845148418927241,
    "vg_unique_max": 7.990388224262,
    "vg_unique_sat_lo": 0.0,
    "vg_unique_sat_hi": 0.0
  }
}