{
  "epoch": 49,
  "config": {
    "seed": 0,
    "gamma": 3.0,
    "margin": 0.02,
    "delta": 0.02,
    "input_vmin": 0.0,
    "input_vmax": 1.0,
    "rails": [
      0.0,
      0.45
    ],
    "solver": "klu",
    "body_tie": "floating",
    "body_res": 10.0,
    "rs_clamp": 10.0,
    "model_vto": 0.75,
    "vg_cutoff": 0.75,
    "vg_cutoff_epochs": 4,
    "vg_init": {
      "mode": "random",
      "lo": 1.0,
      "hi": 6.0,
      "fixed": 2.0
    },
    "epochs": 100,
    "device_include_path": "/home/ma-lab/Desktop/pyclln-final/device_model/nmos_lvl1_ald1106.lib",
    "device_subckt": "NMOSWRAP"
  },
  "train": {
    "acc": 0.9874739039665971,
    "hinge": 0.0011677739039665975,
    "n_free": 1437,
    "n_clamp": 182,
    "hinge_active": 182,
    "hinge_active_frac": 0.1266527487821851,
    "skipped": 1255,
    "reload_free": 0,
    "reload_clamp": 0,
    "nonfinite_free": 0,
    "nonfinite_clamp": 0
  },
  "val": {
    "acc": 0.9555555555555556,
    "hinge": 0.002550578888888889,
    "test_gap_mean": 0.03647717138888889,
    "test_gap_median": 0.037089049999999985,
    "test_gap_std": 0.02008703300990435,
    "test_satisfy_frac": 0.825,
    "test_hinge_mean": 0.0025505788888888882,
    "val_reloads": 0.0,
    "val_nonfinite": 0.0
  },
  "timing_s": {
    "epoch_total": 156.93712997436523,
    "train_free": 107.07784414291382,
    "train_clamp": 13.785690069198608,
    "train_update": 0.41494297981262207
  },
  "vg_stats": {
    "vg_unique_min": 0.6719151481785262,
    "vg_unique_max": 8.0,
    "vg_unique_sat_lo": 0.0,
    "vg_unique_sat_hi": 1.0
  }
}