{
  "epoch": 73,
  "config": {
    "seed": 0,
    "gamma": 3.0,
    "margin": 0.02,
    "delta": 0.02,
    "input_vmin": 0.0,
    "input_vmax": 1.0,
    "rails": [
      0.0,
      0.45
    ],
    "solver": "klu",
    "body_tie": "floating",
    "body_res": 10.0,
    "rs_clamp": 10.0,
    "model_vto": 0.75,
    "vg_cutoff": 0.75,
    "vg_cutoff_epochs": 4,
    "vg_init": {
      "mode": "random",
      "lo": 1.0,
      "hi": 6.0,
      "fixed": 2.0
    },
    "epochs": 100,
    "device_include_path": "/home/ma-lab/Desktop/pyclln-final/device_model/nmos_lvl1_ald1106.lib",
    "device_subckt": "NMOSWRAP"
  },
  "train": {
    "acc": 0.9853862212943633,
    "hinge": 0.000964807306889352,
    "n_free": 1437,
    "n_clamp": 152,
    "hinge_active": 152,
    "hinge_active_frac": 0.1057759220598469,
    "skipped": 1285,
    "reload_free": 0,
    "reload_clamp": 0,
    "nonfinite_free": 0,
    "nonfinite_clamp": 0
  },
  "val": {
    "acc": 0.9555555555555556,
    "hinge": 0.0025585372222222224,
    "test_gap_mean": 0.03814284388888889,
    "test_gap_median": 0.03911285000000003,
    "test_gap_std": 0.021252422638540044,
    "test_satisfy_frac": 0.8194444444444444,
    "test_hinge_mean": 0.0025585372222222224,
    "val_reloads": 0.0,
    "val_nonfinite": 0.0
  },
  "timing_s": {
    "epoch_total": 137.10842108726501,
    "train_free": 93.96114778518677,
    "train_clamp": 9.84207010269165,
    "train_update": 0.2963550090789795
  },
  "vg_stats": {
    "vg_unique_min": 0.7152813102970053,
    "vg_unique_max": 8.0,
    "vg_unique_sat_lo": 0.0,
    "vg_unique_sat_hi": 3.0
  }
}