{
  "epoch": 93,
  "config": {
    "seed": 0,
    "gamma": 3.0,
    "margin": 0.02,
    "delta": 0.02,
    "input_vmin": 0.0,
    "input_vmax": 1.0,
    "rails": [
      0.0,
      0.45
    ],
    "solver": "klu",
    "body_tie": "floating",
    "body_res": 10.0,
    "rs_clamp": 10.0,
    "model_vto": 0.75,
    "vg_cutoff": 0.75,
    "vg_cutoff_epochs": 4,
    "vg_init": {
      "mode": "random",
      "lo": 1.0,
      "hi": 6.0,
      "fixed": 2.0
    },
    "epochs": 100,
    "device_include_path": "/home/ma-lab/Desktop/pyclln-final/device_model/nmos_lvl1_ald1106.lib",
    "device_subckt": "NMOSWRAP"
  },
  "train": {
    "acc": 0.988169798190675,
    "hinge": 0.0008423410577592204,
    "n_free": 1437,
    "n_clamp": 145,
    "hinge_active": 145,
    "hinge_active_frac": 0.10090466249130133,
    "skipped": 1292,
    "reload_free": 0,
    "reload_clamp": 0,
    "nonfinite_free": 0,
    "nonfinite_clamp": 0
  },
  "val": {
    "acc": 0.9555555555555556,
    "hinge": 0.0024707719444444455,
    "test_gap_mean": 0.03931718611111111,
    "test_gap_median": 0.039872449999999976,
    "test_gap_std": 0.021778416529931555,
    "test_satisfy_frac": 0.8388888888888889,
    "test_hinge_mean": 0.002470771944444445,
    "val_reloads": 0.0,
    "val_nonfinite": 0.0
  },
  "timing_s": {
    "epoch_total": 110.42846512794495,
    "train_free": 77.65329813957214,
    "train_clamp": 7.815371990203857,
    "train_update": 0.2928638458251953
  },
  "vg_stats": {
    "vg_unique_min": 0.6756890410652583,
    "vg_unique_max": 8.0,
    "vg_unique_sat_lo": 0.0,
    "vg_unique_sat_hi": 1.0
  }
}