{
  "epoch": 44,
  "config": {
    "seed": 0,
    "gamma": 3.0,
    "margin": 0.02,
    "delta": 0.02,
    "input_vmin": 0.0,
    "input_vmax": 1.0,
    "rails": [
      0.0,
      0.45
    ],
    "solver": "klu",
    "body_tie": "floating",
    "body_res": 10.0,
    "rs_clamp": 10.0,
    "model_vto": 0.75,
    "vg_cutoff": 0.75,
    "vg_cutoff_epochs": 4,
    "vg_init": {
      "mode": "random",
      "lo": 1.0,
      "hi": 6.0,
      "fixed": 2.0
    },
    "epochs": 100,
    "device_include_path": "/home/ma-lab/Desktop/pyclln-final/device_model/nmos_lvl1_ald1106.lib",
    "device_subckt": "NMOSWRAP"
  },
  "train": {
    "acc": 0.9832985386221295,
    "hinge": 0.001233556506610995,
    "n_free": 1437,
    "n_clamp": 172,
    "hinge_active": 172,
    "hinge_active_frac": 0.11969380654140571,
    "skipped": 1265,
    "reload_free": 0,
    "reload_clamp": 0,
    "nonfinite_free": 0,
    "nonfinite_clamp": 0
  },
  "val": {
    "acc": 0.9555555555555556,
    "hinge": 0.0025251772222222224,
    "test_gap_mean": 0.03612075805555555,
    "test_gap_median": 0.03690080000000001,
    "test_gap_std": 0.0197024210252655,
    "test_satisfy_frac": 0.8222222222222222,
    "test_hinge_mean": 0.002525177222222222,
    "val_reloads": 0.0,
    "val_nonfinite": 0.0
  },
  "timing_s": {
    "epoch_total": 157.52254056930542,
    "train_free": 109.84075784683228,
    "train_clamp": 13.248543977737427,
    "train_update": 0.37871432304382324
  },
  "vg_stats": {
    "vg_unique_min": 0.6678288835006458,
    "vg_unique_max": 7.99685860802444,
    "vg_unique_sat_lo": 0.0,
    "vg_unique_sat_hi": 0.0
  }
}