{
  "epoch": 58,
  "config": {
    "seed": 0,
    "gamma": 3.0,
    "margin": 0.02,
    "delta": 0.02,
    "input_vmin": 0.0,
    "input_vmax": 1.0,
    "rails": [
      0.0,
      0.45
    ],
    "solver": "klu",
    "body_tie": "floating",
    "body_res": 10.0,
    "rs_clamp": 10.0,
    "model_vto": 0.75,
    "vg_cutoff": 0.75,
    "vg_cutoff_epochs": 4,
    "vg_init": {
      "mode": "random",
      "lo": 1.0,
      "hi": 6.0,
      "fixed": 2.0
    },
    "epochs": 100,
    "device_include_path": "/home/ma-lab/Desktop/pyclln-final/device_model/nmos_lvl1_ald1106.lib",
    "device_subckt": "NMOSWRAP"
  },
  "train": {
    "acc": 0.9867780097425192,
    "hinge": 0.001090540361864996,
    "n_free": 1437,
    "n_clamp": 176,
    "hinge_active": 176,
    "hinge_active_frac": 0.12247738343771747,
    "skipped": 1261,
    "reload_free": 0,
    "reload_clamp": 0,
    "nonfinite_free": 0,
    "nonfinite_clamp": 0
  },
  "val": {
    "acc": 0.9527777777777777,
    "hinge": 0.0024610066666666676,
    "test_gap_mean": 0.037212112222222225,
    "test_gap_median": 0.038078799999999996,
    "test_gap_std": 0.020277143428379475,
    "test_satisfy_frac": 0.8305555555555556,
    "test_hinge_mean": 0.002461006666666667,
    "val_reloads": 0.0,
    "val_nonfinite": 0.0
  },
  "timing_s": {
    "epoch_total": 132.18283939361572,
    "train_free": 92.47124028205872,
    "train_clamp": 11.304651737213135,
    "train_update": 0.3349745273590088
  },
  "vg_stats": {
    "vg_unique_min": 0.7140704132961486,
    "vg_unique_max": 8.0,
    "vg_unique_sat_lo": 0.0,
    "vg_unique_sat_hi": 1.0
  }
}