{
  "test_gap_mean": 0.1306671352777778,
  "test_gap_median": 0.14014980000000005,
  "test_gap_std": 0.08277019765182665,
  "test_satisfy_frac": 0.6583333333333333,
  "test_hinge_mean": 0.01999764888888889,
  "val_reloads": 0.0,
  "val_nonfinite": 0.0
}