{
  "test_gap_mean": 0.13138616055555555,
  "test_gap_median": 0.13944925000000005,
  "test_gap_std": 0.08340533963203768,
  "test_satisfy_frac": 0.6583333333333333,
  "test_hinge_mean": 0.01999721166666667,
  "val_reloads": 0.0,
  "val_nonfinite": 0.0
}