{
  "test_gap_mean": 0.13299308083333333,
  "test_gap_median": 0.14166625000000008,
  "test_gap_std": 0.08383985179806826,
  "test_satisfy_frac": 0.6638888888888889,
  "test_hinge_mean": 0.01962837277777778,
  "val_reloads": 0.0,
  "val_nonfinite": 0.0
}