{
  "test_gap_mean": 0.10887920333333333,
  "test_gap_median": 0.11338619999999999,
  "test_gap_std": 0.07068635998110433,
  "test_satisfy_frac": 0.6,
  "test_hinge_mean": 0.023719391944444446,
  "val_reloads": 0.0,
  "val_nonfinite": 0.0
}