{
  "test_gap_mean": 0.12570557,
  "test_gap_median": 0.13564010000000004,
  "test_gap_std": 0.07944779028806619,
  "test_satisfy_frac": 0.65,
  "test_hinge_mean": 0.020413310833333333,
  "val_reloads": 0.0,
  "val_nonfinite": 0.0
}