{
  "test_gap_mean": 0.06018072666666667,
  "test_gap_median": 0.062208650000000004,
  "test_gap_std": 0.04740493805898413,
  "test_satisfy_frac": 0.21944444444444444,
  "test_hinge_mean": 0.04444224166666667,
  "val_reloads": 0.0,
  "val_nonfinite": 0.0
}