{
  "test_gap_mean": 0.1374447975,
  "test_gap_median": 0.14545825,
  "test_gap_std": 0.0860280307081013,
  "test_satisfy_frac": 0.6833333333333333,
  "test_hinge_mean": 0.018602035833333336,
  "val_reloads": 0.0,
  "val_nonfinite": 0.0
}