{
  "test_gap_mean": 0.1344920936111111,
  "test_gap_median": 0.14132665,
  "test_gap_std": 0.08482816084736075,
  "test_satisfy_frac": 0.675,
  "test_hinge_mean": 0.019269243055555555,
  "val_reloads": 0.0,
  "val_nonfinite": 0.0
}