{
  "test_gap_mean": 0.1372942386111111,
  "test_gap_median": 0.14261654999999995,
  "test_gap_std": 0.08592953286045771,
  "test_satisfy_frac": 0.6722222222222223,
  "test_hinge_mean": 0.01862568416666667,
  "val_reloads": 0.0,
  "val_nonfinite": 0.0
}