{
  "epoch": 58,
  "config": {
    "seed": 0,
    "gamma": 0.3,
    "margin": 0.1,
    "delta": 0.05,
    "input_vmin": 0.0,
    "input_vmax": 1.0,
    "rails": [
      0.0,
      0.45
    ],
    "solver": "klu",
    "body_tie": "ground",
    "body_res": 10.0,
    "rs_clamp": 10.0,
    "model_vto": 0.75,
    "vg_cutoff": 0.75,
    "vg_cutoff_epochs": 4,
    "vg_init": {
      "mode": "random",
      "lo": 0.75,
      "hi": 3.0,
      "fixed": 2.0
    },
    "epochs": 100,
    "device_include_path": "/home/ma-lab/Desktop/pyclln-final/device_model/nmos_lvl1_ald1106.lib",
    "device_subckt": "NMOSWRAP"
  },
  "train": {
    "acc": 0.9554627696590118,
    "hinge": 0.014344291997216417,
    "n_free": 1437,
    "n_clamp": 381,
    "hinge_active": 381,
    "hinge_active_frac": 0.2651356993736952,
    "skipped": 1056,
    "reload_free": 0,
    "reload_clamp": 0,
    "nonfinite_free": 0,
    "nonfinite_clamp": 0
  },
  "val": {
    "acc": 0.9472222222222222,
    "hinge": 0.01920936694444445,
    "test_gap_mean": 0.13546013444444446,
    "test_gap_median": 0.143005,
    "test_gap_std": 0.08525251098373345,
    "test_satisfy_frac": 0.6805555555555556,
    "test_hinge_mean": 0.01920936694444445,
    "val_reloads": 0.0,
    "val_nonfinite": 0.0
  },
  "timing_s": {
    "epoch_total": 16.188398599624634,
    "train_free": 8.457088947296143,
    "train_clamp": 2.2047441005706787,
    "train_update": 0.36150050163269043
  },
  "vg_stats": {
    "vg_unique_min": 0.6309291837520323,
    "vg_unique_max": 5.0376022039098105,
    "vg_unique_sat_lo": 0.0,
    "vg_unique_sat_hi": 0.0
  }
}