{
  "epoch": 65,
  "config": {
    "seed": 0,
    "gamma": 0.3,
    "margin": 0.1,
    "delta": 0.05,
    "input_vmin": 0.0,
    "input_vmax": 1.0,
    "rails": [
      0.0,
      0.45
    ],
    "solver": "klu",
    "body_tie": "ground",
    "body_res": 10.0,
    "rs_clamp": 10.0,
    "model_vto": 0.75,
    "vg_cutoff": 0.75,
    "vg_cutoff_epochs": 4,
    "vg_init": {
      "mode": "random",
      "lo": 0.75,
      "hi": 3.0,
      "fixed": 2.0
    },
    "epochs": 100,
    "device_include_path": "/home/ma-lab/Desktop/pyclln-final/device_model/nmos_lvl1_ald1106.lib",
    "device_subckt": "NMOSWRAP"
  },
  "train": {
    "acc": 0.9561586638830898,
    "hinge": 0.014241368406402239,
    "n_free": 1437,
    "n_clamp": 379,
    "hinge_active": 379,
    "hinge_active_frac": 0.26374391092553934,
    "skipped": 1058,
    "reload_free": 0,
    "reload_clamp": 0,
    "nonfinite_free": 0,
    "nonfinite_clamp": 0
  },
  "val": {
    "acc": 0.9472222222222222,
    "hinge": 0.01880441055555557,
    "test_gap_mean": 0.13647069333333334,
    "test_gap_median": 0.14205144999999997,
    "test_gap_std": 0.08570588780545918,
    "test_satisfy_frac": 0.6722222222222223,
    "test_hinge_mean": 0.018804410555555557,
    "val_reloads": 0.0,
    "val_nonfinite": 0.0
  },
  "timing_s": {
    "epoch_total": 15.51275897026062,
    "train_free": 7.7234790325164795,
    "train_clamp": 2.0018844604492188,
    "train_update": 0.362246036529541
  },
  "vg_stats": {
    "vg_unique_min": 0.5820560671088736,
    "vg_unique_max": 4.988602094727246,
    "vg_unique_sat_lo": 0.0,
    "vg_unique_sat_hi": 0.0
  }
}