{
  "epoch": 18,
  "config": {
    "seed": 0,
    "gamma": 0.3,
    "margin": 0.1,
    "delta": 0.05,
    "input_vmin": 0.0,
    "input_vmax": 1.0,
    "rails": [
      0.0,
      0.45
    ],
    "solver": "klu",
    "body_tie": "ground",
    "body_res": 10.0,
    "rs_clamp": 10.0,
    "model_vto": 0.75,
    "vg_cutoff": 0.75,
    "vg_cutoff_epochs": 4,
    "vg_init": {
      "mode": "random",
      "lo": 0.75,
      "hi": 3.0,
      "fixed": 2.0
    },
    "epochs": 100,
    "device_include_path": "/home/ma-lab/Desktop/pyclln-final/device_model/nmos_lvl1_ald1106.lib",
    "device_subckt": "NMOSWRAP"
  },
  "train": {
    "acc": 0.9443284620737648,
    "hinge": 0.019853775922059825,
    "n_free": 1437,
    "n_clamp": 536,
    "hinge_active": 536,
    "hinge_active_frac": 0.3729993041057759,
    "skipped": 901,
    "reload_free": 0,
    "reload_clamp": 0,
    "nonfinite_free": 0,
    "nonfinite_clamp": 0
  },
  "val": {
    "acc": 0.9277777777777778,
    "hinge": 0.02371939194444444,
    "test_gap_mean": 0.10887920333333333,
    "test_gap_median": 0.11338619999999999,
    "test_gap_std": 0.07068635998110433,
    "test_satisfy_frac": 0.6,
    "test_hinge_mean": 0.023719391944444446,
    "val_reloads": 0.0,
    "val_nonfinite": 0.0
  },
  "timing_s": {
    "epoch_total": 37.74378299713135,
    "train_free": 19.413991689682007,
    "train_clamp": 7.281857252120972,
    "train_update": 0.9212226867675781
  },
  "vg_stats": {
    "vg_unique_min": 0.40791925733180506,
    "vg_unique_max": 5.263118065775999,
    "vg_unique_sat_lo": 0.0,
    "vg_unique_sat_hi": 0.0
  }
}