{
  "epoch": 99,
  "config": {
    "seed": 0,
    "gamma": 0.3,
    "margin": 0.1,
    "delta": 0.05,
    "input_vmin": 0.0,
    "input_vmax": 1.0,
    "rails": [
      0.0,
      0.45
    ],
    "solver": "klu",
    "body_tie": "ground",
    "body_res": 10.0,
    "rs_clamp": 10.0,
    "model_vto": 0.75,
    "vg_cutoff": 0.75,
    "vg_cutoff_epochs": 4,
    "vg_init": {
      "mode": "random",
      "lo": 0.75,
      "hi": 3.0,
      "fixed": 2.0
    },
    "epochs": 100,
    "device_include_path": "/home/ma-lab/Desktop/pyclln-final/device_model/nmos_lvl1_ald1106.lib",
    "device_subckt": "NMOSWRAP"
  },
  "train": {
    "acc": 0.9589422407794015,
    "hinge": 0.014256527070285309,
    "n_free": 1437,
    "n_clamp": 381,
    "hinge_active": 381,
    "hinge_active_frac": 0.2651356993736952,
    "skipped": 1056,
    "reload_free": 0,
    "reload_clamp": 0,
    "nonfinite_free": 0,
    "nonfinite_clamp": 0
  },
  "val": {
    "acc": 0.9388888888888889,
    "hinge": 0.01857744138888889,
    "test_gap_mean": 0.138331505,
    "test_gap_median": 0.14155790000000001,
    "test_gap_std": 0.08684195845697501,
    "test_satisfy_frac": 0.6916666666666667,
    "test_hinge_mean": 0.018577441388888893,
    "val_reloads": 0.0,
    "val_nonfinite": 0.0
  },
  "timing_s": {
    "epoch_total": 13.004265546798706,
    "train_free": 6.495782375335693,
    "train_clamp": 1.6809966564178467,
    "train_update": 0.39452600479125977
  },
  "vg_stats": {
    "vg_unique_min": 0.7121833863087241,
    "vg_unique_max": 4.563895985573487,
    "vg_unique_sat_lo": 0.0,
    "vg_unique_sat_hi": 0.0
  }
}