{
  "epoch": 50,
  "config": {
    "seed": 0,
    "gamma": 0.3,
    "margin": 0.1,
    "delta": 0.05,
    "input_vmin": 0.0,
    "input_vmax": 1.0,
    "rails": [
      0.0,
      0.45
    ],
    "solver": "klu",
    "body_tie": "ground",
    "body_res": 10.0,
    "rs_clamp": 10.0,
    "model_vto": 0.75,
    "vg_cutoff": 0.75,
    "vg_cutoff_epochs": 4,
    "vg_init": {
      "mode": "random",
      "lo": 0.75,
      "hi": 3.0,
      "fixed": 2.0
    },
    "epochs": 100,
    "device_include_path": "/home/ma-lab/Desktop/pyclln-final/device_model/nmos_lvl1_ald1106.lib",
    "device_subckt": "NMOSWRAP"
  },
  "train": {
    "acc": 0.9568545581071677,
    "hinge": 0.01453990313152402,
    "n_free": 1437,
    "n_clamp": 384,
    "hinge_active": 384,
    "hinge_active_frac": 0.267223382045929,
    "skipped": 1053,
    "reload_free": 0,
    "reload_clamp": 0,
    "nonfinite_free": 0,
    "nonfinite_clamp": 0
  },
  "val": {
    "acc": 0.9444444444444444,
    "hinge": 0.019317223888888898,
    "test_gap_mean": 0.13384892416666666,
    "test_gap_median": 0.14019804999999996,
    "test_gap_std": 0.08426899928047878,
    "test_satisfy_frac": 0.6611111111111111,
    "test_hinge_mean": 0.019317223888888888,
    "val_reloads": 0.0,
    "val_nonfinite": 0.0
  },
  "timing_s": {
    "epoch_total": 16.768324851989746,
    "train_free": 8.68472170829773,
    "train_clamp": 2.4237899780273438,
    "train_update": 0.373615026473999
  },
  "vg_stats": {
    "vg_unique_min": 0.6644346406635434,
    "vg_unique_max": 5.107117133824109,
    "vg_unique_sat_lo": 0.0,
    "vg_unique_sat_hi": 0.0
  }
}