{
  "epoch": 49,
  "config": {
    "seed": 0,
    "gamma": 0.3,
    "margin": 0.1,
    "delta": 0.05,
    "input_vmin": 0.0,
    "input_vmax": 1.0,
    "rails": [
      0.0,
      0.45
    ],
    "solver": "klu",
    "body_tie": "ground",
    "body_res": 10.0,
    "rs_clamp": 10.0,
    "model_vto": 0.75,
    "vg_cutoff": 0.75,
    "vg_cutoff_epochs": 4,
    "vg_init": {
      "mode": "random",
      "lo": 0.75,
      "hi": 3.0,
      "fixed": 2.0
    },
    "epochs": 100,
    "device_include_path": "/home/ma-lab/Desktop/pyclln-final/device_model/nmos_lvl1_ald1106.lib",
    "device_subckt": "NMOSWRAP"
  },
  "train": {
    "acc": 0.9554627696590118,
    "hinge": 0.01453504272790537,
    "n_free": 1437,
    "n_clamp": 389,
    "hinge_active": 389,
    "hinge_active_frac": 0.2707028531663187,
    "skipped": 1048,
    "reload_free": 0,
    "reload_clamp": 0,
    "nonfinite_free": 0,
    "nonfinite_clamp": 0
  },
  "val": {
    "acc": 0.9361111111111111,
    "hinge": 0.0195838763888889,
    "test_gap_mean": 0.13370172305555555,
    "test_gap_median": 0.13952989999999998,
    "test_gap_std": 0.08509780619722386,
    "test_satisfy_frac": 0.6666666666666666,
    "test_hinge_mean": 0.01958387638888889,
    "val_reloads": 0.0,
    "val_nonfinite": 0.0
  },
  "timing_s": {
    "epoch_total": 19.67279624938965,
    "train_free": 10.044744729995728,
    "train_clamp": 2.6891353130340576,
    "train_update": 0.444385290145874
  },
  "vg_stats": {
    "vg_unique_min": 0.5927292273654906,
    "vg_unique_max": 5.11682112523474,
    "vg_unique_sat_lo": 0.0,
    "vg_unique_sat_hi": 0.0
  }
}