{
  "epoch": 72,
  "config": {
    "seed": 0,
    "gamma": 0.3,
    "margin": 0.1,
    "delta": 0.05,
    "input_vmin": 0.0,
    "input_vmax": 1.0,
    "rails": [
      0.0,
      0.45
    ],
    "solver": "klu",
    "body_tie": "ground",
    "body_res": 10.0,
    "rs_clamp": 10.0,
    "model_vto": 0.75,
    "vg_cutoff": 0.75,
    "vg_cutoff_epochs": 4,
    "vg_init": {
      "mode": "random",
      "lo": 0.75,
      "hi": 3.0,
      "fixed": 2.0
    },
    "epochs": 100,
    "device_include_path": "/home/ma-lab/Desktop/pyclln-final/device_model/nmos_lvl1_ald1106.lib",
    "device_subckt": "NMOSWRAP"
  },
  "train": {
    "acc": 0.9568545581071677,
    "hinge": 0.014238995963813495,
    "n_free": 1437,
    "n_clamp": 376,
    "hinge_active": 376,
    "hinge_active_frac": 0.2616562282533055,
    "skipped": 1061,
    "reload_free": 0,
    "reload_clamp": 0,
    "nonfinite_free": 0,
    "nonfinite_clamp": 0
  },
  "val": {
    "acc": 0.9472222222222222,
    "hinge": 0.01881341416666667,
    "test_gap_mean": 0.13724915499999998,
    "test_gap_median": 0.14467855000000002,
    "test_gap_std": 0.08606137556388192,
    "test_satisfy_frac": 0.6805555555555556,
    "test_hinge_mean": 0.01881341416666667,
    "val_reloads": 0.0,
    "val_nonfinite": 0.0
  },
  "timing_s": {
    "epoch_total": 14.576682567596436,
    "train_free": 6.889126539230347,
    "train_clamp": 1.7925255298614502,
    "train_update": 0.3763704299926758
  },
  "vg_stats": {
    "vg_unique_min": 0.6463831754821852,
    "vg_unique_max": 4.924855336591949,
    "vg_unique_sat_lo": 0.0,
    "vg_unique_sat_hi": 0.0
  }
}