{
  "test_gap_mean": 0.05715083361111112,
  "test_gap_median": 0.05658365,
  "test_gap_std": 0.04224650330991783,
  "test_satisfy_frac": 0.18333333333333332,
  "test_hinge_mean": 0.04552458166666666,
  "val_reloads": 0.0,
  "val_nonfinite": 0.0
}