{
  "test_gap_mean": 0.038206642500000006,
  "test_gap_median": 0.03513870000000002,
  "test_gap_std": 0.031068397012555656,
  "test_satisfy_frac": 0.002777777777777778,
  "test_hinge_mean": 0.06181467416666667,
  "val_reloads": 0.0,
  "val_nonfinite": 0.0
}