{
  "test_gap_mean": 0.056700714722222226,
  "test_gap_median": 0.05558304999999998,
  "test_gap_std": 0.04210114157760162,
  "test_satisfy_frac": 0.18055555555555555,
  "test_hinge_mean": 0.04586190222222222,
  "val_reloads": 0.0,
  "val_nonfinite": 0.0
}