{
  "test_gap_mean": 0.04280461333333333,
  "test_gap_median": 0.039322949999999995,
  "test_gap_std": 0.03458158530658879,
  "test_satisfy_frac": 0.030555555555555555,
  "test_hinge_mean": 0.05742347583333334,
  "val_reloads": 0.0,
  "val_nonfinite": 0.0
}