{
  "test_gap_mean": 0.06936504888888889,
  "test_gap_median": 0.073154,
  "test_gap_std": 0.04717722584715648,
  "test_satisfy_frac": 0.3194444444444444,
  "test_hinge_mean": 0.03755416916666667,
  "val_reloads": 0.0,
  "val_nonfinite": 0.0
}