{
  "test_gap_mean": 0.0239873725,
  "test_gap_median": 0.021203699999999992,
  "test_gap_std": 0.019634517101384218,
  "test_satisfy_frac": 0.0,
  "test_hinge_mean": 0.07601262750000001,
  "val_reloads": 0.0,
  "val_nonfinite": 0.0
}