{
  "test_gap_mean": 0.054359735555555545,
  "test_gap_median": 0.05193170000000001,
  "test_gap_std": 0.04106429025568677,
  "test_satisfy_frac": 0.16111111111111112,
  "test_hinge_mean": 0.04760678583333334,
  "val_reloads": 0.0,
  "val_nonfinite": 0.0
}