{
  "test_gap_mean": 0.03264917027777778,
  "test_gap_median": 0.029710399999999998,
  "test_gap_std": 0.026693114617204187,
  "test_satisfy_frac": 0.0,
  "test_hinge_mean": 0.06735082972222223,
  "val_reloads": 0.0,
  "val_nonfinite": 0.0
}