{
  "test_gap_mean": 0.02898823083333333,
  "test_gap_median": 0.02624215000000002,
  "test_gap_std": 0.02383423736091795,
  "test_satisfy_frac": 0.0,
  "test_hinge_mean": 0.07101176916666668,
  "val_reloads": 0.0,
  "val_nonfinite": 0.0
}