{
  "test_gap_mean": 0.045968444444444444,
  "test_gap_median": 0.042935099999999976,
  "test_gap_std": 0.036660831052984455,
  "test_satisfy_frac": 0.05277777777777778,
  "test_hinge_mean": 0.054514260833333335,
  "val_reloads": 0.0,
  "val_nonfinite": 0.0
}