{
  "epoch": 86,
  "config": {
    "seed": 2,
    "gamma": 0.3,
    "margin": 0.1,
    "delta": 0.02,
    "input_vmin": 0.0,
    "input_vmax": 1.0,
    "rails": [
      0.0,
      0.45
    ],
    "solver": "klu",
    "body_tie": "floating",
    "body_res": 10.0,
    "rs_clamp": 10.0,
    "model_vto": 0.75,
    "vg_cutoff": 0.75,
    "vg_cutoff_epochs": 4,
    "vg_init": {
      "mode": "fixed",
      "lo": 1.0,
      "hi": 3.0,
      "fixed": 4.0
    },
    "epochs": 100,
    "device_include_path": "/home/ma-lab/Desktop/pyclln-final/device_model/nmos_lvl1_ald1106.lib",
    "device_subckt": "NMOSWRAP"
  },
  "train": {
    "acc": 0.9248434237995825,
    "hinge": 0.03845997787056361,
    "n_free": 1437,
    "n_clamp": 1083,
    "hinge_active": 1083,
    "hinge_active_frac": 0.7536534446764092,
    "skipped": 354,
    "reload_free": 0,
    "reload_clamp": 0,
    "nonfinite_free": 0,
    "nonfinite_clamp": 0
  },
  "val": {
    "acc": 0.9194444444444444,
    "hinge": 0.0397294588888889,
    "test_gap_mean": 0.06579932583333332,
    "test_gap_median": 0.06925319999999999,
    "test_gap_std": 0.04585341938268586,
    "test_satisfy_frac": 0.29444444444444445,
    "test_hinge_mean": 0.039729458888888895,
    "val_reloads": 0.0,
    "val_nonfinite": 0.0
  },
  "timing_s": {
    "epoch_total": 209.9683494567871,
    "train_free": 98.70659708976746,
    "train_clamp": 74.12464880943298,
    "train_update": 2.591240406036377
  },
  "vg_stats": {
    "vg_unique_min": 0.5519589360169014,
    "vg_unique_max": 8.0,
    "vg_unique_sat_lo": 0.0,
    "vg_unique_sat_hi": 6.0
  }
}