{
  "epoch": 100,
  "config": {
    "seed": 2,
    "gamma": 0.3,
    "margin": 0.1,
    "delta": 0.02,
    "input_vmin": 0.0,
    "input_vmax": 1.0,
    "rails": [
      0.0,
      0.45
    ],
    "solver": "klu",
    "body_tie": "floating",
    "body_res": 10.0,
    "rs_clamp": 10.0,
    "model_vto": 0.75,
    "vg_cutoff": 0.75,
    "vg_cutoff_epochs": 4,
    "vg_init": {
      "mode": "fixed",
      "lo": 1.0,
      "hi": 3.0,
      "fixed": 4.0
    },
    "epochs": 100,
    "device_include_path": "/home/ma-lab/Desktop/pyclln-final/device_model/nmos_lvl1_ald1106.lib",
    "device_subckt": "NMOSWRAP"
  },
  "train": {
    "acc": 0.9262352122477383,
    "hinge": 0.03541156597077246,
    "n_free": 1437,
    "n_clamp": 1001,
    "hinge_active": 1001,
    "hinge_active_frac": 0.6965901183020181,
    "skipped": 436,
    "reload_free": 0,
    "reload_clamp": 0,
    "nonfinite_free": 0,
    "nonfinite_clamp": 0
  },
  "val": {
    "acc": 0.9194444444444444,
    "hinge": 0.036983611944444446,
    "test_gap_mean": 0.07035743472222222,
    "test_gap_median": 0.07374710000000001,
    "test_gap_std": 0.04751568394600928,
    "test_satisfy_frac": 0.3277777777777778,
    "test_hinge_mean": 0.036983611944444446,
    "val_reloads": 0.0,
    "val_nonfinite": 0.0
  },
  "timing_s": {
    "epoch_total": 167.61412382125854,
    "train_free": 81.74625706672668,
    "train_clamp": 56.958773136138916,
    "train_update": 2.062751531600952
  },
  "vg_stats": {
    "vg_unique_min": 0.5919103980147753,
    "vg_unique_max": 8.0,
    "vg_unique_sat_lo": 0.0,
    "vg_unique_sat_hi": 5.0
  }
}