{
  "epoch": 87,
  "config": {
    "seed": 2,
    "gamma": 0.3,
    "margin": 0.1,
    "delta": 0.02,
    "input_vmin": 0.0,
    "input_vmax": 1.0,
    "rails": [
      0.0,
      0.45
    ],
    "solver": "klu",
    "body_tie": "floating",
    "body_res": 10.0,
    "rs_clamp": 10.0,
    "model_vto": 0.75,
    "vg_cutoff": 0.75,
    "vg_cutoff_epochs": 4,
    "vg_init": {
      "mode": "fixed",
      "lo": 1.0,
      "hi": 3.0,
      "fixed": 4.0
    },
    "epochs": 100,
    "device_include_path": "/home/ma-lab/Desktop/pyclln-final/device_model/nmos_lvl1_ald1106.lib",
    "device_subckt": "NMOSWRAP"
  },
  "train": {
    "acc": 0.9234516353514266,
    "hinge": 0.03820779874739037,
    "n_free": 1437,
    "n_clamp": 1064,
    "hinge_active": 1064,
    "hinge_active_frac": 0.7404314544189283,
    "skipped": 373,
    "reload_free": 0,
    "reload_clamp": 0,
    "nonfinite_free": 0,
    "nonfinite_clamp": 0
  },
  "val": {
    "acc": 0.9194444444444444,
    "hinge": 0.03949217861111113,
    "test_gap_mean": 0.06611796833333333,
    "test_gap_median": 0.06974169999999996,
    "test_gap_std": 0.045848742636118746,
    "test_satisfy_frac": 0.29444444444444445,
    "test_hinge_mean": 0.03949217861111112,
    "val_reloads": 0.0,
    "val_nonfinite": 0.0
  },
  "timing_s": {
    "epoch_total": 224.16115736961365,
    "train_free": 106.79981660842896,
    "train_clamp": 78.87419128417969,
    "train_update": 2.742967367172241
  },
  "vg_stats": {
    "vg_unique_min": 0.5273927867721517,
    "vg_unique_max": 8.0,
    "vg_unique_sat_lo": 0.0,
    "vg_unique_sat_hi": 3.0
  }
}