{
  "epoch": 78,
  "config": {
    "seed": 2,
    "gamma": 0.3,
    "margin": 0.1,
    "delta": 0.02,
    "input_vmin": 0.0,
    "input_vmax": 1.0,
    "rails": [
      0.0,
      0.45
    ],
    "solver": "klu",
    "body_tie": "floating",
    "body_res": 10.0,
    "rs_clamp": 10.0,
    "model_vto": 0.75,
    "vg_cutoff": 0.75,
    "vg_cutoff_epochs": 4,
    "vg_init": {
      "mode": "fixed",
      "lo": 1.0,
      "hi": 3.0,
      "fixed": 4.0
    },
    "epochs": 100,
    "device_include_path": "/home/ma-lab/Desktop/pyclln-final/device_model/nmos_lvl1_ald1106.lib",
    "device_subckt": "NMOSWRAP"
  },
  "train": {
    "acc": 0.9206680584551148,
    "hinge": 0.04064518148921361,
    "n_free": 1437,
    "n_clamp": 1121,
    "hinge_active": 1121,
    "hinge_active_frac": 0.7800974251913709,
    "skipped": 316,
    "reload_free": 0,
    "reload_clamp": 0,
    "nonfinite_free": 0,
    "nonfinite_clamp": 0
  },
  "val": {
    "acc": 0.9166666666666666,
    "hinge": 0.04158963249999996,
    "test_gap_mean": 0.062899835,
    "test_gap_median": 0.06552529999999998,
    "test_gap_std": 0.044569333589626246,
    "test_satisfy_frac": 0.2638888888888889,
    "test_hinge_mean": 0.0415896325,
    "val_reloads": 0.0,
    "val_nonfinite": 0.0
  },
  "timing_s": {
    "epoch_total": 236.9027876853943,
    "train_free": 112.87242317199707,
    "train_clamp": 88.0219943523407,
    "train_update": 2.9170734882354736
  },
  "vg_stats": {
    "vg_unique_min": 0.5009449888640685,
    "vg_unique_max": 8.0,
    "vg_unique_sat_lo": 0.0,
    "vg_unique_sat_hi": 3.0
  }
}