{
  "epoch": 57,
  "config": {
    "seed": 2,
    "gamma": 0.3,
    "margin": 0.1,
    "delta": 0.02,
    "input_vmin": 0.0,
    "input_vmax": 1.0,
    "rails": [
      0.0,
      0.45
    ],
    "solver": "klu",
    "body_tie": "floating",
    "body_res": 10.0,
    "rs_clamp": 10.0,
    "model_vto": 0.75,
    "vg_cutoff": 0.75,
    "vg_cutoff_epochs": 4,
    "vg_init": {
      "mode": "fixed",
      "lo": 1.0,
      "hi": 3.0,
      "fixed": 4.0
    },
    "epochs": 100,
    "device_include_path": "/home/ma-lab/Desktop/pyclln-final/device_model/nmos_lvl1_ald1106.lib",
    "device_subckt": "NMOSWRAP"
  },
  "train": {
    "acc": 0.9109255393180237,
    "hinge": 0.047661656576200376,
    "n_free": 1437,
    "n_clamp": 1224,
    "hinge_active": 1224,
    "hinge_active_frac": 0.8517745302713987,
    "skipped": 213,
    "reload_free": 0,
    "reload_clamp": 0,
    "nonfinite_free": 0,
    "nonfinite_clamp": 0
  },
  "val": {
    "acc": 0.9055555555555556,
    "hinge": 0.04798560666666665,
    "test_gap_mean": 0.05384694555555555,
    "test_gap_median": 0.051354499999999983,
    "test_gap_std": 0.0408478225489585,
    "test_satisfy_frac": 0.15833333333333333,
    "test_hinge_mean": 0.047985606666666666,
    "val_reloads": 0.0,
    "val_nonfinite": 0.0
  },
  "timing_s": {
    "epoch_total": 257.07696866989136,
    "train_free": 118.30279469490051,
    "train_clamp": 100.88047695159912,
    "train_update": 3.045893669128418
  },
  "vg_stats": {
    "vg_unique_min": 0.562919400601603,
    "vg_unique_max": 8.0,
    "vg_unique_sat_lo": 0.0,
    "vg_unique_sat_hi": 5.0
  }
}