{
  "epoch": 68,
  "config": {
    "seed": 2,
    "gamma": 0.3,
    "margin": 0.1,
    "delta": 0.02,
    "input_vmin": 0.0,
    "input_vmax": 1.0,
    "rails": [
      0.0,
      0.45
    ],
    "solver": "klu",
    "body_tie": "floating",
    "body_res": 10.0,
    "rs_clamp": 10.0,
    "model_vto": 0.75,
    "vg_cutoff": 0.75,
    "vg_cutoff_epochs": 4,
    "vg_init": {
      "mode": "fixed",
      "lo": 1.0,
      "hi": 3.0,
      "fixed": 4.0
    },
    "epochs": 100,
    "device_include_path": "/home/ma-lab/Desktop/pyclln-final/device_model/nmos_lvl1_ald1106.lib",
    "device_subckt": "NMOSWRAP"
  },
  "train": {
    "acc": 0.9213639526791928,
    "hinge": 0.043727138970076504,
    "n_free": 1437,
    "n_clamp": 1164,
    "hinge_active": 1164,
    "hinge_active_frac": 0.8100208768267223,
    "skipped": 273,
    "reload_free": 0,
    "reload_clamp": 0,
    "nonfinite_free": 0,
    "nonfinite_clamp": 0
  },
  "val": {
    "acc": 0.9166666666666666,
    "hinge": 0.04427854361111112,
    "test_gap_mean": 0.058884748611111114,
    "test_gap_median": 0.0592106,
    "test_gap_std": 0.04286288367308595,
    "test_satisfy_frac": 0.21388888888888888,
    "test_hinge_mean": 0.04427854361111112,
    "val_reloads": 0.0,
    "val_nonfinite": 0.0
  },
  "timing_s": {
    "epoch_total": 239.2305018901825,
    "train_free": 108.6705973148346,
    "train_clamp": 88.16802859306335,
    "train_update": 2.8885154724121094
  },
  "vg_stats": {
    "vg_unique_min": 0.6110337889273412,
    "vg_unique_max": 8.0,
    "vg_unique_sat_lo": 0.0,
    "vg_unique_sat_hi": 2.0
  }
}