{
  "test_gap_mean": 0.05202964194444445,
  "test_gap_median": 0.05641554999999998,
  "test_gap_std": 0.02689905061907889,
  "test_satisfy_frac": 0.5916666666666667,
  "test_hinge_mean": 0.009768276944444446,
  "val_reloads": 0.0,
  "val_nonfinite": 0.0
}