{
  "test_gap_mean": 0.05480971472222222,
  "test_gap_median": 0.05849335000000003,
  "test_gap_std": 0.02827068622685932,
  "test_satisfy_frac": 0.6305555555555555,
  "test_hinge_mean": 0.0091775425,
  "val_reloads": 0.0,
  "val_nonfinite": 0.0
}