{
  "test_gap_mean": 0.044858587777777785,
  "test_gap_median": 0.04832824999999999,
  "test_gap_std": 0.023995120649068443,
  "test_satisfy_frac": 0.4666666666666667,
  "test_hinge_mean": 0.012109379166666668,
  "val_reloads": 0.0,
  "val_nonfinite": 0.0
}