{
  "test_gap_mean": 0.0024690291666666668,
  "test_gap_median": 0.0025812499999999933,
  "test_gap_std": 0.0018654230733742645,
  "test_satisfy_frac": 0.0,
  "test_hinge_mean": 0.04753097083333333,
  "val_reloads": 0.0,
  "val_nonfinite": 0.0
}