{
  "test_gap_mean": 0.004842932222222222,
  "test_gap_median": 0.004784650000000015,
  "test_gap_std": 0.003686707636076689,
  "test_satisfy_frac": 0.0,
  "test_hinge_mean": 0.04515706777777777,
  "val_reloads": 0.0,
  "val_nonfinite": 0.0
}