{
  "test_gap_mean": 0.04934492722222222,
  "test_gap_median": 0.053435449999999995,
  "test_gap_std": 0.025683138067018538,
  "test_satisfy_frac": 0.5527777777777778,
  "test_hinge_mean": 0.010526930555555557,
  "val_reloads": 0.0,
  "val_nonfinite": 0.0
}