{
  "test_gap_mean": 0.054824396388888884,
  "test_gap_median": 0.058035050000000005,
  "test_gap_std": 0.028264426879232123,
  "test_satisfy_frac": 0.6277777777777778,
  "test_hinge_mean": 0.009166890555555557,
  "val_reloads": 0.0,
  "val_nonfinite": 0.0
}