{
  "epoch": 86,
  "config": {
    "seed": 1,
    "gamma": 0.3,
    "margin": 0.05,
    "delta": 0.05,
    "input_vmin": 0.0,
    "input_vmax": 1.0,
    "rails": [
      0.0,
      0.45
    ],
    "solver": "klu",
    "body_tie": "source",
    "body_res": 10.0,
    "rs_clamp": 10.0,
    "model_vto": 0.75,
    "vg_cutoff": 0.75,
    "vg_cutoff_epochs": 4,
    "vg_init": {
      "mode": "fixed",
      "lo": 1.0,
      "hi": 3.0,
      "fixed": 4.0
    },
    "epochs": 100,
    "device_include_path": "/home/ma-lab/Desktop/pyclln-final/device_model/nmos_lvl1_ald1106.lib",
    "device_subckt": "NMOSWRAP"
  },
  "train": {
    "acc": 0.9589422407794015,
    "hinge": 0.007960887404314549,
    "n_free": 1437,
    "n_clamp": 469,
    "hinge_active": 469,
    "hinge_active_frac": 0.32637439109255395,
    "skipped": 968,
    "reload_free": 0,
    "reload_clamp": 0,
    "nonfinite_free": 0,
    "nonfinite_clamp": 0
  },
  "val": {
    "acc": 0.9527777777777777,
    "hinge": 0.008770468611111111,
    "test_gap_mean": 0.056915205277777776,
    "test_gap_median": 0.06045700000000001,
    "test_gap_std": 0.02936045987509865,
    "test_satisfy_frac": 0.6416666666666667,
    "test_hinge_mean": 0.008770468611111111,
    "val_reloads": 0.0,
    "val_nonfinite": 0.0
  },
  "timing_s": {
    "epoch_total": 60.40269994735718,
    "train_free": 33.88581109046936,
    "train_clamp": 11.007470607757568,
    "train_update": 0.9882087707519531
  },
  "vg_stats": {
    "vg_unique_min": 0.6775889217257832,
    "vg_unique_max": 8.0,
    "vg_unique_sat_lo": 0.0,
    "vg_unique_sat_hi": 3.0
  }
}