{
  "epoch": 58,
  "config": {
    "seed": 1,
    "gamma": 0.3,
    "margin": 0.05,
    "delta": 0.05,
    "input_vmin": 0.0,
    "input_vmax": 1.0,
    "rails": [
      0.0,
      0.45
    ],
    "solver": "klu",
    "body_tie": "source",
    "body_res": 10.0,
    "rs_clamp": 10.0,
    "model_vto": 0.75,
    "vg_cutoff": 0.75,
    "vg_cutoff_epochs": 4,
    "vg_init": {
      "mode": "fixed",
      "lo": 1.0,
      "hi": 3.0,
      "fixed": 4.0
    },
    "epochs": 100,
    "device_include_path": "/home/ma-lab/Desktop/pyclln-final/device_model/nmos_lvl1_ald1106.lib",
    "device_subckt": "NMOSWRAP"
  },
  "train": {
    "acc": 0.9554627696590118,
    "hinge": 0.009231450034794714,
    "n_free": 1437,
    "n_clamp": 559,
    "hinge_active": 559,
    "hinge_active_frac": 0.38900487125956856,
    "skipped": 878,
    "reload_free": 0,
    "reload_clamp": 0,
    "nonfinite_free": 0,
    "nonfinite_clamp": 0
  },
  "val": {
    "acc": 0.95,
    "hinge": 0.00966838416666667,
    "test_gap_mean": 0.052515610000000004,
    "test_gap_median": 0.055915800000000015,
    "test_gap_std": 0.027209077203773375,
    "test_satisfy_frac": 0.5944444444444444,
    "test_hinge_mean": 0.009668384166666667,
    "val_reloads": 0.0,
    "val_nonfinite": 0.0
  },
  "timing_s": {
    "epoch_total": 72.42654943466187,
    "train_free": 38.84107542037964,
    "train_clamp": 15.082828760147095,
    "train_update": 1.2764322757720947
  },
  "vg_stats": {
    "vg_unique_min": 0.6536018482895839,
    "vg_unique_max": 8.0,
    "vg_unique_sat_lo": 0.0,
    "vg_unique_sat_hi": 4.0
  }
}