{
  "epoch": 65,
  "config": {
    "seed": 1,
    "gamma": 0.3,
    "margin": 0.05,
    "delta": 0.05,
    "input_vmin": 0.0,
    "input_vmax": 1.0,
    "rails": [
      0.0,
      0.45
    ],
    "solver": "klu",
    "body_tie": "source",
    "body_res": 10.0,
    "rs_clamp": 10.0,
    "model_vto": 0.75,
    "vg_cutoff": 0.75,
    "vg_cutoff_epochs": 4,
    "vg_init": {
      "mode": "fixed",
      "lo": 1.0,
      "hi": 3.0,
      "fixed": 4.0
    },
    "epochs": 100,
    "device_include_path": "/home/ma-lab/Desktop/pyclln-final/device_model/nmos_lvl1_ald1106.lib",
    "device_subckt": "NMOSWRAP"
  },
  "train": {
    "acc": 0.9582463465553236,
    "hinge": 0.00884952783576898,
    "n_free": 1437,
    "n_clamp": 532,
    "hinge_active": 532,
    "hinge_active_frac": 0.37021572720946416,
    "skipped": 905,
    "reload_free": 0,
    "reload_clamp": 0,
    "nonfinite_free": 0,
    "nonfinite_clamp": 0
  },
  "val": {
    "acc": 0.9472222222222222,
    "hinge": 0.00939116555555556,
    "test_gap_mean": 0.05380441833333334,
    "test_gap_median": 0.05742324999999998,
    "test_gap_std": 0.027824987780456487,
    "test_satisfy_frac": 0.6194444444444445,
    "test_hinge_mean": 0.009391165555555555,
    "val_reloads": 0.0,
    "val_nonfinite": 0.0
  },
  "timing_s": {
    "epoch_total": 75.0568413734436,
    "train_free": 41.04323744773865,
    "train_clamp": 15.187615871429443,
    "train_update": 1.408956527709961
  },
  "vg_stats": {
    "vg_unique_min": 0.6806203994006376,
    "vg_unique_max": 8.0,
    "vg_unique_sat_lo": 0.0,
    "vg_unique_sat_hi": 3.0
  }
}