{
  "epoch": 24,
  "config": {
    "seed": 1,
    "gamma": 0.3,
    "margin": 0.05,
    "delta": 0.05,
    "input_vmin": 0.0,
    "input_vmax": 1.0,
    "rails": [
      0.0,
      0.45
    ],
    "solver": "klu",
    "body_tie": "source",
    "body_res": 10.0,
    "rs_clamp": 10.0,
    "model_vto": 0.75,
    "vg_cutoff": 0.75,
    "vg_cutoff_epochs": 4,
    "vg_init": {
      "mode": "fixed",
      "lo": 1.0,
      "hi": 3.0,
      "fixed": 4.0
    },
    "epochs": 100,
    "device_include_path": "/home/ma-lab/Desktop/pyclln-final/device_model/nmos_lvl1_ald1106.lib",
    "device_subckt": "NMOSWRAP"
  },
  "train": {
    "acc": 0.9457202505219207,
    "hinge": 0.014151830758524728,
    "n_free": 1437,
    "n_clamp": 847,
    "hinge_active": 847,
    "hinge_active_frac": 0.5894224077940153,
    "skipped": 590,
    "reload_free": 0,
    "reload_clamp": 0,
    "nonfinite_free": 0,
    "nonfinite_clamp": 0
  },
  "val": {
    "acc": 0.9472222222222222,
    "hinge": 0.013836508611111123,
    "test_gap_mean": 0.041076334722222226,
    "test_gap_median": 0.04364000000000001,
    "test_gap_std": 0.022490976859798437,
    "test_satisfy_frac": 0.3861111111111111,
    "test_hinge_mean": 0.013836508611111112,
    "val_reloads": 0.0,
    "val_nonfinite": 0.0
  },
  "timing_s": {
    "epoch_total": 98.78618383407593,
    "train_free": 47.51176619529724,
    "train_clamp": 27.85007929801941,
    "train_update": 2.5666680335998535
  },
  "vg_stats": {
    "vg_unique_min": 0.4034014330568111,
    "vg_unique_max": 8.0,
    "vg_unique_sat_lo": 0.0,
    "vg_unique_sat_hi": 1.0
  }
}