{
  "epoch": 33,
  "config": {
    "seed": 1,
    "gamma": 0.3,
    "margin": 0.05,
    "delta": 0.05,
    "input_vmin": 0.0,
    "input_vmax": 1.0,
    "rails": [
      0.0,
      0.45
    ],
    "solver": "klu",
    "body_tie": "source",
    "body_res": 10.0,
    "rs_clamp": 10.0,
    "model_vto": 0.75,
    "vg_cutoff": 0.75,
    "vg_cutoff_epochs": 4,
    "vg_init": {
      "mode": "fixed",
      "lo": 1.0,
      "hi": 3.0,
      "fixed": 4.0
    },
    "epochs": 100,
    "device_include_path": "/home/ma-lab/Desktop/pyclln-final/device_model/nmos_lvl1_ald1106.lib",
    "device_subckt": "NMOSWRAP"
  },
  "train": {
    "acc": 0.9471120389700766,
    "hinge": 0.011882183576896323,
    "n_free": 1437,
    "n_clamp": 730,
    "hinge_active": 730,
    "hinge_active_frac": 0.5080027835768963,
    "skipped": 707,
    "reload_free": 0,
    "reload_clamp": 0,
    "nonfinite_free": 0,
    "nonfinite_clamp": 0
  },
  "val": {
    "acc": 0.9527777777777777,
    "hinge": 0.011762285000000003,
    "test_gap_mean": 0.04579123444444445,
    "test_gap_median": 0.04968275,
    "test_gap_std": 0.024362832291838686,
    "test_satisfy_frac": 0.49444444444444446,
    "test_hinge_mean": 0.011762285,
    "val_reloads": 0.0,
    "val_nonfinite": 0.0
  },
  "timing_s": {
    "epoch_total": 80.05585479736328,
    "train_free": 40.361928939819336,
    "train_clamp": 20.474130868911743,
    "train_update": 1.818467378616333
  },
  "vg_stats": {
    "vg_unique_min": 0.47137121268666704,
    "vg_unique_max": 8.0,
    "vg_unique_sat_lo": 0.0,
    "vg_unique_sat_hi": 2.0
  }
}