{
  "epoch": 51,
  "config": {
    "seed": 1,
    "gamma": 0.3,
    "margin": 0.05,
    "delta": 0.05,
    "input_vmin": 0.0,
    "input_vmax": 1.0,
    "rails": [
      0.0,
      0.45
    ],
    "solver": "klu",
    "body_tie": "source",
    "body_res": 10.0,
    "rs_clamp": 10.0,
    "model_vto": 0.75,
    "vg_cutoff": 0.75,
    "vg_cutoff_epochs": 4,
    "vg_init": {
      "mode": "fixed",
      "lo": 1.0,
      "hi": 3.0,
      "fixed": 4.0
    },
    "epochs": 100,
    "device_include_path": "/home/ma-lab/Desktop/pyclln-final/device_model/nmos_lvl1_ald1106.lib",
    "device_subckt": "NMOSWRAP"
  },
  "train": {
    "acc": 0.954070981210856,
    "hinge": 0.009721822686151705,
    "n_free": 1437,
    "n_clamp": 593,
    "hinge_active": 593,
    "hinge_active_frac": 0.4126652748782185,
    "skipped": 844,
    "reload_free": 0,
    "reload_clamp": 0,
    "nonfinite_free": 0,
    "nonfinite_clamp": 0
  },
  "val": {
    "acc": 0.95,
    "hinge": 0.010054811944444447,
    "test_gap_mean": 0.051105838888888894,
    "test_gap_median": 0.054493349999999996,
    "test_gap_std": 0.026628513674793308,
    "test_satisfy_frac": 0.5611111111111111,
    "test_hinge_mean": 0.010054811944444441,
    "val_reloads": 0.0,
    "val_nonfinite": 0.0
  },
  "timing_s": {
    "epoch_total": 83.59785485267639,
    "train_free": 44.0423059463501,
    "train_clamp": 18.302990913391113,
    "train_update": 1.5610706806182861
  },
  "vg_stats": {
    "vg_unique_min": 0.6408810066312308,
    "vg_unique_max": 8.0,
    "vg_unique_sat_lo": 0.0,
    "vg_unique_sat_hi": 2.0
  }
}