{
  "epoch": 87,
  "config": {
    "seed": 1,
    "gamma": 0.3,
    "margin": 0.05,
    "delta": 0.05,
    "input_vmin": 0.0,
    "input_vmax": 1.0,
    "rails": [
      0.0,
      0.45
    ],
    "solver": "klu",
    "body_tie": "source",
    "body_res": 10.0,
    "rs_clamp": 10.0,
    "model_vto": 0.75,
    "vg_cutoff": 0.75,
    "vg_cutoff_epochs": 4,
    "vg_init": {
      "mode": "fixed",
      "lo": 1.0,
      "hi": 3.0,
      "fixed": 4.0
    },
    "epochs": 100,
    "device_include_path": "/home/ma-lab/Desktop/pyclln-final/device_model/nmos_lvl1_ald1106.lib",
    "device_subckt": "NMOSWRAP"
  },
  "train": {
    "acc": 0.9582463465553236,
    "hinge": 0.007922079471120393,
    "n_free": 1437,
    "n_clamp": 462,
    "hinge_active": 462,
    "hinge_active_frac": 0.32150313152400833,
    "skipped": 975,
    "reload_free": 0,
    "reload_clamp": 0,
    "nonfinite_free": 0,
    "nonfinite_clamp": 0
  },
  "val": {
    "acc": 0.9527777777777777,
    "hinge": 0.008717343888888894,
    "test_gap_mean": 0.05715352638888889,
    "test_gap_median": 0.06071120000000002,
    "test_gap_std": 0.029426224609136176,
    "test_satisfy_frac": 0.65,
    "test_hinge_mean": 0.00871734388888889,
    "val_reloads": 0.0,
    "val_nonfinite": 0.0
  },
  "timing_s": {
    "epoch_total": 63.151522159576416,
    "train_free": 35.463385581970215,
    "train_clamp": 11.347469568252563,
    "train_update": 1.0634946823120117
  },
  "vg_stats": {
    "vg_unique_min": 0.6947408495952131,
    "vg_unique_max": 8.0,
    "vg_unique_sat_lo": 0.0,
    "vg_unique_sat_hi": 3.0
  }
}