{
  "epoch": 68,
  "config": {
    "seed": 1,
    "gamma": 0.3,
    "margin": 0.05,
    "delta": 0.05,
    "input_vmin": 0.0,
    "input_vmax": 1.0,
    "rails": [
      0.0,
      0.45
    ],
    "solver": "klu",
    "body_tie": "source",
    "body_res": 10.0,
    "rs_clamp": 10.0,
    "model_vto": 0.75,
    "vg_cutoff": 0.75,
    "vg_cutoff_epochs": 4,
    "vg_init": {
      "mode": "fixed",
      "lo": 1.0,
      "hi": 3.0,
      "fixed": 4.0
    },
    "epochs": 100,
    "device_include_path": "/home/ma-lab/Desktop/pyclln-final/device_model/nmos_lvl1_ald1106.lib",
    "device_subckt": "NMOSWRAP"
  },
  "train": {
    "acc": 0.9561586638830898,
    "hinge": 0.00869255782881003,
    "n_free": 1437,
    "n_clamp": 515,
    "hinge_active": 515,
    "hinge_active_frac": 0.3583855254001392,
    "skipped": 922,
    "reload_free": 0,
    "reload_clamp": 0,
    "nonfinite_free": 0,
    "nonfinite_clamp": 0
  },
  "val": {
    "acc": 0.95,
    "hinge": 0.009316729166666673,
    "test_gap_mean": 0.05410297527777778,
    "test_gap_median": 0.057645699999999994,
    "test_gap_std": 0.028004142113804142,
    "test_satisfy_frac": 0.6166666666666667,
    "test_hinge_mean": 0.009316729166666668,
    "val_reloads": 0.0,
    "val_nonfinite": 0.0
  },
  "timing_s": {
    "epoch_total": 68.40292239189148,
    "train_free": 37.21435213088989,
    "train_clamp": 13.337396144866943,
    "train_update": 1.270775318145752
  },
  "vg_stats": {
    "vg_unique_min": 0.6815388159823473,
    "vg_unique_max": 8.0,
    "vg_unique_sat_lo": 0.0,
    "vg_unique_sat_hi": 5.0
  }
}