{
  "epoch": 48,
  "config": {
    "seed": 1,
    "gamma": 0.3,
    "margin": 0.05,
    "delta": 0.05,
    "input_vmin": 0.0,
    "input_vmax": 1.0,
    "rails": [
      0.0,
      0.45
    ],
    "solver": "klu",
    "body_tie": "source",
    "body_res": 10.0,
    "rs_clamp": 10.0,
    "model_vto": 0.75,
    "vg_cutoff": 0.75,
    "vg_cutoff_epochs": 4,
    "vg_init": {
      "mode": "fixed",
      "lo": 1.0,
      "hi": 3.0,
      "fixed": 4.0
    },
    "epochs": 100,
    "device_include_path": "/home/ma-lab/Desktop/pyclln-final/device_model/nmos_lvl1_ald1106.lib",
    "device_subckt": "NMOSWRAP"
  },
  "train": {
    "acc": 0.954070981210856,
    "hinge": 0.009990440779401536,
    "n_free": 1437,
    "n_clamp": 611,
    "hinge_active": 611,
    "hinge_active_frac": 0.42519137091162146,
    "skipped": 826,
    "reload_free": 0,
    "reload_clamp": 0,
    "nonfinite_free": 0,
    "nonfinite_clamp": 0
  },
  "val": {
    "acc": 0.9527777777777777,
    "hinge": 0.010234550277777787,
    "test_gap_mean": 0.050322366111111114,
    "test_gap_median": 0.0540206,
    "test_gap_std": 0.026179075961955792,
    "test_satisfy_frac": 0.5666666666666667,
    "test_hinge_mean": 0.010234550277777778,
    "val_reloads": 0.0,
    "val_nonfinite": 0.0
  },
  "timing_s": {
    "epoch_total": 82.30092692375183,
    "train_free": 42.95901322364807,
    "train_clamp": 18.40763568878174,
    "train_update": 1.7693564891815186
  },
  "vg_stats": {
    "vg_unique_min": 0.5614182602877694,
    "vg_unique_max": 8.0,
    "vg_unique_sat_lo": 0.0,
    "vg_unique_sat_hi": 4.0
  }
}