{
  "test_gap_mean": 0.05977276916666666,
  "test_gap_median": 0.06398125,
  "test_gap_std": 0.04093445641333254,
  "test_satisfy_frac": 0.17222222222222222,
  "test_hinge_mean": 0.042939376388888895,
  "val_reloads": 0.0,
  "val_nonfinite": 0.0
}