{
  "test_gap_mean": 0.03961169277777778,
  "test_gap_median": 0.04169215000000001,
  "test_gap_std": 0.033343330608763974,
  "test_satisfy_frac": 0.025,
  "test_hinge_mean": 0.060564360555555564,
  "val_reloads": 0.0,
  "val_nonfinite": 0.0
}