{
  "test_gap_mean": 0.060674764444444446,
  "test_gap_median": 0.06468965000000002,
  "test_gap_std": 0.04113610298274042,
  "test_satisfy_frac": 0.18055555555555555,
  "test_hinge_mean": 0.04223135944444444,
  "val_reloads": 0.0,
  "val_nonfinite": 0.0
}