{
  "test_gap_mean": 0.0424736525,
  "test_gap_median": 0.04395629999999999,
  "test_gap_std": 0.034682742373409965,
  "test_satisfy_frac": 0.03611111111111111,
  "test_hinge_mean": 0.057846753888888894,
  "val_reloads": 0.0,
  "val_nonfinite": 0.0
}