{
  "test_gap_mean": 0.0615352325,
  "test_gap_median": 0.06580099999999998,
  "test_gap_std": 0.04132991927899979,
  "test_satisfy_frac": 0.19444444444444445,
  "test_hinge_mean": 0.04156062333333334,
  "val_reloads": 0.0,
  "val_nonfinite": 0.0
}