{
  "test_gap_mean": 0.061955145,
  "test_gap_median": 0.06670775000000001,
  "test_gap_std": 0.04138227530843204,
  "test_satisfy_frac": 0.2,
  "test_hinge_mean": 0.04121996666666668,
  "val_reloads": 0.0,
  "val_nonfinite": 0.0
}