{
  "test_gap_mean": 0.047587736388888885,
  "test_gap_median": 0.048549850000000006,
  "test_gap_std": 0.036942638008282264,
  "test_satisfy_frac": 0.06111111111111111,
  "test_hinge_mean": 0.053132425000000004,
  "val_reloads": 0.0,
  "val_nonfinite": 0.0
}