{
  "test_gap_mean": 0.06891061833333334,
  "test_gap_median": 0.0725105,
  "test_gap_std": 0.04330694909976467,
  "test_satisfy_frac": 0.2611111111111111,
  "test_hinge_mean": 0.036274979166666665,
  "val_reloads": 0.0,
  "val_nonfinite": 0.0
}