{
  "test_gap_mean": 0.062439334444444446,
  "test_gap_median": 0.06682090000000002,
  "test_gap_std": 0.04151537166715055,
  "test_satisfy_frac": 0.20555555555555555,
  "test_hinge_mean": 0.040859631944444454,
  "val_reloads": 0.0,
  "val_nonfinite": 0.0
}