{
  "epoch": 20,
  "config": {
    "seed": 1,
    "gamma": 0.03,
    "margin": 0.1,
    "delta": 0.05,
    "input_vmin": 0.0,
    "input_vmax": 1.0,
    "rails": [
      0.0,
      0.45
    ],
    "solver": "klu",
    "body_tie": "source",
    "body_res": 10.0,
    "rs_clamp": 10.0,
    "model_vto": 0.75,
    "vg_cutoff": 0.75,
    "vg_cutoff_epochs": 4,
    "vg_init": {
      "mode": "random",
      "lo": 0.75,
      "hi": 3.0,
      "fixed": 2.0
    },
    "epochs": 100,
    "device_include_path": "/home/ma-lab/Desktop/pyclln-final/device_model/nmos_lvl1_ald1106.lib",
    "device_subckt": "NMOSWRAP"
  },
  "train": {
    "acc": 0.8218510786360473,
    "hinge": 0.07274116938065403,
    "n_free": 1437,
    "n_clamp": 1435,
    "hinge_active": 1435,
    "hinge_active_frac": 0.9986082115518441,
    "skipped": 2,
    "reload_free": 0,
    "reload_clamp": 0,
    "nonfinite_free": 0,
    "nonfinite_clamp": 0
  },
  "val": {
    "acc": 0.8222222222222222,
    "hinge": 0.07249391111111111,
    "test_gap_mean": 0.027506088888888888,
    "test_gap_median": 0.028451999999999977,
    "test_gap_std": 0.02766673109737054,
    "test_satisfy_frac": 0.0,
    "test_hinge_mean": 0.07249391111111111,
    "val_reloads": 0.0,
    "val_nonfinite": 0.0
  },
  "timing_s": {
    "epoch_total": 95.83899116516113,
    "train_free": 37.00559854507446,
    "train_clamp": 37.98994421958923,
    "train_update": 3.2205655574798584
  },
  "vg_stats": {
    "vg_unique_min": 0.662367071888804,
    "vg_unique_max": 3.521064473190775,
    "vg_unique_sat_lo": 0.0,
    "vg_unique_sat_hi": 0.0
  }
}