{
  "epoch": 74,
  "config": {
    "seed": 1,
    "gamma": 0.03,
    "margin": 0.1,
    "delta": 0.05,
    "input_vmin": 0.0,
    "input_vmax": 1.0,
    "rails": [
      0.0,
      0.45
    ],
    "solver": "klu",
    "body_tie": "source",
    "body_res": 10.0,
    "rs_clamp": 10.0,
    "model_vto": 0.75,
    "vg_cutoff": 0.75,
    "vg_cutoff_epochs": 4,
    "vg_init": {
      "mode": "random",
      "lo": 0.75,
      "hi": 3.0,
      "fixed": 2.0
    },
    "epochs": 100,
    "device_include_path": "/home/ma-lab/Desktop/pyclln-final/device_model/nmos_lvl1_ald1106.lib",
    "device_subckt": "NMOSWRAP"
  },
  "train": {
    "acc": 0.9164926931106472,
    "hinge": 0.03929058691718864,
    "n_free": 1437,
    "n_clamp": 1033,
    "hinge_active": 1033,
    "hinge_active_frac": 0.7188587334725122,
    "skipped": 404,
    "reload_free": 0,
    "reload_clamp": 0,
    "nonfinite_free": 0,
    "nonfinite_clamp": 0
  },
  "val": {
    "acc": 0.9305555555555556,
    "hinge": 0.03852673805555556,
    "test_gap_mean": 0.065601355,
    "test_gap_median": 0.06939664999999996,
    "test_gap_std": 0.04220334709467732,
    "test_satisfy_frac": 0.24166666666666667,
    "test_hinge_mean": 0.03852673805555556,
    "val_reloads": 0.0,
    "val_nonfinite": 0.0
  },
  "timing_s": {
    "epoch_total": 74.91911554336548,
    "train_free": 32.65826940536499,
    "train_clamp": 23.254459142684937,
    "train_update": 2.456421375274658
  },
  "vg_stats": {
    "vg_unique_min": 0.6870699452591688,
    "vg_unique_max": 4.6489945648249025,
    "vg_unique_sat_lo": 0.0,
    "vg_unique_sat_hi": 0.0
  }
}