{
  "epoch": 98,
  "config": {
    "seed": 1,
    "gamma": 0.03,
    "margin": 0.1,
    "delta": 0.05,
    "input_vmin": 0.0,
    "input_vmax": 1.0,
    "rails": [
      0.0,
      0.45
    ],
    "solver": "klu",
    "body_tie": "source",
    "body_res": 10.0,
    "rs_clamp": 10.0,
    "model_vto": 0.75,
    "vg_cutoff": 0.75,
    "vg_cutoff_epochs": 4,
    "vg_init": {
      "mode": "random",
      "lo": 0.75,
      "hi": 3.0,
      "fixed": 2.0
    },
    "epochs": 100,
    "device_include_path": "/home/ma-lab/Desktop/pyclln-final/device_model/nmos_lvl1_ald1106.lib",
    "device_subckt": "NMOSWRAP"
  },
  "train": {
    "acc": 0.9311064718162839,
    "hinge": 0.0335321512178149,
    "n_free": 1437,
    "n_clamp": 941,
    "hinge_active": 941,
    "hinge_active_frac": 0.6548364648573417,
    "skipped": 496,
    "reload_free": 0,
    "reload_clamp": 0,
    "nonfinite_free": 0,
    "nonfinite_clamp": 0
  },
  "val": {
    "acc": 0.9444444444444444,
    "hinge": 0.03316974000000001,
    "test_gap_mean": 0.07388872138888888,
    "test_gap_median": 0.0767739,
    "test_gap_std": 0.04489197084710092,
    "test_satisfy_frac": 0.31666666666666665,
    "test_hinge_mean": 0.03316974000000001,
    "val_reloads": 0.0,
    "val_nonfinite": 0.0
  },
  "timing_s": {
    "epoch_total": 59.81394171714783,
    "train_free": 26.84262704849243,
    "train_clamp": 17.532617330551147,
    "train_update": 1.8207743167877197
  },
  "vg_stats": {
    "vg_unique_min": 0.7106530067847545,
    "vg_unique_max": 5.094978917267846,
    "vg_unique_sat_lo": 0.0,
    "vg_unique_sat_hi": 0.0
  }
}