{
  "epoch": 40,
  "config": {
    "seed": 1,
    "gamma": 0.03,
    "margin": 0.1,
    "delta": 0.05,
    "input_vmin": 0.0,
    "input_vmax": 1.0,
    "rails": [
      0.0,
      0.45
    ],
    "solver": "klu",
    "body_tie": "source",
    "body_res": 10.0,
    "rs_clamp": 10.0,
    "model_vto": 0.75,
    "vg_cutoff": 0.75,
    "vg_cutoff_epochs": 4,
    "vg_init": {
      "mode": "random",
      "lo": 0.75,
      "hi": 3.0,
      "fixed": 2.0
    },
    "epochs": 100,
    "device_include_path": "/home/ma-lab/Desktop/pyclln-final/device_model/nmos_lvl1_ald1106.lib",
    "device_subckt": "NMOSWRAP"
  },
  "train": {
    "acc": 0.8803061934585943,
    "hinge": 0.052513860334029216,
    "n_free": 1437,
    "n_clamp": 1264,
    "hinge_active": 1264,
    "hinge_active_frac": 0.8796102992345164,
    "skipped": 173,
    "reload_free": 0,
    "reload_clamp": 0,
    "nonfinite_free": 0,
    "nonfinite_clamp": 0
  },
  "val": {
    "acc": 0.8916666666666667,
    "hinge": 0.052448225833333355,
    "test_gap_mean": 0.04835769277777778,
    "test_gap_median": 0.04955525000000002,
    "test_gap_std": 0.03725412113567889,
    "test_satisfy_frac": 0.06944444444444445,
    "test_hinge_mean": 0.05244822583333334,
    "val_reloads": 0.0,
    "val_nonfinite": 0.0
  },
  "timing_s": {
    "epoch_total": 87.12685751914978,
    "train_free": 35.68892192840576,
    "train_clamp": 31.27584195137024,
    "train_update": 2.9595961570739746
  },
  "vg_stats": {
    "vg_unique_min": 0.6485649493611776,
    "vg_unique_max": 3.995564788546785,
    "vg_unique_sat_lo": 0.0,
    "vg_unique_sat_hi": 0.0
  }
}