{
  "epoch": 1,
  "config": {
    "seed": 1,
    "gamma": 0.03,
    "margin": 0.1,
    "delta": 0.05,
    "input_vmin": 0.0,
    "input_vmax": 1.0,
    "rails": [
      0.0,
      0.45
    ],
    "solver": "klu",
    "body_tie": "source",
    "body_res": 10.0,
    "rs_clamp": 10.0,
    "model_vto": 0.75,
    "vg_cutoff": 0.75,
    "vg_cutoff_epochs": 4,
    "vg_init": {
      "mode": "random",
      "lo": 0.75,
      "hi": 3.0,
      "fixed": 2.0
    },
    "epochs": 100,
    "device_include_path": "/home/ma-lab/Desktop/pyclln-final/device_model/nmos_lvl1_ald1106.lib",
    "device_subckt": "NMOSWRAP"
  },
  "train": {
    "acc": 0.13291579679888657,
    "hinge": 0.1278314860125261,
    "n_free": 1437,
    "n_clamp": 1437,
    "hinge_active": 1437,
    "hinge_active_frac": 1.0,
    "skipped": 0,
    "reload_free": 0,
    "reload_clamp": 0,
    "nonfinite_free": 0,
    "nonfinite_clamp": 0
  },
  "val": {
    "acc": 0.1527777777777778,
    "hinge": 0.12354337305555559,
    "test_gap_mean": -0.023543373055555556,
    "test_gap_median": -0.022006100000000015,
    "test_gap_std": 0.024841812180404,
    "test_satisfy_frac": 0.0,
    "test_hinge_mean": 0.12354337305555557,
    "val_reloads": 0.0,
    "val_nonfinite": 0.0
  },
  "timing_s": {
    "epoch_total": 83.81969380378723,
    "train_free": 30.820796012878418,
    "train_clamp": 31.284252405166626,
    "train_update": 3.592522621154785
  },
  "vg_stats": {
    "vg_unique_min": 0.6634501540211223,
    "vg_unique_max": 3.030283197262112,
    "vg_unique_sat_lo": 0.0,
    "vg_unique_sat_hi": 0.0
  }
}