{
  "epoch": 36,
  "config": {
    "seed": 1,
    "gamma": 0.03,
    "margin": 0.1,
    "delta": 0.05,
    "input_vmin": 0.0,
    "input_vmax": 1.0,
    "rails": [
      0.0,
      0.45
    ],
    "solver": "klu",
    "body_tie": "source",
    "body_res": 10.0,
    "rs_clamp": 10.0,
    "model_vto": 0.75,
    "vg_cutoff": 0.75,
    "vg_cutoff_epochs": 4,
    "vg_init": {
      "mode": "random",
      "lo": 0.75,
      "hi": 3.0,
      "fixed": 2.0
    },
    "epochs": 100,
    "device_include_path": "/home/ma-lab/Desktop/pyclln-final/device_model/nmos_lvl1_ald1106.lib",
    "device_subckt": "NMOSWRAP"
  },
  "train": {
    "acc": 0.8754349338900487,
    "hinge": 0.05519633827418228,
    "n_free": 1437,
    "n_clamp": 1313,
    "hinge_active": 1313,
    "hinge_active_frac": 0.9137091162143354,
    "skipped": 124,
    "reload_free": 0,
    "reload_clamp": 0,
    "nonfinite_free": 0,
    "nonfinite_clamp": 0
  },
  "val": {
    "acc": 0.8833333333333333,
    "hinge": 0.055335516944444454,
    "test_gap_mean": 0.045152777222222225,
    "test_gap_median": 0.046034900000000004,
    "test_gap_std": 0.035917620184090594,
    "test_satisfy_frac": 0.05277777777777778,
    "test_hinge_mean": 0.05533551694444445,
    "val_reloads": 0.0,
    "val_nonfinite": 0.0
  },
  "timing_s": {
    "epoch_total": 84.66739273071289,
    "train_free": 34.26444482803345,
    "train_clamp": 31.187686443328857,
    "train_update": 2.9343535900115967
  },
  "vg_stats": {
    "vg_unique_min": 0.6541832443224012,
    "vg_unique_max": 3.9259629399966407,
    "vg_unique_sat_lo": 0.0,
    "vg_unique_sat_hi": 0.0
  }
}