{
  "epoch": 30,
  "config": {
    "seed": 1,
    "gamma": 0.03,
    "margin": 0.1,
    "delta": 0.05,
    "input_vmin": 0.0,
    "input_vmax": 1.0,
    "rails": [
      0.0,
      0.45
    ],
    "solver": "klu",
    "body_tie": "source",
    "body_res": 10.0,
    "rs_clamp": 10.0,
    "model_vto": 0.75,
    "vg_cutoff": 0.75,
    "vg_cutoff_epochs": 4,
    "vg_init": {
      "mode": "random",
      "lo": 0.75,
      "hi": 3.0,
      "fixed": 2.0
    },
    "epochs": 100,
    "device_include_path": "/home/ma-lab/Desktop/pyclln-final/device_model/nmos_lvl1_ald1106.lib",
    "device_subckt": "NMOSWRAP"
  },
  "train": {
    "acc": 0.8691718858733473,
    "hinge": 0.06031926993736942,
    "n_free": 1437,
    "n_clamp": 1379,
    "hinge_active": 1379,
    "hinge_active_frac": 0.9596381350034795,
    "skipped": 58,
    "reload_free": 0,
    "reload_clamp": 0,
    "nonfinite_free": 0,
    "nonfinite_clamp": 0
  },
  "val": {
    "acc": 0.8638888888888889,
    "hinge": 0.06056436055555559,
    "test_gap_mean": 0.03961169277777778,
    "test_gap_median": 0.04169215000000001,
    "test_gap_std": 0.033343330608763974,
    "test_satisfy_frac": 0.025,
    "test_hinge_mean": 0.060564360555555564,
    "val_reloads": 0.0,
    "val_nonfinite": 0.0
  },
  "timing_s": {
    "epoch_total": 93.7029197216034,
    "train_free": 36.60904359817505,
    "train_clamp": 35.00067710876465,
    "train_update": 3.3168272972106934
  },
  "vg_stats": {
    "vg_unique_min": 0.5856978318918307,
    "vg_unique_max": 3.77622007376954,
    "vg_unique_sat_lo": 0.0,
    "vg_unique_sat_hi": 0.0
  }
}