{
  "epoch": 49,
  "config": {
    "seed": 1,
    "gamma": 0.03,
    "margin": 0.1,
    "delta": 0.05,
    "input_vmin": 0.0,
    "input_vmax": 1.0,
    "rails": [
      0.0,
      0.45
    ],
    "solver": "klu",
    "body_tie": "source",
    "body_res": 10.0,
    "rs_clamp": 10.0,
    "model_vto": 0.75,
    "vg_cutoff": 0.75,
    "vg_cutoff_epochs": 4,
    "vg_init": {
      "mode": "random",
      "lo": 0.75,
      "hi": 3.0,
      "fixed": 2.0
    },
    "epochs": 100,
    "device_include_path": "/home/ma-lab/Desktop/pyclln-final/device_model/nmos_lvl1_ald1106.lib",
    "device_subckt": "NMOSWRAP"
  },
  "train": {
    "acc": 0.8977035490605428,
    "hinge": 0.0478999002087683,
    "n_free": 1437,
    "n_clamp": 1181,
    "hinge_active": 1181,
    "hinge_active_frac": 0.8218510786360473,
    "skipped": 256,
    "reload_free": 0,
    "reload_clamp": 0,
    "nonfinite_free": 0,
    "nonfinite_clamp": 0
  },
  "val": {
    "acc": 0.9027777777777778,
    "hinge": 0.04747473583333334,
    "test_gap_mean": 0.054137811111111114,
    "test_gap_median": 0.05687234999999999,
    "test_gap_std": 0.03928342491135682,
    "test_satisfy_frac": 0.11944444444444445,
    "test_hinge_mean": 0.04747473583333334,
    "val_reloads": 0.0,
    "val_nonfinite": 0.0
  },
  "timing_s": {
    "epoch_total": 91.35923528671265,
    "train_free": 38.157559633255005,
    "train_clamp": 31.022052526474,
    "train_update": 3.2068018913269043
  },
  "vg_stats": {
    "vg_unique_min": 0.6643186400309358,
    "vg_unique_max": 4.118482811043633,
    "vg_unique_sat_lo": 0.0,
    "vg_unique_sat_hi": 0.0
  }
}