{
  "test_gap_mean": 0.08412079,
  "test_gap_median": 0.0878642,
  "test_gap_std": 0.05528244502066245,
  "test_satisfy_frac": 0.44722222222222224,
  "test_hinge_mean": 0.03018981805555556,
  "val_reloads": 0.0,
  "val_nonfinite": 0.0
}