{
  "test_gap_mean": 0.07393749472222222,
  "test_gap_median": 0.07553094999999999,
  "test_gap_std": 0.051893020676887114,
  "test_satisfy_frac": 0.35,
  "test_hinge_mean": 0.03543118305555556,
  "val_reloads": 0.0,
  "val_nonfinite": 0.0
}