{
  "test_gap_mean": 0.11470101666666667,
  "test_gap_median": 0.1201864,
  "test_gap_std": 0.07260669895997468,
  "test_satisfy_frac": 0.6055555555555555,
  "test_hinge_mean": 0.021812910555555554,
  "val_reloads": 0.0,
  "val_nonfinite": 0.0
}