{
  "test_gap_mean": 0.1151637486111111,
  "test_gap_median": 0.11901354999999997,
  "test_gap_std": 0.0737501784071051,
  "test_satisfy_frac": 0.6083333333333333,
  "test_hinge_mean": 0.021949920833333334,
  "val_reloads": 0.0,
  "val_nonfinite": 0.0
}