{
  "test_gap_mean": 0.10330205361111111,
  "test_gap_median": 0.11432510000000001,
  "test_gap_std": 0.0639943230020739,
  "test_satisfy_frac": 0.5777777777777777,
  "test_hinge_mean": 0.023222712222222223,
  "val_reloads": 0.0,
  "val_nonfinite": 0.0
}