{
  "epoch": 25,
  "config": {
    "seed": 0,
    "gamma": 0.3,
    "margin": 0.1,
    "delta": 0.05,
    "input_vmin": 0.0,
    "input_vmax": 1.0,
    "rails": [
      0.0,
      0.45
    ],
    "solver": "klu",
    "body_tie": "source",
    "body_res": 10.0,
    "rs_clamp": 10.0,
    "model_vto": 0.75,
    "vg_cutoff": 0.75,
    "vg_cutoff_epochs": 4,
    "vg_init": {
      "mode": "random",
      "lo": 0.75,
      "hi": 3.0,
      "fixed": 2.0
    },
    "epochs": 100,
    "device_include_path": "/home/ma-lab/Desktop/pyclln-final/device_model/nmos_lvl1_ald1106.lib",
    "device_subckt": "NMOSWRAP"
  },
  "train": {
    "acc": 0.9471120389700766,
    "hinge": 0.020278658733472506,
    "n_free": 1437,
    "n_clamp": 582,
    "hinge_active": 582,
    "hinge_active_frac": 0.40501043841336115,
    "skipped": 855,
    "reload_free": 0,
    "reload_clamp": 0,
    "nonfinite_free": 0,
    "nonfinite_clamp": 0
  },
  "val": {
    "acc": 0.9333333333333333,
    "hinge": 0.02403538194444444,
    "test_gap_mean": 0.10018889666666667,
    "test_gap_median": 0.10930899999999996,
    "test_gap_std": 0.06229475943254813,
    "test_satisfy_frac": 0.5416666666666666,
    "test_hinge_mean": 0.024035381944444448,
    "val_reloads": 0.0,
    "val_nonfinite": 0.0
  },
  "timing_s": {
    "epoch_total": 34.92553997039795,
    "train_free": 17.118163585662842,
    "train_clamp": 6.88435435295105,
    "train_update": 0.8713040351867676
  },
  "vg_stats": {
    "vg_unique_min": 0.5334833954216357,
    "vg_unique_max": 5.982961932564074,
    "vg_unique_sat_lo": 0.0,
    "vg_unique_sat_hi": 0.0
  }
}