{
  "epoch": 43,
  "config": {
    "seed": 0,
    "gamma": 0.3,
    "margin": 0.1,
    "delta": 0.05,
    "input_vmin": 0.0,
    "input_vmax": 1.0,
    "rails": [
      0.0,
      0.45
    ],
    "solver": "klu",
    "body_tie": "source",
    "body_res": 10.0,
    "rs_clamp": 10.0,
    "model_vto": 0.75,
    "vg_cutoff": 0.75,
    "vg_cutoff_epochs": 4,
    "vg_init": {
      "mode": "random",
      "lo": 0.75,
      "hi": 3.0,
      "fixed": 2.0
    },
    "epochs": 100,
    "device_include_path": "/home/ma-lab/Desktop/pyclln-final/device_model/nmos_lvl1_ald1106.lib",
    "device_subckt": "NMOSWRAP"
  },
  "train": {
    "acc": 0.9568545581071677,
    "hinge": 0.017704271746694523,
    "n_free": 1437,
    "n_clamp": 510,
    "hinge_active": 510,
    "hinge_active_frac": 0.35490605427974947,
    "skipped": 927,
    "reload_free": 0,
    "reload_clamp": 0,
    "nonfinite_free": 0,
    "nonfinite_clamp": 0
  },
  "val": {
    "acc": 0.9444444444444444,
    "hinge": 0.022533402222222228,
    "test_gap_mean": 0.10714788666666665,
    "test_gap_median": 0.11575339999999998,
    "test_gap_std": 0.06623795607690913,
    "test_satisfy_frac": 0.6,
    "test_hinge_mean": 0.022533402222222228,
    "val_reloads": 0.0,
    "val_nonfinite": 0.0
  },
  "timing_s": {
    "epoch_total": 22.109180450439453,
    "train_free": 10.497390270233154,
    "train_clamp": 3.683823585510254,
    "train_update": 0.6916239261627197
  },
  "vg_stats": {
    "vg_unique_min": 0.5470737296331504,
    "vg_unique_max": 5.9772686050896855,
    "vg_unique_sat_lo": 0.0,
    "vg_unique_sat_hi": 0.0
  }
}