{
  "test_gap_mean": 0.1366676411111111,
  "test_gap_median": 0.1321345,
  "test_gap_std": 0.1129031377884671,
  "test_satisfy_frac": 0.8027777777777778,
  "test_hinge_mean": 0.013389169444444444,
  "val_reloads": 0.0,
  "val_nonfinite": 0.0
}