{
  "test_gap_mean": 0.120466695,
  "test_gap_median": 0.11139769999999999,
  "test_gap_std": 0.10402635332798489,
  "test_satisfy_frac": 0.7805555555555556,
  "test_hinge_mean": 0.013627307777777776,
  "val_reloads": 0.0,
  "val_nonfinite": 0.0
}