{
  "test_gap_mean": 0.1306238813888889,
  "test_gap_median": 0.12329120000000002,
  "test_gap_std": 0.10856252125776528,
  "test_satisfy_frac": 0.8083333333333333,
  "test_hinge_mean": 0.01350378527777778,
  "val_reloads": 0.0,
  "val_nonfinite": 0.0
}