{
  "test_gap_mean": 0.1327612111111111,
  "test_gap_median": 0.130286,
  "test_gap_std": 0.10878543277271517,
  "test_satisfy_frac": 0.8055555555555556,
  "test_hinge_mean": 0.012703683333333333,
  "val_reloads": 0.0,
  "val_nonfinite": 0.0
}