{
  "test_gap_mean": 0.1323837827777778,
  "test_gap_median": 0.13253405,
  "test_gap_std": 0.10962807590143384,
  "test_satisfy_frac": 0.8055555555555556,
  "test_hinge_mean": 0.01264268222222222,
  "val_reloads": 0.0,
  "val_nonfinite": 0.0
}