{
  "test_gap_mean": 0.12495006527777777,
  "test_gap_median": 0.12333159999999999,
  "test_gap_std": 0.102919246760553,
  "test_satisfy_frac": 0.7944444444444444,
  "test_hinge_mean": 0.0126898825,
  "val_reloads": 0.0,
  "val_nonfinite": 0.0
}