{
  "test_gap_mean": 0.1288977872222222,
  "test_gap_median": 0.12330989999999999,
  "test_gap_std": 0.1080423713041015,
  "test_satisfy_frac": 0.8138888888888889,
  "test_hinge_mean": 0.013473785277777777,
  "val_reloads": 0.0,
  "val_nonfinite": 0.0
}