{
  "test_gap_mean": 0.1288055594444444,
  "test_gap_median": 0.12543035,
  "test_gap_std": 0.10885850575647739,
  "test_satisfy_frac": 0.8138888888888889,
  "test_hinge_mean": 0.013936107222222223,
  "val_reloads": 0.0,
  "val_nonfinite": 0.0
}