{
  "test_gap_mean": 0.12365107111111111,
  "test_gap_median": 0.11656545000000001,
  "test_gap_std": 0.10574494646291745,
  "test_satisfy_frac": 0.7805555555555556,
  "test_hinge_mean": 0.013957047222222222,
  "val_reloads": 0.0,
  "val_nonfinite": 0.0
}