{
  "epoch": 31,
  "config": {
    "seed": 2,
    "gamma": 0.3,
    "margin": 0.05,
    "delta": 0.1,
    "input_vmin": 0.0,
    "input_vmax": 1.0,
    "rails": [
      0.0,
      0.45
    ],
    "solver": "klu",
    "body_tie": "source",
    "body_res": 10.0,
    "rs_clamp": 10.0,
    "model_vto": 0.75,
    "vg_cutoff": 0.75,
    "vg_cutoff_epochs": 4,
    "vg_init": {
      "mode": "fixed",
      "lo": 1.0,
      "hi": 3.0,
      "fixed": 0.75
    },
    "epochs": 100,
    "device_include_path": "/home/ma-lab/Desktop/pyclln-final/device_model/nmos_lvl1_ald1106.lib",
    "device_subckt": "NMOSWRAP"
  },
  "train": {
    "acc": 0.929714683368128,
    "hinge": 0.009898270702853167,
    "n_free": 1437,
    "n_clamp": 279,
    "hinge_active": 279,
    "hinge_active_frac": 0.1941544885177453,
    "skipped": 1158,
    "reload_free": 0,
    "reload_clamp": 0,
    "nonfinite_free": 0,
    "nonfinite_clamp": 0
  },
  "val": {
    "acc": 0.8972222222222223,
    "hinge": 0.013936107222222225,
    "test_gap_mean": 0.1288055594444444,
    "test_gap_median": 0.12543035,
    "test_gap_std": 0.10885850575647739,
    "test_satisfy_frac": 0.8138888888888889,
    "test_hinge_mean": 0.013936107222222223,
    "val_reloads": 0.0,
    "val_nonfinite": 0.0
  },
  "timing_s": {
    "epoch_total": 9.760853290557861,
    "train_free": 4.769564628601074,
    "train_clamp": 0.8868424892425537,
    "train_update": 0.19796228408813477
  },
  "vg_stats": {
    "vg_unique_min": 0.7146903563851512,
    "vg_unique_max": 2.0240000792778012,
    "vg_unique_sat_lo": 0.0,
    "vg_unique_sat_hi": 0.0
  }
}