{
  "epoch": 85,
  "config": {
    "seed": 2,
    "gamma": 0.3,
    "margin": 0.05,
    "delta": 0.1,
    "input_vmin": 0.0,
    "input_vmax": 1.0,
    "rails": [
      0.0,
      0.45
    ],
    "solver": "klu",
    "body_tie": "source",
    "body_res": 10.0,
    "rs_clamp": 10.0,
    "model_vto": 0.75,
    "vg_cutoff": 0.75,
    "vg_cutoff_epochs": 4,
    "vg_init": {
      "mode": "fixed",
      "lo": 1.0,
      "hi": 3.0,
      "fixed": 0.75
    },
    "epochs": 100,
    "device_include_path": "/home/ma-lab/Desktop/pyclln-final/device_model/nmos_lvl1_ald1106.lib",
    "device_subckt": "NMOSWRAP"
  },
  "train": {
    "acc": 0.9352818371607515,
    "hinge": 0.009415489491997213,
    "n_free": 1437,
    "n_clamp": 275,
    "hinge_active": 275,
    "hinge_active_frac": 0.19137091162143355,
    "skipped": 1162,
    "reload_free": 0,
    "reload_clamp": 0,
    "nonfinite_free": 0,
    "nonfinite_clamp": 0
  },
  "val": {
    "acc": 0.8944444444444445,
    "hinge": 0.013438083055555557,
    "test_gap_mean": 0.13438223249999998,
    "test_gap_median": 0.12841540000000004,
    "test_gap_std": 0.11539667803206889,
    "test_satisfy_frac": 0.7944444444444444,
    "test_hinge_mean": 0.013438083055555557,
    "val_reloads": 0.0,
    "val_nonfinite": 0.0
  },
  "timing_s": {
    "epoch_total": 8.242342710494995,
    "train_free": 3.737677574157715,
    "train_clamp": 0.7123103141784668,
    "train_update": 0.17101335525512695
  },
  "vg_stats": {
    "vg_unique_min": 0.7274456675701823,
    "vg_unique_max": 2.1578888213326803,
    "vg_unique_sat_lo": 0.0,
    "vg_unique_sat_hi": 0.0
  }
}