{
  "epoch": 42,
  "config": {
    "seed": 2,
    "gamma": 0.3,
    "margin": 0.05,
    "delta": 0.1,
    "input_vmin": 0.0,
    "input_vmax": 1.0,
    "rails": [
      0.0,
      0.45
    ],
    "solver": "klu",
    "body_tie": "source",
    "body_res": 10.0,
    "rs_clamp": 10.0,
    "model_vto": 0.75,
    "vg_cutoff": 0.75,
    "vg_cutoff_epochs": 4,
    "vg_init": {
      "mode": "fixed",
      "lo": 1.0,
      "hi": 3.0,
      "fixed": 0.75
    },
    "epochs": 100,
    "device_include_path": "/home/ma-lab/Desktop/pyclln-final/device_model/nmos_lvl1_ald1106.lib",
    "device_subckt": "NMOSWRAP"
  },
  "train": {
    "acc": 0.9345859429366736,
    "hinge": 0.009337074460681985,
    "n_free": 1437,
    "n_clamp": 276,
    "hinge_active": 276,
    "hinge_active_frac": 0.19206680584551147,
    "skipped": 1161,
    "reload_free": 0,
    "reload_clamp": 0,
    "nonfinite_free": 0,
    "nonfinite_clamp": 0
  },
  "val": {
    "acc": 0.9027777777777778,
    "hinge": 0.013253351111111115,
    "test_gap_mean": 0.1329356552777778,
    "test_gap_median": 0.12436775000000003,
    "test_gap_std": 0.11405767563717185,
    "test_satisfy_frac": 0.7861111111111111,
    "test_hinge_mean": 0.013253351111111113,
    "val_reloads": 0.0,
    "val_nonfinite": 0.0
  },
  "timing_s": {
    "epoch_total": 9.00605583190918,
    "train_free": 4.173295259475708,
    "train_clamp": 0.7859535217285156,
    "train_update": 0.17814993858337402
  },
  "vg_stats": {
    "vg_unique_min": 0.7843483503085182,
    "vg_unique_max": 2.073478823907032,
    "vg_unique_sat_lo": 0.0,
    "vg_unique_sat_hi": 0.0
  }
}