{
  "epoch": 74,
  "config": {
    "seed": 2,
    "gamma": 0.3,
    "margin": 0.05,
    "delta": 0.1,
    "input_vmin": 0.0,
    "input_vmax": 1.0,
    "rails": [
      0.0,
      0.45
    ],
    "solver": "klu",
    "body_tie": "source",
    "body_res": 10.0,
    "rs_clamp": 10.0,
    "model_vto": 0.75,
    "vg_cutoff": 0.75,
    "vg_cutoff_epochs": 4,
    "vg_init": {
      "mode": "fixed",
      "lo": 1.0,
      "hi": 3.0,
      "fixed": 0.75
    },
    "epochs": 100,
    "device_include_path": "/home/ma-lab/Desktop/pyclln-final/device_model/nmos_lvl1_ald1106.lib",
    "device_subckt": "NMOSWRAP"
  },
  "train": {
    "acc": 0.9318023660403618,
    "hinge": 0.009317938900487129,
    "n_free": 1437,
    "n_clamp": 284,
    "hinge_active": 284,
    "hinge_active_frac": 0.19763395963813501,
    "skipped": 1153,
    "reload_free": 0,
    "reload_clamp": 0,
    "nonfinite_free": 0,
    "nonfinite_clamp": 0
  },
  "val": {
    "acc": 0.8944444444444445,
    "hinge": 0.013501465833333342,
    "test_gap_mean": 0.13699607305555556,
    "test_gap_median": 0.1256119,
    "test_gap_std": 0.11655609008533889,
    "test_satisfy_frac": 0.8111111111111111,
    "test_hinge_mean": 0.013501465833333332,
    "val_reloads": 0.0,
    "val_nonfinite": 0.0
  },
  "timing_s": {
    "epoch_total": 7.843157052993774,
    "train_free": 3.73161244392395,
    "train_clamp": 0.701347827911377,
    "train_update": 0.17452311515808105
  },
  "vg_stats": {
    "vg_unique_min": 0.7360978974678425,
    "vg_unique_max": 2.1414414510549014,
    "vg_unique_sat_lo": 0.0,
    "vg_unique_sat_hi": 0.0
  }
}