{
  "epoch": 26,
  "config": {
    "seed": 2,
    "gamma": 0.3,
    "margin": 0.05,
    "delta": 0.1,
    "input_vmin": 0.0,
    "input_vmax": 1.0,
    "rails": [
      0.0,
      0.45
    ],
    "solver": "klu",
    "body_tie": "source",
    "body_res": 10.0,
    "rs_clamp": 10.0,
    "model_vto": 0.75,
    "vg_cutoff": 0.75,
    "vg_cutoff_epochs": 4,
    "vg_init": {
      "mode": "fixed",
      "lo": 1.0,
      "hi": 3.0,
      "fixed": 0.75
    },
    "epochs": 100,
    "device_include_path": "/home/ma-lab/Desktop/pyclln-final/device_model/nmos_lvl1_ald1106.lib",
    "device_subckt": "NMOSWRAP"
  },
  "train": {
    "acc": 0.9373695198329853,
    "hinge": 0.009614386012526099,
    "n_free": 1437,
    "n_clamp": 286,
    "hinge_active": 286,
    "hinge_active_frac": 0.1990257480862909,
    "skipped": 1151,
    "reload_free": 0,
    "reload_clamp": 0,
    "nonfinite_free": 0,
    "nonfinite_clamp": 0
  },
  "val": {
    "acc": 0.9,
    "hinge": 0.013897165555555563,
    "test_gap_mean": 0.12774902833333332,
    "test_gap_median": 0.12116420000000003,
    "test_gap_std": 0.10789525528351188,
    "test_satisfy_frac": 0.8,
    "test_hinge_mean": 0.013897165555555554,
    "val_reloads": 0.0,
    "val_nonfinite": 0.0
  },
  "timing_s": {
    "epoch_total": 10.353106260299683,
    "train_free": 5.108946323394775,
    "train_clamp": 0.9904694557189941,
    "train_update": 0.27463626861572266
  },
  "vg_stats": {
    "vg_unique_min": 0.7508340885369896,
    "vg_unique_max": 2.002910281592992,
    "vg_unique_sat_lo": 0.0,
    "vg_unique_sat_hi": 0.0
  }
}