{
  "epoch": 60,
  "config": {
    "seed": 2,
    "gamma": 0.3,
    "margin": 0.05,
    "delta": 0.1,
    "input_vmin": 0.0,
    "input_vmax": 1.0,
    "rails": [
      0.0,
      0.45
    ],
    "solver": "klu",
    "body_tie": "source",
    "body_res": 10.0,
    "rs_clamp": 10.0,
    "model_vto": 0.75,
    "vg_cutoff": 0.75,
    "vg_cutoff_epochs": 4,
    "vg_init": {
      "mode": "fixed",
      "lo": 1.0,
      "hi": 3.0,
      "fixed": 0.75
    },
    "epochs": 100,
    "device_include_path": "/home/ma-lab/Desktop/pyclln-final/device_model/nmos_lvl1_ald1106.lib",
    "device_subckt": "NMOSWRAP"
  },
  "train": {
    "acc": 0.9352818371607515,
    "hinge": 0.009433303966597077,
    "n_free": 1437,
    "n_clamp": 272,
    "hinge_active": 272,
    "hinge_active_frac": 0.18928322894919972,
    "skipped": 1165,
    "reload_free": 0,
    "reload_clamp": 0,
    "nonfinite_free": 0,
    "nonfinite_clamp": 0
  },
  "val": {
    "acc": 0.9,
    "hinge": 0.013563794722222225,
    "test_gap_mean": 0.13684048416666666,
    "test_gap_median": 0.12863774999999997,
    "test_gap_std": 0.11578015267825843,
    "test_satisfy_frac": 0.8138888888888889,
    "test_hinge_mean": 0.013563794722222222,
    "val_reloads": 0.0,
    "val_nonfinite": 0.0
  },
  "timing_s": {
    "epoch_total": 9.079559803009033,
    "train_free": 4.38872766494751,
    "train_clamp": 0.7928483486175537,
    "train_update": 0.18879199028015137
  },
  "vg_stats": {
    "vg_unique_min": 0.7478319459705446,
    "vg_unique_max": 2.1280563384239524,
    "vg_unique_sat_lo": 0.0,
    "vg_unique_sat_hi": 0.0
  }
}