{
  "epoch": 81,
  "config": {
    "seed": 2,
    "gamma": 0.3,
    "margin": 0.05,
    "delta": 0.1,
    "input_vmin": 0.0,
    "input_vmax": 1.0,
    "rails": [
      0.0,
      0.45
    ],
    "solver": "klu",
    "body_tie": "source",
    "body_res": 10.0,
    "rs_clamp": 10.0,
    "model_vto": 0.75,
    "vg_cutoff": 0.75,
    "vg_cutoff_epochs": 4,
    "vg_init": {
      "mode": "fixed",
      "lo": 1.0,
      "hi": 3.0,
      "fixed": 0.75
    },
    "epochs": 100,
    "device_include_path": "/home/ma-lab/Desktop/pyclln-final/device_model/nmos_lvl1_ald1106.lib",
    "device_subckt": "NMOSWRAP"
  },
  "train": {
    "acc": 0.9352818371607515,
    "hinge": 0.009414996450939472,
    "n_free": 1437,
    "n_clamp": 271,
    "hinge_active": 271,
    "hinge_active_frac": 0.1885873347251218,
    "skipped": 1166,
    "reload_free": 0,
    "reload_clamp": 0,
    "nonfinite_free": 0,
    "nonfinite_clamp": 0
  },
  "val": {
    "acc": 0.9,
    "hinge": 0.013889214444444445,
    "test_gap_mean": 0.13790656083333333,
    "test_gap_median": 0.13160929999999998,
    "test_gap_std": 0.11930530275983985,
    "test_satisfy_frac": 0.8111111111111111,
    "test_hinge_mean": 0.013889214444444445,
    "val_reloads": 0.0,
    "val_nonfinite": 0.0
  },
  "timing_s": {
    "epoch_total": 8.883059978485107,
    "train_free": 4.128312110900879,
    "train_clamp": 0.7614030838012695,
    "train_update": 0.17567777633666992
  },
  "vg_stats": {
    "vg_unique_min": 0.7439538249310547,
    "vg_unique_max": 2.120663355920924,
    "vg_unique_sat_lo": 0.0,
    "vg_unique_sat_hi": 0.0
  }
}