{
  "epoch": 94,
  "config": {
    "seed": 2,
    "gamma": 0.3,
    "margin": 0.05,
    "delta": 0.1,
    "input_vmin": 0.0,
    "input_vmax": 1.0,
    "rails": [
      0.0,
      0.45
    ],
    "solver": "klu",
    "body_tie": "source",
    "body_res": 10.0,
    "rs_clamp": 10.0,
    "model_vto": 0.75,
    "vg_cutoff": 0.75,
    "vg_cutoff_epochs": 4,
    "vg_init": {
      "mode": "fixed",
      "lo": 1.0,
      "hi": 3.0,
      "fixed": 0.75
    },
    "epochs": 100,
    "device_include_path": "/home/ma-lab/Desktop/pyclln-final/device_model/nmos_lvl1_ald1106.lib",
    "device_subckt": "NMOSWRAP"
  },
  "train": {
    "acc": 0.9331941544885177,
    "hinge": 0.009337339805149614,
    "n_free": 1437,
    "n_clamp": 270,
    "hinge_active": 270,
    "hinge_active_frac": 0.18789144050104384,
    "skipped": 1167,
    "reload_free": 0,
    "reload_clamp": 0,
    "nonfinite_free": 0,
    "nonfinite_clamp": 0
  },
  "val": {
    "acc": 0.8972222222222223,
    "hinge": 0.013691852222222226,
    "test_gap_mean": 0.139171045,
    "test_gap_median": 0.1299531,
    "test_gap_std": 0.11884338361483396,
    "test_satisfy_frac": 0.8083333333333333,
    "test_hinge_mean": 0.013691852222222222,
    "val_reloads": 0.0,
    "val_nonfinite": 0.0
  },
  "timing_s": {
    "epoch_total": 8.794951915740967,
    "train_free": 4.242855072021484,
    "train_clamp": 0.7673964500427246,
    "train_update": 0.24046802520751953
  },
  "vg_stats": {
    "vg_unique_min": 0.7184638803327827,
    "vg_unique_max": 2.1638165315834343,
    "vg_unique_sat_lo": 0.0,
    "vg_unique_sat_hi": 0.0
  }
}