{
  "epoch": 47,
  "config": {
    "seed": 2,
    "gamma": 0.3,
    "margin": 0.05,
    "delta": 0.1,
    "input_vmin": 0.0,
    "input_vmax": 1.0,
    "rails": [
      0.0,
      0.45
    ],
    "solver": "klu",
    "body_tie": "source",
    "body_res": 10.0,
    "rs_clamp": 10.0,
    "model_vto": 0.75,
    "vg_cutoff": 0.75,
    "vg_cutoff_epochs": 4,
    "vg_init": {
      "mode": "fixed",
      "lo": 1.0,
      "hi": 3.0,
      "fixed": 0.75
    },
    "epochs": 100,
    "device_include_path": "/home/ma-lab/Desktop/pyclln-final/device_model/nmos_lvl1_ald1106.lib",
    "device_subckt": "NMOSWRAP"
  },
  "train": {
    "acc": 0.9345859429366736,
    "hinge": 0.009391501113430758,
    "n_free": 1437,
    "n_clamp": 282,
    "hinge_active": 282,
    "hinge_active_frac": 0.19624217118997914,
    "skipped": 1155,
    "reload_free": 0,
    "reload_clamp": 0,
    "nonfinite_free": 0,
    "nonfinite_clamp": 0
  },
  "val": {
    "acc": 0.9027777777777778,
    "hinge": 0.012825570277777783,
    "test_gap_mean": 0.13448287222222222,
    "test_gap_median": 0.12570205,
    "test_gap_std": 0.11227405323340026,
    "test_satisfy_frac": 0.8055555555555556,
    "test_hinge_mean": 0.012825570277777778,
    "val_reloads": 0.0,
    "val_nonfinite": 0.0
  },
  "timing_s": {
    "epoch_total": 8.563002109527588,
    "train_free": 3.941617965698242,
    "train_clamp": 0.7548456192016602,
    "train_update": 0.2548086643218994
  },
  "vg_stats": {
    "vg_unique_min": 0.7327625035513798,
    "vg_unique_max": 2.059994599948999,
    "vg_unique_sat_lo": 0.0,
    "vg_unique_sat_hi": 0.0
  }
}