{
  "test_gap_mean": 0.13393112777777777,
  "test_gap_median": 0.13800015,
  "test_gap_std": 0.09037953228412274,
  "test_satisfy_frac": 0.6555555555555556,
  "test_hinge_mean": 0.021453250555555557,
  "val_reloads": 0.0,
  "val_nonfinite": 0.0
}