{
  "test_gap_mean": 0.12456395666666668,
  "test_gap_median": 0.12918095,
  "test_gap_std": 0.09779175113594085,
  "test_satisfy_frac": 0.6305555555555555,
  "test_hinge_mean": 0.02656089027777778,
  "val_reloads": 0.0,
  "val_nonfinite": 0.0
}