{
  "test_gap_mean": 0.12645656444444445,
  "test_gap_median": 0.13065719999999997,
  "test_gap_std": 0.09542738431903493,
  "test_satisfy_frac": 0.6361111111111111,
  "test_hinge_mean": 0.025782088333333335,
  "val_reloads": 0.0,
  "val_nonfinite": 0.0
}