{
  "test_gap_mean": 0.13403278055555556,
  "test_gap_median": 0.1406922,
  "test_gap_std": 0.08460062146036852,
  "test_satisfy_frac": 0.6861111111111111,
  "test_hinge_mean": 0.019706533333333335,
  "val_reloads": 0.0,
  "val_nonfinite": 0.0
}