{
  "test_gap_mean": 0.12372021416666665,
  "test_gap_median": 0.12524144999999998,
  "test_gap_std": 0.09457633708501059,
  "test_satisfy_frac": 0.6111111111111112,
  "test_hinge_mean": 0.02645754361111111,
  "val_reloads": 0.0,
  "val_nonfinite": 0.0
}