{
  "test_gap_mean": 0.13085701055555557,
  "test_gap_median": 0.13237745000000004,
  "test_gap_std": 0.09416525509176732,
  "test_satisfy_frac": 0.65,
  "test_hinge_mean": 0.023634938333333338,
  "val_reloads": 0.0,
  "val_nonfinite": 0.0
}