{
  "test_gap_mean": 0.13587390916666667,
  "test_gap_median": 0.14328779999999997,
  "test_gap_std": 0.0856546743568833,
  "test_satisfy_frac": 0.7027777777777777,
  "test_hinge_mean": 0.019155288611111113,
  "val_reloads": 0.0,
  "val_nonfinite": 0.0
}