{
  "test_gap_mean": 0.13043834638888888,
  "test_gap_median": 0.13916394999999995,
  "test_gap_std": 0.084077290306057,
  "test_satisfy_frac": 0.6611111111111111,
  "test_hinge_mean": 0.020579659444444447,
  "val_reloads": 0.0,
  "val_nonfinite": 0.0
}