{
  "test_gap_mean": 0.11918897083333332,
  "test_gap_median": 0.12854239999999997,
  "test_gap_std": 0.07693800115599218,
  "test_satisfy_frac": 0.6444444444444445,
  "test_hinge_mean": 0.022154823055555557,
  "val_reloads": 0.0,
  "val_nonfinite": 0.0
}