{
  "epoch": 87,
  "config": {
    "seed": 0,
    "gamma": 0.3,
    "margin": 0.1,
    "delta": 0.1,
    "input_vmin": 0.0,
    "input_vmax": 1.0,
    "rails": [
      0.0,
      0.45
    ],
    "solver": "klu",
    "body_tie": "floating",
    "body_res": 10.0,
    "rs_clamp": 10.0,
    "model_vto": 0.75,
    "vg_cutoff": 0.75,
    "vg_cutoff_epochs": 4,
    "vg_init": {
      "mode": "random",
      "lo": 0.75,
      "hi": 3.0,
      "fixed": 2.0
    },
    "epochs": 100,
    "device_include_path": "/home/ma-lab/Desktop/pyclln-final/device_model/nmos_lvl1_ald1106.lib",
    "device_subckt": "NMOSWRAP"
  },
  "train": {
    "acc": 0.9171885873347251,
    "hinge": 0.022652462839248454,
    "n_free": 1437,
    "n_clamp": 501,
    "hinge_active": 501,
    "hinge_active_frac": 0.348643006263048,
    "skipped": 936,
    "reload_free": 0,
    "reload_clamp": 0,
    "nonfinite_free": 0,
    "nonfinite_clamp": 0
  },
  "val": {
    "acc": 0.9,
    "hinge": 0.027678274444444456,
    "test_gap_mean": 0.12166061083333334,
    "test_gap_median": 0.12272480000000002,
    "test_gap_std": 0.09757151238598123,
    "test_satisfy_frac": 0.6194444444444445,
    "test_hinge_mean": 0.027678274444444446,
    "val_reloads": 0.0,
    "val_nonfinite": 0.0
  },
  "timing_s": {
    "epoch_total": 10.073958396911621,
    "train_free": 4.557882308959961,
    "train_clamp": 1.5142817497253418,
    "train_update": 0.3379206657409668
  },
  "vg_stats": {
    "vg_unique_min": 0.6665722509171852,
    "vg_unique_max": 1.831742455584254,
    "vg_unique_sat_lo": 0.0,
    "vg_unique_sat_hi": 0.0
  }
}