{
  "epoch": 44,
  "config": {
    "seed": 0,
    "gamma": 0.3,
    "margin": 0.1,
    "delta": 0.1,
    "input_vmin": 0.0,
    "input_vmax": 1.0,
    "rails": [
      0.0,
      0.45
    ],
    "solver": "klu",
    "body_tie": "floating",
    "body_res": 10.0,
    "rs_clamp": 10.0,
    "model_vto": 0.75,
    "vg_cutoff": 0.75,
    "vg_cutoff_epochs": 4,
    "vg_init": {
      "mode": "random",
      "lo": 0.75,
      "hi": 3.0,
      "fixed": 2.0
    },
    "epochs": 100,
    "device_include_path": "/home/ma-lab/Desktop/pyclln-final/device_model/nmos_lvl1_ald1106.lib",
    "device_subckt": "NMOSWRAP"
  },
  "train": {
    "acc": 0.9464161447459986,
    "hinge": 0.017422720946416143,
    "n_free": 1437,
    "n_clamp": 425,
    "hinge_active": 425,
    "hinge_active_frac": 0.29575504523312457,
    "skipped": 1012,
    "reload_free": 0,
    "reload_clamp": 0,
    "nonfinite_free": 0,
    "nonfinite_clamp": 0
  },
  "val": {
    "acc": 0.9333333333333333,
    "hinge": 0.02145325055555556,
    "test_gap_mean": 0.13393112777777777,
    "test_gap_median": 0.13800015,
    "test_gap_std": 0.09037953228412274,
    "test_satisfy_frac": 0.6555555555555556,
    "test_hinge_mean": 0.021453250555555557,
    "val_reloads": 0.0,
    "val_nonfinite": 0.0
  },
  "timing_s": {
    "epoch_total": 14.212977409362793,
    "train_free": 7.001837968826294,
    "train_clamp": 2.03519344329834,
    "train_update": 0.3138751983642578
  },
  "vg_stats": {
    "vg_unique_min": 0.5735204062568414,
    "vg_unique_max": 3.3447100877676923,
    "vg_unique_sat_lo": 0.0,
    "vg_unique_sat_hi": 0.0
  }
}