{
  "epoch": 59,
  "config": {
    "seed": 0,
    "gamma": 0.3,
    "margin": 0.1,
    "delta": 0.1,
    "input_vmin": 0.0,
    "input_vmax": 1.0,
    "rails": [
      0.0,
      0.45
    ],
    "solver": "klu",
    "body_tie": "floating",
    "body_res": 10.0,
    "rs_clamp": 10.0,
    "model_vto": 0.75,
    "vg_cutoff": 0.75,
    "vg_cutoff_epochs": 4,
    "vg_init": {
      "mode": "random",
      "lo": 0.75,
      "hi": 3.0,
      "fixed": 2.0
    },
    "epochs": 100,
    "device_include_path": "/home/ma-lab/Desktop/pyclln-final/device_model/nmos_lvl1_ald1106.lib",
    "device_subckt": "NMOSWRAP"
  },
  "train": {
    "acc": 0.9324982602644398,
    "hinge": 0.02015507000695892,
    "n_free": 1437,
    "n_clamp": 473,
    "hinge_active": 473,
    "hinge_active_frac": 0.3291579679888657,
    "skipped": 964,
    "reload_free": 0,
    "reload_clamp": 0,
    "nonfinite_free": 0,
    "nonfinite_clamp": 0
  },
  "val": {
    "acc": 0.9055555555555556,
    "hinge": 0.024909583055555556,
    "test_gap_mean": 0.12619030083333335,
    "test_gap_median": 0.12755145,
    "test_gap_std": 0.09335269435929394,
    "test_satisfy_frac": 0.6472222222222223,
    "test_hinge_mean": 0.02490958305555556,
    "val_reloads": 0.0,
    "val_nonfinite": 0.0
  },
  "timing_s": {
    "epoch_total": 8.707189083099365,
    "train_free": 4.078242778778076,
    "train_clamp": 1.315887689590454,
    "train_update": 0.28119444847106934
  },
  "vg_stats": {
    "vg_unique_min": 0.560902747471362,
    "vg_unique_max": 2.5500206490058344,
    "vg_unique_sat_lo": 0.0,
    "vg_unique_sat_hi": 0.0
  }
}