{
  "epoch": 94,
  "config": {
    "seed": 0,
    "gamma": 0.3,
    "margin": 0.1,
    "delta": 0.1,
    "input_vmin": 0.0,
    "input_vmax": 1.0,
    "rails": [
      0.0,
      0.45
    ],
    "solver": "klu",
    "body_tie": "floating",
    "body_res": 10.0,
    "rs_clamp": 10.0,
    "model_vto": 0.75,
    "vg_cutoff": 0.75,
    "vg_cutoff_epochs": 4,
    "vg_init": {
      "mode": "random",
      "lo": 0.75,
      "hi": 3.0,
      "fixed": 2.0
    },
    "epochs": 100,
    "device_include_path": "/home/ma-lab/Desktop/pyclln-final/device_model/nmos_lvl1_ald1106.lib",
    "device_subckt": "NMOSWRAP"
  },
  "train": {
    "acc": 0.9220598469032707,
    "hinge": 0.022853115170494074,
    "n_free": 1437,
    "n_clamp": 515,
    "hinge_active": 515,
    "hinge_active_frac": 0.3583855254001392,
    "skipped": 922,
    "reload_free": 0,
    "reload_clamp": 0,
    "nonfinite_free": 0,
    "nonfinite_clamp": 0
  },
  "val": {
    "acc": 0.9083333333333333,
    "hinge": 0.02727779194444444,
    "test_gap_mean": 0.1256288697222222,
    "test_gap_median": 0.13018140000000003,
    "test_gap_std": 0.10139484284887718,
    "test_satisfy_frac": 0.6361111111111111,
    "test_hinge_mean": 0.027277791944444442,
    "val_reloads": 0.0,
    "val_nonfinite": 0.0
  },
  "timing_s": {
    "epoch_total": 8.975759267807007,
    "train_free": 4.035736083984375,
    "train_clamp": 1.4115779399871826,
    "train_update": 0.33004164695739746
  },
  "vg_stats": {
    "vg_unique_min": 0.6413672400886573,
    "vg_unique_max": 1.9142397140159342,
    "vg_unique_sat_lo": 0.0,
    "vg_unique_sat_hi": 0.0
  }
}