{
  "epoch": 92,
  "config": {
    "seed": 0,
    "gamma": 0.3,
    "margin": 0.1,
    "delta": 0.1,
    "input_vmin": 0.0,
    "input_vmax": 1.0,
    "rails": [
      0.0,
      0.45
    ],
    "solver": "klu",
    "body_tie": "floating",
    "body_res": 10.0,
    "rs_clamp": 10.0,
    "model_vto": 0.75,
    "vg_cutoff": 0.75,
    "vg_cutoff_epochs": 4,
    "vg_init": {
      "mode": "random",
      "lo": 0.75,
      "hi": 3.0,
      "fixed": 2.0
    },
    "epochs": 100,
    "device_include_path": "/home/ma-lab/Desktop/pyclln-final/device_model/nmos_lvl1_ald1106.lib",
    "device_subckt": "NMOSWRAP"
  },
  "train": {
    "acc": 0.9199721642310369,
    "hinge": 0.022753165762004184,
    "n_free": 1437,
    "n_clamp": 505,
    "hinge_active": 505,
    "hinge_active_frac": 0.35142658315935976,
    "skipped": 932,
    "reload_free": 0,
    "reload_clamp": 0,
    "nonfinite_free": 0,
    "nonfinite_clamp": 0
  },
  "val": {
    "acc": 0.9055555555555556,
    "hinge": 0.026733631111111125,
    "test_gap_mean": 0.12182691805555557,
    "test_gap_median": 0.12563020000000003,
    "test_gap_std": 0.09522189182076242,
    "test_satisfy_frac": 0.6305555555555555,
    "test_hinge_mean": 0.026733631111111114,
    "val_reloads": 0.0,
    "val_nonfinite": 0.0
  },
  "timing_s": {
    "epoch_total": 9.855967283248901,
    "train_free": 4.247068881988525,
    "train_clamp": 1.4783384799957275,
    "train_update": 0.2835814952850342
  },
  "vg_stats": {
    "vg_unique_min": 0.7501007790713582,
    "vg_unique_max": 1.86497893847229,
    "vg_unique_sat_lo": 0.0,
    "vg_unique_sat_hi": 0.0
  }
}