{
  "test_gap_mean": 0.13063852583333332,
  "test_gap_median": 0.13577959999999997,
  "test_gap_std": 0.08071217739965661,
  "test_satisfy_frac": 0.6916666666666667,
  "test_hinge_mean": 0.01961120166666667,
  "val_reloads": 0.0,
  "val_nonfinite": 0.0
}