{
  "test_gap_mean": 0.12754146777777778,
  "test_gap_median": 0.12675255000000002,
  "test_gap_std": 0.0795171289125523,
  "test_satisfy_frac": 0.6694444444444444,
  "test_hinge_mean": 0.019536322777777778,
  "val_reloads": 0.0,
  "val_nonfinite": 0.0
}