{
  "test_gap_mean": 0.07055162388888889,
  "test_gap_median": 0.07337269999999999,
  "test_gap_std": 0.05127971587570671,
  "test_satisfy_frac": 0.2916666666666667,
  "test_hinge_mean": 0.03810168083333333,
  "val_reloads": 0.0,
  "val_nonfinite": 0.0
}