{
  "test_gap_mean": 0.13000110805555554,
  "test_gap_median": 0.13245439999999997,
  "test_gap_std": 0.07920569428200024,
  "test_satisfy_frac": 0.6694444444444444,
  "test_hinge_mean": 0.018635987777777783,
  "val_reloads": 0.0,
  "val_nonfinite": 0.0
}