{
  "test_gap_mean": 0.12909878194444444,
  "test_gap_median": 0.13122859999999997,
  "test_gap_std": 0.07798699489158348,
  "test_satisfy_frac": 0.6583333333333333,
  "test_hinge_mean": 0.018363717222222225,
  "val_reloads": 0.0,
  "val_nonfinite": 0.0
}