{
  "test_gap_mean": 0.12956033694444444,
  "test_gap_median": 0.13518885000000003,
  "test_gap_std": 0.07840218250083453,
  "test_satisfy_frac": 0.6722222222222223,
  "test_hinge_mean": 0.018497680000000002,
  "val_reloads": 0.0,
  "val_nonfinite": 0.0
}