{
  "test_gap_mean": 0.04921143,
  "test_gap_median": 0.05016295000000001,
  "test_gap_std": 0.038519081754414486,
  "test_satisfy_frac": 0.1111111111111111,
  "test_hinge_mean": 0.05214490194444445,
  "val_reloads": 0.0,
  "val_nonfinite": 0.0
}