{
  "test_gap_mean": 0.12973462638888889,
  "test_gap_median": 0.13446765,
  "test_gap_std": 0.07772132650717203,
  "test_satisfy_frac": 0.6638888888888889,
  "test_hinge_mean": 0.018174896944444446,
  "val_reloads": 0.0,
  "val_nonfinite": 0.0
}