{
  "epoch": 96,
  "config": {
    "seed": 0,
    "gamma": 3.0,
    "margin": 0.1,
    "delta": 0.02,
    "input_vmin": 0.0,
    "input_vmax": 1.0,
    "rails": [
      0.0,
      0.45
    ],
    "solver": "klu",
    "body_tie": "ground",
    "body_res": 10.0,
    "rs_clamp": 10.0,
    "model_vto": 0.75,
    "vg_cutoff": 0.75,
    "vg_cutoff_epochs": 4,
    "vg_init": {
      "mode": "fixed",
      "lo": 1.0,
      "hi": 3.0,
      "fixed": 2.0
    },
    "epochs": 100,
    "device_include_path": "/home/ma-lab/Desktop/pyclln-final/device_model/nmos_lvl1_ald1106.lib",
    "device_subckt": "NMOSWRAP"
  },
  "train": {
    "acc": 0.9561586638830898,
    "hinge": 0.014116442658315935,
    "n_free": 1437,
    "n_clamp": 390,
    "hinge_active": 390,
    "hinge_active_frac": 0.27139874739039666,
    "skipped": 1047,
    "reload_free": 0,
    "reload_clamp": 0,
    "nonfinite_free": 0,
    "nonfinite_clamp": 0
  },
  "val": {
    "acc": 0.95,
    "hinge": 0.018349201944444442,
    "test_gap_mean": 0.13117598972222225,
    "test_gap_median": 0.1329628,
    "test_gap_std": 0.07920574554441902,
    "test_satisfy_frac": 0.6694444444444444,
    "test_hinge_mean": 0.018349201944444442,
    "val_reloads": 0.0,
    "val_nonfinite": 0.0
  },
  "timing_s": {
    "epoch_total": 12.524158000946045,
    "train_free": 5.975977659225464,
    "train_clamp": 1.5854697227478027,
    "train_update": 0.4679880142211914
  },
  "vg_stats": {
    "vg_unique_min": 0.6759482706480909,
    "vg_unique_max": 6.876767734860279,
    "vg_unique_sat_lo": 0.0,
    "vg_unique_sat_hi": 0.0
  }
}