{
  "epoch": 93,
  "config": {
    "seed": 0,
    "gamma": 3.0,
    "margin": 0.1,
    "delta": 0.02,
    "input_vmin": 0.0,
    "input_vmax": 1.0,
    "rails": [
      0.0,
      0.45
    ],
    "solver": "klu",
    "body_tie": "ground",
    "body_res": 10.0,
    "rs_clamp": 10.0,
    "model_vto": 0.75,
    "vg_cutoff": 0.75,
    "vg_cutoff_epochs": 4,
    "vg_init": {
      "mode": "fixed",
      "lo": 1.0,
      "hi": 3.0,
      "fixed": 2.0
    },
    "epochs": 100,
    "device_include_path": "/home/ma-lab/Desktop/pyclln-final/device_model/nmos_lvl1_ald1106.lib",
    "device_subckt": "NMOSWRAP"
  },
  "train": {
    "acc": 0.9589422407794015,
    "hinge": 0.014327670215727227,
    "n_free": 1437,
    "n_clamp": 402,
    "hinge_active": 402,
    "hinge_active_frac": 0.2797494780793319,
    "skipped": 1035,
    "reload_free": 0,
    "reload_clamp": 0,
    "nonfinite_free": 0,
    "nonfinite_clamp": 0
  },
  "val": {
    "acc": 0.95,
    "hinge": 0.018615654444444456,
    "test_gap_mean": 0.13013050527777778,
    "test_gap_median": 0.13231654999999995,
    "test_gap_std": 0.07967577100500817,
    "test_satisfy_frac": 0.65,
    "test_hinge_mean": 0.018615654444444442,
    "val_reloads": 0.0,
    "val_nonfinite": 0.0
  },
  "timing_s": {
    "epoch_total": 14.159292936325073,
    "train_free": 6.714287042617798,
    "train_clamp": 1.8142368793487549,
    "train_update": 0.4798905849456787
  },
  "vg_stats": {
    "vg_unique_min": 0.65013911128796,
    "vg_unique_max": 6.967747390034676,
    "vg_unique_sat_lo": 0.0,
    "vg_unique_sat_hi": 0.0
  }
}