{
  "epoch": 29,
  "config": {
    "seed": 0,
    "gamma": 3.0,
    "margin": 0.1,
    "delta": 0.02,
    "input_vmin": 0.0,
    "input_vmax": 1.0,
    "rails": [
      0.0,
      0.45
    ],
    "solver": "klu",
    "body_tie": "ground",
    "body_res": 10.0,
    "rs_clamp": 10.0,
    "model_vto": 0.75,
    "vg_cutoff": 0.75,
    "vg_cutoff_epochs": 4,
    "vg_init": {
      "mode": "fixed",
      "lo": 1.0,
      "hi": 3.0,
      "fixed": 2.0
    },
    "epochs": 100,
    "device_include_path": "/home/ma-lab/Desktop/pyclln-final/device_model/nmos_lvl1_ald1106.lib",
    "device_subckt": "NMOSWRAP"
  },
  "train": {
    "acc": 0.9575504523312457,
    "hinge": 0.014331358315935995,
    "n_free": 1437,
    "n_clamp": 395,
    "hinge_active": 395,
    "hinge_active_frac": 0.27487821851078637,
    "skipped": 1042,
    "reload_free": 0,
    "reload_clamp": 0,
    "nonfinite_free": 0,
    "nonfinite_clamp": 0
  },
  "val": {
    "acc": 0.9472222222222222,
    "hinge": 0.018906899166666664,
    "test_gap_mean": 0.131543025,
    "test_gap_median": 0.13370940000000006,
    "test_gap_std": 0.08060931792386306,
    "test_satisfy_frac": 0.6583333333333333,
    "test_hinge_mean": 0.01890689916666667,
    "val_reloads": 0.0,
    "val_nonfinite": 0.0
  },
  "timing_s": {
    "epoch_total": 18.978288650512695,
    "train_free": 9.349388837814331,
    "train_clamp": 2.5241546630859375,
    "train_update": 0.5281190872192383
  },
  "vg_stats": {
    "vg_unique_min": 0.5323784297242617,
    "vg_unique_max": 7.407243738152234,
    "vg_unique_sat_lo": 0.0,
    "vg_unique_sat_hi": 0.0
  }
}