{
  "epoch": 51,
  "config": {
    "seed": 0,
    "gamma": 3.0,
    "margin": 0.1,
    "delta": 0.02,
    "input_vmin": 0.0,
    "input_vmax": 1.0,
    "rails": [
      0.0,
      0.45
    ],
    "solver": "klu",
    "body_tie": "ground",
    "body_res": 10.0,
    "rs_clamp": 10.0,
    "model_vto": 0.75,
    "vg_cutoff": 0.75,
    "vg_cutoff_epochs": 4,
    "vg_init": {
      "mode": "fixed",
      "lo": 1.0,
      "hi": 3.0,
      "fixed": 2.0
    },
    "epochs": 100,
    "device_include_path": "/home/ma-lab/Desktop/pyclln-final/device_model/nmos_lvl1_ald1106.lib",
    "device_subckt": "NMOSWRAP"
  },
  "train": {
    "acc": 0.954070981210856,
    "hinge": 0.014250834725121777,
    "n_free": 1437,
    "n_clamp": 400,
    "hinge_active": 400,
    "hinge_active_frac": 0.2783576896311761,
    "skipped": 1037,
    "reload_free": 0,
    "reload_clamp": 0,
    "nonfinite_free": 0,
    "nonfinite_clamp": 0
  },
  "val": {
    "acc": 0.9472222222222222,
    "hinge": 0.01899915111111111,
    "test_gap_mean": 0.12904020416666667,
    "test_gap_median": 0.12762555000000003,
    "test_gap_std": 0.07953932640832569,
    "test_satisfy_frac": 0.6722222222222223,
    "test_hinge_mean": 0.018999151111111112,
    "val_reloads": 0.0,
    "val_nonfinite": 0.0
  },
  "timing_s": {
    "epoch_total": 17.263593435287476,
    "train_free": 8.418771266937256,
    "train_clamp": 2.312835454940796,
    "train_update": 0.4745144844055176
  },
  "vg_stats": {
    "vg_unique_min": 0.5669674448014107,
    "vg_unique_max": 7.179944582301377,
    "vg_unique_sat_lo": 0.0,
    "vg_unique_sat_hi": 0.0
  }
}