{
  "epoch": 6,
  "config": {
    "seed": 0,
    "gamma": 3.0,
    "margin": 0.1,
    "delta": 0.02,
    "input_vmin": 0.0,
    "input_vmax": 1.0,
    "rails": [
      0.0,
      0.45
    ],
    "solver": "klu",
    "body_tie": "ground",
    "body_res": 10.0,
    "rs_clamp": 10.0,
    "model_vto": 0.75,
    "vg_cutoff": 0.75,
    "vg_cutoff_epochs": 4,
    "vg_init": {
      "mode": "fixed",
      "lo": 1.0,
      "hi": 3.0,
      "fixed": 2.0
    },
    "epochs": 100,
    "device_include_path": "/home/ma-lab/Desktop/pyclln-final/device_model/nmos_lvl1_ald1106.lib",
    "device_subckt": "NMOSWRAP"
  },
  "train": {
    "acc": 0.9498956158663883,
    "hinge": 0.018283716144746005,
    "n_free": 1437,
    "n_clamp": 486,
    "hinge_active": 486,
    "hinge_active_frac": 0.33820459290187893,
    "skipped": 951,
    "reload_free": 0,
    "reload_clamp": 0,
    "nonfinite_free": 0,
    "nonfinite_clamp": 0
  },
  "val": {
    "acc": 0.9472222222222222,
    "hinge": 0.020991480000000007,
    "test_gap_mean": 0.12156392083333335,
    "test_gap_median": 0.12438295000000002,
    "test_gap_std": 0.0768700695428695,
    "test_satisfy_frac": 0.6472222222222223,
    "test_hinge_mean": 0.02099148,
    "val_reloads": 0.0,
    "val_nonfinite": 0.0
  },
  "timing_s": {
    "epoch_total": 67.1052417755127,
    "train_free": 37.06843376159668,
    "train_clamp": 12.407132148742676,
    "train_update": 1.3203990459442139
  },
  "vg_stats": {
    "vg_unique_min": 0.4,
    "vg_unique_max": 6.128661500131908,
    "vg_unique_sat_lo": 13.0,
    "vg_unique_sat_hi": 0.0
  }
}