{
  "test_gap_mean": 0.07499493888888889,
  "test_gap_median": 0.06847314999999998,
  "test_gap_std": 0.06902825139128012,
  "test_satisfy_frac": 0.8194444444444444,
  "test_hinge_mean": 0.00602611888888889,
  "val_reloads": 0.0,
  "val_nonfinite": 0.0
}