{
  "test_gap_mean": 0.0755541525,
  "test_gap_median": 0.06811875,
  "test_gap_std": 0.06686626170974662,
  "test_satisfy_frac": 0.8277777777777777,
  "test_hinge_mean": 0.0055421444444444445,
  "val_reloads": 0.0,
  "val_nonfinite": 0.0
}