{
  "test_gap_mean": 0.08678220083333334,
  "test_gap_median": 0.07943755000000001,
  "test_gap_std": 0.07250885781623836,
  "test_satisfy_frac": 0.8694444444444445,
  "test_hinge_mean": 0.005061423055555555,
  "val_reloads": 0.0,
  "val_nonfinite": 0.0
}