{
  "test_gap_mean": 0.08664405277777779,
  "test_gap_median": 0.07637495,
  "test_gap_std": 0.07311767080037221,
  "test_satisfy_frac": 0.8638888888888889,
  "test_hinge_mean": 0.005124978611111111,
  "val_reloads": 0.0,
  "val_nonfinite": 0.0
}