{
  "test_gap_mean": 0.08510835944444445,
  "test_gap_median": 0.07591065,
  "test_gap_std": 0.07257929049771719,
  "test_satisfy_frac": 0.8694444444444445,
  "test_hinge_mean": 0.005215005555555556,
  "val_reloads": 0.0,
  "val_nonfinite": 0.0
}