{
  "test_gap_mean": 0.0866424175,
  "test_gap_median": 0.08013065,
  "test_gap_std": 0.07268875420118796,
  "test_satisfy_frac": 0.8694444444444445,
  "test_hinge_mean": 0.005019999722222222,
  "val_reloads": 0.0,
  "val_nonfinite": 0.0
}