{
  "test_gap_mean": 0.084032625,
  "test_gap_median": 0.07550050000000003,
  "test_gap_std": 0.07215623873229873,
  "test_satisfy_frac": 0.85,
  "test_hinge_mean": 0.005265117499999999,
  "val_reloads": 0.0,
  "val_nonfinite": 0.0
}