{
  "test_gap_mean": 0.08453804527777777,
  "test_gap_median": 0.07615555000000002,
  "test_gap_std": 0.07217923170193864,
  "test_satisfy_frac": 0.8722222222222222,
  "test_hinge_mean": 0.005267160277777776,
  "val_reloads": 0.0,
  "val_nonfinite": 0.0
}