{
  "test_gap_mean": 0.022257431222222217,
  "test_gap_median": 0.023491260000000007,
  "test_gap_std": 0.024000476195049608,
  "test_satisfy_frac": 0.5583333333333333,
  "test_hinge_mean": 0.00861617988888889,
  "val_reloads": 0.0,
  "val_nonfinite": 0.0
}