{
  "test_gap_mean": 0.0755872488888889,
  "test_gap_median": 0.07025890000000001,
  "test_gap_std": 0.06735706112072107,
  "test_satisfy_frac": 0.8388888888888889,
  "test_hinge_mean": 0.005486307777777777,
  "val_reloads": 0.0,
  "val_nonfinite": 0.0
}