{
  "epoch": 6,
  "config": {
    "seed": 0,
    "gamma": 0.3,
    "margin": 0.02,
    "delta": 0.05,
    "input_vmin": 0.0,
    "input_vmax": 1.0,
    "rails": [
      0.0,
      0.45
    ],
    "solver": "klu",
    "body_tie": "source",
    "body_res": 10.0,
    "rs_clamp": 10.0,
    "model_vto": 0.75,
    "vg_cutoff": 0.75,
    "vg_cutoff_epochs": 4,
    "vg_init": {
      "mode": "fixed",
      "lo": 1.0,
      "hi": 3.0,
      "fixed": 0.75
    },
    "epochs": 100,
    "device_include_path": "/home/ma-lab/Desktop/pyclln-final/device_model/nmos_lvl1_ald1106.lib",
    "device_subckt": "NMOSWRAP"
  },
  "train": {
    "acc": 0.9151009046624913,
    "hinge": 0.004835694572025054,
    "n_free": 1437,
    "n_clamp": 266,
    "hinge_active": 266,
    "hinge_active_frac": 0.18510786360473208,
    "skipped": 1171,
    "reload_free": 0,
    "reload_clamp": 0,
    "nonfinite_free": 0,
    "nonfinite_clamp": 0
  },
  "val": {
    "acc": 0.9,
    "hinge": 0.006354934055555556,
    "test_gap_mean": 0.06188782538888889,
    "test_gap_median": 0.05430159999999998,
    "test_gap_std": 0.058055727970063094,
    "test_satisfy_frac": 0.8055555555555556,
    "test_hinge_mean": 0.006354934055555556,
    "val_reloads": 0.0,
    "val_nonfinite": 0.0
  },
  "timing_s": {
    "epoch_total": 15.23145866394043,
    "train_free": 8.1050283908844,
    "train_clamp": 1.4939892292022705,
    "train_update": 0.25177812576293945
  },
  "vg_stats": {
    "vg_unique_min": 0.6526787325478359,
    "vg_unique_max": 1.487430417222823,
    "vg_unique_sat_lo": 0.0,
    "vg_unique_sat_hi": 0.0
  }
}