{
  "epoch": 55,
  "config": {
    "seed": 0,
    "gamma": 0.3,
    "margin": 0.02,
    "delta": 0.05,
    "input_vmin": 0.0,
    "input_vmax": 1.0,
    "rails": [
      0.0,
      0.45
    ],
    "solver": "klu",
    "body_tie": "source",
    "body_res": 10.0,
    "rs_clamp": 10.0,
    "model_vto": 0.75,
    "vg_cutoff": 0.75,
    "vg_cutoff_epochs": 4,
    "vg_init": {
      "mode": "fixed",
      "lo": 1.0,
      "hi": 3.0,
      "fixed": 0.75
    },
    "epochs": 100,
    "device_include_path": "/home/ma-lab/Desktop/pyclln-final/device_model/nmos_lvl1_ald1106.lib",
    "device_subckt": "NMOSWRAP"
  },
  "train": {
    "acc": 0.9659011830201809,
    "hinge": 0.0022326073068893518,
    "n_free": 1437,
    "n_clamp": 144,
    "hinge_active": 144,
    "hinge_active_frac": 0.10020876826722339,
    "skipped": 1293,
    "reload_free": 0,
    "reload_clamp": 0,
    "nonfinite_free": 0,
    "nonfinite_clamp": 0
  },
  "val": {
    "acc": 0.925,
    "hinge": 0.0049711758333333324,
    "test_gap_mean": 0.08363596361111111,
    "test_gap_median": 0.07336930000000003,
    "test_gap_std": 0.07265797230211893,
    "test_satisfy_frac": 0.8555555555555555,
    "test_hinge_mean": 0.0049711758333333324,
    "val_reloads": 0.0,
    "val_nonfinite": 0.0
  },
  "timing_s": {
    "epoch_total": 10.926952600479126,
    "train_free": 6.142117738723755,
    "train_clamp": 0.6145646572113037,
    "train_update": 0.11605286598205566
  },
  "vg_stats": {
    "vg_unique_min": 0.7461210471088098,
    "vg_unique_max": 2.067725314297472,
    "vg_unique_sat_lo": 0.0,
    "vg_unique_sat_hi": 0.0
  }
}