{
  "epoch": 19,
  "config": {
    "seed": 0,
    "gamma": 0.3,
    "margin": 0.02,
    "delta": 0.05,
    "input_vmin": 0.0,
    "input_vmax": 1.0,
    "rails": [
      0.0,
      0.45
    ],
    "solver": "klu",
    "body_tie": "source",
    "body_res": 10.0,
    "rs_clamp": 10.0,
    "model_vto": 0.75,
    "vg_cutoff": 0.75,
    "vg_cutoff_epochs": 4,
    "vg_init": {
      "mode": "fixed",
      "lo": 1.0,
      "hi": 3.0,
      "fixed": 0.75
    },
    "epochs": 100,
    "device_include_path": "/home/ma-lab/Desktop/pyclln-final/device_model/nmos_lvl1_ald1106.lib",
    "device_subckt": "NMOSWRAP"
  },
  "train": {
    "acc": 0.9478079331941545,
    "hinge": 0.0031711614474599853,
    "n_free": 1437,
    "n_clamp": 203,
    "hinge_active": 203,
    "hinge_active_frac": 0.14126652748782184,
    "skipped": 1234,
    "reload_free": 0,
    "reload_clamp": 0,
    "nonfinite_free": 0,
    "nonfinite_clamp": 0
  },
  "val": {
    "acc": 0.9138888888888889,
    "hinge": 0.005658673888888887,
    "test_gap_mean": 0.07429852277777778,
    "test_gap_median": 0.06840380000000001,
    "test_gap_std": 0.06636723208946008,
    "test_satisfy_frac": 0.8333333333333334,
    "test_hinge_mean": 0.005658673888888889,
    "val_reloads": 0.0,
    "val_nonfinite": 0.0
  },
  "timing_s": {
    "epoch_total": 12.964263916015625,
    "train_free": 6.949124097824097,
    "train_clamp": 0.972923755645752,
    "train_update": 0.17993807792663574
  },
  "vg_stats": {
    "vg_unique_min": 0.7070494044222793,
    "vg_unique_max": 1.7510654313494058,
    "vg_unique_sat_lo": 0.0,
    "vg_unique_sat_hi": 0.0
  }
}