{
  "epoch": 46,
  "config": {
    "seed": 0,
    "gamma": 0.3,
    "margin": 0.02,
    "delta": 0.05,
    "input_vmin": 0.0,
    "input_vmax": 1.0,
    "rails": [
      0.0,
      0.45
    ],
    "solver": "klu",
    "body_tie": "source",
    "body_res": 10.0,
    "rs_clamp": 10.0,
    "model_vto": 0.75,
    "vg_cutoff": 0.75,
    "vg_cutoff_epochs": 4,
    "vg_init": {
      "mode": "fixed",
      "lo": 1.0,
      "hi": 3.0,
      "fixed": 0.75
    },
    "epochs": 100,
    "device_include_path": "/home/ma-lab/Desktop/pyclln-final/device_model/nmos_lvl1_ald1106.lib",
    "device_subckt": "NMOSWRAP"
  },
  "train": {
    "acc": 0.9617258176757133,
    "hinge": 0.0023907356297842713,
    "n_free": 1437,
    "n_clamp": 151,
    "hinge_active": 151,
    "hinge_active_frac": 0.10508002783576896,
    "skipped": 1286,
    "reload_free": 0,
    "reload_clamp": 0,
    "nonfinite_free": 0,
    "nonfinite_clamp": 0
  },
  "val": {
    "acc": 0.9194444444444444,
    "hinge": 0.0051631916666666665,
    "test_gap_mean": 0.0814334513888889,
    "test_gap_median": 0.07160005,
    "test_gap_std": 0.07148478941201407,
    "test_satisfy_frac": 0.8444444444444444,
    "test_hinge_mean": 0.005163191666666667,
    "val_reloads": 0.0,
    "val_nonfinite": 0.0
  },
  "timing_s": {
    "epoch_total": 11.969743013381958,
    "train_free": 6.587642192840576,
    "train_clamp": 0.6800596714019775,
    "train_update": 0.13167119026184082
  },
  "vg_stats": {
    "vg_unique_min": 0.7253536622845962,
    "vg_unique_max": 2.024623526936006,
    "vg_unique_sat_lo": 0.0,
    "vg_unique_sat_hi": 0.0
  }
}