{
  "epoch": 21,
  "config": {
    "seed": 0,
    "gamma": 0.3,
    "margin": 0.02,
    "delta": 0.05,
    "input_vmin": 0.0,
    "input_vmax": 1.0,
    "rails": [
      0.0,
      0.45
    ],
    "solver": "klu",
    "body_tie": "source",
    "body_res": 10.0,
    "rs_clamp": 10.0,
    "model_vto": 0.75,
    "vg_cutoff": 0.75,
    "vg_cutoff_epochs": 4,
    "vg_init": {
      "mode": "fixed",
      "lo": 1.0,
      "hi": 3.0,
      "fixed": 0.75
    },
    "epochs": 100,
    "device_include_path": "/home/ma-lab/Desktop/pyclln-final/device_model/nmos_lvl1_ald1106.lib",
    "device_subckt": "NMOSWRAP"
  },
  "train": {
    "acc": 0.9478079331941545,
    "hinge": 0.0030707646485734156,
    "n_free": 1437,
    "n_clamp": 182,
    "hinge_active": 182,
    "hinge_active_frac": 0.1266527487821851,
    "skipped": 1255,
    "reload_free": 0,
    "reload_clamp": 0,
    "nonfinite_free": 0,
    "nonfinite_clamp": 0
  },
  "val": {
    "acc": 0.9083333333333333,
    "hinge": 0.005716109166666667,
    "test_gap_mean": 0.07514408944444444,
    "test_gap_median": 0.06787245,
    "test_gap_std": 0.06762430708526623,
    "test_satisfy_frac": 0.8305555555555556,
    "test_hinge_mean": 0.005716109166666668,
    "val_reloads": 0.0,
    "val_nonfinite": 0.0
  },
  "timing_s": {
    "epoch_total": 12.60191559791565,
    "train_free": 6.815330743789673,
    "train_clamp": 0.8588559627532959,
    "train_update": 0.16064739227294922
  },
  "vg_stats": {
    "vg_unique_min": 0.7247526172078849,
    "vg_unique_max": 1.779446324739169,
    "vg_unique_sat_lo": 0.0,
    "vg_unique_sat_hi": 0.0
  }
}