{
  "test_gap_mean": 0.13287828222222223,
  "test_gap_median": 0.15181350000000005,
  "test_gap_std": 0.10600193987689599,
  "test_satisfy_frac": 0.65,
  "test_hinge_mean": 0.028935238611111115,
  "val_reloads": 0.0,
  "val_nonfinite": 0.0
}