{
  "test_gap_mean": 0.14059522305555558,
  "test_gap_median": 0.15854075000000004,
  "test_gap_std": 0.10759978171403377,
  "test_satisfy_frac": 0.6777777777777778,
  "test_hinge_mean": 0.026964295000000003,
  "val_reloads": 0.0,
  "val_nonfinite": 0.0
}