{
  "test_gap_mean": 0.1386349577777778,
  "test_gap_median": 0.1403204,
  "test_gap_std": 0.10436466198095608,
  "test_satisfy_frac": 0.6361111111111111,
  "test_hinge_mean": 0.025551801388888892,
  "val_reloads": 0.0,
  "val_nonfinite": 0.0
}