{
  "test_gap_mean": 0.1330796488888889,
  "test_gap_median": 0.13845405000000002,
  "test_gap_std": 0.08799790173837763,
  "test_satisfy_frac": 0.6833333333333333,
  "test_hinge_mean": 0.021825415833333334,
  "val_reloads": 0.0,
  "val_nonfinite": 0.0
}