{
  "test_gap_mean": 0.13558013055555557,
  "test_gap_median": 0.14331385000000002,
  "test_gap_std": 0.08922761542966025,
  "test_satisfy_frac": 0.675,
  "test_hinge_mean": 0.021695450000000005,
  "val_reloads": 0.0,
  "val_nonfinite": 0.0
}