{
  "test_gap_mean": 0.14673227666666666,
  "test_gap_median": 0.1611491,
  "test_gap_std": 0.10682195094781477,
  "test_satisfy_frac": 0.6805555555555556,
  "test_hinge_mean": 0.025651568888888893,
  "val_reloads": 0.0,
  "val_nonfinite": 0.0
}