{
  "test_gap_mean": 0.12307617166666666,
  "test_gap_median": 0.13164864999999998,
  "test_gap_std": 0.07585022824350796,
  "test_satisfy_frac": 0.6555555555555556,
  "test_hinge_mean": 0.021522384999999998,
  "val_reloads": 0.0,
  "val_nonfinite": 0.0
}