{
  "test_gap_mean": 0.1420096822222222,
  "test_gap_median": 0.15363169999999995,
  "test_gap_std": 0.1013707578743943,
  "test_satisfy_frac": 0.6861111111111111,
  "test_hinge_mean": 0.023401316666666668,
  "val_reloads": 0.0,
  "val_nonfinite": 0.0
}