{
  "epoch": 20,
  "config": {
    "seed": 2,
    "gamma": 3.0,
    "margin": 0.1,
    "delta": 0.1,
    "input_vmin": 0.0,
    "input_vmax": 1.0,
    "rails": [
      0.0,
      0.45
    ],
    "solver": "klu",
    "body_tie": "ground",
    "body_res": 10.0,
    "rs_clamp": 10.0,
    "model_vto": 0.75,
    "vg_cutoff": 0.75,
    "vg_cutoff_epochs": 4,
    "vg_init": {
      "mode": "fixed",
      "lo": 1.0,
      "hi": 3.0,
      "fixed": 4.0
    },
    "epochs": 100,
    "device_include_path": "/home/ma-lab/Desktop/pyclln-final/device_model/nmos_lvl1_ald1106.lib",
    "device_subckt": "NMOSWRAP"
  },
  "train": {
    "acc": 0.929714683368128,
    "hinge": 0.020037224217119003,
    "n_free": 1437,
    "n_clamp": 431,
    "hinge_active": 431,
    "hinge_active_frac": 0.29993041057759223,
    "skipped": 1006,
    "reload_free": 0,
    "reload_clamp": 0,
    "nonfinite_free": 0,
    "nonfinite_clamp": 0
  },
  "val": {
    "acc": 0.9305555555555556,
    "hinge": 0.019926998888888898,
    "test_gap_mean": 0.13863630500000002,
    "test_gap_median": 0.14779585000000003,
    "test_gap_std": 0.08785191152967575,
    "test_satisfy_frac": 0.6916666666666667,
    "test_hinge_mean": 0.019926998888888887,
    "val_reloads": 0.0,
    "val_nonfinite": 0.0
  },
  "timing_s": {
    "epoch_total": 27.06550121307373,
    "train_free": 14.02550721168518,
    "train_clamp": 4.162386894226074,
    "train_update": 0.6554901599884033
  },
  "vg_stats": {
    "vg_unique_min": 0.4,
    "vg_unique_max": 7.747467920585061,
    "vg_unique_sat_lo": 6.0,
    "vg_unique_sat_hi": 0.0
  }
}