{
  "epoch": 32,
  "config": {
    "seed": 2,
    "gamma": 3.0,
    "margin": 0.1,
    "delta": 0.1,
    "input_vmin": 0.0,
    "input_vmax": 1.0,
    "rails": [
      0.0,
      0.45
    ],
    "solver": "klu",
    "body_tie": "ground",
    "body_res": 10.0,
    "rs_clamp": 10.0,
    "model_vto": 0.75,
    "vg_cutoff": 0.75,
    "vg_cutoff_epochs": 4,
    "vg_init": {
      "mode": "fixed",
      "lo": 1.0,
      "hi": 3.0,
      "fixed": 4.0
    },
    "epochs": 100,
    "device_include_path": "/home/ma-lab/Desktop/pyclln-final/device_model/nmos_lvl1_ald1106.lib",
    "device_subckt": "NMOSWRAP"
  },
  "train": {
    "acc": 0.9220598469032707,
    "hinge": 0.021785204592901883,
    "n_free": 1437,
    "n_clamp": 438,
    "hinge_active": 438,
    "hinge_active_frac": 0.3048016701461378,
    "skipped": 999,
    "reload_free": 0,
    "reload_clamp": 0,
    "nonfinite_free": 0,
    "nonfinite_clamp": 0
  },
  "val": {
    "acc": 0.9138888888888889,
    "hinge": 0.02193278111111111,
    "test_gap_mean": 0.14125500527777776,
    "test_gap_median": 0.15366920000000003,
    "test_gap_std": 0.09515861495655789,
    "test_satisfy_frac": 0.6944444444444444,
    "test_hinge_mean": 0.021932781111111115,
    "val_reloads": 0.0,
    "val_nonfinite": 0.0
  },
  "timing_s": {
    "epoch_total": 17.842896699905396,
    "train_free": 9.109429359436035,
    "train_clamp": 2.781158447265625,
    "train_update": 0.5858149528503418
  },
  "vg_stats": {
    "vg_unique_min": 0.49452858225784013,
    "vg_unique_max": 6.115672727261724,
    "vg_unique_sat_lo": 0.0,
    "vg_unique_sat_hi": 0.0
  }
}