{
  "epoch": 29,
  "config": {
    "seed": 2,
    "gamma": 3.0,
    "margin": 0.1,
    "delta": 0.1,
    "input_vmin": 0.0,
    "input_vmax": 1.0,
    "rails": [
      0.0,
      0.45
    ],
    "solver": "klu",
    "body_tie": "ground",
    "body_res": 10.0,
    "rs_clamp": 10.0,
    "model_vto": 0.75,
    "vg_cutoff": 0.75,
    "vg_cutoff_epochs": 4,
    "vg_init": {
      "mode": "fixed",
      "lo": 1.0,
      "hi": 3.0,
      "fixed": 4.0
    },
    "epochs": 100,
    "device_include_path": "/home/ma-lab/Desktop/pyclln-final/device_model/nmos_lvl1_ald1106.lib",
    "device_subckt": "NMOSWRAP"
  },
  "train": {
    "acc": 0.9234516353514266,
    "hinge": 0.021186661099512876,
    "n_free": 1437,
    "n_clamp": 442,
    "hinge_active": 442,
    "hinge_active_frac": 0.30758524704244955,
    "skipped": 995,
    "reload_free": 0,
    "reload_clamp": 0,
    "nonfinite_free": 0,
    "nonfinite_clamp": 0
  },
  "val": {
    "acc": 0.9305555555555556,
    "hinge": 0.022157199444444463,
    "test_gap_mean": 0.13678010638888888,
    "test_gap_median": 0.14411085,
    "test_gap_std": 0.09296585685631155,
    "test_satisfy_frac": 0.6611111111111111,
    "test_hinge_mean": 0.022157199444444442,
    "val_reloads": 0.0,
    "val_nonfinite": 0.0
  },
  "timing_s": {
    "epoch_total": 18.296314001083374,
    "train_free": 9.307191371917725,
    "train_clamp": 2.856844902038574,
    "train_update": 0.47531867027282715
  },
  "vg_stats": {
    "vg_unique_min": 0.46488022502431015,
    "vg_unique_max": 6.811693063585181,
    "vg_unique_sat_lo": 0.0,
    "vg_unique_sat_hi": 0.0
  }
}