{
  "epoch": 85,
  "config": {
    "seed": 2,
    "gamma": 3.0,
    "margin": 0.1,
    "delta": 0.1,
    "input_vmin": 0.0,
    "input_vmax": 1.0,
    "rails": [
      0.0,
      0.45
    ],
    "solver": "klu",
    "body_tie": "ground",
    "body_res": 10.0,
    "rs_clamp": 10.0,
    "model_vto": 0.75,
    "vg_cutoff": 0.75,
    "vg_cutoff_epochs": 4,
    "vg_init": {
      "mode": "fixed",
      "lo": 1.0,
      "hi": 3.0,
      "fixed": 4.0
    },
    "epochs": 100,
    "device_include_path": "/home/ma-lab/Desktop/pyclln-final/device_model/nmos_lvl1_ald1106.lib",
    "device_subckt": "NMOSWRAP"
  },
  "train": {
    "acc": 0.9290187891440501,
    "hinge": 0.021907090744606818,
    "n_free": 1437,
    "n_clamp": 445,
    "hinge_active": 445,
    "hinge_active_frac": 0.30967292971468335,
    "skipped": 992,
    "reload_free": 0,
    "reload_clamp": 0,
    "nonfinite_free": 0,
    "nonfinite_clamp": 0
  },
  "val": {
    "acc": 0.9,
    "hinge": 0.0257401275,
    "test_gap_mean": 0.13711106916666665,
    "test_gap_median": 0.14604775,
    "test_gap_std": 0.10056567157799629,
    "test_satisfy_frac": 0.6666666666666666,
    "test_hinge_mean": 0.0257401275,
    "val_reloads": 0.0,
    "val_nonfinite": 0.0
  },
  "timing_s": {
    "epoch_total": 13.64600157737732,
    "train_free": 6.307665586471558,
    "train_clamp": 1.9811968803405762,
    "train_update": 0.3762521743774414
  },
  "vg_stats": {
    "vg_unique_min": 0.46855660719237996,
    "vg_unique_max": 5.6542380775248,
    "vg_unique_sat_lo": 0.0,
    "vg_unique_sat_hi": 0.0
  }
}