{
  "epoch": 6,
  "config": {
    "seed": 2,
    "gamma": 3.0,
    "margin": 0.1,
    "delta": 0.1,
    "input_vmin": 0.0,
    "input_vmax": 1.0,
    "rails": [
      0.0,
      0.45
    ],
    "solver": "klu",
    "body_tie": "ground",
    "body_res": 10.0,
    "rs_clamp": 10.0,
    "model_vto": 0.75,
    "vg_cutoff": 0.75,
    "vg_cutoff_epochs": 4,
    "vg_init": {
      "mode": "fixed",
      "lo": 1.0,
      "hi": 3.0,
      "fixed": 4.0
    },
    "epochs": 100,
    "device_include_path": "/home/ma-lab/Desktop/pyclln-final/device_model/nmos_lvl1_ald1106.lib",
    "device_subckt": "NMOSWRAP"
  },
  "train": {
    "acc": 0.9450243562978428,
    "hinge": 0.01883244036186498,
    "n_free": 1437,
    "n_clamp": 462,
    "hinge_active": 462,
    "hinge_active_frac": 0.32150313152400833,
    "skipped": 975,
    "reload_free": 0,
    "reload_clamp": 0,
    "nonfinite_free": 0,
    "nonfinite_clamp": 0
  },
  "val": {
    "acc": 0.9138888888888889,
    "hinge": 0.021158906111111105,
    "test_gap_mean": 0.1308448252777778,
    "test_gap_median": 0.14382109999999998,
    "test_gap_std": 0.08125011049710744,
    "test_satisfy_frac": 0.6972222222222222,
    "test_hinge_mean": 0.02115890611111111,
    "val_reloads": 0.0,
    "val_nonfinite": 0.0
  },
  "timing_s": {
    "epoch_total": 49.49416208267212,
    "train_free": 27.240971326828003,
    "train_clamp": 8.764276027679443,
    "train_update": 0.824476957321167
  },
  "vg_stats": {
    "vg_unique_min": 0.4,
    "vg_unique_max": 8.0,
    "vg_unique_sat_lo": 52.0,
    "vg_unique_sat_hi": 2.0
  }
}