{
  "epoch": 79,
  "config": {
    "seed": 2,
    "gamma": 3.0,
    "margin": 0.1,
    "delta": 0.1,
    "input_vmin": 0.0,
    "input_vmax": 1.0,
    "rails": [
      0.0,
      0.45
    ],
    "solver": "klu",
    "body_tie": "ground",
    "body_res": 10.0,
    "rs_clamp": 10.0,
    "model_vto": 0.75,
    "vg_cutoff": 0.75,
    "vg_cutoff_epochs": 4,
    "vg_init": {
      "mode": "fixed",
      "lo": 1.0,
      "hi": 3.0,
      "fixed": 4.0
    },
    "epochs": 100,
    "device_include_path": "/home/ma-lab/Desktop/pyclln-final/device_model/nmos_lvl1_ald1106.lib",
    "device_subckt": "NMOSWRAP"
  },
  "train": {
    "acc": 0.918580375782881,
    "hinge": 0.02251718796102993,
    "n_free": 1437,
    "n_clamp": 431,
    "hinge_active": 431,
    "hinge_active_frac": 0.29993041057759223,
    "skipped": 1006,
    "reload_free": 0,
    "reload_clamp": 0,
    "nonfinite_free": 0,
    "nonfinite_clamp": 0
  },
  "val": {
    "acc": 0.9305555555555556,
    "hinge": 0.022025380833333334,
    "test_gap_mean": 0.1517111333333333,
    "test_gap_median": 0.16057020000000002,
    "test_gap_std": 0.10491786814315096,
    "test_satisfy_frac": 0.7083333333333334,
    "test_hinge_mean": 0.022025380833333334,
    "val_reloads": 0.0,
    "val_nonfinite": 0.0
  },
  "timing_s": {
    "epoch_total": 11.781248331069946,
    "train_free": 5.804569959640503,
    "train_clamp": 1.6973683834075928,
    "train_update": 0.39898180961608887
  },
  "vg_stats": {
    "vg_unique_min": 0.6206541525112603,
    "vg_unique_max": 5.442067772644613,
    "vg_unique_sat_lo": 0.0,
    "vg_unique_sat_hi": 0.0
  }
}