{
  "test_gap_mean": 0.12469176222222222,
  "test_gap_median": 0.1251343,
  "test_gap_std": 0.11380882547780224,
  "test_satisfy_frac": 0.6138888888888889,
  "test_hinge_mean": 0.03297908555555556,
  "val_reloads": 0.0,
  "val_nonfinite": 0.0
}