{
  "test_gap_mean": 0.12644975194444444,
  "test_gap_median": 0.1252624,
  "test_gap_std": 0.11474472121297224,
  "test_satisfy_frac": 0.6111111111111112,
  "test_hinge_mean": 0.032550333611111114,
  "val_reloads": 0.0,
  "val_nonfinite": 0.0
}