{
  "test_gap_mean": 0.12439872611111111,
  "test_gap_median": 0.1238775,
  "test_gap_std": 0.11399670658264911,
  "test_satisfy_frac": 0.6111111111111112,
  "test_hinge_mean": 0.03318777611111111,
  "val_reloads": 0.0,
  "val_nonfinite": 0.0
}