{
  "test_gap_mean": 0.10653807527777776,
  "test_gap_median": 0.11077,
  "test_gap_std": 0.10353567464296667,
  "test_satisfy_frac": 0.55,
  "test_hinge_mean": 0.03686229333333334,
  "val_reloads": 0.0,
  "val_nonfinite": 0.0
}