{
  "test_gap_mean": 0.10573300305555557,
  "test_gap_median": 0.10776735000000001,
  "test_gap_std": 0.10260680447629363,
  "test_satisfy_frac": 0.5416666666666666,
  "test_hinge_mean": 0.036867049722222225,
  "val_reloads": 0.0,
  "val_nonfinite": 0.0
}