{
  "test_gap_mean": 0.11958764527777777,
  "test_gap_median": 0.11978605,
  "test_gap_std": 0.110575589181806,
  "test_satisfy_frac": 0.5944444444444444,
  "test_hinge_mean": 0.03391394666666667,
  "val_reloads": 0.0,
  "val_nonfinite": 0.0
}