{
  "test_gap_mean": 0.11308945916666667,
  "test_gap_median": 0.1154715,
  "test_gap_std": 0.10767554653167374,
  "test_satisfy_frac": 0.5861111111111111,
  "test_hinge_mean": 0.035569036666666665,
  "val_reloads": 0.0,
  "val_nonfinite": 0.0
}