{
  "test_gap_mean": 0.1252079725,
  "test_gap_median": 0.12535215000000002,
  "test_gap_std": 0.11391366267235997,
  "test_satisfy_frac": 0.6083333333333333,
  "test_hinge_mean": 0.03278687805555556,
  "val_reloads": 0.0,
  "val_nonfinite": 0.0
}