{
  "test_gap_mean": 0.12116508222222223,
  "test_gap_median": 0.1247232,
  "test_gap_std": 0.11139729490060347,
  "test_satisfy_frac": 0.6083333333333333,
  "test_hinge_mean": 0.03363854861111112,
  "val_reloads": 0.0,
  "val_nonfinite": 0.0
}