{
  "epoch": 91,
  "config": {
    "seed": 0,
    "gamma": 0.03,
    "margin": 0.1,
    "delta": 0.1,
    "input_vmin": 0.0,
    "input_vmax": 1.0,
    "rails": [
      0.0,
      0.45
    ],
    "solver": "klu",
    "body_tie": "ground",
    "body_res": 10.0,
    "rs_clamp": 10.0,
    "model_vto": 0.75,
    "vg_cutoff": 0.75,
    "vg_cutoff_epochs": 4,
    "vg_init": {
      "mode": "fixed",
      "lo": 1.0,
      "hi": 3.0,
      "fixed": 0.75
    },
    "epochs": 100,
    "device_include_path": "/home/ma-lab/Desktop/pyclln-final/device_model/nmos_lvl1_ald1106.lib",
    "device_subckt": "NMOSWRAP"
  },
  "train": {
    "acc": 0.9109255393180237,
    "hinge": 0.025846034933890084,
    "n_free": 1437,
    "n_clamp": 524,
    "hinge_active": 524,
    "hinge_active_frac": 0.36464857341684065,
    "skipped": 913,
    "reload_free": 0,
    "reload_clamp": 0,
    "nonfinite_free": 0,
    "nonfinite_clamp": 0
  },
  "val": {
    "acc": 0.8888888888888888,
    "hinge": 0.03219400333333332,
    "test_gap_mean": 0.12709020444444444,
    "test_gap_median": 0.12513370000000001,
    "test_gap_std": 0.11461283493533436,
    "test_satisfy_frac": 0.6055555555555555,
    "test_hinge_mean": 0.03219400333333334,
    "val_reloads": 0.0,
    "val_nonfinite": 0.0
  },
  "timing_s": {
    "epoch_total": 8.909857034683228,
    "train_free": 3.6226701736450195,
    "train_clamp": 1.256026268005371,
    "train_update": 0.3167247772216797
  },
  "vg_stats": {
    "vg_unique_min": 0.8477477688284997,
    "vg_unique_max": 2.039561772727187,
    "vg_unique_sat_lo": 0.0,
    "vg_unique_sat_hi": 0.0
  }
}