{
  "epoch": 46,
  "config": {
    "seed": 0,
    "gamma": 0.03,
    "margin": 0.1,
    "delta": 0.1,
    "input_vmin": 0.0,
    "input_vmax": 1.0,
    "rails": [
      0.0,
      0.45
    ],
    "solver": "klu",
    "body_tie": "ground",
    "body_res": 10.0,
    "rs_clamp": 10.0,
    "model_vto": 0.75,
    "vg_cutoff": 0.75,
    "vg_cutoff_epochs": 4,
    "vg_init": {
      "mode": "fixed",
      "lo": 1.0,
      "hi": 3.0,
      "fixed": 0.75
    },
    "epochs": 100,
    "device_include_path": "/home/ma-lab/Desktop/pyclln-final/device_model/nmos_lvl1_ald1106.lib",
    "device_subckt": "NMOSWRAP"
  },
  "train": {
    "acc": 0.8983994432846207,
    "hinge": 0.028601930340988166,
    "n_free": 1437,
    "n_clamp": 563,
    "hinge_active": 563,
    "hinge_active_frac": 0.3917884481558803,
    "skipped": 874,
    "reload_free": 0,
    "reload_clamp": 0,
    "nonfinite_free": 0,
    "nonfinite_clamp": 0
  },
  "val": {
    "acc": 0.8638888888888889,
    "hinge": 0.03491103833333335,
    "test_gap_mean": 0.11555872638888888,
    "test_gap_median": 0.11738635000000003,
    "test_gap_std": 0.10873864650341253,
    "test_satisfy_frac": 0.5944444444444444,
    "test_hinge_mean": 0.03491103833333334,
    "val_reloads": 0.0,
    "val_nonfinite": 0.0
  },
  "timing_s": {
    "epoch_total": 8.603869438171387,
    "train_free": 3.5477428436279297,
    "train_clamp": 1.3583624362945557,
    "train_update": 0.31394267082214355
  },
  "vg_stats": {
    "vg_unique_min": 0.731193253272434,
    "vg_unique_max": 1.9146557429772024,
    "vg_unique_sat_lo": 0.0,
    "vg_unique_sat_hi": 0.0
  }
}