{
  "epoch": 27,
  "config": {
    "seed": 0,
    "gamma": 0.03,
    "margin": 0.1,
    "delta": 0.1,
    "input_vmin": 0.0,
    "input_vmax": 1.0,
    "rails": [
      0.0,
      0.45
    ],
    "solver": "klu",
    "body_tie": "ground",
    "body_res": 10.0,
    "rs_clamp": 10.0,
    "model_vto": 0.75,
    "vg_cutoff": 0.75,
    "vg_cutoff_epochs": 4,
    "vg_init": {
      "mode": "fixed",
      "lo": 1.0,
      "hi": 3.0,
      "fixed": 0.75
    },
    "epochs": 100,
    "device_include_path": "/home/ma-lab/Desktop/pyclln-final/device_model/nmos_lvl1_ald1106.lib",
    "device_subckt": "NMOSWRAP"
  },
  "train": {
    "acc": 0.8914405010438413,
    "hinge": 0.03217915755045232,
    "n_free": 1437,
    "n_clamp": 650,
    "hinge_active": 650,
    "hinge_active_frac": 0.4523312456506611,
    "skipped": 787,
    "reload_free": 0,
    "reload_clamp": 0,
    "nonfinite_free": 0,
    "nonfinite_clamp": 0
  },
  "val": {
    "acc": 0.8416666666666667,
    "hinge": 0.03799139055555555,
    "test_gap_mean": 0.10104283388888889,
    "test_gap_median": 0.10408784999999998,
    "test_gap_std": 0.09941643750275721,
    "test_satisfy_frac": 0.525,
    "test_hinge_mean": 0.03799139055555555,
    "val_reloads": 0.0,
    "val_nonfinite": 0.0
  },
  "timing_s": {
    "epoch_total": 11.20987844467163,
    "train_free": 4.418733835220337,
    "train_clamp": 1.9275336265563965,
    "train_update": 0.4468042850494385
  },
  "vg_stats": {
    "vg_unique_min": 0.7300308460569446,
    "vg_unique_max": 1.733366762408635,
    "vg_unique_sat_lo": 0.0,
    "vg_unique_sat_hi": 0.0
  }
}