{
  "epoch": 11,
  "config": {
    "seed": 0,
    "gamma": 0.03,
    "margin": 0.1,
    "delta": 0.1,
    "input_vmin": 0.0,
    "input_vmax": 1.0,
    "rails": [
      0.0,
      0.45
    ],
    "solver": "klu",
    "body_tie": "ground",
    "body_res": 10.0,
    "rs_clamp": 10.0,
    "model_vto": 0.75,
    "vg_cutoff": 0.75,
    "vg_cutoff_epochs": 4,
    "vg_init": {
      "mode": "fixed",
      "lo": 1.0,
      "hi": 3.0,
      "fixed": 0.75
    },
    "epochs": 100,
    "device_include_path": "/home/ma-lab/Desktop/pyclln-final/device_model/nmos_lvl1_ald1106.lib",
    "device_subckt": "NMOSWRAP"
  },
  "train": {
    "acc": 0.8510786360473208,
    "hinge": 0.04240628128740433,
    "n_free": 1437,
    "n_clamp": 870,
    "hinge_active": 870,
    "hinge_active_frac": 0.605427974947808,
    "skipped": 567,
    "reload_free": 0,
    "reload_clamp": 0,
    "nonfinite_free": 0,
    "nonfinite_clamp": 0
  },
  "val": {
    "acc": 0.8305555555555556,
    "hinge": 0.046632012888888894,
    "test_gap_mean": 0.07322019433333334,
    "test_gap_median": 0.07119950000000001,
    "test_gap_std": 0.07774557409586888,
    "test_satisfy_frac": 0.3527777777777778,
    "test_hinge_mean": 0.046632012888888894,
    "val_reloads": 0.0,
    "val_nonfinite": 0.0
  },
  "timing_s": {
    "epoch_total": 13.797209978103638,
    "train_free": 5.0190277099609375,
    "train_clamp": 2.939516544342041,
    "train_update": 0.6997106075286865
  },
  "vg_stats": {
    "vg_unique_min": 0.6798550455840505,
    "vg_unique_max": 1.4360406749754127,
    "vg_unique_sat_lo": 0.0,
    "vg_unique_sat_hi": 0.0
  }
}