{
  "epoch": 85,
  "config": {
    "seed": 0,
    "gamma": 0.03,
    "margin": 0.1,
    "delta": 0.1,
    "input_vmin": 0.0,
    "input_vmax": 1.0,
    "rails": [
      0.0,
      0.45
    ],
    "solver": "klu",
    "body_tie": "ground",
    "body_res": 10.0,
    "rs_clamp": 10.0,
    "model_vto": 0.75,
    "vg_cutoff": 0.75,
    "vg_cutoff_epochs": 4,
    "vg_init": {
      "mode": "fixed",
      "lo": 1.0,
      "hi": 3.0,
      "fixed": 0.75
    },
    "epochs": 100,
    "device_include_path": "/home/ma-lab/Desktop/pyclln-final/device_model/nmos_lvl1_ald1106.lib",
    "device_subckt": "NMOSWRAP"
  },
  "train": {
    "acc": 0.9102296450939458,
    "hinge": 0.026051964231036874,
    "n_free": 1437,
    "n_clamp": 525,
    "hinge_active": 525,
    "hinge_active_frac": 0.3653444676409186,
    "skipped": 912,
    "reload_free": 0,
    "reload_clamp": 0,
    "nonfinite_free": 0,
    "nonfinite_clamp": 0
  },
  "val": {
    "acc": 0.8833333333333333,
    "hinge": 0.032550333611111135,
    "test_gap_mean": 0.12644975194444444,
    "test_gap_median": 0.1252624,
    "test_gap_std": 0.11474472121297224,
    "test_satisfy_frac": 0.6111111111111112,
    "test_hinge_mean": 0.032550333611111114,
    "val_reloads": 0.0,
    "val_nonfinite": 0.0
  },
  "timing_s": {
    "epoch_total": 8.822291612625122,
    "train_free": 3.439462900161743,
    "train_clamp": 1.2088978290557861,
    "train_update": 0.332866907119751
  },
  "vg_stats": {
    "vg_unique_min": 0.7467014739469607,
    "vg_unique_max": 2.0136391395169064,
    "vg_unique_sat_lo": 0.0,
    "vg_unique_sat_hi": 0.0
  }
}