{
  "epoch": 37,
  "config": {
    "seed": 0,
    "gamma": 0.03,
    "margin": 0.1,
    "delta": 0.1,
    "input_vmin": 0.0,
    "input_vmax": 1.0,
    "rails": [
      0.0,
      0.45
    ],
    "solver": "klu",
    "body_tie": "ground",
    "body_res": 10.0,
    "rs_clamp": 10.0,
    "model_vto": 0.75,
    "vg_cutoff": 0.75,
    "vg_cutoff_epochs": 4,
    "vg_init": {
      "mode": "fixed",
      "lo": 1.0,
      "hi": 3.0,
      "fixed": 0.75
    },
    "epochs": 100,
    "device_include_path": "/home/ma-lab/Desktop/pyclln-final/device_model/nmos_lvl1_ald1106.lib",
    "device_subckt": "NMOSWRAP"
  },
  "train": {
    "acc": 0.8942240779401531,
    "hinge": 0.02970976840640224,
    "n_free": 1437,
    "n_clamp": 603,
    "hinge_active": 603,
    "hinge_active_frac": 0.4196242171189979,
    "skipped": 834,
    "reload_free": 0,
    "reload_clamp": 0,
    "nonfinite_free": 0,
    "nonfinite_clamp": 0
  },
  "val": {
    "acc": 0.85,
    "hinge": 0.036145608888888896,
    "test_gap_mean": 0.11046995916666667,
    "test_gap_median": 0.11460335,
    "test_gap_std": 0.10623001881212388,
    "test_satisfy_frac": 0.5694444444444444,
    "test_hinge_mean": 0.03614560888888889,
    "val_reloads": 0.0,
    "val_nonfinite": 0.0
  },
  "timing_s": {
    "epoch_total": 8.23909878730774,
    "train_free": 3.405350685119629,
    "train_clamp": 1.3700871467590332,
    "train_update": 0.3359551429748535
  },
  "vg_stats": {
    "vg_unique_min": 0.7379791922842324,
    "vg_unique_max": 1.8395992118777842,
    "vg_unique_sat_lo": 0.0,
    "vg_unique_sat_hi": 0.0
  }
}