{
  "epoch": 44,
  "config": {
    "seed": 0,
    "gamma": 0.03,
    "margin": 0.1,
    "delta": 0.1,
    "input_vmin": 0.0,
    "input_vmax": 1.0,
    "rails": [
      0.0,
      0.45
    ],
    "solver": "klu",
    "body_tie": "ground",
    "body_res": 10.0,
    "rs_clamp": 10.0,
    "model_vto": 0.75,
    "vg_cutoff": 0.75,
    "vg_cutoff_epochs": 4,
    "vg_init": {
      "mode": "fixed",
      "lo": 1.0,
      "hi": 3.0,
      "fixed": 0.75
    },
    "epochs": 100,
    "device_include_path": "/home/ma-lab/Desktop/pyclln-final/device_model/nmos_lvl1_ald1106.lib",
    "device_subckt": "NMOSWRAP"
  },
  "train": {
    "acc": 0.8977035490605428,
    "hinge": 0.02872945692414749,
    "n_free": 1437,
    "n_clamp": 575,
    "hinge_active": 575,
    "hinge_active_frac": 0.4001391788448156,
    "skipped": 862,
    "reload_free": 0,
    "reload_clamp": 0,
    "nonfinite_free": 0,
    "nonfinite_clamp": 0
  },
  "val": {
    "acc": 0.8583333333333333,
    "hinge": 0.03520017472222221,
    "test_gap_mean": 0.11463432000000001,
    "test_gap_median": 0.11586275000000001,
    "test_gap_std": 0.10836116304825928,
    "test_satisfy_frac": 0.5861111111111111,
    "test_hinge_mean": 0.03520017472222222,
    "val_reloads": 0.0,
    "val_nonfinite": 0.0
  },
  "timing_s": {
    "epoch_total": 10.499125242233276,
    "train_free": 4.363363981246948,
    "train_clamp": 1.6899943351745605,
    "train_update": 0.39098215103149414
  },
  "vg_stats": {
    "vg_unique_min": 0.7412177517949654,
    "vg_unique_max": 1.8989216764237131,
    "vg_unique_sat_lo": 0.0,
    "vg_unique_sat_hi": 0.0
  }
}