{
  "epoch": 60,
  "config": {
    "seed": 0,
    "gamma": 0.03,
    "margin": 0.1,
    "delta": 0.1,
    "input_vmin": 0.0,
    "input_vmax": 1.0,
    "rails": [
      0.0,
      0.45
    ],
    "solver": "klu",
    "body_tie": "ground",
    "body_res": 10.0,
    "rs_clamp": 10.0,
    "model_vto": 0.75,
    "vg_cutoff": 0.75,
    "vg_cutoff_epochs": 4,
    "vg_init": {
      "mode": "fixed",
      "lo": 1.0,
      "hi": 3.0,
      "fixed": 0.75
    },
    "epochs": 100,
    "device_include_path": "/home/ma-lab/Desktop/pyclln-final/device_model/nmos_lvl1_ald1106.lib",
    "device_subckt": "NMOSWRAP"
  },
  "train": {
    "acc": 0.9067501739735561,
    "hinge": 0.027383657132915816,
    "n_free": 1437,
    "n_clamp": 549,
    "hinge_active": 549,
    "hinge_active_frac": 0.38204592901878914,
    "skipped": 888,
    "reload_free": 0,
    "reload_clamp": 0,
    "nonfinite_free": 0,
    "nonfinite_clamp": 0
  },
  "val": {
    "acc": 0.8722222222222222,
    "hinge": 0.03375514833333334,
    "test_gap_mean": 0.12073778027777778,
    "test_gap_median": 0.1228773,
    "test_gap_std": 0.11132176025327177,
    "test_satisfy_frac": 0.6055555555555555,
    "test_hinge_mean": 0.03375514833333333,
    "val_reloads": 0.0,
    "val_nonfinite": 0.0
  },
  "timing_s": {
    "epoch_total": 9.16976547241211,
    "train_free": 3.5567615032196045,
    "train_clamp": 1.3714828491210938,
    "train_update": 0.3591306209564209
  },
  "vg_stats": {
    "vg_unique_min": 0.7501728535965071,
    "vg_unique_max": 1.9644216473860678,
    "vg_unique_sat_lo": 0.0,
    "vg_unique_sat_hi": 0.0
  }
}