{
  "epoch": 8,
  "config": {
    "seed": 0,
    "gamma": 0.03,
    "margin": 0.1,
    "delta": 0.1,
    "input_vmin": 0.0,
    "input_vmax": 1.0,
    "rails": [
      0.0,
      0.45
    ],
    "solver": "klu",
    "body_tie": "ground",
    "body_res": 10.0,
    "rs_clamp": 10.0,
    "model_vto": 0.75,
    "vg_cutoff": 0.75,
    "vg_cutoff_epochs": 4,
    "vg_init": {
      "mode": "fixed",
      "lo": 1.0,
      "hi": 3.0,
      "fixed": 0.75
    },
    "epochs": 100,
    "device_include_path": "/home/ma-lab/Desktop/pyclln-final/device_model/nmos_lvl1_ald1106.lib",
    "device_subckt": "NMOSWRAP"
  },
  "train": {
    "acc": 0.8281141266527487,
    "hinge": 0.047415768434238004,
    "n_free": 1437,
    "n_clamp": 969,
    "hinge_active": 969,
    "hinge_active_frac": 0.6743215031315241,
    "skipped": 468,
    "reload_free": 0,
    "reload_clamp": 0,
    "nonfinite_free": 0,
    "nonfinite_clamp": 0
  },
  "val": {
    "acc": 0.8333333333333334,
    "hinge": 0.050552103944444406,
    "test_gap_mean": 0.0626987668888889,
    "test_gap_median": 0.05824520000000001,
    "test_gap_std": 0.06857775334261824,
    "test_satisfy_frac": 0.325,
    "test_hinge_mean": 0.05055210394444444,
    "val_reloads": 0.0,
    "val_nonfinite": 0.0
  },
  "timing_s": {
    "epoch_total": 14.988405704498291,
    "train_free": 5.341316223144531,
    "train_clamp": 3.6145777702331543,
    "train_update": 0.8105430603027344
  },
  "vg_stats": {
    "vg_unique_min": 0.6275159347644786,
    "vg_unique_max": 1.33131718127499,
    "vg_unique_sat_lo": 0.0,
    "vg_unique_sat_hi": 0.0
  }
}