{
  "test_gap_mean": 0.03762316222222222,
  "test_gap_median": 0.03955955000000003,
  "test_gap_std": 0.023840988604161104,
  "test_satisfy_frac": 0.3472222222222222,
  "test_hinge_mean": 0.016942601666666668,
  "val_reloads": 0.0,
  "val_nonfinite": 0.0
}