{
  "test_gap_mean": 0.03714184222222222,
  "test_gap_median": 0.0390335,
  "test_gap_std": 0.023686012237944372,
  "test_satisfy_frac": 0.33611111111111114,
  "test_hinge_mean": 0.017233388333333332,
  "val_reloads": 0.0,
  "val_nonfinite": 0.0
}