{
  "test_gap_mean": 0.012057260833333333,
  "test_gap_median": 0.010855849999999972,
  "test_gap_std": 0.009719716865880542,
  "test_satisfy_frac": 0.0,
  "test_hinge_mean": 0.03794273916666666,
  "val_reloads": 0.0,
  "val_nonfinite": 0.0
}