{
  "test_gap_mean": 0.025709850000000003,
  "test_gap_median": 0.023556700000000028,
  "test_gap_std": 0.019668666048397614,
  "test_satisfy_frac": 0.11944444444444445,
  "test_hinge_mean": 0.02496192472222222,
  "val_reloads": 0.0,
  "val_nonfinite": 0.0
}