{
  "test_gap_mean": 0.039727035833333334,
  "test_gap_median": 0.04135764999999997,
  "test_gap_std": 0.024507990560273724,
  "test_satisfy_frac": 0.3861111111111111,
  "test_hinge_mean": 0.015732761111111108,
  "val_reloads": 0.0,
  "val_nonfinite": 0.0
}