{
  "test_gap_mean": 0.03402375638888889,
  "test_gap_median": 0.034119250000000004,
  "test_gap_std": 0.022841787212120518,
  "test_satisfy_frac": 0.3055555555555556,
  "test_hinge_mean": 0.01919244083333333,
  "val_reloads": 0.0,
  "val_nonfinite": 0.0
}