{
  "test_gap_mean": 0.03911169444444444,
  "test_gap_median": 0.04060164999999999,
  "test_gap_std": 0.024331375740825813,
  "test_satisfy_frac": 0.36944444444444446,
  "test_hinge_mean": 0.01607759805555556,
  "val_reloads": 0.0,
  "val_nonfinite": 0.0
}