{
  "epoch": 37,
  "config": {
    "seed": 2,
    "gamma": 0.03,
    "margin": 0.05,
    "delta": 0.1,
    "input_vmin": 0.0,
    "input_vmax": 1.0,
    "rails": [
      0.0,
      0.45
    ],
    "solver": "klu",
    "body_tie": "ground",
    "body_res": 10.0,
    "rs_clamp": 10.0,
    "model_vto": 0.75,
    "vg_cutoff": 0.75,
    "vg_cutoff_epochs": 4,
    "vg_init": {
      "mode": "fixed",
      "lo": 1.0,
      "hi": 3.0,
      "fixed": 4.0
    },
    "epochs": 100,
    "device_include_path": "/home/ma-lab/Desktop/pyclln-final/device_model/nmos_lvl1_ald1106.lib",
    "device_subckt": "NMOSWRAP"
  },
  "train": {
    "acc": 0.8997912317327766,
    "hinge": 0.028603231384829442,
    "n_free": 1437,
    "n_clamp": 1385,
    "hinge_active": 1385,
    "hinge_active_frac": 0.9638135003479471,
    "skipped": 52,
    "reload_free": 0,
    "reload_clamp": 0,
    "nonfinite_free": 0,
    "nonfinite_clamp": 0
  },
  "val": {
    "acc": 0.9,
    "hinge": 0.028552216111111126,
    "test_gap_mean": 0.021595361944444443,
    "test_gap_median": 0.019176399999999982,
    "test_gap_std": 0.01714401300177968,
    "test_satisfy_frac": 0.04722222222222222,
    "test_hinge_mean": 0.028552216111111108,
    "val_reloads": 0.0,
    "val_nonfinite": 0.0
  },
  "timing_s": {
    "epoch_total": 84.62692141532898,
    "train_free": 31.88828182220459,
    "train_clamp": 30.489038944244385,
    "train_update": 3.428377628326416
  },
  "vg_stats": {
    "vg_unique_min": 1.5488979603735984,
    "vg_unique_max": 5.945163921364681,
    "vg_unique_sat_lo": 0.0,
    "vg_unique_sat_hi": 0.0
  }
}