{
  "epoch": 42,
  "config": {
    "seed": 2,
    "gamma": 0.03,
    "margin": 0.05,
    "delta": 0.1,
    "input_vmin": 0.0,
    "input_vmax": 1.0,
    "rails": [
      0.0,
      0.45
    ],
    "solver": "klu",
    "body_tie": "ground",
    "body_res": 10.0,
    "rs_clamp": 10.0,
    "model_vto": 0.75,
    "vg_cutoff": 0.75,
    "vg_cutoff_epochs": 4,
    "vg_init": {
      "mode": "fixed",
      "lo": 1.0,
      "hi": 3.0,
      "fixed": 4.0
    },
    "epochs": 100,
    "device_include_path": "/home/ma-lab/Desktop/pyclln-final/device_model/nmos_lvl1_ald1106.lib",
    "device_subckt": "NMOSWRAP"
  },
  "train": {
    "acc": 0.9039665970772442,
    "hinge": 0.025822789352818416,
    "n_free": 1437,
    "n_clamp": 1313,
    "hinge_active": 1313,
    "hinge_active_frac": 0.9137091162143354,
    "skipped": 124,
    "reload_free": 0,
    "reload_clamp": 0,
    "nonfinite_free": 0,
    "nonfinite_clamp": 0
  },
  "val": {
    "acc": 0.9,
    "hinge": 0.025880595277777793,
    "test_gap_mean": 0.02461669472222222,
    "test_gap_median": 0.02231015,
    "test_gap_std": 0.01910698188334713,
    "test_satisfy_frac": 0.09444444444444444,
    "test_hinge_mean": 0.02588059527777778,
    "val_reloads": 0.0,
    "val_nonfinite": 0.0
  },
  "timing_s": {
    "epoch_total": 86.39137935638428,
    "train_free": 33.290077924728394,
    "train_clamp": 30.024938106536865,
    "train_update": 3.5000598430633545
  },
  "vg_stats": {
    "vg_unique_min": 1.280272599210316,
    "vg_unique_max": 6.112366852181178,
    "vg_unique_sat_lo": 0.0,
    "vg_unique_sat_hi": 0.0
  }
}