{
  "epoch": 51,
  "config": {
    "seed": 2,
    "gamma": 0.03,
    "margin": 0.05,
    "delta": 0.1,
    "input_vmin": 0.0,
    "input_vmax": 1.0,
    "rails": [
      0.0,
      0.45
    ],
    "solver": "klu",
    "body_tie": "ground",
    "body_res": 10.0,
    "rs_clamp": 10.0,
    "model_vto": 0.75,
    "vg_cutoff": 0.75,
    "vg_cutoff_epochs": 4,
    "vg_init": {
      "mode": "fixed",
      "lo": 1.0,
      "hi": 3.0,
      "fixed": 4.0
    },
    "epochs": 100,
    "device_include_path": "/home/ma-lab/Desktop/pyclln-final/device_model/nmos_lvl1_ald1106.lib",
    "device_subckt": "NMOSWRAP"
  },
  "train": {
    "acc": 0.9164926931106472,
    "hinge": 0.022198655254001377,
    "n_free": 1437,
    "n_clamp": 1164,
    "hinge_active": 1164,
    "hinge_active_frac": 0.8100208768267223,
    "skipped": 273,
    "reload_free": 0,
    "reload_clamp": 0,
    "nonfinite_free": 0,
    "nonfinite_clamp": 0
  },
  "val": {
    "acc": 0.9083333333333333,
    "hinge": 0.022416272500000018,
    "test_gap_mean": 0.029005365555555555,
    "test_gap_median": 0.027551199999999998,
    "test_gap_std": 0.021053380736092465,
    "test_satisfy_frac": 0.2,
    "test_hinge_mean": 0.022416272499999997,
    "val_reloads": 0.0,
    "val_nonfinite": 0.0
  },
  "timing_s": {
    "epoch_total": 86.82931971549988,
    "train_free": 35.27574324607849,
    "train_clamp": 28.3852059841156,
    "train_update": 3.3608853816986084
  },
  "vg_stats": {
    "vg_unique_min": 0.8325474340210665,
    "vg_unique_max": 6.463147728646067,
    "vg_unique_sat_lo": 0.0,
    "vg_unique_sat_hi": 0.0
  }
}