{
  "epoch": 65,
  "config": {
    "seed": 2,
    "gamma": 0.03,
    "margin": 0.05,
    "delta": 0.1,
    "input_vmin": 0.0,
    "input_vmax": 1.0,
    "rails": [
      0.0,
      0.45
    ],
    "solver": "klu",
    "body_tie": "ground",
    "body_res": 10.0,
    "rs_clamp": 10.0,
    "model_vto": 0.75,
    "vg_cutoff": 0.75,
    "vg_cutoff_epochs": 4,
    "vg_init": {
      "mode": "fixed",
      "lo": 1.0,
      "hi": 3.0,
      "fixed": 4.0
    },
    "epochs": 100,
    "device_include_path": "/home/ma-lab/Desktop/pyclln-final/device_model/nmos_lvl1_ald1106.lib",
    "device_subckt": "NMOSWRAP"
  },
  "train": {
    "acc": 0.9311064718162839,
    "hinge": 0.018611097007654866,
    "n_free": 1437,
    "n_clamp": 1029,
    "hinge_active": 1029,
    "hinge_active_frac": 0.7160751565762005,
    "skipped": 408,
    "reload_free": 0,
    "reload_clamp": 0,
    "nonfinite_free": 0,
    "nonfinite_clamp": 0
  },
  "val": {
    "acc": 0.925,
    "hinge": 0.019192440833333352,
    "test_gap_mean": 0.03402375638888889,
    "test_gap_median": 0.034119250000000004,
    "test_gap_std": 0.022841787212120518,
    "test_satisfy_frac": 0.3055555555555556,
    "test_hinge_mean": 0.01919244083333333,
    "val_reloads": 0.0,
    "val_nonfinite": 0.0
  },
  "timing_s": {
    "epoch_total": 103.95200276374817,
    "train_free": 45.986650705337524,
    "train_clamp": 32.62982702255249,
    "train_update": 3.27124285697937
  },
  "vg_stats": {
    "vg_unique_min": 0.6792777832466679,
    "vg_unique_max": 6.842953110513089,
    "vg_unique_sat_lo": 0.0,
    "vg_unique_sat_hi": 0.0
  }
}