{
  "epoch": 72,
  "config": {
    "seed": 2,
    "gamma": 0.03,
    "margin": 0.05,
    "delta": 0.1,
    "input_vmin": 0.0,
    "input_vmax": 1.0,
    "rails": [
      0.0,
      0.45
    ],
    "solver": "klu",
    "body_tie": "ground",
    "body_res": 10.0,
    "rs_clamp": 10.0,
    "model_vto": 0.75,
    "vg_cutoff": 0.75,
    "vg_cutoff_epochs": 4,
    "vg_init": {
      "mode": "fixed",
      "lo": 1.0,
      "hi": 3.0,
      "fixed": 4.0
    },
    "epochs": 100,
    "device_include_path": "/home/ma-lab/Desktop/pyclln-final/device_model/nmos_lvl1_ald1106.lib",
    "device_subckt": "NMOSWRAP"
  },
  "train": {
    "acc": 0.9359777313848295,
    "hinge": 0.017317327557411267,
    "n_free": 1437,
    "n_clamp": 981,
    "hinge_active": 981,
    "hinge_active_frac": 0.6826722338204593,
    "skipped": 456,
    "reload_free": 0,
    "reload_clamp": 0,
    "nonfinite_free": 0,
    "nonfinite_clamp": 0
  },
  "val": {
    "acc": 0.9361111111111111,
    "hinge": 0.018000473055555563,
    "test_gap_mean": 0.035924931944444446,
    "test_gap_median": 0.036821850000000045,
    "test_gap_std": 0.02336766322815229,
    "test_satisfy_frac": 0.33055555555555555,
    "test_hinge_mean": 0.018000473055555553,
    "val_reloads": 0.0,
    "val_nonfinite": 0.0
  },
  "timing_s": {
    "epoch_total": 101.8240270614624,
    "train_free": 45.9705445766449,
    "train_clamp": 31.12348961830139,
    "train_update": 3.0052154064178467
  },
  "vg_stats": {
    "vg_unique_min": 0.8208972193121686,
    "vg_unique_max": 6.990016969758327,
    "vg_unique_sat_lo": 0.0,
    "vg_unique_sat_hi": 0.0
  }
}