{
  "epoch": 63,
  "config": {
    "seed": 2,
    "gamma": 0.03,
    "margin": 0.05,
    "delta": 0.1,
    "input_vmin": 0.0,
    "input_vmax": 1.0,
    "rails": [
      0.0,
      0.45
    ],
    "solver": "klu",
    "body_tie": "ground",
    "body_res": 10.0,
    "rs_clamp": 10.0,
    "model_vto": 0.75,
    "vg_cutoff": 0.75,
    "vg_cutoff_epochs": 4,
    "vg_init": {
      "mode": "fixed",
      "lo": 1.0,
      "hi": 3.0,
      "fixed": 4.0
    },
    "epochs": 100,
    "device_include_path": "/home/ma-lab/Desktop/pyclln-final/device_model/nmos_lvl1_ald1106.lib",
    "device_subckt": "NMOSWRAP"
  },
  "train": {
    "acc": 0.930410577592206,
    "hinge": 0.01902873284620736,
    "n_free": 1437,
    "n_clamp": 1047,
    "hinge_active": 1047,
    "hinge_active_frac": 0.7286012526096033,
    "skipped": 390,
    "reload_free": 0,
    "reload_clamp": 0,
    "nonfinite_free": 0,
    "nonfinite_clamp": 0
  },
  "val": {
    "acc": 0.9222222222222223,
    "hinge": 0.019576496944444452,
    "test_gap_mean": 0.03341048083333334,
    "test_gap_median": 0.03322324999999998,
    "test_gap_std": 0.022657591021237464,
    "test_satisfy_frac": 0.3,
    "test_hinge_mean": 0.01957649694444444,
    "val_reloads": 0.0,
    "val_nonfinite": 0.0
  },
  "timing_s": {
    "epoch_total": 101.00426459312439,
    "train_free": 43.59322547912598,
    "train_clamp": 31.417251348495483,
    "train_update": 3.4560916423797607
  },
  "vg_stats": {
    "vg_unique_min": 0.6147199278172241,
    "vg_unique_max": 6.799870915192248,
    "vg_unique_sat_lo": 0.0,
    "vg_unique_sat_hi": 0.0
  }
}