{
  "epoch": 76,
  "config": {
    "seed": 2,
    "gamma": 0.03,
    "margin": 0.05,
    "delta": 0.1,
    "input_vmin": 0.0,
    "input_vmax": 1.0,
    "rails": [
      0.0,
      0.45
    ],
    "solver": "klu",
    "body_tie": "ground",
    "body_res": 10.0,
    "rs_clamp": 10.0,
    "model_vto": 0.75,
    "vg_cutoff": 0.75,
    "vg_cutoff_epochs": 4,
    "vg_init": {
      "mode": "fixed",
      "lo": 1.0,
      "hi": 3.0,
      "fixed": 4.0
    },
    "epochs": 100,
    "device_include_path": "/home/ma-lab/Desktop/pyclln-final/device_model/nmos_lvl1_ald1106.lib",
    "device_subckt": "NMOSWRAP"
  },
  "train": {
    "acc": 0.9373695198329853,
    "hinge": 0.016661385247042457,
    "n_free": 1437,
    "n_clamp": 962,
    "hinge_active": 962,
    "hinge_active_frac": 0.6694502435629784,
    "skipped": 475,
    "reload_free": 0,
    "reload_clamp": 0,
    "nonfinite_free": 0,
    "nonfinite_clamp": 0
  },
  "val": {
    "acc": 0.9361111111111111,
    "hinge": 0.017385541111111128,
    "test_gap_mean": 0.03691564361111111,
    "test_gap_median": 0.03865235,
    "test_gap_std": 0.02364714461921738,
    "test_satisfy_frac": 0.33611111111111114,
    "test_hinge_mean": 0.017385541111111107,
    "val_reloads": 0.0,
    "val_nonfinite": 0.0
  },
  "timing_s": {
    "epoch_total": 107.76012825965881,
    "train_free": 48.775381326675415,
    "train_clamp": 32.49186944961548,
    "train_update": 3.2203831672668457
  },
  "vg_stats": {
    "vg_unique_min": 0.6686239733361032,
    "vg_unique_max": 7.07640528958167,
    "vg_unique_sat_lo": 0.0,
    "vg_unique_sat_hi": 0.0
  }
}