{
  "epoch": 36,
  "config": {
    "seed": 2,
    "gamma": 0.03,
    "margin": 0.05,
    "delta": 0.1,
    "input_vmin": 0.0,
    "input_vmax": 1.0,
    "rails": [
      0.0,
      0.45
    ],
    "solver": "klu",
    "body_tie": "ground",
    "body_res": 10.0,
    "rs_clamp": 10.0,
    "model_vto": 0.75,
    "vg_cutoff": 0.75,
    "vg_cutoff_epochs": 4,
    "vg_init": {
      "mode": "fixed",
      "lo": 1.0,
      "hi": 3.0,
      "fixed": 4.0
    },
    "epochs": 100,
    "device_include_path": "/home/ma-lab/Desktop/pyclln-final/device_model/nmos_lvl1_ald1106.lib",
    "device_subckt": "NMOSWRAP"
  },
  "train": {
    "acc": 0.8990953375086986,
    "hinge": 0.029209009116214282,
    "n_free": 1437,
    "n_clamp": 1396,
    "hinge_active": 1396,
    "hinge_active_frac": 0.9714683368128044,
    "skipped": 41,
    "reload_free": 0,
    "reload_clamp": 0,
    "nonfinite_free": 0,
    "nonfinite_clamp": 0
  },
  "val": {
    "acc": 0.9,
    "hinge": 0.02914347972222223,
    "test_gap_mean": 0.020957231388888886,
    "test_gap_median": 0.018750600000000006,
    "test_gap_std": 0.01671194497872665,
    "test_satisfy_frac": 0.03611111111111111,
    "test_hinge_mean": 0.02914347972222222,
    "val_reloads": 0.0,
    "val_nonfinite": 0.0
  },
  "timing_s": {
    "epoch_total": 91.4177463054657,
    "train_free": 34.90405750274658,
    "train_clamp": 33.56368613243103,
    "train_update": 3.98986554145813
  },
  "vg_stats": {
    "vg_unique_min": 1.6048955433834147,
    "vg_unique_max": 5.90338453394464,
    "vg_unique_sat_lo": 0.0,
    "vg_unique_sat_hi": 0.0
  }
}