{
  "epoch": 39,
  "config": {
    "seed": 2,
    "gamma": 0.03,
    "margin": 0.05,
    "delta": 0.1,
    "input_vmin": 0.0,
    "input_vmax": 1.0,
    "rails": [
      0.0,
      0.45
    ],
    "solver": "klu",
    "body_tie": "ground",
    "body_res": 10.0,
    "rs_clamp": 10.0,
    "model_vto": 0.75,
    "vg_cutoff": 0.75,
    "vg_cutoff_epochs": 4,
    "vg_init": {
      "mode": "fixed",
      "lo": 1.0,
      "hi": 3.0,
      "fixed": 4.0
    },
    "epochs": 100,
    "device_include_path": "/home/ma-lab/Desktop/pyclln-final/device_model/nmos_lvl1_ald1106.lib",
    "device_subckt": "NMOSWRAP"
  },
  "train": {
    "acc": 0.9039665970772442,
    "hinge": 0.027424648712595725,
    "n_free": 1437,
    "n_clamp": 1364,
    "hinge_active": 1364,
    "hinge_active_frac": 0.9491997216423104,
    "skipped": 73,
    "reload_free": 0,
    "reload_clamp": 0,
    "nonfinite_free": 0,
    "nonfinite_clamp": 0
  },
  "val": {
    "acc": 0.8972222222222223,
    "hinge": 0.027422067222222242,
    "test_gap_mean": 0.02285684638888889,
    "test_gap_median": 0.020410049999999985,
    "test_gap_std": 0.018088363276522048,
    "test_satisfy_frac": 0.05555555555555555,
    "test_hinge_mean": 0.027422067222222218,
    "val_reloads": 0.0,
    "val_nonfinite": 0.0
  },
  "timing_s": {
    "epoch_total": 85.94358539581299,
    "train_free": 32.604896545410156,
    "train_clamp": 30.47487235069275,
    "train_update": 3.5266222953796387
  },
  "vg_stats": {
    "vg_unique_min": 1.4362523332460468,
    "vg_unique_max": 6.021440493521727,
    "vg_unique_sat_lo": 0.0,
    "vg_unique_sat_hi": 0.0
  }
}