{
  "test_gap_mean": 0.02078381972222222,
  "test_gap_median": 0.021841899999999997,
  "test_gap_std": 0.011187443374293685,
  "test_satisfy_frac": 0.5361111111111111,
  "test_hinge_mean": 0.004092488333333334,
  "val_reloads": 0.0,
  "val_nonfinite": 0.0
}