{
  "test_gap_mean": 0.019287352777777777,
  "test_gap_median": 0.02037675,
  "test_gap_std": 0.011001930777342525,
  "test_satisfy_frac": 0.5138888888888888,
  "test_hinge_mean": 0.004644726944444444,
  "val_reloads": 0.0,
  "val_nonfinite": 0.0
}