{
  "epoch": 6,
  "config": {
    "seed": 1,
    "gamma": 0.3,
    "margin": 0.02,
    "delta": 0.1,
    "input_vmin": 0.0,
    "input_vmax": 1.0,
    "rails": [
      0.0,
      0.45
    ],
    "solver": "klu",
    "body_tie": "floating",
    "body_res": 10.0,
    "rs_clamp": 10.0,
    "vg_init": {
      "mode": "fixed",
      "lo": 1.0,
      "hi": 3.0,
      "fixed": 4.0
    },
    "epochs": 10,
    "device_include_path": "/home/ma-lab/Desktop/pyclln-final/device_model/nmos_lvl1_ald1106.lib",
    "device_subckt": "NMOSWRAP"
  },
  "train": {
    "acc": 0.9659011830201809,
    "hinge": 0.0032643081419624228,
    "n_free": 1437,
    "n_clamp": 487,
    "hinge_active": 487,
    "hinge_active_frac": 0.33890048712595683,
    "skipped": 950,
    "reload_free": 0,
    "reload_clamp": 0,
    "nonfinite_free": 0,
    "nonfinite_clamp": 0
  },
  "val": {
    "acc": 0.9694444444444444,
    "hinge": 0.0032112619444444428,
    "test_gap_mean": 0.023922424444444444,
    "test_gap_median": 0.024833300000000003,
    "test_gap_std": 0.012122993313693072,
    "test_satisfy_frac": 0.6416666666666667,
    "test_hinge_mean": 0.0032112619444444445,
    "val_reloads": 0.0,
    "val_nonfinite": 0.0
  },
  "timing_s": {
    "epoch_total": 125.60639810562134,
    "train_free": 75.6909294128418,
    "train_clamp": 25.625855207443237,
    "train_update": 0.8078114986419678
  },
  "vg_stats": {
    "vg_unique_min": 2.2497818178136098,
    "vg_unique_max": 6.204533586974195,
    "vg_unique_sat_lo": 0.0,
    "vg_unique_sat_hi": 0.0
  }
}