{
  "epoch": 3,
  "config": {
    "seed": 1,
    "gamma": 0.3,
    "margin": 0.02,
    "delta": 0.1,
    "input_vmin": 0.0,
    "input_vmax": 1.0,
    "rails": [
      0.0,
      0.45
    ],
    "solver": "klu",
    "body_tie": "floating",
    "body_res": 10.0,
    "rs_clamp": 10.0,
    "vg_init": {
      "mode": "fixed",
      "lo": 1.0,
      "hi": 3.0,
      "fixed": 4.0
    },
    "epochs": 10,
    "device_include_path": "/home/ma-lab/Desktop/pyclln-final/device_model/nmos_lvl1_ald1106.lib",
    "device_subckt": "NMOSWRAP"
  },
  "train": {
    "acc": 0.9491997216423104,
    "hinge": 0.004586664300626297,
    "n_free": 1437,
    "n_clamp": 666,
    "hinge_active": 666,
    "hinge_active_frac": 0.46346555323590816,
    "skipped": 771,
    "reload_free": 0,
    "reload_clamp": 0,
    "nonfinite_free": 0,
    "nonfinite_clamp": 0
  },
  "val": {
    "acc": 0.9527777777777777,
    "hinge": 0.004092488333333331,
    "test_gap_mean": 0.02078381972222222,
    "test_gap_median": 0.021841899999999997,
    "test_gap_std": 0.011187443374293685,
    "test_satisfy_frac": 0.5361111111111111,
    "test_hinge_mean": 0.004092488333333334,
    "val_reloads": 0.0,
    "val_nonfinite": 0.0
  },
  "timing_s": {
    "epoch_total": 135.8191158771515,
    "train_free": 75.76538491249084,
    "train_clamp": 35.067710638046265,
    "train_update": 1.1423840522766113
  },
  "vg_stats": {
    "vg_unique_min": 2.6185228666500446,
    "vg_unique_max": 5.45468472778853,
    "vg_unique_sat_lo": 0.0,
    "vg_unique_sat_hi": 0.0
  }
}