{
  "epoch": 9,
  "config": {
    "seed": 1,
    "gamma": 0.3,
    "margin": 0.02,
    "delta": 0.1,
    "input_vmin": 0.0,
    "input_vmax": 1.0,
    "rails": [
      0.0,
      0.45
    ],
    "solver": "klu",
    "body_tie": "floating",
    "body_res": 10.0,
    "rs_clamp": 10.0,
    "vg_init": {
      "mode": "fixed",
      "lo": 1.0,
      "hi": 3.0,
      "fixed": 4.0
    },
    "epochs": 10,
    "device_include_path": "/home/ma-lab/Desktop/pyclln-final/device_model/nmos_lvl1_ald1106.lib",
    "device_subckt": "NMOSWRAP"
  },
  "train": {
    "acc": 0.9686847599164927,
    "hinge": 0.0027468838552539964,
    "n_free": 1437,
    "n_clamp": 436,
    "hinge_active": 436,
    "hinge_active_frac": 0.3034098816979819,
    "skipped": 1001,
    "reload_free": 0,
    "reload_clamp": 0,
    "nonfinite_free": 0,
    "nonfinite_clamp": 0
  },
  "val": {
    "acc": 0.9861111111111112,
    "hinge": 0.0029702422222222208,
    "test_gap_mean": 0.025003620277777784,
    "test_gap_median": 0.025509549999999992,
    "test_gap_std": 0.012351126573718103,
    "test_satisfy_frac": 0.675,
    "test_hinge_mean": 0.002970242222222223,
    "val_reloads": 0.0,
    "val_nonfinite": 0.0
  },
  "timing_s": {
    "epoch_total": 122.66937613487244,
    "train_free": 75.0984673500061,
    "train_clamp": 22.8515625,
    "train_update": 0.6851153373718262
  },
  "vg_stats": {
    "vg_unique_min": 2.1044758227451212,
    "vg_unique_max": 6.795797369293635,
    "vg_unique_sat_lo": 0.0,
    "vg_unique_sat_hi": 0.0
  }
}