{
  "test_gap_mean": 0.11107979666666665,
  "test_gap_median": 0.11694555000000001,
  "test_gap_std": 0.07236765276622054,
  "test_satisfy_frac": 0.8305555555555556,
  "test_hinge_mean": 0.008915029166666668,
  "val_reloads": 0.0,
  "val_nonfinite": 0.0
}