{
  "test_gap_mean": 0.07261989,
  "test_gap_median": 0.07847625000000003,
  "test_gap_std": 0.045593362591975425,
  "test_satisfy_frac": 0.7222222222222222,
  "test_hinge_mean": 0.009938731388888889,
  "val_reloads": 0.0,
  "val_nonfinite": 0.0
}