{
  "test_gap_mean": 0.10894575999999999,
  "test_gap_median": 0.11380294999999999,
  "test_gap_std": 0.06832764370868508,
  "test_satisfy_frac": 0.8166666666666667,
  "test_hinge_mean": 0.008272326666666665,
  "val_reloads": 0.0,
  "val_nonfinite": 0.0
}