{
  "test_gap_mean": 0.10520317555555556,
  "test_gap_median": 0.10801969999999994,
  "test_gap_std": 0.06323169705343605,
  "test_satisfy_frac": 0.8277777777777777,
  "test_hinge_mean": 0.007633015000000001,
  "val_reloads": 0.0,
  "val_nonfinite": 0.0
}