{
  "test_gap_mean": 0.10946780250000002,
  "test_gap_median": 0.11629345000000005,
  "test_gap_std": 0.07390405197347752,
  "test_satisfy_frac": 0.775,
  "test_hinge_mean": 0.009985139444444444,
  "val_reloads": 0.0,
  "val_nonfinite": 0.0
}