{
  "test_gap_mean": 0.11374375194444444,
  "test_gap_median": 0.11664564999999999,
  "test_gap_std": 0.07404391056695417,
  "test_satisfy_frac": 0.8277777777777777,
  "test_hinge_mean": 0.009091601666666668,
  "val_reloads": 0.0,
  "val_nonfinite": 0.0
}