{
  "test_gap_mean": 0.09638516277777778,
  "test_gap_median": 0.10112675000000007,
  "test_gap_std": 0.05965769169975489,
  "test_satisfy_frac": 0.7861111111111111,
  "test_hinge_mean": 0.008128455000000003,
  "val_reloads": 0.0,
  "val_nonfinite": 0.0
}