{
  "epoch": 4,
  "config": {
    "seed": 2,
    "gamma": 3.0,
    "margin": 0.05,
    "delta": 0.1,
    "input_vmin": 0.0,
    "input_vmax": 1.0,
    "rails": [
      0.0,
      0.45
    ],
    "solver": "klu",
    "body_tie": "floating",
    "body_res": 10.0,
    "rs_clamp": 10.0,
    "model_vto": 0.75,
    "vg_cutoff": 0.75,
    "vg_cutoff_epochs": 4,
    "vg_init": {
      "mode": "random",
      "lo": 1.0,
      "hi": 6.0,
      "fixed": 2.0
    },
    "epochs": 100,
    "device_include_path": "/home/ma-lab/Desktop/pyclln-final/device_model/nmos_lvl1_ald1106.lib",
    "device_subckt": "NMOSWRAP"
  },
  "train": {
    "acc": 0.9568545581071677,
    "hinge": 0.00864105372303411,
    "n_free": 1437,
    "n_clamp": 435,
    "hinge_active": 435,
    "hinge_active_frac": 0.302713987473904,
    "skipped": 1002,
    "reload_free": 0,
    "reload_clamp": 0,
    "nonfinite_free": 0,
    "nonfinite_clamp": 0
  },
  "val": {
    "acc": 0.9194444444444444,
    "hinge": 0.010013831388888894,
    "test_gap_mean": 0.06598147777777778,
    "test_gap_median": 0.0719214,
    "test_gap_std": 0.040338840033413696,
    "test_satisfy_frac": 0.6972222222222222,
    "test_hinge_mean": 0.010013831388888889,
    "val_reloads": 0.0,
    "val_nonfinite": 0.0
  },
  "timing_s": {
    "epoch_total": 116.14413809776306,
    "train_free": 70.76216101646423,
    "train_clamp": 21.50375747680664,
    "train_update": 1.1072700023651123
  },
  "vg_stats": {
    "vg_unique_min": 0.4,
    "vg_unique_max": 8.0,
    "vg_unique_sat_lo": 29.0,
    "vg_unique_sat_hi": 4.0
  }
}