{
  "epoch": 57,
  "config": {
    "seed": 2,
    "gamma": 3.0,
    "margin": 0.05,
    "delta": 0.1,
    "input_vmin": 0.0,
    "input_vmax": 1.0,
    "rails": [
      0.0,
      0.45
    ],
    "solver": "klu",
    "body_tie": "floating",
    "body_res": 10.0,
    "rs_clamp": 10.0,
    "model_vto": 0.75,
    "vg_cutoff": 0.75,
    "vg_cutoff_epochs": 4,
    "vg_init": {
      "mode": "random",
      "lo": 1.0,
      "hi": 6.0,
      "fixed": 2.0
    },
    "epochs": 100,
    "device_include_path": "/home/ma-lab/Desktop/pyclln-final/device_model/nmos_lvl1_ald1106.lib",
    "device_subckt": "NMOSWRAP"
  },
  "train": {
    "acc": 0.9526791927627001,
    "hinge": 0.006909523799582463,
    "n_free": 1437,
    "n_clamp": 254,
    "hinge_active": 254,
    "hinge_active_frac": 0.1767571329157968,
    "skipped": 1183,
    "reload_free": 0,
    "reload_clamp": 0,
    "nonfinite_free": 0,
    "nonfinite_clamp": 0
  },
  "val": {
    "acc": 0.9138888888888889,
    "hinge": 0.009907676666666667,
    "test_gap_mean": 0.1122667225,
    "test_gap_median": 0.1132292,
    "test_gap_std": 0.07789203953729497,
    "test_satisfy_frac": 0.7916666666666666,
    "test_hinge_mean": 0.009907676666666667,
    "val_reloads": 0.0,
    "val_nonfinite": 0.0
  },
  "timing_s": {
    "epoch_total": 17.67546582221985,
    "train_free": 10.416792154312134,
    "train_clamp": 1.8277156352996826,
    "train_update": 0.21552729606628418
  },
  "vg_stats": {
    "vg_unique_min": 0.40000020465865005,
    "vg_unique_max": 6.829732019533814,
    "vg_unique_sat_lo": 0.0,
    "vg_unique_sat_hi": 0.0
  }
}