{
  "epoch": 62,
  "config": {
    "seed": 2,
    "gamma": 3.0,
    "margin": 0.05,
    "delta": 0.1,
    "input_vmin": 0.0,
    "input_vmax": 1.0,
    "rails": [
      0.0,
      0.45
    ],
    "solver": "klu",
    "body_tie": "floating",
    "body_res": 10.0,
    "rs_clamp": 10.0,
    "model_vto": 0.75,
    "vg_cutoff": 0.75,
    "vg_cutoff_epochs": 4,
    "vg_init": {
      "mode": "random",
      "lo": 1.0,
      "hi": 6.0,
      "fixed": 2.0
    },
    "epochs": 100,
    "device_include_path": "/home/ma-lab/Desktop/pyclln-final/device_model/nmos_lvl1_ald1106.lib",
    "device_subckt": "NMOSWRAP"
  },
  "train": {
    "acc": 0.9443284620737648,
    "hinge": 0.007597476409185804,
    "n_free": 1437,
    "n_clamp": 244,
    "hinge_active": 244,
    "hinge_active_frac": 0.1697981906750174,
    "skipped": 1193,
    "reload_free": 0,
    "reload_clamp": 0,
    "nonfinite_free": 0,
    "nonfinite_clamp": 0
  },
  "val": {
    "acc": 0.9388888888888889,
    "hinge": 0.008332739166666669,
    "test_gap_mean": 0.11264249083333332,
    "test_gap_median": 0.11138244999999997,
    "test_gap_std": 0.0722715530296334,
    "test_satisfy_frac": 0.8222222222222222,
    "test_hinge_mean": 0.008332739166666669,
    "val_reloads": 0.0,
    "val_nonfinite": 0.0
  },
  "timing_s": {
    "epoch_total": 19.329482793807983,
    "train_free": 11.038432121276855,
    "train_clamp": 1.8645505905151367,
    "train_update": 0.23476409912109375
  },
  "vg_stats": {
    "vg_unique_min": 0.4,
    "vg_unique_max": 6.177670386162407,
    "vg_unique_sat_lo": 1.0,
    "vg_unique_sat_hi": 0.0
  }
}