{
  "epoch": 86,
  "config": {
    "seed": 2,
    "gamma": 3.0,
    "margin": 0.05,
    "delta": 0.1,
    "input_vmin": 0.0,
    "input_vmax": 1.0,
    "rails": [
      0.0,
      0.45
    ],
    "solver": "klu",
    "body_tie": "floating",
    "body_res": 10.0,
    "rs_clamp": 10.0,
    "model_vto": 0.75,
    "vg_cutoff": 0.75,
    "vg_cutoff_epochs": 4,
    "vg_init": {
      "mode": "random",
      "lo": 1.0,
      "hi": 6.0,
      "fixed": 2.0
    },
    "epochs": 100,
    "device_include_path": "/home/ma-lab/Desktop/pyclln-final/device_model/nmos_lvl1_ald1106.lib",
    "device_subckt": "NMOSWRAP"
  },
  "train": {
    "acc": 0.942936673625609,
    "hinge": 0.007710912874043147,
    "n_free": 1437,
    "n_clamp": 266,
    "hinge_active": 266,
    "hinge_active_frac": 0.18510786360473208,
    "skipped": 1171,
    "reload_free": 0,
    "reload_clamp": 0,
    "nonfinite_free": 0,
    "nonfinite_clamp": 0
  },
  "val": {
    "acc": 0.9222222222222223,
    "hinge": 0.00892745583333334,
    "test_gap_mean": 0.11985351555555557,
    "test_gap_median": 0.1196122,
    "test_gap_std": 0.07737240359565355,
    "test_satisfy_frac": 0.825,
    "test_hinge_mean": 0.008927455833333335,
    "val_reloads": 0.0,
    "val_nonfinite": 0.0
  },
  "timing_s": {
    "epoch_total": 17.869277000427246,
    "train_free": 10.016042709350586,
    "train_clamp": 1.8371069431304932,
    "train_update": 0.23238515853881836
  },
  "vg_stats": {
    "vg_unique_min": 0.5520093471713504,
    "vg_unique_max": 4.616110958034641,
    "vg_unique_sat_lo": 0.0,
    "vg_unique_sat_hi": 0.0
  }
}