{
  "epoch": 26,
  "config": {
    "seed": 2,
    "gamma": 3.0,
    "margin": 0.05,
    "delta": 0.1,
    "input_vmin": 0.0,
    "input_vmax": 1.0,
    "rails": [
      0.0,
      0.45
    ],
    "solver": "klu",
    "body_tie": "floating",
    "body_res": 10.0,
    "rs_clamp": 10.0,
    "model_vto": 0.75,
    "vg_cutoff": 0.75,
    "vg_cutoff_epochs": 4,
    "vg_init": {
      "mode": "random",
      "lo": 1.0,
      "hi": 6.0,
      "fixed": 2.0
    },
    "epochs": 100,
    "device_include_path": "/home/ma-lab/Desktop/pyclln-final/device_model/nmos_lvl1_ald1106.lib",
    "device_subckt": "NMOSWRAP"
  },
  "train": {
    "acc": 0.964509394572025,
    "hinge": 0.005521406680584554,
    "n_free": 1437,
    "n_clamp": 220,
    "hinge_active": 220,
    "hinge_active_frac": 0.15309672929714682,
    "skipped": 1217,
    "reload_free": 0,
    "reload_clamp": 0,
    "nonfinite_free": 0,
    "nonfinite_clamp": 0
  },
  "val": {
    "acc": 0.9388888888888889,
    "hinge": 0.008462354166666667,
    "test_gap_mean": 0.1063060111111111,
    "test_gap_median": 0.11062895,
    "test_gap_std": 0.06759207566374831,
    "test_satisfy_frac": 0.8027777777777778,
    "test_hinge_mean": 0.008462354166666668,
    "val_reloads": 0.0,
    "val_nonfinite": 0.0
  },
  "timing_s": {
    "epoch_total": 33.9450843334198,
    "train_free": 21.09912896156311,
    "train_clamp": 3.22682523727417,
    "train_update": 0.2657773494720459
  },
  "vg_stats": {
    "vg_unique_min": 0.4,
    "vg_unique_max": 7.94806481276069,
    "vg_unique_sat_lo": 1.0,
    "vg_unique_sat_hi": 0.0
  }
}