{
  "epoch": 96,
  "config": {
    "seed": 2,
    "gamma": 3.0,
    "margin": 0.05,
    "delta": 0.1,
    "input_vmin": 0.0,
    "input_vmax": 1.0,
    "rails": [
      0.0,
      0.45
    ],
    "solver": "klu",
    "body_tie": "floating",
    "body_res": 10.0,
    "rs_clamp": 10.0,
    "model_vto": 0.75,
    "vg_cutoff": 0.75,
    "vg_cutoff_epochs": 4,
    "vg_init": {
      "mode": "random",
      "lo": 1.0,
      "hi": 6.0,
      "fixed": 2.0
    },
    "epochs": 100,
    "device_include_path": "/home/ma-lab/Desktop/pyclln-final/device_model/nmos_lvl1_ald1106.lib",
    "device_subckt": "NMOSWRAP"
  },
  "train": {
    "acc": 0.9457202505219207,
    "hinge": 0.007763144885177453,
    "n_free": 1437,
    "n_clamp": 260,
    "hinge_active": 260,
    "hinge_active_frac": 0.18093249826026445,
    "skipped": 1177,
    "reload_free": 0,
    "reload_clamp": 0,
    "nonfinite_free": 0,
    "nonfinite_clamp": 0
  },
  "val": {
    "acc": 0.9333333333333333,
    "hinge": 0.009442552777777781,
    "test_gap_mean": 0.11343012750000002,
    "test_gap_median": 0.1231025,
    "test_gap_std": 0.07555605739328025,
    "test_satisfy_frac": 0.7888888888888889,
    "test_hinge_mean": 0.009442552777777778,
    "val_reloads": 0.0,
    "val_nonfinite": 0.0
  },
  "timing_s": {
    "epoch_total": 17.026941061019897,
    "train_free": 9.432472705841064,
    "train_clamp": 1.6937813758850098,
    "train_update": 0.22398924827575684
  },
  "vg_stats": {
    "vg_unique_min": 0.4782001409515889,
    "vg_unique_max": 4.750780425498008,
    "vg_unique_sat_lo": 0.0,
    "vg_unique_sat_hi": 0.0
  }
}