{
  "test_gap_mean": 0.03467662777777778,
  "test_gap_median": 0.034657499999999994,
  "test_gap_std": 0.019131322691370283,
  "test_satisfy_frac": 0.7944444444444444,
  "test_hinge_mean": 0.0025843011111111114,
  "val_reloads": 0.0,
  "val_nonfinite": 0.0
}