{
  "test_gap_mean": 0.03558714527777778,
  "test_gap_median": 0.03572349999999998,
  "test_gap_std": 0.01952460400524397,
  "test_satisfy_frac": 0.7944444444444444,
  "test_hinge_mean": 0.0024763850000000002,
  "val_reloads": 0.0,
  "val_nonfinite": 0.0
}