{
  "test_gap_mean": 0.038701206111111115,
  "test_gap_median": 0.03862869999999996,
  "test_gap_std": 0.020702118360143896,
  "test_satisfy_frac": 0.8388888888888889,
  "test_hinge_mean": 0.0022033344444444434,
  "val_reloads": 0.0,
  "val_nonfinite": 0.0
}