{
  "test_gap_mean": 0.036103206944444445,
  "test_gap_median": 0.03652275000000002,
  "test_gap_std": 0.01954036949973003,
  "test_satisfy_frac": 0.8138888888888889,
  "test_hinge_mean": 0.002392088055555556,
  "val_reloads": 0.0,
  "val_nonfinite": 0.0
}