{
  "epoch": 6,
  "config": {
    "seed": 1,
    "gamma": 0.3,
    "margin": 0.02,
    "delta": 0.02,
    "input_vmin": 0.0,
    "input_vmax": 1.0,
    "rails": [
      0.0,
      0.45
    ],
    "solver": "klu",
    "body_tie": "ground",
    "body_res": 10.0,
    "rs_clamp": 10.0,
    "model_vto": 0.75,
    "vg_cutoff": 0.75,
    "vg_cutoff_epochs": 4,
    "vg_init": {
      "mode": "random",
      "lo": 0.75,
      "hi": 3.0,
      "fixed": 2.0
    },
    "epochs": 100,
    "device_include_path": "/home/ma-lab/Desktop/pyclln-final/device_model/nmos_lvl1_ald1106.lib",
    "device_subckt": "NMOSWRAP"
  },
  "train": {
    "acc": 0.8475991649269311,
    "hinge": 0.008046837995824625,
    "n_free": 1437,
    "n_clamp": 704,
    "hinge_active": 704,
    "hinge_active_frac": 0.4899095337508699,
    "skipped": 733,
    "reload_free": 0,
    "reload_clamp": 0,
    "nonfinite_free": 0,
    "nonfinite_clamp": 0
  },
  "val": {
    "acc": 0.8388888888888889,
    "hinge": 0.007108623055555558,
    "test_gap_mean": 0.018967825277777777,
    "test_gap_median": 0.02161515,
    "test_gap_std": 0.016556452882538646,
    "test_satisfy_frac": 0.5416666666666666,
    "test_hinge_mean": 0.007108623055555556,
    "val_reloads": 0.0,
    "val_nonfinite": 0.0
  },
  "timing_s": {
    "epoch_total": 65.1285605430603,
    "train_free": 32.77396011352539,
    "train_clamp": 16.02224373817444,
    "train_update": 1.6474227905273438
  },
  "vg_stats": {
    "vg_unique_min": 0.50936928459543,
    "vg_unique_max": 3.3496406235150884,
    "vg_unique_sat_lo": 0.0,
    "vg_unique_sat_hi": 0.0
  }
}