{
  "epoch": 17,
  "config": {
    "seed": 1,
    "gamma": 0.3,
    "margin": 0.02,
    "delta": 0.02,
    "input_vmin": 0.0,
    "input_vmax": 1.0,
    "rails": [
      0.0,
      0.45
    ],
    "solver": "klu",
    "body_tie": "ground",
    "body_res": 10.0,
    "rs_clamp": 10.0,
    "model_vto": 0.75,
    "vg_cutoff": 0.75,
    "vg_cutoff_epochs": 4,
    "vg_init": {
      "mode": "random",
      "lo": 0.75,
      "hi": 3.0,
      "fixed": 2.0
    },
    "epochs": 100,
    "device_include_path": "/home/ma-lab/Desktop/pyclln-final/device_model/nmos_lvl1_ald1106.lib",
    "device_subckt": "NMOSWRAP"
  },
  "train": {
    "acc": 0.9373695198329853,
    "hinge": 0.0036558459986082135,
    "n_free": 1437,
    "n_clamp": 400,
    "hinge_active": 400,
    "hinge_active_frac": 0.2783576896311761,
    "skipped": 1037,
    "reload_free": 0,
    "reload_clamp": 0,
    "nonfinite_free": 0,
    "nonfinite_clamp": 0
  },
  "val": {
    "acc": 0.9361111111111111,
    "hinge": 0.0036184961111111105,
    "test_gap_mean": 0.02865121138888889,
    "test_gap_median": 0.030931949999999986,
    "test_gap_std": 0.017001989889134487,
    "test_satisfy_frac": 0.725,
    "test_hinge_mean": 0.00361849611111111,
    "val_reloads": 0.0,
    "val_nonfinite": 0.0
  },
  "timing_s": {
    "epoch_total": 71.95616865158081,
    "train_free": 41.31124520301819,
    "train_clamp": 11.459230422973633,
    "train_update": 1.154916524887085
  },
  "vg_stats": {
    "vg_unique_min": 0.5996752997830648,
    "vg_unique_max": 3.490290862714447,
    "vg_unique_sat_lo": 0.0,
    "vg_unique_sat_hi": 0.0
  }
}