{
  "test_gap_mean": 0.04054925527777778,
  "test_gap_median": 0.04202154999999999,
  "test_gap_std": 0.021765958794844324,
  "test_satisfy_frac": 0.825,
  "test_hinge_mean": 0.002259565833333333,
  "val_reloads": 0.0,
  "val_nonfinite": 0.0
}