{
  "test_gap_mean": 0.07401940305555556,
  "test_gap_median": 0.07665825000000004,
  "test_gap_std": 0.04930662018429976,
  "test_satisfy_frac": 0.8611111111111112,
  "test_hinge_mean": 0.0038415405555555547,
  "val_reloads": 0.0,
  "val_nonfinite": 0.0
}