{
  "test_gap_mean": 0.06101709499999999,
  "test_gap_median": 0.06426724999999997,
  "test_gap_std": 0.03678812861497771,
  "test_satisfy_frac": 0.8666666666666667,
  "test_hinge_mean": 0.003227594722222223,
  "val_reloads": 0.0,
  "val_nonfinite": 0.0
}