{
  "test_gap_mean": 0.04571379111111112,
  "test_gap_median": 0.04630914999999999,
  "test_gap_std": 0.022871556895890943,
  "test_satisfy_frac": 0.8694444444444445,
  "test_hinge_mean": 0.0018537380555555553,
  "val_reloads": 0.0,
  "val_nonfinite": 0.0
}