{
  "test_gap_mean": 0.055599851388888885,
  "test_gap_median": 0.05812665000000003,
  "test_gap_std": 0.03162802160713482,
  "test_satisfy_frac": 0.8666666666666667,
  "test_hinge_mean": 0.002695729722222223,
  "val_reloads": 0.0,
  "val_nonfinite": 0.0
}