{
  "test_gap_mean": 0.07644883805555555,
  "test_gap_median": 0.07921109999999998,
  "test_gap_std": 0.044243694226207365,
  "test_satisfy_frac": 0.8916666666666667,
  "test_hinge_mean": 0.0026924261111111116,
  "val_reloads": 0.0,
  "val_nonfinite": 0.0
}