{
  "test_gap_mean": 0.08372459611111112,
  "test_gap_median": 0.08697324999999997,
  "test_gap_std": 0.0567078550425398,
  "test_satisfy_frac": 0.8583333333333333,
  "test_hinge_mean": 0.004125827222222223,
  "val_reloads": 0.0,
  "val_nonfinite": 0.0
}