{
  "epoch": 68,
  "config": {
    "seed": 1,
    "gamma": 3.0,
    "margin": 0.02,
    "delta": 0.1,
    "input_vmin": 0.0,
    "input_vmax": 1.0,
    "rails": [
      0.0,
      0.45
    ],
    "solver": "klu",
    "body_tie": "floating",
    "body_res": 10.0,
    "rs_clamp": 10.0,
    "model_vto": 0.75,
    "vg_cutoff": 0.75,
    "vg_cutoff_epochs": 4,
    "vg_init": {
      "mode": "random",
      "lo": 1.0,
      "hi": 6.0,
      "fixed": 2.0
    },
    "epochs": 100,
    "device_include_path": "/home/ma-lab/Desktop/pyclln-final/device_model/nmos_lvl1_ald1106.lib",
    "device_subckt": "NMOSWRAP"
  },
  "train": {
    "acc": 0.9728601252609603,
    "hinge": 0.0017227684759916475,
    "n_free": 1437,
    "n_clamp": 111,
    "hinge_active": 111,
    "hinge_active_frac": 0.07724425887265135,
    "skipped": 1326,
    "reload_free": 0,
    "reload_clamp": 0,
    "nonfinite_free": 0,
    "nonfinite_clamp": 0
  },
  "val": {
    "acc": 0.9416666666666667,
    "hinge": 0.0034698113888888904,
    "test_gap_mean": 0.08552808055555555,
    "test_gap_median": 0.08817839999999999,
    "test_gap_std": 0.053345331716421696,
    "test_satisfy_frac": 0.8888888888888888,
    "test_hinge_mean": 0.0034698113888888904,
    "val_reloads": 0.0,
    "val_nonfinite": 0.0
  },
  "timing_s": {
    "epoch_total": 24.90264058113098,
    "train_free": 16.466943502426147,
    "train_clamp": 1.2679669857025146,
    "train_update": 0.1081693172454834
  },
  "vg_stats": {
    "vg_unique_min": 0.4439846801053724,
    "vg_unique_max": 7.78994309923091,
    "vg_unique_sat_lo": 0.0,
    "vg_unique_sat_hi": 0.0
  }
}