{
  "epoch": 79,
  "config": {
    "seed": 1,
    "gamma": 3.0,
    "margin": 0.02,
    "delta": 0.1,
    "input_vmin": 0.0,
    "input_vmax": 1.0,
    "rails": [
      0.0,
      0.45
    ],
    "solver": "klu",
    "body_tie": "floating",
    "body_res": 10.0,
    "rs_clamp": 10.0,
    "model_vto": 0.75,
    "vg_cutoff": 0.75,
    "vg_cutoff_epochs": 4,
    "vg_init": {
      "mode": "random",
      "lo": 1.0,
      "hi": 6.0,
      "fixed": 2.0
    },
    "epochs": 100,
    "device_include_path": "/home/ma-lab/Desktop/pyclln-final/device_model/nmos_lvl1_ald1106.lib",
    "device_subckt": "NMOSWRAP"
  },
  "train": {
    "acc": 0.9707724425887265,
    "hinge": 0.0016553443284620729,
    "n_free": 1437,
    "n_clamp": 110,
    "hinge_active": 110,
    "hinge_active_frac": 0.07654836464857341,
    "skipped": 1327,
    "reload_free": 0,
    "reload_clamp": 0,
    "nonfinite_free": 0,
    "nonfinite_clamp": 0
  },
  "val": {
    "acc": 0.9138888888888889,
    "hinge": 0.004441221666666665,
    "test_gap_mean": 0.07710408027777778,
    "test_gap_median": 0.0779068,
    "test_gap_std": 0.055541157905444574,
    "test_satisfy_frac": 0.8388888888888889,
    "test_hinge_mean": 0.004441221666666667,
    "val_reloads": 0.0,
    "val_nonfinite": 0.0
  },
  "timing_s": {
    "epoch_total": 28.597013473510742,
    "train_free": 18.75399374961853,
    "train_clamp": 1.4201610088348389,
    "train_update": 0.17886781692504883
  },
  "vg_stats": {
    "vg_unique_min": 0.5028557287915897,
    "vg_unique_max": 7.851592500830058,
    "vg_unique_sat_lo": 0.0,
    "vg_unique_sat_hi": 0.0
  }
}