{
  "epoch": 74,
  "config": {
    "seed": 1,
    "gamma": 3.0,
    "margin": 0.02,
    "delta": 0.1,
    "input_vmin": 0.0,
    "input_vmax": 1.0,
    "rails": [
      0.0,
      0.45
    ],
    "solver": "klu",
    "body_tie": "floating",
    "body_res": 10.0,
    "rs_clamp": 10.0,
    "model_vto": 0.75,
    "vg_cutoff": 0.75,
    "vg_cutoff_epochs": 4,
    "vg_init": {
      "mode": "random",
      "lo": 1.0,
      "hi": 6.0,
      "fixed": 2.0
    },
    "epochs": 100,
    "device_include_path": "/home/ma-lab/Desktop/pyclln-final/device_model/nmos_lvl1_ald1106.lib",
    "device_subckt": "NMOSWRAP"
  },
  "train": {
    "acc": 0.9659011830201809,
    "hinge": 0.0017513684759916488,
    "n_free": 1437,
    "n_clamp": 108,
    "hinge_active": 108,
    "hinge_active_frac": 0.07515657620041753,
    "skipped": 1329,
    "reload_free": 0,
    "reload_clamp": 0,
    "nonfinite_free": 0,
    "nonfinite_clamp": 0
  },
  "val": {
    "acc": 0.9305555555555556,
    "hinge": 0.003710804444444445,
    "test_gap_mean": 0.08199649333333334,
    "test_gap_median": 0.08373125000000001,
    "test_gap_std": 0.053161469615594086,
    "test_satisfy_frac": 0.8555555555555555,
    "test_hinge_mean": 0.003710804444444445,
    "val_reloads": 0.0,
    "val_nonfinite": 0.0
  },
  "timing_s": {
    "epoch_total": 29.093552112579346,
    "train_free": 18.743648767471313,
    "train_clamp": 1.399238109588623,
    "train_update": 0.13507866859436035
  },
  "vg_stats": {
    "vg_unique_min": 0.5350056815671,
    "vg_unique_max": 7.8993974818026205,
    "vg_unique_sat_lo": 0.0,
    "vg_unique_sat_hi": 0.0
  }
}