{
  "epoch": 6,
  "config": {
    "seed": 1,
    "gamma": 3.0,
    "margin": 0.02,
    "delta": 0.1,
    "input_vmin": 0.0,
    "input_vmax": 1.0,
    "rails": [
      0.0,
      0.45
    ],
    "solver": "klu",
    "body_tie": "floating",
    "body_res": 10.0,
    "rs_clamp": 10.0,
    "model_vto": 0.75,
    "vg_cutoff": 0.75,
    "vg_cutoff_epochs": 4,
    "vg_init": {
      "mode": "random",
      "lo": 1.0,
      "hi": 6.0,
      "fixed": 2.0
    },
    "epochs": 100,
    "device_include_path": "/home/ma-lab/Desktop/pyclln-final/device_model/nmos_lvl1_ald1106.lib",
    "device_subckt": "NMOSWRAP"
  },
  "train": {
    "acc": 0.9665970772442589,
    "hinge": 0.0021024327070285303,
    "n_free": 1437,
    "n_clamp": 236,
    "hinge_active": 236,
    "hinge_active_frac": 0.16423103688239388,
    "skipped": 1201,
    "reload_free": 0,
    "reload_clamp": 0,
    "nonfinite_free": 0,
    "nonfinite_clamp": 0
  },
  "val": {
    "acc": 0.9583333333333334,
    "hinge": 0.002259565833333332,
    "test_gap_mean": 0.04054925527777778,
    "test_gap_median": 0.04202154999999999,
    "test_gap_std": 0.021765958794844324,
    "test_satisfy_frac": 0.825,
    "test_hinge_mean": 0.002259565833333333,
    "val_reloads": 0.0,
    "val_nonfinite": 0.0
  },
  "timing_s": {
    "epoch_total": 153.91058993339539,
    "train_free": 101.96047067642212,
    "train_clamp": 16.85411763191223,
    "train_update": 0.5651540756225586
  },
  "vg_stats": {
    "vg_unique_min": 0.4,
    "vg_unique_max": 7.99725091125062,
    "vg_unique_sat_lo": 7.0,
    "vg_unique_sat_hi": 0.0
  }
}