{
  "epoch": 42,
  "config": {
    "seed": 1,
    "gamma": 3.0,
    "margin": 0.02,
    "delta": 0.1,
    "input_vmin": 0.0,
    "input_vmax": 1.0,
    "rails": [
      0.0,
      0.45
    ],
    "solver": "klu",
    "body_tie": "floating",
    "body_res": 10.0,
    "rs_clamp": 10.0,
    "model_vto": 0.75,
    "vg_cutoff": 0.75,
    "vg_cutoff_epochs": 4,
    "vg_init": {
      "mode": "random",
      "lo": 1.0,
      "hi": 6.0,
      "fixed": 2.0
    },
    "epochs": 100,
    "device_include_path": "/home/ma-lab/Desktop/pyclln-final/device_model/nmos_lvl1_ald1106.lib",
    "device_subckt": "NMOSWRAP"
  },
  "train": {
    "acc": 0.9686847599164927,
    "hinge": 0.0016526528183716074,
    "n_free": 1437,
    "n_clamp": 110,
    "hinge_active": 110,
    "hinge_active_frac": 0.07654836464857341,
    "skipped": 1327,
    "reload_free": 0,
    "reload_clamp": 0,
    "nonfinite_free": 0,
    "nonfinite_clamp": 0
  },
  "val": {
    "acc": 0.9305555555555556,
    "hinge": 0.003452888333333334,
    "test_gap_mean": 0.07068274944444444,
    "test_gap_median": 0.07429739999999999,
    "test_gap_std": 0.04576717274908585,
    "test_satisfy_frac": 0.8611111111111112,
    "test_hinge_mean": 0.0034528883333333335,
    "val_reloads": 0.0,
    "val_nonfinite": 0.0
  },
  "timing_s": {
    "epoch_total": 45.088343381881714,
    "train_free": 31.638801097869873,
    "train_clamp": 2.4271912574768066,
    "train_update": 0.15033197402954102
  },
  "vg_stats": {
    "vg_unique_min": 0.45204534417321984,
    "vg_unique_max": 8.0,
    "vg_unique_sat_lo": 0.0,
    "vg_unique_sat_hi": 2.0
  }
}