{
  "epoch": 91,
  "config": {
    "seed": 1,
    "gamma": 3.0,
    "margin": 0.02,
    "delta": 0.1,
    "input_vmin": 0.0,
    "input_vmax": 1.0,
    "rails": [
      0.0,
      0.45
    ],
    "solver": "klu",
    "body_tie": "floating",
    "body_res": 10.0,
    "rs_clamp": 10.0,
    "model_vto": 0.75,
    "vg_cutoff": 0.75,
    "vg_cutoff_epochs": 4,
    "vg_init": {
      "mode": "random",
      "lo": 1.0,
      "hi": 6.0,
      "fixed": 2.0
    },
    "epochs": 100,
    "device_include_path": "/home/ma-lab/Desktop/pyclln-final/device_model/nmos_lvl1_ald1106.lib",
    "device_subckt": "NMOSWRAP"
  },
  "train": {
    "acc": 0.965205288796103,
    "hinge": 0.0019229397355601944,
    "n_free": 1437,
    "n_clamp": 113,
    "hinge_active": 113,
    "hinge_active_frac": 0.07863604732080724,
    "skipped": 1324,
    "reload_free": 0,
    "reload_clamp": 0,
    "nonfinite_free": 0,
    "nonfinite_clamp": 0
  },
  "val": {
    "acc": 0.9416666666666667,
    "hinge": 0.004008035277777778,
    "test_gap_mean": 0.08667159722222222,
    "test_gap_median": 0.0879122,
    "test_gap_std": 0.056977026816548745,
    "test_satisfy_frac": 0.8694444444444445,
    "test_hinge_mean": 0.004008035277777778,
    "val_reloads": 0.0,
    "val_nonfinite": 0.0
  },
  "timing_s": {
    "epoch_total": 24.995798110961914,
    "train_free": 15.961178064346313,
    "train_clamp": 1.2262580394744873,
    "train_update": 0.17364501953125
  },
  "vg_stats": {
    "vg_unique_min": 0.5443103325262305,
    "vg_unique_max": 7.917836004552289,
    "vg_unique_sat_lo": 0.0,
    "vg_unique_sat_hi": 0.0
  }
}