{
  "test_gap_mean": 0.10787375611111111,
  "test_gap_median": 0.10382059999999999,
  "test_gap_std": 0.07975025758523895,
  "test_satisfy_frac": 0.7805555555555556,
  "test_hinge_mean": 0.010000990833333332,
  "val_reloads": 0.0,
  "val_nonfinite": 0.0
}