{
  "test_gap_mean": 0.07691032944444444,
  "test_gap_median": 0.0714888,
  "test_gap_std": 0.06832603712603205,
  "test_satisfy_frac": 0.65,
  "test_hinge_mean": 0.013208694166666667,
  "val_reloads": 0.0,
  "val_nonfinite": 0.0
}