{
  "test_gap_mean": 0.10194402138888889,
  "test_gap_median": 0.09763549999999999,
  "test_gap_std": 0.07748412735350069,
  "test_satisfy_frac": 0.75,
  "test_hinge_mean": 0.010311920555555555,
  "val_reloads": 0.0,
  "val_nonfinite": 0.0
}