{
  "test_gap_mean": 0.10617557916666666,
  "test_gap_median": 0.10184000000000001,
  "test_gap_std": 0.07923036371869888,
  "test_satisfy_frac": 0.7722222222222223,
  "test_hinge_mean": 0.010077485277777779,
  "val_reloads": 0.0,
  "val_nonfinite": 0.0
}