{
  "test_gap_mean": 0.05598220527777778,
  "test_gap_median": 0.05800360000000003,
  "test_gap_std": 0.04043012723469069,
  "test_satisfy_frac": 0.5666666666666667,
  "test_hinge_mean": 0.01373775388888889,
  "val_reloads": 0.0,
  "val_nonfinite": 0.0
}