{
  "test_gap_mean": 0.10764551083333333,
  "test_gap_median": 0.1035768,
  "test_gap_std": 0.08005811875859846,
  "test_satisfy_frac": 0.7861111111111111,
  "test_hinge_mean": 0.010180406944444446,
  "val_reloads": 0.0,
  "val_nonfinite": 0.0
}