{
  "test_gap_mean": 0.08482841722222223,
  "test_gap_median": 0.07784055000000004,
  "test_gap_std": 0.06799669260837604,
  "test_satisfy_frac": 0.7,
  "test_hinge_mean": 0.011095676944444445,
  "val_reloads": 0.0,
  "val_nonfinite": 0.0
}