{
  "test_gap_mean": 0.09700996916666667,
  "test_gap_median": 0.09142995000000001,
  "test_gap_std": 0.07586331480976655,
  "test_satisfy_frac": 0.7416666666666667,
  "test_hinge_mean": 0.010718238888888888,
  "val_reloads": 0.0,
  "val_nonfinite": 0.0
}