{
  "test_gap_mean": 0.030669847222222223,
  "test_gap_median": 0.02975214999999999,
  "test_gap_std": 0.027048252617051356,
  "test_satisfy_frac": 0.28888888888888886,
  "test_hinge_mean": 0.02295539055555556,
  "val_reloads": 0.0,
  "val_nonfinite": 0.0
}