{
  "test_gap_mean": 0.10541310805555557,
  "test_gap_median": 0.10099199999999997,
  "test_gap_std": 0.07952607299012114,
  "test_satisfy_frac": 0.7694444444444445,
  "test_hinge_mean": 0.010204328888888886,
  "val_reloads": 0.0,
  "val_nonfinite": 0.0
}