{
  "epoch": 24,
  "config": {
    "seed": 2,
    "gamma": 0.3,
    "margin": 0.05,
    "delta": 0.02,
    "input_vmin": 0.0,
    "input_vmax": 1.0,
    "rails": [
      0.0,
      0.45
    ],
    "solver": "klu",
    "body_tie": "floating",
    "body_res": 10.0,
    "rs_clamp": 10.0,
    "model_vto": 0.75,
    "vg_cutoff": 0.75,
    "vg_cutoff_epochs": 4,
    "vg_init": {
      "mode": "fixed",
      "lo": 1.0,
      "hi": 3.0,
      "fixed": 0.75
    },
    "epochs": 100,
    "device_include_path": "/home/ma-lab/Desktop/pyclln-final/device_model/nmos_lvl1_ald1106.lib",
    "device_subckt": "NMOSWRAP"
  },
  "train": {
    "acc": 0.940848990953375,
    "hinge": 0.008362222268615176,
    "n_free": 1437,
    "n_clamp": 349,
    "hinge_active": 349,
    "hinge_active_frac": 0.2428670842032011,
    "skipped": 1088,
    "reload_free": 0,
    "reload_clamp": 0,
    "nonfinite_free": 0,
    "nonfinite_clamp": 0
  },
  "val": {
    "acc": 0.9166666666666666,
    "hinge": 0.010810708888888894,
    "test_gap_mean": 0.09476291833333335,
    "test_gap_median": 0.09019210000000003,
    "test_gap_std": 0.07365043684072792,
    "test_satisfy_frac": 0.725,
    "test_hinge_mean": 0.01081070888888889,
    "val_reloads": 0.0,
    "val_nonfinite": 0.0
  },
  "timing_s": {
    "epoch_total": 17.004398584365845,
    "train_free": 8.930644035339355,
    "train_clamp": 2.1763556003570557,
    "train_update": 0.301924467086792
  },
  "vg_stats": {
    "vg_unique_min": 0.7311256894554818,
    "vg_unique_max": 1.5388004095765075,
    "vg_unique_sat_lo": 0.0,
    "vg_unique_sat_hi": 0.0
  }
}