{
  "epoch": 49,
  "config": {
    "seed": 2,
    "gamma": 0.3,
    "margin": 0.05,
    "delta": 0.02,
    "input_vmin": 0.0,
    "input_vmax": 1.0,
    "rails": [
      0.0,
      0.45
    ],
    "solver": "klu",
    "body_tie": "floating",
    "body_res": 10.0,
    "rs_clamp": 10.0,
    "model_vto": 0.75,
    "vg_cutoff": 0.75,
    "vg_cutoff_epochs": 4,
    "vg_init": {
      "mode": "fixed",
      "lo": 1.0,
      "hi": 3.0,
      "fixed": 0.75
    },
    "epochs": 100,
    "device_include_path": "/home/ma-lab/Desktop/pyclln-final/device_model/nmos_lvl1_ald1106.lib",
    "device_subckt": "NMOSWRAP"
  },
  "train": {
    "acc": 0.954070981210856,
    "hinge": 0.006772763813500353,
    "n_free": 1437,
    "n_clamp": 280,
    "hinge_active": 280,
    "hinge_active_frac": 0.19485038274182323,
    "skipped": 1157,
    "reload_free": 0,
    "reload_clamp": 0,
    "nonfinite_free": 0,
    "nonfinite_clamp": 0
  },
  "val": {
    "acc": 0.9277777777777778,
    "hinge": 0.010194560833333338,
    "test_gap_mean": 0.1036364588888889,
    "test_gap_median": 0.09838859999999999,
    "test_gap_std": 0.07865253118126007,
    "test_satisfy_frac": 0.7527777777777778,
    "test_hinge_mean": 0.010194560833333335,
    "val_reloads": 0.0,
    "val_nonfinite": 0.0
  },
  "timing_s": {
    "epoch_total": 15.165554761886597,
    "train_free": 8.19771122932434,
    "train_clamp": 1.5772457122802734,
    "train_update": 0.22651982307434082
  },
  "vg_stats": {
    "vg_unique_min": 0.7641721619193538,
    "vg_unique_max": 1.7871152785443611,
    "vg_unique_sat_lo": 0.0,
    "vg_unique_sat_hi": 0.0
  }
}