{
  "epoch": 58,
  "config": {
    "seed": 2,
    "gamma": 0.3,
    "margin": 0.05,
    "delta": 0.02,
    "input_vmin": 0.0,
    "input_vmax": 1.0,
    "rails": [
      0.0,
      0.45
    ],
    "solver": "klu",
    "body_tie": "floating",
    "body_res": 10.0,
    "rs_clamp": 10.0,
    "model_vto": 0.75,
    "vg_cutoff": 0.75,
    "vg_cutoff_epochs": 4,
    "vg_init": {
      "mode": "fixed",
      "lo": 1.0,
      "hi": 3.0,
      "fixed": 0.75
    },
    "epochs": 100,
    "device_include_path": "/home/ma-lab/Desktop/pyclln-final/device_model/nmos_lvl1_ald1106.lib",
    "device_subckt": "NMOSWRAP"
  },
  "train": {
    "acc": 0.9575504523312457,
    "hinge": 0.006519667710508002,
    "n_free": 1437,
    "n_clamp": 273,
    "hinge_active": 273,
    "hinge_active_frac": 0.18997912317327767,
    "skipped": 1164,
    "reload_free": 0,
    "reload_clamp": 0,
    "nonfinite_free": 0,
    "nonfinite_clamp": 0
  },
  "val": {
    "acc": 0.9194444444444444,
    "hinge": 0.010204328888888893,
    "test_gap_mean": 0.10541310805555557,
    "test_gap_median": 0.10099199999999997,
    "test_gap_std": 0.07952607299012114,
    "test_satisfy_frac": 0.7694444444444445,
    "test_hinge_mean": 0.010204328888888886,
    "val_reloads": 0.0,
    "val_nonfinite": 0.0
  },
  "timing_s": {
    "epoch_total": 15.249136447906494,
    "train_free": 8.13465666770935,
    "train_clamp": 1.565110445022583,
    "train_update": 0.32435107231140137
  },
  "vg_stats": {
    "vg_unique_min": 0.756894879750982,
    "vg_unique_max": 1.863543851366701,
    "vg_unique_sat_lo": 0.0,
    "vg_unique_sat_hi": 0.0
  }
}