{
  "epoch": 48,
  "config": {
    "seed": 2,
    "gamma": 0.3,
    "margin": 0.05,
    "delta": 0.02,
    "input_vmin": 0.0,
    "input_vmax": 1.0,
    "rails": [
      0.0,
      0.45
    ],
    "solver": "klu",
    "body_tie": "floating",
    "body_res": 10.0,
    "rs_clamp": 10.0,
    "model_vto": 0.75,
    "vg_cutoff": 0.75,
    "vg_cutoff_epochs": 4,
    "vg_init": {
      "mode": "fixed",
      "lo": 1.0,
      "hi": 3.0,
      "fixed": 0.75
    },
    "epochs": 100,
    "device_include_path": "/home/ma-lab/Desktop/pyclln-final/device_model/nmos_lvl1_ald1106.lib",
    "device_subckt": "NMOSWRAP"
  },
  "train": {
    "acc": 0.9547668754349339,
    "hinge": 0.006805899234516356,
    "n_free": 1437,
    "n_clamp": 288,
    "hinge_active": 288,
    "hinge_active_frac": 0.20041753653444677,
    "skipped": 1149,
    "reload_free": 0,
    "reload_clamp": 0,
    "nonfinite_free": 0,
    "nonfinite_clamp": 0
  },
  "val": {
    "acc": 0.925,
    "hinge": 0.01016973416666667,
    "test_gap_mean": 0.10359008694444445,
    "test_gap_median": 0.09782254999999998,
    "test_gap_std": 0.07872442698769672,
    "test_satisfy_frac": 0.7555555555555555,
    "test_hinge_mean": 0.010169734166666666,
    "val_reloads": 0.0,
    "val_nonfinite": 0.0
  },
  "timing_s": {
    "epoch_total": 15.085496187210083,
    "train_free": 8.101256847381592,
    "train_clamp": 1.6318950653076172,
    "train_update": 0.23262262344360352
  },
  "vg_stats": {
    "vg_unique_min": 0.7596157294412286,
    "vg_unique_max": 1.7832132735662347,
    "vg_unique_sat_lo": 0.0,
    "vg_unique_sat_hi": 0.0
  }
}