{
  "epoch": 100,
  "config": {
    "seed": 2,
    "gamma": 0.3,
    "margin": 0.05,
    "delta": 0.02,
    "input_vmin": 0.0,
    "input_vmax": 1.0,
    "rails": [
      0.0,
      0.45
    ],
    "solver": "klu",
    "body_tie": "floating",
    "body_res": 10.0,
    "rs_clamp": 10.0,
    "model_vto": 0.75,
    "vg_cutoff": 0.75,
    "vg_cutoff_epochs": 4,
    "vg_init": {
      "mode": "fixed",
      "lo": 1.0,
      "hi": 3.0,
      "fixed": 0.75
    },
    "epochs": 100,
    "device_include_path": "/home/ma-lab/Desktop/pyclln-final/device_model/nmos_lvl1_ald1106.lib",
    "device_subckt": "NMOSWRAP"
  },
  "train": {
    "acc": 0.9617258176757133,
    "hinge": 0.0057204971468336864,
    "n_free": 1437,
    "n_clamp": 247,
    "hinge_active": 247,
    "hinge_active_frac": 0.17188587334725122,
    "skipped": 1190,
    "reload_free": 0,
    "reload_clamp": 0,
    "nonfinite_free": 0,
    "nonfinite_clamp": 0
  },
  "val": {
    "acc": 0.9222222222222223,
    "hinge": 0.010183804444444448,
    "test_gap_mean": 0.10802493527777778,
    "test_gap_median": 0.10609270000000001,
    "test_gap_std": 0.07943982792981535,
    "test_satisfy_frac": 0.7777777777777778,
    "test_hinge_mean": 0.010183804444444444,
    "val_reloads": 0.0,
    "val_nonfinite": 0.0
  },
  "timing_s": {
    "epoch_total": 11.148025274276733,
    "train_free": 6.19725489616394,
    "train_clamp": 1.065943956375122,
    "train_update": 0.15586400032043457
  },
  "vg_stats": {
    "vg_unique_min": 0.7317789855136513,
    "vg_unique_max": 2.148419933522253,
    "vg_unique_sat_lo": 0.0,
    "vg_unique_sat_hi": 0.0
  }
}