{
  "epoch": 54,
  "config": {
    "seed": 2,
    "gamma": 0.3,
    "margin": 0.05,
    "delta": 0.02,
    "input_vmin": 0.0,
    "input_vmax": 1.0,
    "rails": [
      0.0,
      0.45
    ],
    "solver": "klu",
    "body_tie": "floating",
    "body_res": 10.0,
    "rs_clamp": 10.0,
    "model_vto": 0.75,
    "vg_cutoff": 0.75,
    "vg_cutoff_epochs": 4,
    "vg_init": {
      "mode": "fixed",
      "lo": 1.0,
      "hi": 3.0,
      "fixed": 0.75
    },
    "epochs": 100,
    "device_include_path": "/home/ma-lab/Desktop/pyclln-final/device_model/nmos_lvl1_ald1106.lib",
    "device_subckt": "NMOSWRAP"
  },
  "train": {
    "acc": 0.9568545581071677,
    "hinge": 0.0066464072372999315,
    "n_free": 1437,
    "n_clamp": 280,
    "hinge_active": 280,
    "hinge_active_frac": 0.19485038274182323,
    "skipped": 1157,
    "reload_free": 0,
    "reload_clamp": 0,
    "nonfinite_free": 0,
    "nonfinite_clamp": 0
  },
  "val": {
    "acc": 0.925,
    "hinge": 0.00996899361111111,
    "test_gap_mean": 0.104779605,
    "test_gap_median": 0.10055445000000002,
    "test_gap_std": 0.07855632016047169,
    "test_satisfy_frac": 0.7527777777777778,
    "test_hinge_mean": 0.009968993611111112,
    "val_reloads": 0.0,
    "val_nonfinite": 0.0
  },
  "timing_s": {
    "epoch_total": 14.00745177268982,
    "train_free": 7.603841543197632,
    "train_clamp": 1.484468698501587,
    "train_update": 0.24332952499389648
  },
  "vg_stats": {
    "vg_unique_min": 0.7473720504864962,
    "vg_unique_max": 1.8224532600321657,
    "vg_unique_sat_lo": 0.0,
    "vg_unique_sat_hi": 0.0
  }
}