{
  "epoch": 75,
  "config": {
    "seed": 2,
    "gamma": 0.3,
    "margin": 0.05,
    "delta": 0.02,
    "input_vmin": 0.0,
    "input_vmax": 1.0,
    "rails": [
      0.0,
      0.45
    ],
    "solver": "klu",
    "body_tie": "floating",
    "body_res": 10.0,
    "rs_clamp": 10.0,
    "model_vto": 0.75,
    "vg_cutoff": 0.75,
    "vg_cutoff_epochs": 4,
    "vg_init": {
      "mode": "fixed",
      "lo": 1.0,
      "hi": 3.0,
      "fixed": 0.75
    },
    "epochs": 100,
    "device_include_path": "/home/ma-lab/Desktop/pyclln-final/device_model/nmos_lvl1_ald1106.lib",
    "device_subckt": "NMOSWRAP"
  },
  "train": {
    "acc": 0.9596381350034795,
    "hinge": 0.006141525748086299,
    "n_free": 1437,
    "n_clamp": 259,
    "hinge_active": 259,
    "hinge_active_frac": 0.1802366040361865,
    "skipped": 1178,
    "reload_free": 0,
    "reload_clamp": 0,
    "nonfinite_free": 0,
    "nonfinite_clamp": 0
  },
  "val": {
    "acc": 0.9194444444444444,
    "hinge": 0.0101218925,
    "test_gap_mean": 0.10704803861111112,
    "test_gap_median": 0.10144085000000003,
    "test_gap_std": 0.07994746341431515,
    "test_satisfy_frac": 0.7722222222222223,
    "test_hinge_mean": 0.010121892499999998,
    "val_reloads": 0.0,
    "val_nonfinite": 0.0
  },
  "timing_s": {
    "epoch_total": 14.422461986541748,
    "train_free": 7.859421730041504,
    "train_clamp": 1.4185078144073486,
    "train_update": 0.20429205894470215
  },
  "vg_stats": {
    "vg_unique_min": 0.7565207263128604,
    "vg_unique_max": 1.9992097090756082,
    "vg_unique_sat_lo": 0.0,
    "vg_unique_sat_hi": 0.0
  }
}