{
  "test_gap_mean": 0.14347639222222222,
  "test_gap_median": 0.14265599999999998,
  "test_gap_std": 0.09863916422897029,
  "test_satisfy_frac": 0.6555555555555556,
  "test_hinge_mean": 0.020975891111111113,
  "val_reloads": 0.0,
  "val_nonfinite": 0.0
}