{
  "test_gap_mean": 0.14014561472222223,
  "test_gap_median": 0.13995405,
  "test_gap_std": 0.09549564064781718,
  "test_satisfy_frac": 0.6611111111111111,
  "test_hinge_mean": 0.021233605833333336,
  "val_reloads": 0.0,
  "val_nonfinite": 0.0
}