{
  "test_gap_mean": 0.13718029583333333,
  "test_gap_median": 0.13578245,
  "test_gap_std": 0.09525904571550153,
  "test_satisfy_frac": 0.6583333333333333,
  "test_hinge_mean": 0.022111721666666667,
  "val_reloads": 0.0,
  "val_nonfinite": 0.0
}