{
  "test_gap_mean": 0.1320299877777778,
  "test_gap_median": 0.13126934999999995,
  "test_gap_std": 0.09233601217764639,
  "test_satisfy_frac": 0.6361111111111111,
  "test_hinge_mean": 0.02281144638888889,
  "val_reloads": 0.0,
  "val_nonfinite": 0.0
}