{
  "test_gap_mean": 0.14315681083333331,
  "test_gap_median": 0.1438569,
  "test_gap_std": 0.09844035079161796,
  "test_satisfy_frac": 0.6694444444444444,
  "test_hinge_mean": 0.021322113333333337,
  "val_reloads": 0.0,
  "val_nonfinite": 0.0
}