{
  "test_gap_mean": 0.1415539575,
  "test_gap_median": 0.14181234999999998,
  "test_gap_std": 0.09645773340549994,
  "test_satisfy_frac": 0.6527777777777778,
  "test_hinge_mean": 0.02118808611111111,
  "val_reloads": 0.0,
  "val_nonfinite": 0.0
}