{
  "test_gap_mean": 0.14154395694444447,
  "test_gap_median": 0.14413715,
  "test_gap_std": 0.09744156990075274,
  "test_satisfy_frac": 0.6583333333333333,
  "test_hinge_mean": 0.021794704166666668,
  "val_reloads": 0.0,
  "val_nonfinite": 0.0
}