{
  "test_gap_mean": 0.14331520305555553,
  "test_gap_median": 0.14523650000000002,
  "test_gap_std": 0.09840941494432141,
  "test_satisfy_frac": 0.6722222222222223,
  "test_hinge_mean": 0.02092766388888889,
  "val_reloads": 0.0,
  "val_nonfinite": 0.0
}