{
  "test_gap_mean": 0.14302604833333332,
  "test_gap_median": 0.14588185,
  "test_gap_std": 0.09859060969017788,
  "test_satisfy_frac": 0.6777777777777778,
  "test_hinge_mean": 0.02166479361111111,
  "val_reloads": 0.0,
  "val_nonfinite": 0.0
}