{
  "test_gap_mean": 0.09824073,
  "test_gap_median": 0.09756810000000002,
  "test_gap_std": 0.07658632333672458,
  "test_satisfy_frac": 0.4888888888888889,
  "test_hinge_mean": 0.03163677944444444,
  "val_reloads": 0.0,
  "val_nonfinite": 0.0
}