{
  "test_gap_mean": 0.1394124363888889,
  "test_gap_median": 0.14015054999999996,
  "test_gap_std": 0.0963853927792129,
  "test_satisfy_frac": 0.6555555555555556,
  "test_hinge_mean": 0.02190733888888889,
  "val_reloads": 0.0,
  "val_nonfinite": 0.0
}