{
  "test_gap_mean": 0.14533182166666667,
  "test_gap_median": 0.14483759999999998,
  "test_gap_std": 0.1003509661603815,
  "test_satisfy_frac": 0.675,
  "test_hinge_mean": 0.020906450277777777,
  "val_reloads": 0.0,
  "val_nonfinite": 0.0
}