{
  "test_gap_mean": 0.1434927063888889,
  "test_gap_median": 0.14344565,
  "test_gap_std": 0.09938266866046803,
  "test_satisfy_frac": 0.6583333333333333,
  "test_hinge_mean": 0.021422137222222224,
  "val_reloads": 0.0,
  "val_nonfinite": 0.0
}