{
  "test_gap_mean": 0.14371193666666665,
  "test_gap_median": 0.14401065,
  "test_gap_std": 0.09913530101305819,
  "test_satisfy_frac": 0.6638888888888889,
  "test_hinge_mean": 0.021362376944444445,
  "val_reloads": 0.0,
  "val_nonfinite": 0.0
}