{
  "epoch": 4,
  "config": {
    "seed": 1,
    "gamma": 0.3,
    "margin": 0.1,
    "delta": 0.05,
    "input_vmin": 0.0,
    "input_vmax": 1.0,
    "rails": [
      0.0,
      0.45
    ],
    "solver": "klu",
    "body_tie": "floating",
    "body_res": 10.0,
    "rs_clamp": 10.0,
    "model_vto": 0.75,
    "vg_cutoff": 0.75,
    "vg_cutoff_epochs": 4,
    "vg_init": {
      "mode": "fixed",
      "lo": 1.0,
      "hi": 3.0,
      "fixed": 0.75
    },
    "epochs": 100,
    "device_include_path": "/home/ma-lab/Desktop/pyclln-final/device_model/nmos_lvl1_ald1106.lib",
    "device_subckt": "NMOSWRAP"
  },
  "train": {
    "acc": 0.906054279749478,
    "hinge": 0.029151982045928993,
    "n_free": 1437,
    "n_clamp": 679,
    "hinge_active": 679,
    "hinge_active_frac": 0.4725121781489214,
    "skipped": 758,
    "reload_free": 0,
    "reload_clamp": 0,
    "nonfinite_free": 0,
    "nonfinite_clamp": 0
  },
  "val": {
    "acc": 0.9222222222222223,
    "hinge": 0.02834637833333335,
    "test_gap_mean": 0.10461704527777778,
    "test_gap_median": 0.10749780000000003,
    "test_gap_std": 0.07704174729260883,
    "test_satisfy_frac": 0.5527777777777778,
    "test_hinge_mean": 0.028346378333333335,
    "val_reloads": 0.0,
    "val_nonfinite": 0.0
  },
  "timing_s": {
    "epoch_total": 61.49336075782776,
    "train_free": 30.231321096420288,
    "train_clamp": 14.084472417831421,
    "train_update": 1.6394641399383545
  },
  "vg_stats": {
    "vg_unique_min": 0.4,
    "vg_unique_max": 1.4627092422719803,
    "vg_unique_sat_lo": 49.0,
    "vg_unique_sat_hi": 0.0
  }
}