{
  "epoch": 10,
  "config": {
    "seed": 1,
    "gamma": 0.3,
    "margin": 0.1,
    "delta": 0.05,
    "input_vmin": 0.0,
    "input_vmax": 1.0,
    "rails": [
      0.0,
      0.45
    ],
    "solver": "klu",
    "body_tie": "floating",
    "body_res": 10.0,
    "rs_clamp": 10.0,
    "model_vto": 0.75,
    "vg_cutoff": 0.75,
    "vg_cutoff_epochs": 4,
    "vg_init": {
      "mode": "fixed",
      "lo": 1.0,
      "hi": 3.0,
      "fixed": 0.75
    },
    "epochs": 100,
    "device_include_path": "/home/ma-lab/Desktop/pyclln-final/device_model/nmos_lvl1_ald1106.lib",
    "device_subckt": "NMOSWRAP"
  },
  "train": {
    "acc": 0.9206680584551148,
    "hinge": 0.02367645636743218,
    "n_free": 1437,
    "n_clamp": 530,
    "hinge_active": 530,
    "hinge_active_frac": 0.36882393876130826,
    "skipped": 907,
    "reload_free": 0,
    "reload_clamp": 0,
    "nonfinite_free": 0,
    "nonfinite_clamp": 0
  },
  "val": {
    "acc": 0.9277777777777778,
    "hinge": 0.023981878888888888,
    "test_gap_mean": 0.12489268333333332,
    "test_gap_median": 0.12481649999999997,
    "test_gap_std": 0.08839885585110156,
    "test_satisfy_frac": 0.6111111111111112,
    "test_hinge_mean": 0.02398187888888889,
    "val_reloads": 0.0,
    "val_nonfinite": 0.0
  },
  "timing_s": {
    "epoch_total": 14.51335883140564,
    "train_free": 6.717352628707886,
    "train_clamp": 2.550140619277954,
    "train_update": 0.4375605583190918
  },
  "vg_stats": {
    "vg_unique_min": 0.7228904637204588,
    "vg_unique_max": 1.7224193228462203,
    "vg_unique_sat_lo": 0.0,
    "vg_unique_sat_hi": 0.0
  }
}