{
  "epoch": 74,
  "config": {
    "seed": 1,
    "gamma": 0.3,
    "margin": 0.1,
    "delta": 0.05,
    "input_vmin": 0.0,
    "input_vmax": 1.0,
    "rails": [
      0.0,
      0.45
    ],
    "solver": "klu",
    "body_tie": "floating",
    "body_res": 10.0,
    "rs_clamp": 10.0,
    "model_vto": 0.75,
    "vg_cutoff": 0.75,
    "vg_cutoff_epochs": 4,
    "vg_init": {
      "mode": "fixed",
      "lo": 1.0,
      "hi": 3.0,
      "fixed": 0.75
    },
    "epochs": 100,
    "device_include_path": "/home/ma-lab/Desktop/pyclln-final/device_model/nmos_lvl1_ald1106.lib",
    "device_subckt": "NMOSWRAP"
  },
  "train": {
    "acc": 0.9345859429366736,
    "hinge": 0.018662004871259585,
    "n_free": 1437,
    "n_clamp": 430,
    "hinge_active": 430,
    "hinge_active_frac": 0.2992345163535143,
    "skipped": 1007,
    "reload_free": 0,
    "reload_clamp": 0,
    "nonfinite_free": 0,
    "nonfinite_clamp": 0
  },
  "val": {
    "acc": 0.9166666666666666,
    "hinge": 0.020994094722222224,
    "test_gap_mean": 0.14413358666666667,
    "test_gap_median": 0.14527204999999999,
    "test_gap_std": 0.09951299001925236,
    "test_satisfy_frac": 0.6555555555555556,
    "test_hinge_mean": 0.020994094722222224,
    "val_reloads": 0.0,
    "val_nonfinite": 0.0
  },
  "timing_s": {
    "epoch_total": 11.540682077407837,
    "train_free": 5.4102044105529785,
    "train_clamp": 1.5941271781921387,
    "train_update": 0.27167510986328125
  },
  "vg_stats": {
    "vg_unique_min": 0.7110691571981778,
    "vg_unique_max": 2.2194802766644375,
    "vg_unique_sat_lo": 0.0,
    "vg_unique_sat_hi": 0.0
  }
}