{
  "epoch": 93,
  "config": {
    "seed": 1,
    "gamma": 0.3,
    "margin": 0.1,
    "delta": 0.05,
    "input_vmin": 0.0,
    "input_vmax": 1.0,
    "rails": [
      0.0,
      0.45
    ],
    "solver": "klu",
    "body_tie": "floating",
    "body_res": 10.0,
    "rs_clamp": 10.0,
    "model_vto": 0.75,
    "vg_cutoff": 0.75,
    "vg_cutoff_epochs": 4,
    "vg_init": {
      "mode": "fixed",
      "lo": 1.0,
      "hi": 3.0,
      "fixed": 0.75
    },
    "epochs": 100,
    "device_include_path": "/home/ma-lab/Desktop/pyclln-final/device_model/nmos_lvl1_ald1106.lib",
    "device_subckt": "NMOSWRAP"
  },
  "train": {
    "acc": 0.9387613082811412,
    "hinge": 0.01876140368823939,
    "n_free": 1437,
    "n_clamp": 428,
    "hinge_active": 428,
    "hinge_active_frac": 0.2978427279053584,
    "skipped": 1009,
    "reload_free": 0,
    "reload_clamp": 0,
    "nonfinite_free": 0,
    "nonfinite_clamp": 0
  },
  "val": {
    "acc": 0.9194444444444444,
    "hinge": 0.021206137222222237,
    "test_gap_mean": 0.14390184083333335,
    "test_gap_median": 0.1457077,
    "test_gap_std": 0.09909341439104694,
    "test_satisfy_frac": 0.6777777777777778,
    "test_hinge_mean": 0.021206137222222227,
    "val_reloads": 0.0,
    "val_nonfinite": 0.0
  },
  "timing_s": {
    "epoch_total": 11.236845016479492,
    "train_free": 5.251502275466919,
    "train_clamp": 1.550900936126709,
    "train_update": 0.26462745666503906
  },
  "vg_stats": {
    "vg_unique_min": 0.7832646171292983,
    "vg_unique_max": 2.3504775172257455,
    "vg_unique_sat_lo": 0.0,
    "vg_unique_sat_hi": 0.0
  }
}