{
  "epoch": 40,
  "config": {
    "seed": 1,
    "gamma": 0.3,
    "margin": 0.1,
    "delta": 0.05,
    "input_vmin": 0.0,
    "input_vmax": 1.0,
    "rails": [
      0.0,
      0.45
    ],
    "solver": "klu",
    "body_tie": "floating",
    "body_res": 10.0,
    "rs_clamp": 10.0,
    "model_vto": 0.75,
    "vg_cutoff": 0.75,
    "vg_cutoff_epochs": 4,
    "vg_init": {
      "mode": "fixed",
      "lo": 1.0,
      "hi": 3.0,
      "fixed": 0.75
    },
    "epochs": 100,
    "device_include_path": "/home/ma-lab/Desktop/pyclln-final/device_model/nmos_lvl1_ald1106.lib",
    "device_subckt": "NMOSWRAP"
  },
  "train": {
    "acc": 0.930410577592206,
    "hinge": 0.0193779832985386,
    "n_free": 1437,
    "n_clamp": 430,
    "hinge_active": 430,
    "hinge_active_frac": 0.2992345163535143,
    "skipped": 1007,
    "reload_free": 0,
    "reload_clamp": 0,
    "nonfinite_free": 0,
    "nonfinite_clamp": 0
  },
  "val": {
    "acc": 0.9305555555555556,
    "hinge": 0.02172170000000001,
    "test_gap_mean": 0.13941678361111112,
    "test_gap_median": 0.14221750000000002,
    "test_gap_std": 0.0957118089985576,
    "test_satisfy_frac": 0.6611111111111111,
    "test_hinge_mean": 0.021721700000000004,
    "val_reloads": 0.0,
    "val_nonfinite": 0.0
  },
  "timing_s": {
    "epoch_total": 10.884308815002441,
    "train_free": 5.391785621643066,
    "train_clamp": 1.565584421157837,
    "train_update": 0.3079216480255127
  },
  "vg_stats": {
    "vg_unique_min": 0.715090900689409,
    "vg_unique_max": 2.08628001694194,
    "vg_unique_sat_lo": 0.0,
    "vg_unique_sat_hi": 0.0
  }
}