{
  "epoch": 17,
  "config": {
    "seed": 1,
    "gamma": 0.3,
    "margin": 0.1,
    "delta": 0.05,
    "input_vmin": 0.0,
    "input_vmax": 1.0,
    "rails": [
      0.0,
      0.45
    ],
    "solver": "klu",
    "body_tie": "floating",
    "body_res": 10.0,
    "rs_clamp": 10.0,
    "model_vto": 0.75,
    "vg_cutoff": 0.75,
    "vg_cutoff_epochs": 4,
    "vg_init": {
      "mode": "fixed",
      "lo": 1.0,
      "hi": 3.0,
      "fixed": 0.75
    },
    "epochs": 100,
    "device_include_path": "/home/ma-lab/Desktop/pyclln-final/device_model/nmos_lvl1_ald1106.lib",
    "device_subckt": "NMOSWRAP"
  },
  "train": {
    "acc": 0.9262352122477383,
    "hinge": 0.021651464300626304,
    "n_free": 1437,
    "n_clamp": 475,
    "hinge_active": 475,
    "hinge_active_frac": 0.33054975643702156,
    "skipped": 962,
    "reload_free": 0,
    "reload_clamp": 0,
    "nonfinite_free": 0,
    "nonfinite_clamp": 0
  },
  "val": {
    "acc": 0.9166666666666666,
    "hinge": 0.02281144638888889,
    "test_gap_mean": 0.1320299877777778,
    "test_gap_median": 0.13126934999999995,
    "test_gap_std": 0.09233601217764639,
    "test_satisfy_frac": 0.6361111111111111,
    "test_hinge_mean": 0.02281144638888889,
    "val_reloads": 0.0,
    "val_nonfinite": 0.0
  },
  "timing_s": {
    "epoch_total": 10.139450550079346,
    "train_free": 4.864153146743774,
    "train_clamp": 1.5903468132019043,
    "train_update": 0.2597086429595947
  },
  "vg_stats": {
    "vg_unique_min": 0.7080740769378981,
    "vg_unique_max": 1.8530294219484296,
    "vg_unique_sat_lo": 0.0,
    "vg_unique_sat_hi": 0.0
  }
}