{
  "epoch": 24,
  "config": {
    "seed": 1,
    "gamma": 0.3,
    "margin": 0.1,
    "delta": 0.05,
    "input_vmin": 0.0,
    "input_vmax": 1.0,
    "rails": [
      0.0,
      0.45
    ],
    "solver": "klu",
    "body_tie": "floating",
    "body_res": 10.0,
    "rs_clamp": 10.0,
    "model_vto": 0.75,
    "vg_cutoff": 0.75,
    "vg_cutoff_epochs": 4,
    "vg_init": {
      "mode": "fixed",
      "lo": 1.0,
      "hi": 3.0,
      "fixed": 0.75
    },
    "epochs": 100,
    "device_include_path": "/home/ma-lab/Desktop/pyclln-final/device_model/nmos_lvl1_ald1106.lib",
    "device_subckt": "NMOSWRAP"
  },
  "train": {
    "acc": 0.929714683368128,
    "hinge": 0.020504159011830204,
    "n_free": 1437,
    "n_clamp": 451,
    "hinge_active": 451,
    "hinge_active_frac": 0.313848295059151,
    "skipped": 986,
    "reload_free": 0,
    "reload_clamp": 0,
    "nonfinite_free": 0,
    "nonfinite_clamp": 0
  },
  "val": {
    "acc": 0.925,
    "hinge": 0.022288227777777787,
    "test_gap_mean": 0.13523158472222221,
    "test_gap_median": 0.13487185,
    "test_gap_std": 0.09377095539491999,
    "test_satisfy_frac": 0.6333333333333333,
    "test_hinge_mean": 0.02228822777777778,
    "val_reloads": 0.0,
    "val_nonfinite": 0.0
  },
  "timing_s": {
    "epoch_total": 12.856661558151245,
    "train_free": 5.919901371002197,
    "train_clamp": 1.8498907089233398,
    "train_update": 0.3351869583129883
  },
  "vg_stats": {
    "vg_unique_min": 0.7594500784594619,
    "vg_unique_max": 1.9684759975376764,
    "vg_unique_sat_lo": 0.0,
    "vg_unique_sat_hi": 0.0
  }
}