{
  "epoch": 14,
  "config": {
    "seed": 1,
    "gamma": 0.3,
    "margin": 0.1,
    "delta": 0.05,
    "input_vmin": 0.0,
    "input_vmax": 1.0,
    "rails": [
      0.0,
      0.45
    ],
    "solver": "klu",
    "body_tie": "floating",
    "body_res": 10.0,
    "rs_clamp": 10.0,
    "model_vto": 0.75,
    "vg_cutoff": 0.75,
    "vg_cutoff_epochs": 4,
    "vg_init": {
      "mode": "fixed",
      "lo": 1.0,
      "hi": 3.0,
      "fixed": 0.75
    },
    "epochs": 100,
    "device_include_path": "/home/ma-lab/Desktop/pyclln-final/device_model/nmos_lvl1_ald1106.lib",
    "device_subckt": "NMOSWRAP"
  },
  "train": {
    "acc": 0.9213639526791928,
    "hinge": 0.022498609533750876,
    "n_free": 1437,
    "n_clamp": 510,
    "hinge_active": 510,
    "hinge_active_frac": 0.35490605427974947,
    "skipped": 927,
    "reload_free": 0,
    "reload_clamp": 0,
    "nonfinite_free": 0,
    "nonfinite_clamp": 0
  },
  "val": {
    "acc": 0.9222222222222223,
    "hinge": 0.023162474166666686,
    "test_gap_mean": 0.13191610555555552,
    "test_gap_median": 0.12985535,
    "test_gap_std": 0.09290768165207941,
    "test_satisfy_frac": 0.6305555555555555,
    "test_hinge_mean": 0.02316247416666667,
    "val_reloads": 0.0,
    "val_nonfinite": 0.0
  },
  "timing_s": {
    "epoch_total": 12.489663362503052,
    "train_free": 5.722269058227539,
    "train_clamp": 2.0216848850250244,
    "train_update": 0.32701754570007324
  },
  "vg_stats": {
    "vg_unique_min": 0.6734025911552215,
    "vg_unique_max": 1.8454181996794916,
    "vg_unique_sat_lo": 0.0,
    "vg_unique_sat_hi": 0.0
  }
}