{
  "epoch": 89,
  "config": {
    "seed": 1,
    "gamma": 0.3,
    "margin": 0.1,
    "delta": 0.05,
    "input_vmin": 0.0,
    "input_vmax": 1.0,
    "rails": [
      0.0,
      0.45
    ],
    "solver": "klu",
    "body_tie": "floating",
    "body_res": 10.0,
    "rs_clamp": 10.0,
    "model_vto": 0.75,
    "vg_cutoff": 0.75,
    "vg_cutoff_epochs": 4,
    "vg_init": {
      "mode": "fixed",
      "lo": 1.0,
      "hi": 3.0,
      "fixed": 0.75
    },
    "epochs": 100,
    "device_include_path": "/home/ma-lab/Desktop/pyclln-final/device_model/nmos_lvl1_ald1106.lib",
    "device_subckt": "NMOSWRAP"
  },
  "train": {
    "acc": 0.9352818371607515,
    "hinge": 0.01873200013917885,
    "n_free": 1437,
    "n_clamp": 420,
    "hinge_active": 420,
    "hinge_active_frac": 0.29227557411273486,
    "skipped": 1017,
    "reload_free": 0,
    "reload_clamp": 0,
    "nonfinite_free": 0,
    "nonfinite_clamp": 0
  },
  "val": {
    "acc": 0.925,
    "hinge": 0.02103131055555556,
    "test_gap_mean": 0.14408356277777776,
    "test_gap_median": 0.14521365,
    "test_gap_std": 0.0991661387915323,
    "test_satisfy_frac": 0.6805555555555556,
    "test_hinge_mean": 0.02103131055555556,
    "val_reloads": 0.0,
    "val_nonfinite": 0.0
  },
  "timing_s": {
    "epoch_total": 11.177757501602173,
    "train_free": 5.232777833938599,
    "train_clamp": 1.5179688930511475,
    "train_update": 0.26069068908691406
  },
  "vg_stats": {
    "vg_unique_min": 0.7684792112388399,
    "vg_unique_max": 2.286206897562848,
    "vg_unique_sat_lo": 0.0,
    "vg_unique_sat_hi": 0.0
  }
}