{
  "test_gap_mean": 0.033368948055555556,
  "test_gap_median": 0.034355,
  "test_gap_std": 0.01924483684529572,
  "test_satisfy_frac": 0.7833333333333333,
  "test_hinge_mean": 0.0029612911111111116,
  "val_reloads": 0.0,
  "val_nonfinite": 0.0
}