{
  "test_gap_mean": 0.03439080861111111,
  "test_gap_median": 0.03493969999999999,
  "test_gap_std": 0.019425014706433964,
  "test_satisfy_frac": 0.8027777777777778,
  "test_hinge_mean": 0.0027866802777777775,
  "val_reloads": 0.0,
  "val_nonfinite": 0.0
}