{
  "test_gap_mean": 0.02165715611111111,
  "test_gap_median": 0.02386095000000002,
  "test_gap_std": 0.017388219356994628,
  "test_satisfy_frac": 0.5916666666666667,
  "test_hinge_mean": 0.006170437777777778,
  "val_reloads": 0.0,
  "val_nonfinite": 0.0
}