{
  "test_gap_mean": 0.03499235027777778,
  "test_gap_median": 0.035760949999999986,
  "test_gap_std": 0.01955854641957207,
  "test_satisfy_frac": 0.8,
  "test_hinge_mean": 0.002666740833333334,
  "val_reloads": 0.0,
  "val_nonfinite": 0.0
}