{
  "test_gap_mean": 0.03420974555555556,
  "test_gap_median": 0.03499630000000001,
  "test_gap_std": 0.01950747104961419,
  "test_satisfy_frac": 0.8,
  "test_hinge_mean": 0.0028539124999999986,
  "val_reloads": 0.0,
  "val_nonfinite": 0.0
}