{
  "test_gap_mean": 0.034526000833333334,
  "test_gap_median": 0.03508939999999999,
  "test_gap_std": 0.019462975773027913,
  "test_satisfy_frac": 0.8055555555555556,
  "test_hinge_mean": 0.002755043055555555,
  "val_reloads": 0.0,
  "val_nonfinite": 0.0
}