{
  "test_gap_mean": 0.03296578527777778,
  "test_gap_median": 0.03395645000000001,
  "test_gap_std": 0.019060054656426823,
  "test_satisfy_frac": 0.7833333333333333,
  "test_hinge_mean": 0.0030032741666666677,
  "val_reloads": 0.0,
  "val_nonfinite": 0.0
}