{
  "epoch": 83,
  "config": {
    "seed": 0,
    "gamma": 0.3,
    "margin": 0.02,
    "delta": 0.02,
    "input_vmin": 0.0,
    "input_vmax": 1.0,
    "rails": [
      0.0,
      0.45
    ],
    "solver": "klu",
    "body_tie": "floating",
    "body_res": 10.0,
    "rs_clamp": 10.0,
    "model_vto": 0.75,
    "vg_cutoff": 0.75,
    "vg_cutoff_epochs": 4,
    "vg_init": {
      "mode": "random",
      "lo": 0.75,
      "hi": 3.0,
      "fixed": 2.0
    },
    "epochs": 100,
    "device_include_path": "/home/ma-lab/Desktop/pyclln-final/device_model/nmos_lvl1_ald1106.lib",
    "device_subckt": "NMOSWRAP"
  },
  "train": {
    "acc": 0.9791231732776617,
    "hinge": 0.001439059777313848,
    "n_free": 1437,
    "n_clamp": 197,
    "hinge_active": 197,
    "hinge_active_frac": 0.1370911621433542,
    "skipped": 1240,
    "reload_free": 0,
    "reload_clamp": 0,
    "nonfinite_free": 0,
    "nonfinite_clamp": 0
  },
  "val": {
    "acc": 0.9583333333333334,
    "hinge": 0.002689556944444442,
    "test_gap_mean": 0.03514962555555556,
    "test_gap_median": 0.03583670000000003,
    "test_gap_std": 0.019698352657941343,
    "test_satisfy_frac": 0.8194444444444444,
    "test_hinge_mean": 0.002689556944444444,
    "val_reloads": 0.0,
    "val_nonfinite": 0.0
  },
  "timing_s": {
    "epoch_total": 130.15609002113342,
    "train_free": 87.75788760185242,
    "train_clamp": 11.877694368362427,
    "train_update": 0.5120255947113037
  },
  "vg_stats": {
    "vg_unique_min": 0.6993253726773329,
    "vg_unique_max": 4.4176175510156215,
    "vg_unique_sat_lo": 0.0,
    "vg_unique_sat_hi": 0.0
  }
}