{
  "epoch": 24,
  "config": {
    "seed": 0,
    "gamma": 0.3,
    "margin": 0.02,
    "delta": 0.02,
    "input_vmin": 0.0,
    "input_vmax": 1.0,
    "rails": [
      0.0,
      0.45
    ],
    "solver": "klu",
    "body_tie": "floating",
    "body_res": 10.0,
    "rs_clamp": 10.0,
    "model_vto": 0.75,
    "vg_cutoff": 0.75,
    "vg_cutoff_epochs": 4,
    "vg_init": {
      "mode": "random",
      "lo": 0.75,
      "hi": 3.0,
      "fixed": 2.0
    },
    "epochs": 100,
    "device_include_path": "/home/ma-lab/Desktop/pyclln-final/device_model/nmos_lvl1_ald1106.lib",
    "device_subckt": "NMOSWRAP"
  },
  "train": {
    "acc": 0.9603340292275574,
    "hinge": 0.0027171940153096724,
    "n_free": 1437,
    "n_clamp": 329,
    "hinge_active": 329,
    "hinge_active_frac": 0.22894919972164232,
    "skipped": 1108,
    "reload_free": 0,
    "reload_clamp": 0,
    "nonfinite_free": 0,
    "nonfinite_clamp": 0
  },
  "val": {
    "acc": 0.9555555555555556,
    "hinge": 0.003455418888888886,
    "test_gap_mean": 0.029977337222222226,
    "test_gap_median": 0.03145239999999999,
    "test_gap_std": 0.01821461519537579,
    "test_satisfy_frac": 0.7416666666666667,
    "test_hinge_mean": 0.0034554188888888887,
    "val_reloads": 0.0,
    "val_nonfinite": 0.0
  },
  "timing_s": {
    "epoch_total": 136.96502876281738,
    "train_free": 87.95426106452942,
    "train_clamp": 20.125539302825928,
    "train_update": 0.8213391304016113
  },
  "vg_stats": {
    "vg_unique_min": 0.7321252462902044,
    "vg_unique_max": 3.8537686217901186,
    "vg_unique_sat_lo": 0.0,
    "vg_unique_sat_hi": 0.0
  }
}