{
  "epoch": 62,
  "config": {
    "seed": 0,
    "gamma": 0.3,
    "margin": 0.02,
    "delta": 0.02,
    "input_vmin": 0.0,
    "input_vmax": 1.0,
    "rails": [
      0.0,
      0.45
    ],
    "solver": "klu",
    "body_tie": "floating",
    "body_res": 10.0,
    "rs_clamp": 10.0,
    "model_vto": 0.75,
    "vg_cutoff": 0.75,
    "vg_cutoff_epochs": 4,
    "vg_init": {
      "mode": "random",
      "lo": 0.75,
      "hi": 3.0,
      "fixed": 2.0
    },
    "epochs": 100,
    "device_include_path": "/home/ma-lab/Desktop/pyclln-final/device_model/nmos_lvl1_ald1106.lib",
    "device_subckt": "NMOSWRAP"
  },
  "train": {
    "acc": 0.9735560194850382,
    "hinge": 0.0017059688239387599,
    "n_free": 1437,
    "n_clamp": 224,
    "hinge_active": 224,
    "hinge_active_frac": 0.1558803061934586,
    "skipped": 1213,
    "reload_free": 0,
    "reload_clamp": 0,
    "nonfinite_free": 0,
    "nonfinite_clamp": 0
  },
  "val": {
    "acc": 0.9555555555555556,
    "hinge": 0.0028321352777777777,
    "test_gap_mean": 0.034239514444444445,
    "test_gap_median": 0.03469889999999996,
    "test_gap_std": 0.019415974821179606,
    "test_satisfy_frac": 0.8,
    "test_hinge_mean": 0.0028321352777777786,
    "val_reloads": 0.0,
    "val_nonfinite": 0.0
  },
  "timing_s": {
    "epoch_total": 118.43292355537415,
    "train_free": 80.77204442024231,
    "train_clamp": 12.444750785827637,
    "train_update": 0.5159986019134521
  },
  "vg_stats": {
    "vg_unique_min": 0.7357719136450489,
    "vg_unique_max": 4.295763256443175,
    "vg_unique_sat_lo": 0.0,
    "vg_unique_sat_hi": 0.0
  }
}