{
  "epoch": 20,
  "config": {
    "seed": 0,
    "gamma": 0.3,
    "margin": 0.02,
    "delta": 0.02,
    "input_vmin": 0.0,
    "input_vmax": 1.0,
    "rails": [
      0.0,
      0.45
    ],
    "solver": "klu",
    "body_tie": "floating",
    "body_res": 10.0,
    "rs_clamp": 10.0,
    "model_vto": 0.75,
    "vg_cutoff": 0.75,
    "vg_cutoff_epochs": 4,
    "vg_init": {
      "mode": "random",
      "lo": 0.75,
      "hi": 3.0,
      "fixed": 2.0
    },
    "epochs": 100,
    "device_include_path": "/home/ma-lab/Desktop/pyclln-final/device_model/nmos_lvl1_ald1106.lib",
    "device_subckt": "NMOSWRAP"
  },
  "train": {
    "acc": 0.9575504523312457,
    "hinge": 0.003014056367432152,
    "n_free": 1437,
    "n_clamp": 365,
    "hinge_active": 365,
    "hinge_active_frac": 0.25400139178844816,
    "skipped": 1072,
    "reload_free": 0,
    "reload_clamp": 0,
    "nonfinite_free": 0,
    "nonfinite_clamp": 0
  },
  "val": {
    "acc": 0.95,
    "hinge": 0.0036995055555555556,
    "test_gap_mean": 0.029027461666666667,
    "test_gap_median": 0.030871999999999983,
    "test_gap_std": 0.017987275812502306,
    "test_satisfy_frac": 0.7138888888888889,
    "test_hinge_mean": 0.0036995055555555565,
    "val_reloads": 0.0,
    "val_nonfinite": 0.0
  },
  "timing_s": {
    "epoch_total": 135.68404841423035,
    "train_free": 87.01991248130798,
    "train_clamp": 22.179627895355225,
    "train_update": 0.9195559024810791
  },
  "vg_stats": {
    "vg_unique_min": 0.6018659726870773,
    "vg_unique_max": 3.7406604685804097,
    "vg_unique_sat_lo": 0.0,
    "vg_unique_sat_hi": 0.0
  }
}