{
  "epoch": 3,
  "config": {
    "seed": 0,
    "gamma": 0.3,
    "margin": 0.02,
    "delta": 0.02,
    "input_vmin": 0.0,
    "input_vmax": 1.0,
    "rails": [
      0.0,
      0.45
    ],
    "solver": "klu",
    "body_tie": "floating",
    "body_res": 10.0,
    "rs_clamp": 10.0,
    "model_vto": 0.75,
    "vg_cutoff": 0.75,
    "vg_cutoff_epochs": 4,
    "vg_init": {
      "mode": "random",
      "lo": 0.75,
      "hi": 3.0,
      "fixed": 2.0
    },
    "epochs": 100,
    "device_include_path": "/home/ma-lab/Desktop/pyclln-final/device_model/nmos_lvl1_ald1106.lib",
    "device_subckt": "NMOSWRAP"
  },
  "train": {
    "acc": 0.7007654836464857,
    "hinge": 0.014451184620737636,
    "n_free": 1437,
    "n_clamp": 1026,
    "hinge_active": 1026,
    "hinge_active_frac": 0.7139874739039666,
    "skipped": 411,
    "reload_free": 0,
    "reload_clamp": 0,
    "nonfinite_free": 0,
    "nonfinite_clamp": 0
  },
  "val": {
    "acc": 0.7555555555555555,
    "hinge": 0.011874069999999999,
    "test_gap_mean": 0.011649554166666664,
    "test_gap_median": 0.013784500000000005,
    "test_gap_std": 0.018277046602708923,
    "test_satisfy_frac": 0.3527777777777778,
    "test_hinge_mean": 0.011874070000000004,
    "val_reloads": 0.0,
    "val_nonfinite": 0.0
  },
  "timing_s": {
    "epoch_total": 178.23967862129211,
    "train_free": 84.70597910881042,
    "train_clamp": 59.66705822944641,
    "train_update": 2.460514545440674
  },
  "vg_stats": {
    "vg_unique_min": 0.4,
    "vg_unique_max": 3.410016222652077,
    "vg_unique_sat_lo": 1.0,
    "vg_unique_sat_hi": 0.0
  }
}