{
  "epoch": 37,
  "config": {
    "seed": 0,
    "gamma": 0.3,
    "margin": 0.02,
    "delta": 0.02,
    "input_vmin": 0.0,
    "input_vmax": 1.0,
    "rails": [
      0.0,
      0.45
    ],
    "solver": "klu",
    "body_tie": "floating",
    "body_res": 10.0,
    "rs_clamp": 10.0,
    "model_vto": 0.75,
    "vg_cutoff": 0.75,
    "vg_cutoff_epochs": 4,
    "vg_init": {
      "mode": "random",
      "lo": 0.75,
      "hi": 3.0,
      "fixed": 2.0
    },
    "epochs": 100,
    "device_include_path": "/home/ma-lab/Desktop/pyclln-final/device_model/nmos_lvl1_ald1106.lib",
    "device_subckt": "NMOSWRAP"
  },
  "train": {
    "acc": 0.965205288796103,
    "hinge": 0.002191661447459984,
    "n_free": 1437,
    "n_clamp": 267,
    "hinge_active": 267,
    "hinge_active_frac": 0.18580375782881003,
    "skipped": 1170,
    "reload_free": 0,
    "reload_clamp": 0,
    "nonfinite_free": 0,
    "nonfinite_clamp": 0
  },
  "val": {
    "acc": 0.9527777777777777,
    "hinge": 0.0031590286111111113,
    "test_gap_mean": 0.032221142777777774,
    "test_gap_median": 0.033233049999999986,
    "test_gap_std": 0.01896987991041919,
    "test_satisfy_frac": 0.7694444444444445,
    "test_hinge_mean": 0.0031590286111111104,
    "val_reloads": 0.0,
    "val_nonfinite": 0.0
  },
  "timing_s": {
    "epoch_total": 124.28249835968018,
    "train_free": 82.23347997665405,
    "train_clamp": 15.403948783874512,
    "train_update": 0.6323184967041016
  },
  "vg_stats": {
    "vg_unique_min": 0.7388985460847944,
    "vg_unique_max": 4.107279940248935,
    "vg_unique_sat_lo": 0.0,
    "vg_unique_sat_hi": 0.0
  }
}