{
  "epoch": 36,
  "config": {
    "seed": 0,
    "gamma": 0.3,
    "margin": 0.02,
    "delta": 0.02,
    "input_vmin": 0.0,
    "input_vmax": 1.0,
    "rails": [
      0.0,
      0.45
    ],
    "solver": "klu",
    "body_tie": "floating",
    "body_res": 10.0,
    "rs_clamp": 10.0,
    "model_vto": 0.75,
    "vg_cutoff": 0.75,
    "vg_cutoff_epochs": 4,
    "vg_init": {
      "mode": "random",
      "lo": 0.75,
      "hi": 3.0,
      "fixed": 2.0
    },
    "epochs": 100,
    "device_include_path": "/home/ma-lab/Desktop/pyclln-final/device_model/nmos_lvl1_ald1106.lib",
    "device_subckt": "NMOSWRAP"
  },
  "train": {
    "acc": 0.965205288796103,
    "hinge": 0.0022225541405706314,
    "n_free": 1437,
    "n_clamp": 276,
    "hinge_active": 276,
    "hinge_active_frac": 0.19206680584551147,
    "skipped": 1161,
    "reload_free": 0,
    "reload_clamp": 0,
    "nonfinite_free": 0,
    "nonfinite_clamp": 0
  },
  "val": {
    "acc": 0.9527777777777777,
    "hinge": 0.0031207841666666667,
    "test_gap_mean": 0.03211669416666667,
    "test_gap_median": 0.03354179999999998,
    "test_gap_std": 0.01883419039931087,
    "test_satisfy_frac": 0.775,
    "test_hinge_mean": 0.0031207841666666667,
    "val_reloads": 0.0,
    "val_nonfinite": 0.0
  },
  "timing_s": {
    "epoch_total": 128.80413603782654,
    "train_free": 83.91816568374634,
    "train_clamp": 15.969749689102173,
    "train_update": 0.6401338577270508
  },
  "vg_stats": {
    "vg_unique_min": 0.7405611842487272,
    "vg_unique_max": 4.100867678796418,
    "vg_unique_sat_lo": 0.0,
    "vg_unique_sat_hi": 0.0
  }
}