{
  "epoch": 84,
  "config": {
    "seed": 0,
    "gamma": 0.3,
    "margin": 0.02,
    "delta": 0.02,
    "input_vmin": 0.0,
    "input_vmax": 1.0,
    "rails": [
      0.0,
      0.45
    ],
    "solver": "klu",
    "body_tie": "floating",
    "body_res": 10.0,
    "rs_clamp": 10.0,
    "model_vto": 0.75,
    "vg_cutoff": 0.75,
    "vg_cutoff_epochs": 4,
    "vg_init": {
      "mode": "random",
      "lo": 0.75,
      "hi": 3.0,
      "fixed": 2.0
    },
    "epochs": 100,
    "device_include_path": "/home/ma-lab/Desktop/pyclln-final/device_model/nmos_lvl1_ald1106.lib",
    "device_subckt": "NMOSWRAP"
  },
  "train": {
    "acc": 0.9798190675017397,
    "hinge": 0.0014302319415448854,
    "n_free": 1437,
    "n_clamp": 199,
    "hinge_active": 199,
    "hinge_active_frac": 0.13848295059151008,
    "skipped": 1238,
    "reload_free": 0,
    "reload_clamp": 0,
    "nonfinite_free": 0,
    "nonfinite_clamp": 0
  },
  "val": {
    "acc": 0.9611111111111111,
    "hinge": 0.002689575,
    "test_gap_mean": 0.03532443,
    "test_gap_median": 0.03575575,
    "test_gap_std": 0.019759039520838163,
    "test_satisfy_frac": 0.8083333333333333,
    "test_hinge_mean": 0.002689575000000001,
    "val_reloads": 0.0,
    "val_nonfinite": 0.0
  },
  "timing_s": {
    "epoch_total": 126.35619258880615,
    "train_free": 89.29686546325684,
    "train_clamp": 12.355108261108398,
    "train_update": 0.5185725688934326
  },
  "vg_stats": {
    "vg_unique_min": 0.6893278843285406,
    "vg_unique_max": 4.418544249679969,
    "vg_unique_sat_lo": 0.0,
    "vg_unique_sat_hi": 0.0
  }
}