{
  "test_gap_mean": 0.06119471944444444,
  "test_gap_median": 0.06392874999999998,
  "test_gap_std": 0.031245703060566045,
  "test_satisfy_frac": 0.675,
  "test_hinge_mean": 0.007989975000000002,
  "val_reloads": 0.0,
  "val_nonfinite": 0.0
}