{
  "test_gap_mean": 0.05638880583333333,
  "test_gap_median": 0.059720700000000015,
  "test_gap_std": 0.02935388202277406,
  "test_satisfy_frac": 0.6305555555555555,
  "test_hinge_mean": 0.009040130555555557,
  "val_reloads": 0.0,
  "val_nonfinite": 0.0
}