{
  "test_gap_mean": 0.06094585833333333,
  "test_gap_median": 0.06412604999999999,
  "test_gap_std": 0.031094919134021227,
  "test_satisfy_frac": 0.675,
  "test_hinge_mean": 0.008065676666666665,
  "val_reloads": 0.0,
  "val_nonfinite": 0.0
}