{
  "test_gap_mean": 0.06055525305555554,
  "test_gap_median": 0.06363639999999998,
  "test_gap_std": 0.03096802162573141,
  "test_satisfy_frac": 0.675,
  "test_hinge_mean": 0.00812835888888889,
  "val_reloads": 0.0,
  "val_nonfinite": 0.0
}