{
  "test_gap_mean": 0.045103780277777776,
  "test_gap_median": 0.049522349999999965,
  "test_gap_std": 0.025163637530105372,
  "test_satisfy_frac": 0.49166666666666664,
  "test_hinge_mean": 0.012480669722222223,
  "val_reloads": 0.0,
  "val_nonfinite": 0.0
}