{
  "test_gap_mean": 0.02753830277777778,
  "test_gap_median": 0.030203550000000023,
  "test_gap_std": 0.021563849737681943,
  "test_satisfy_frac": 0.1388888888888889,
  "test_hinge_mean": 0.02348385861111111,
  "val_reloads": 0.0,
  "val_nonfinite": 0.0
}