{
  "test_gap_mean": 0.042736604444444444,
  "test_gap_median": 0.047470599999999974,
  "test_gap_std": 0.024397544378342722,
  "test_satisfy_frac": 0.4527777777777778,
  "test_hinge_mean": 0.013439925277777778,
  "val_reloads": 0.0,
  "val_nonfinite": 0.0
}