{
  "test_gap_mean": 0.05810423305555555,
  "test_gap_median": 0.06111325000000001,
  "test_gap_std": 0.0299707449611838,
  "test_satisfy_frac": 0.65,
  "test_hinge_mean": 0.008613396666666669,
  "val_reloads": 0.0,
  "val_nonfinite": 0.0
}