{
  "epoch": 57,
  "config": {
    "seed": 1,
    "gamma": 0.3,
    "margin": 0.05,
    "delta": 0.05,
    "input_vmin": 0.0,
    "input_vmax": 1.0,
    "rails": [
      0.0,
      0.45
    ],
    "solver": "klu",
    "body_tie": "source",
    "body_res": 10.0,
    "rs_clamp": 10.0,
    "model_vto": 0.75,
    "vg_cutoff": 0.75,
    "vg_cutoff_epochs": 4,
    "vg_init": {
      "mode": "random",
      "lo": 1.0,
      "hi": 6.0,
      "fixed": 2.0
    },
    "epochs": 100,
    "device_include_path": "/home/ma-lab/Desktop/pyclln-final/device_model/nmos_lvl1_ald1106.lib",
    "device_subckt": "NMOSWRAP"
  },
  "train": {
    "acc": 0.9589422407794015,
    "hinge": 0.008816902087682679,
    "n_free": 1437,
    "n_clamp": 507,
    "hinge_active": 507,
    "hinge_active_frac": 0.35281837160751567,
    "skipped": 930,
    "reload_free": 0,
    "reload_clamp": 0,
    "nonfinite_free": 0,
    "nonfinite_clamp": 0
  },
  "val": {
    "acc": 0.9583333333333334,
    "hinge": 0.009238723611111114,
    "test_gap_mean": 0.05550654138888888,
    "test_gap_median": 0.05893809999999999,
    "test_gap_std": 0.02897314969819726,
    "test_satisfy_frac": 0.6222222222222222,
    "test_hinge_mean": 0.009238723611111112,
    "val_reloads": 0.0,
    "val_nonfinite": 0.0
  },
  "timing_s": {
    "epoch_total": 55.18204116821289,
    "train_free": 30.31241536140442,
    "train_clamp": 10.681018114089966,
    "train_update": 1.0233299732208252
  },
  "vg_stats": {
    "vg_unique_min": 0.5745488433273261,
    "vg_unique_max": 8.0,
    "vg_unique_sat_lo": 0.0,
    "vg_unique_sat_hi": 4.0
  }
}