{
  "epoch": 55,
  "config": {
    "seed": 1,
    "gamma": 0.3,
    "margin": 0.05,
    "delta": 0.05,
    "input_vmin": 0.0,
    "input_vmax": 1.0,
    "rails": [
      0.0,
      0.45
    ],
    "solver": "klu",
    "body_tie": "source",
    "body_res": 10.0,
    "rs_clamp": 10.0,
    "model_vto": 0.75,
    "vg_cutoff": 0.75,
    "vg_cutoff_epochs": 4,
    "vg_init": {
      "mode": "random",
      "lo": 1.0,
      "hi": 6.0,
      "fixed": 2.0
    },
    "epochs": 100,
    "device_include_path": "/home/ma-lab/Desktop/pyclln-final/device_model/nmos_lvl1_ald1106.lib",
    "device_subckt": "NMOSWRAP"
  },
  "train": {
    "acc": 0.9547668754349339,
    "hinge": 0.008940886569241482,
    "n_free": 1437,
    "n_clamp": 512,
    "hinge_active": 512,
    "hinge_active_frac": 0.3562978427279054,
    "skipped": 925,
    "reload_free": 0,
    "reload_clamp": 0,
    "nonfinite_free": 0,
    "nonfinite_clamp": 0
  },
  "val": {
    "acc": 0.95,
    "hinge": 0.009329373333333337,
    "test_gap_mean": 0.054941054999999996,
    "test_gap_median": 0.05831105,
    "test_gap_std": 0.0286444462817514,
    "test_satisfy_frac": 0.6138888888888889,
    "test_hinge_mean": 0.009329373333333333,
    "val_reloads": 0.0,
    "val_nonfinite": 0.0
  },
  "timing_s": {
    "epoch_total": 58.840247631073,
    "train_free": 32.2054500579834,
    "train_clamp": 11.564063310623169,
    "train_update": 1.1056809425354004
  },
  "vg_stats": {
    "vg_unique_min": 0.6851175059285091,
    "vg_unique_max": 8.0,
    "vg_unique_sat_lo": 0.0,
    "vg_unique_sat_hi": 1.0
  }
}