{
  "epoch": 88,
  "config": {
    "seed": 1,
    "gamma": 0.3,
    "margin": 0.05,
    "delta": 0.05,
    "input_vmin": 0.0,
    "input_vmax": 1.0,
    "rails": [
      0.0,
      0.45
    ],
    "solver": "klu",
    "body_tie": "source",
    "body_res": 10.0,
    "rs_clamp": 10.0,
    "model_vto": 0.75,
    "vg_cutoff": 0.75,
    "vg_cutoff_epochs": 4,
    "vg_init": {
      "mode": "random",
      "lo": 1.0,
      "hi": 6.0,
      "fixed": 2.0
    },
    "epochs": 100,
    "device_include_path": "/home/ma-lab/Desktop/pyclln-final/device_model/nmos_lvl1_ald1106.lib",
    "device_subckt": "NMOSWRAP"
  },
  "train": {
    "acc": 0.9603340292275574,
    "hinge": 0.0075643971468336915,
    "n_free": 1437,
    "n_clamp": 413,
    "hinge_active": 413,
    "hinge_active_frac": 0.2874043145441893,
    "skipped": 1024,
    "reload_free": 0,
    "reload_clamp": 0,
    "nonfinite_free": 0,
    "nonfinite_clamp": 0
  },
  "val": {
    "acc": 0.9555555555555556,
    "hinge": 0.00818161055555556,
    "test_gap_mean": 0.0601704825,
    "test_gap_median": 0.0633918,
    "test_gap_std": 0.030874824460586,
    "test_satisfy_frac": 0.6694444444444444,
    "test_hinge_mean": 0.008181610555555557,
    "val_reloads": 0.0,
    "val_nonfinite": 0.0
  },
  "timing_s": {
    "epoch_total": 49.83209538459778,
    "train_free": 28.66293215751648,
    "train_clamp": 8.195555448532104,
    "train_update": 0.7414259910583496
  },
  "vg_stats": {
    "vg_unique_min": 0.7164215111830804,
    "vg_unique_max": 8.0,
    "vg_unique_sat_lo": 0.0,
    "vg_unique_sat_hi": 2.0
  }
}