{
  "test_gap_mean": 0.00965754527777778,
  "test_gap_median": 0.008994550000000018,
  "test_gap_std": 0.007847935107992133,
  "test_satisfy_frac": 0.0,
  "test_hinge_mean": 0.04034245472222221,
  "val_reloads": 0.0,
  "val_nonfinite": 0.0
}