{
  "test_gap_mean": 0.0021142366666666683,
  "test_gap_median": 0.001981400000000008,
  "test_gap_std": 0.0017092699295605696,
  "test_satisfy_frac": 0.0,
  "test_hinge_mean": 0.047885763333333324,
  "val_reloads": 0.0,
  "val_nonfinite": 0.0
}