{
  "test_gap_mean": 0.007018218055555554,
  "test_gap_median": 0.006511349999999999,
  "test_gap_std": 0.005693857364562231,
  "test_satisfy_frac": 0.0,
  "test_hinge_mean": 0.04298178194444444,
  "val_reloads": 0.0,
  "val_nonfinite": 0.0
}