{
  "test_gap_mean": 0.0073309525,
  "test_gap_median": 0.006819400000000031,
  "test_gap_std": 0.005950087149804742,
  "test_satisfy_frac": 0.0,
  "test_hinge_mean": 0.0426690475,
  "val_reloads": 0.0,
  "val_nonfinite": 0.0
}