{
  "test_gap_mean": 0.010088434444444445,
  "test_gap_median": 0.009367799999999982,
  "test_gap_std": 0.008194208557954696,
  "test_satisfy_frac": 0.0,
  "test_hinge_mean": 0.03991156555555555,
  "val_reloads": 0.0,
  "val_nonfinite": 0.0
}