{
  "test_gap_mean": 0.00484859,
  "test_gap_median": 0.004507500000000025,
  "test_gap_std": 0.0039282190093193345,
  "test_satisfy_frac": 0.0,
  "test_hinge_mean": 0.04515141,
  "val_reloads": 0.0,
  "val_nonfinite": 0.0
}