{
  "test_gap_mean": 0.06320950111111112,
  "test_gap_median": 0.0642419,
  "test_gap_std": 0.06048831317567468,
  "test_satisfy_frac": 0.5694444444444444,
  "test_hinge_mean": 0.017520920833333335,
  "val_reloads": 0.0,
  "val_nonfinite": 0.0
}