{
  "test_gap_mean": 0.05758958805555555,
  "test_gap_median": 0.05573355000000001,
  "test_gap_std": 0.05709378319894963,
  "test_satisfy_frac": 0.5444444444444444,
  "test_hinge_mean": 0.018784577777777776,
  "val_reloads": 0.0,
  "val_nonfinite": 0.0
}