{
  "test_gap_mean": 0.08115528972222222,
  "test_gap_median": 0.07700334999999998,
  "test_gap_std": 0.07075116874219409,
  "test_satisfy_frac": 0.6722222222222223,
  "test_hinge_mean": 0.014280735555555554,
  "val_reloads": 0.0,
  "val_nonfinite": 0.0
}