{
  "test_gap_mean": 0.06830822666666667,
  "test_gap_median": 0.06935834999999997,
  "test_gap_std": 0.06378887196033106,
  "test_satisfy_frac": 0.6083333333333333,
  "test_hinge_mean": 0.016652089444444445,
  "val_reloads": 0.0,
  "val_nonfinite": 0.0
}