{
  "test_gap_mean": 0.09348093444444444,
  "test_gap_median": 0.08532905000000002,
  "test_gap_std": 0.07778269809687743,
  "test_satisfy_frac": 0.6916666666666667,
  "test_hinge_mean": 0.011943633611111112,
  "val_reloads": 0.0,
  "val_nonfinite": 0.0
}