{
  "test_gap_mean": 0.07705363083333333,
  "test_gap_median": 0.07362665,
  "test_gap_std": 0.06896633723904502,
  "test_satisfy_frac": 0.6611111111111111,
  "test_hinge_mean": 0.015037531111111111,
  "val_reloads": 0.0,
  "val_nonfinite": 0.0
}