{
  "test_gap_mean": 0.04098966297222222,
  "test_gap_median": 0.03830175,
  "test_gap_std": 0.04324563619978607,
  "test_satisfy_frac": 0.41388888888888886,
  "test_hinge_mean": 0.02237418472222222,
  "val_reloads": 0.0,
  "val_nonfinite": 0.0
}