{
  "test_gap_mean": 0.08372537361111111,
  "test_gap_median": 0.07819479999999998,
  "test_gap_std": 0.07154627651943957,
  "test_satisfy_frac": 0.6777777777777778,
  "test_hinge_mean": 0.013604953611111113,
  "val_reloads": 0.0,
  "val_nonfinite": 0.0
}