{
  "epoch": 58,
  "config": {
    "seed": 1,
    "gamma": 0.03,
    "margin": 0.05,
    "delta": 0.05,
    "input_vmin": 0.0,
    "input_vmax": 1.0,
    "rails": [
      0.0,
      0.45
    ],
    "solver": "klu",
    "body_tie": "ground",
    "body_res": 10.0,
    "rs_clamp": 10.0,
    "model_vto": 0.75,
    "vg_cutoff": 0.75,
    "vg_cutoff_epochs": 4,
    "vg_init": {
      "mode": "fixed",
      "lo": 1.0,
      "hi": 3.0,
      "fixed": 0.75
    },
    "epochs": 100,
    "device_include_path": "/home/ma-lab/Desktop/pyclln-final/device_model/nmos_lvl1_ald1106.lib",
    "device_subckt": "NMOSWRAP"
  },
  "train": {
    "acc": 0.8983994432846207,
    "hinge": 0.012981757202505212,
    "n_free": 1437,
    "n_clamp": 423,
    "hinge_active": 423,
    "hinge_active_frac": 0.29436325678496866,
    "skipped": 1014,
    "reload_free": 0,
    "reload_clamp": 0,
    "nonfinite_free": 0,
    "nonfinite_clamp": 0
  },
  "val": {
    "acc": 0.8972222222222223,
    "hinge": 0.013846118055555561,
    "test_gap_mean": 0.08278414388888888,
    "test_gap_median": 0.0778741,
    "test_gap_std": 0.07111903394946795,
    "test_satisfy_frac": 0.6777777777777778,
    "test_hinge_mean": 0.01384611805555556,
    "val_reloads": 0.0,
    "val_nonfinite": 0.0
  },
  "timing_s": {
    "epoch_total": 9.960992097854614,
    "train_free": 4.784646272659302,
    "train_clamp": 1.3822178840637207,
    "train_update": 0.27147865295410156
  },
  "vg_stats": {
    "vg_unique_min": 0.7362856082921352,
    "vg_unique_max": 1.6070891863886287,
    "vg_unique_sat_lo": 0.0,
    "vg_unique_sat_hi": 0.0
  }
}