{
  "epoch": 25,
  "config": {
    "seed": 1,
    "gamma": 0.03,
    "margin": 0.05,
    "delta": 0.05,
    "input_vmin": 0.0,
    "input_vmax": 1.0,
    "rails": [
      0.0,
      0.45
    ],
    "solver": "klu",
    "body_tie": "ground",
    "body_res": 10.0,
    "rs_clamp": 10.0,
    "model_vto": 0.75,
    "vg_cutoff": 0.75,
    "vg_cutoff_epochs": 4,
    "vg_init": {
      "mode": "fixed",
      "lo": 1.0,
      "hi": 3.0,
      "fixed": 0.75
    },
    "epochs": 100,
    "device_include_path": "/home/ma-lab/Desktop/pyclln-final/device_model/nmos_lvl1_ald1106.lib",
    "device_subckt": "NMOSWRAP"
  },
  "train": {
    "acc": 0.8663883089770354,
    "hinge": 0.016633101823242864,
    "n_free": 1437,
    "n_clamp": 565,
    "hinge_active": 565,
    "hinge_active_frac": 0.39318023660403617,
    "skipped": 872,
    "reload_free": 0,
    "reload_clamp": 0,
    "nonfinite_free": 0,
    "nonfinite_clamp": 0
  },
  "val": {
    "acc": 0.8583333333333333,
    "hinge": 0.018088807222222218,
    "test_gap_mean": 0.060272212222222225,
    "test_gap_median": 0.061126749999999994,
    "test_gap_std": 0.05852217304061499,
    "test_satisfy_frac": 0.5555555555555556,
    "test_hinge_mean": 0.018088807222222225,
    "val_reloads": 0.0,
    "val_nonfinite": 0.0
  },
  "timing_s": {
    "epoch_total": 14.054765462875366,
    "train_free": 6.02273154258728,
    "train_clamp": 2.275529146194458,
    "train_update": 0.5668907165527344
  },
  "vg_stats": {
    "vg_unique_min": 0.7356573023364148,
    "vg_unique_max": 1.4053347164406471,
    "vg_unique_sat_lo": 0.0,
    "vg_unique_sat_hi": 0.0
  }
}