{
  "epoch": 68,
  "config": {
    "seed": 1,
    "gamma": 0.03,
    "margin": 0.05,
    "delta": 0.05,
    "input_vmin": 0.0,
    "input_vmax": 1.0,
    "rails": [
      0.0,
      0.45
    ],
    "solver": "klu",
    "body_tie": "ground",
    "body_res": 10.0,
    "rs_clamp": 10.0,
    "model_vto": 0.75,
    "vg_cutoff": 0.75,
    "vg_cutoff_epochs": 4,
    "vg_init": {
      "mode": "fixed",
      "lo": 1.0,
      "hi": 3.0,
      "fixed": 0.75
    },
    "epochs": 100,
    "device_include_path": "/home/ma-lab/Desktop/pyclln-final/device_model/nmos_lvl1_ald1106.lib",
    "device_subckt": "NMOSWRAP"
  },
  "train": {
    "acc": 0.8990953375086986,
    "hinge": 0.012218650173973559,
    "n_free": 1437,
    "n_clamp": 401,
    "hinge_active": 401,
    "hinge_active_frac": 0.27905358385525403,
    "skipped": 1036,
    "reload_free": 0,
    "reload_clamp": 0,
    "nonfinite_free": 0,
    "nonfinite_clamp": 0
  },
  "val": {
    "acc": 0.9,
    "hinge": 0.013068791666666671,
    "test_gap_mean": 0.08634944805555556,
    "test_gap_median": 0.08160995000000001,
    "test_gap_std": 0.07265262878237248,
    "test_satisfy_frac": 0.6888888888888889,
    "test_hinge_mean": 0.013068791666666666,
    "val_reloads": 0.0,
    "val_nonfinite": 0.0
  },
  "timing_s": {
    "epoch_total": 11.783555030822754,
    "train_free": 5.341702938079834,
    "train_clamp": 1.4674336910247803,
    "train_update": 0.446749210357666
  },
  "vg_stats": {
    "vg_unique_min": 0.74156328831782,
    "vg_unique_max": 1.6789157520625784,
    "vg_unique_sat_lo": 0.0,
    "vg_unique_sat_hi": 0.0
  }
}