{
  "epoch": 56,
  "config": {
    "seed": 1,
    "gamma": 0.03,
    "margin": 0.05,
    "delta": 0.05,
    "input_vmin": 0.0,
    "input_vmax": 1.0,
    "rails": [
      0.0,
      0.45
    ],
    "solver": "klu",
    "body_tie": "ground",
    "body_res": 10.0,
    "rs_clamp": 10.0,
    "model_vto": 0.75,
    "vg_cutoff": 0.75,
    "vg_cutoff_epochs": 4,
    "vg_init": {
      "mode": "fixed",
      "lo": 1.0,
      "hi": 3.0,
      "fixed": 0.75
    },
    "epochs": 100,
    "device_include_path": "/home/ma-lab/Desktop/pyclln-final/device_model/nmos_lvl1_ald1106.lib",
    "device_subckt": "NMOSWRAP"
  },
  "train": {
    "acc": 0.8970076548364648,
    "hinge": 0.013150922199025751,
    "n_free": 1437,
    "n_clamp": 428,
    "hinge_active": 428,
    "hinge_active_frac": 0.2978427279053584,
    "skipped": 1009,
    "reload_free": 0,
    "reload_clamp": 0,
    "nonfinite_free": 0,
    "nonfinite_clamp": 0
  },
  "val": {
    "acc": 0.9,
    "hinge": 0.014052260555555564,
    "test_gap_mean": 0.08200892138888889,
    "test_gap_median": 0.0768789,
    "test_gap_std": 0.07094483716553433,
    "test_satisfy_frac": 0.6861111111111111,
    "test_hinge_mean": 0.014052260555555557,
    "val_reloads": 0.0,
    "val_nonfinite": 0.0
  },
  "timing_s": {
    "epoch_total": 12.349978685379028,
    "train_free": 5.855628490447998,
    "train_clamp": 1.7156598567962646,
    "train_update": 0.3418848514556885
  },
  "vg_stats": {
    "vg_unique_min": 0.7447779736634346,
    "vg_unique_max": 1.591307477009928,
    "vg_unique_sat_lo": 0.0,
    "vg_unique_sat_hi": 0.0
  }
}