{
  "test_gap_mean": 0.018301737777777778,
  "test_gap_median": 0.017054500000000028,
  "test_gap_std": 0.02261521084671567,
  "test_satisfy_frac": 0.08055555555555556,
  "test_hinge_mean": 0.032185883888888885,
  "val_reloads": 0.0,
  "val_nonfinite": 0.0
}