{
  "test_gap_mean": 0.017053641944444444,
  "test_gap_median": 0.015141350000000026,
  "test_gap_std": 0.0223588253266776,
  "test_satisfy_frac": 0.06388888888888888,
  "test_hinge_mean": 0.03333376444444444,
  "val_reloads": 0.0,
  "val_nonfinite": 0.0
}