{
  "test_gap_mean": 0.027955555833333336,
  "test_gap_median": 0.029322700000000007,
  "test_gap_std": 0.024619904522784435,
  "test_satisfy_frac": 0.2111111111111111,
  "test_hinge_mean": 0.024201539722222214,
  "val_reloads": 0.0,
  "val_nonfinite": 0.0
}