{
  "test_gap_mean": 0.014226047222222222,
  "test_gap_median": 0.012926049999999967,
  "test_gap_std": 0.02178161874645794,
  "test_satisfy_frac": 0.041666666666666664,
  "test_hinge_mean": 0.03597276833333333,
  "val_reloads": 0.0,
  "val_nonfinite": 0.0
}