{
  "test_gap_mean": 0.030584228055555555,
  "test_gap_median": 0.031728300000000015,
  "test_gap_std": 0.025036914646022992,
  "test_satisfy_frac": 0.25,
  "test_hinge_mean": 0.022225710277777772,
  "val_reloads": 0.0,
  "val_nonfinite": 0.0
}