{
  "test_gap_mean": 0.026778495,
  "test_gap_median": 0.027524450000000006,
  "test_gap_std": 0.024437480578831213,
  "test_satisfy_frac": 0.19722222222222222,
  "test_hinge_mean": 0.02511579694444444,
  "val_reloads": 0.0,
  "val_nonfinite": 0.0
}