{
  "test_gap_mean": 0.008369499722222222,
  "test_gap_median": 0.007684849999999993,
  "test_gap_std": 0.020222752653146926,
  "test_satisfy_frac": 0.011111111111111112,
  "test_hinge_mean": 0.04165133027777777,
  "val_reloads": 0.0,
  "val_nonfinite": 0.0
}