{
  "test_gap_mean": 0.03226162444444444,
  "test_gap_median": 0.03424954999999999,
  "test_gap_std": 0.025354694077909964,
  "test_satisfy_frac": 0.2638888888888889,
  "test_hinge_mean": 0.02099885444444444,
  "val_reloads": 0.0,
  "val_nonfinite": 0.0
}