{
  "test_gap_mean": 0.031455566388888884,
  "test_gap_median": 0.03285534999999998,
  "test_gap_std": 0.02520236394178923,
  "test_satisfy_frac": 0.25833333333333336,
  "test_hinge_mean": 0.021590174444444443,
  "val_reloads": 0.0,
  "val_nonfinite": 0.0
}