{
  "test_gap_mean": 0.012065820277777778,
  "test_gap_median": 0.011089149999999992,
  "test_gap_std": 0.021230643885520366,
  "test_satisfy_frac": 0.016666666666666666,
  "test_hinge_mean": 0.03803558222222221,
  "val_reloads": 0.0,
  "val_nonfinite": 0.0
}