{
  "epoch": 80,
  "config": {
    "seed": 0,
    "gamma": 0.03,
    "margin": 0.05,
    "delta": 0.05,
    "input_vmin": 0.0,
    "input_vmax": 1.0,
    "rails": [
      0.0,
      0.45
    ],
    "solver": "klu",
    "body_tie": "source",
    "body_res": 10.0,
    "rs_clamp": 10.0,
    "model_vto": 0.75,
    "vg_cutoff": 0.75,
    "vg_cutoff_epochs": 4,
    "vg_init": {
      "mode": "random",
      "lo": 1.0,
      "hi": 6.0,
      "fixed": 2.0
    },
    "epochs": 100,
    "device_include_path": "/home/ma-lab/Desktop/pyclln-final/device_model/nmos_lvl1_ald1106.lib",
    "device_subckt": "NMOSWRAP"
  },
  "train": {
    "acc": 0.8865692414752957,
    "hinge": 0.023340571050800306,
    "n_free": 1437,
    "n_clamp": 1102,
    "hinge_active": 1102,
    "hinge_active_frac": 0.7668754349338901,
    "skipped": 335,
    "reload_free": 0,
    "reload_clamp": 0,
    "nonfinite_free": 0,
    "nonfinite_clamp": 0
  },
  "val": {
    "acc": 0.8666666666666667,
    "hinge": 0.02370857222222223,
    "test_gap_mean": 0.028610609166666665,
    "test_gap_median": 0.029948400000000014,
    "test_gap_std": 0.024738202618323372,
    "test_satisfy_frac": 0.2222222222222222,
    "test_hinge_mean": 0.02370857222222222,
    "val_reloads": 0.0,
    "val_nonfinite": 0.0
  },
  "timing_s": {
    "epoch_total": 94.47592997550964,
    "train_free": 41.79230237007141,
    "train_clamp": 31.84323811531067,
    "train_update": 2.6186206340789795
  },
  "vg_stats": {
    "vg_unique_min": 0.6962679217447033,
    "vg_unique_max": 7.998754967434813,
    "vg_unique_sat_lo": 0.0,
    "vg_unique_sat_hi": 0.0
  }
}