{
  "epoch": 67,
  "config": {
    "seed": 0,
    "gamma": 0.03,
    "margin": 0.05,
    "delta": 0.05,
    "input_vmin": 0.0,
    "input_vmax": 1.0,
    "rails": [
      0.0,
      0.45
    ],
    "solver": "klu",
    "body_tie": "source",
    "body_res": 10.0,
    "rs_clamp": 10.0,
    "model_vto": 0.75,
    "vg_cutoff": 0.75,
    "vg_cutoff_epochs": 4,
    "vg_init": {
      "mode": "random",
      "lo": 1.0,
      "hi": 6.0,
      "fixed": 2.0
    },
    "epochs": 100,
    "device_include_path": "/home/ma-lab/Desktop/pyclln-final/device_model/nmos_lvl1_ald1106.lib",
    "device_subckt": "NMOSWRAP"
  },
  "train": {
    "acc": 0.8608211551844119,
    "hinge": 0.025878438970076568,
    "n_free": 1437,
    "n_clamp": 1169,
    "hinge_active": 1169,
    "hinge_active_frac": 0.813500347947112,
    "skipped": 268,
    "reload_free": 0,
    "reload_clamp": 0,
    "nonfinite_free": 0,
    "nonfinite_clamp": 0
  },
  "val": {
    "acc": 0.8555555555555555,
    "hinge": 0.0261026438888889,
    "test_gap_mean": 0.02553457222222222,
    "test_gap_median": 0.025733000000000006,
    "test_gap_std": 0.024286552445362423,
    "test_satisfy_frac": 0.19166666666666668,
    "test_hinge_mean": 0.026102643888888884,
    "val_reloads": 0.0,
    "val_nonfinite": 0.0
  },
  "timing_s": {
    "epoch_total": 103.88505005836487,
    "train_free": 45.02887272834778,
    "train_clamp": 36.6098690032959,
    "train_update": 2.749518871307373
  },
  "vg_stats": {
    "vg_unique_min": 0.7700794901144948,
    "vg_unique_max": 7.955112251965516,
    "vg_unique_sat_lo": 0.0,
    "vg_unique_sat_hi": 0.0
  }
}