{
  "epoch": 13,
  "config": {
    "seed": 0,
    "gamma": 0.03,
    "margin": 0.05,
    "delta": 0.05,
    "input_vmin": 0.0,
    "input_vmax": 1.0,
    "rails": [
      0.0,
      0.45
    ],
    "solver": "klu",
    "body_tie": "source",
    "body_res": 10.0,
    "rs_clamp": 10.0,
    "model_vto": 0.75,
    "vg_cutoff": 0.75,
    "vg_cutoff_epochs": 4,
    "vg_init": {
      "mode": "random",
      "lo": 1.0,
      "hi": 6.0,
      "fixed": 2.0
    },
    "epochs": 100,
    "device_include_path": "/home/ma-lab/Desktop/pyclln-final/device_model/nmos_lvl1_ald1106.lib",
    "device_subckt": "NMOSWRAP"
  },
  "train": {
    "acc": 0.4697286012526096,
    "hinge": 0.05351438559498953,
    "n_free": 1437,
    "n_clamp": 1437,
    "hinge_active": 1437,
    "hinge_active_frac": 1.0,
    "skipped": 0,
    "reload_free": 0,
    "reload_clamp": 0,
    "nonfinite_free": 0,
    "nonfinite_clamp": 0
  },
  "val": {
    "acc": 0.4888888888888889,
    "hinge": 0.05232219750000005,
    "test_gap_mean": -0.0023221974999999995,
    "test_gap_median": -0.0009757500000000252,
    "test_gap_std": 0.019658551548173336,
    "test_satisfy_frac": 0.0,
    "test_hinge_mean": 0.0523221975,
    "val_reloads": 0.0,
    "val_nonfinite": 0.0
  },
  "timing_s": {
    "epoch_total": 89.81095671653748,
    "train_free": 33.8783745765686,
    "train_clamp": 34.96796679496765,
    "train_update": 3.5401415824890137
  },
  "vg_stats": {
    "vg_unique_min": 0.6891527713715674,
    "vg_unique_max": 6.4868768697443375,
    "vg_unique_sat_lo": 0.0,
    "vg_unique_sat_hi": 0.0
  }
}