{
  "epoch": 54,
  "config": {
    "seed": 0,
    "gamma": 0.03,
    "margin": 0.05,
    "delta": 0.05,
    "input_vmin": 0.0,
    "input_vmax": 1.0,
    "rails": [
      0.0,
      0.45
    ],
    "solver": "klu",
    "body_tie": "source",
    "body_res": 10.0,
    "rs_clamp": 10.0,
    "model_vto": 0.75,
    "vg_cutoff": 0.75,
    "vg_cutoff_epochs": 4,
    "vg_init": {
      "mode": "random",
      "lo": 1.0,
      "hi": 6.0,
      "fixed": 2.0
    },
    "epochs": 100,
    "device_include_path": "/home/ma-lab/Desktop/pyclln-final/device_model/nmos_lvl1_ald1106.lib",
    "device_subckt": "NMOSWRAP"
  },
  "train": {
    "acc": 0.8357689631176062,
    "hinge": 0.029329683228949226,
    "n_free": 1437,
    "n_clamp": 1263,
    "hinge_active": 1263,
    "hinge_active_frac": 0.8789144050104384,
    "skipped": 174,
    "reload_free": 0,
    "reload_clamp": 0,
    "nonfinite_free": 0,
    "nonfinite_clamp": 0
  },
  "val": {
    "acc": 0.8055555555555556,
    "hinge": 0.029234399444444482,
    "test_gap_mean": 0.0216367575,
    "test_gap_median": 0.02157429999999999,
    "test_gap_std": 0.023395676242368407,
    "test_satisfy_frac": 0.125,
    "test_hinge_mean": 0.02923439944444444,
    "val_reloads": 0.0,
    "val_nonfinite": 0.0
  },
  "timing_s": {
    "epoch_total": 96.86620378494263,
    "train_free": 40.7360417842865,
    "train_clamp": 35.57015013694763,
    "train_update": 2.968132734298706
  },
  "vg_stats": {
    "vg_unique_min": 0.6660221320783486,
    "vg_unique_max": 7.762481949455469,
    "vg_unique_sat_lo": 0.0,
    "vg_unique_sat_hi": 0.0
  }
}