{
  "epoch": 85,
  "config": {
    "seed": 0,
    "gamma": 0.03,
    "margin": 0.05,
    "delta": 0.05,
    "input_vmin": 0.0,
    "input_vmax": 1.0,
    "rails": [
      0.0,
      0.45
    ],
    "solver": "klu",
    "body_tie": "source",
    "body_res": 10.0,
    "rs_clamp": 10.0,
    "model_vto": 0.75,
    "vg_cutoff": 0.75,
    "vg_cutoff_epochs": 4,
    "vg_init": {
      "mode": "random",
      "lo": 1.0,
      "hi": 6.0,
      "fixed": 2.0
    },
    "epochs": 100,
    "device_include_path": "/home/ma-lab/Desktop/pyclln-final/device_model/nmos_lvl1_ald1106.lib",
    "device_subckt": "NMOSWRAP"
  },
  "train": {
    "acc": 0.8935281837160751,
    "hinge": 0.022521778218510785,
    "n_free": 1437,
    "n_clamp": 1084,
    "hinge_active": 1084,
    "hinge_active_frac": 0.7543493389004872,
    "skipped": 353,
    "reload_free": 0,
    "reload_clamp": 0,
    "nonfinite_free": 0,
    "nonfinite_clamp": 0
  },
  "val": {
    "acc": 0.8694444444444445,
    "hinge": 0.022934184444444464,
    "test_gap_mean": 0.029637202222222225,
    "test_gap_median": 0.0310743,
    "test_gap_std": 0.024906227541552858,
    "test_satisfy_frac": 0.23055555555555557,
    "test_hinge_mean": 0.022934184444444443,
    "val_reloads": 0.0,
    "val_nonfinite": 0.0
  },
  "timing_s": {
    "epoch_total": 91.52899050712585,
    "train_free": 40.40424656867981,
    "train_clamp": 30.1847882270813,
    "train_update": 2.7835521697998047
  },
  "vg_stats": {
    "vg_unique_min": 0.775668612677521,
    "vg_unique_max": 7.999567654868514,
    "vg_unique_sat_lo": 0.0,
    "vg_unique_sat_hi": 0.0
  }
}