{
  "epoch": 47,
  "config": {
    "seed": 0,
    "gamma": 0.03,
    "margin": 0.05,
    "delta": 0.05,
    "input_vmin": 0.0,
    "input_vmax": 1.0,
    "rails": [
      0.0,
      0.45
    ],
    "solver": "klu",
    "body_tie": "source",
    "body_res": 10.0,
    "rs_clamp": 10.0,
    "model_vto": 0.75,
    "vg_cutoff": 0.75,
    "vg_cutoff_epochs": 4,
    "vg_init": {
      "mode": "random",
      "lo": 1.0,
      "hi": 6.0,
      "fixed": 2.0
    },
    "epochs": 100,
    "device_include_path": "/home/ma-lab/Desktop/pyclln-final/device_model/nmos_lvl1_ald1106.lib",
    "device_subckt": "NMOSWRAP"
  },
  "train": {
    "acc": 0.8051496172581768,
    "hinge": 0.031707818093249816,
    "n_free": 1437,
    "n_clamp": 1305,
    "hinge_active": 1305,
    "hinge_active_frac": 0.9081419624217119,
    "skipped": 132,
    "reload_free": 0,
    "reload_clamp": 0,
    "nonfinite_free": 0,
    "nonfinite_clamp": 0
  },
  "val": {
    "acc": 0.7861111111111111,
    "hinge": 0.03146950333333335,
    "test_gap_mean": 0.019094020555555556,
    "test_gap_median": 0.018253099999999994,
    "test_gap_std": 0.022789990531732706,
    "test_satisfy_frac": 0.08888888888888889,
    "test_hinge_mean": 0.03146950333333333,
    "val_reloads": 0.0,
    "val_nonfinite": 0.0
  },
  "timing_s": {
    "epoch_total": 120.9309515953064,
    "train_free": 48.61336922645569,
    "train_clamp": 43.84568381309509,
    "train_update": 3.9447081089019775
  },
  "vg_stats": {
    "vg_unique_min": 0.7411022002171695,
    "vg_unique_max": 7.632321260593058,
    "vg_unique_sat_lo": 0.0,
    "vg_unique_sat_hi": 0.0
  }
}