{
  "test_gap_mean": 0.02051569666666667,
  "test_gap_median": 0.022397549999999974,
  "test_gap_std": 0.012201643283164771,
  "test_satisfy_frac": 0.5694444444444444,
  "test_hinge_mean": 0.004606019444444443,
  "val_reloads": 0.0,
  "val_nonfinite": 0.0
}