{
  "test_gap_mean": 0.019914485833333332,
  "test_gap_median": 0.021322649999999985,
  "test_gap_std": 0.012020960515493314,
  "test_satisfy_frac": 0.5555555555555556,
  "test_hinge_mean": 0.004803624722222223,
  "val_reloads": 0.0,
  "val_nonfinite": 0.0
}