{
  "test_gap_mean": 0.013114968333333334,
  "test_gap_median": 0.014259700000000014,
  "test_gap_std": 0.010775796971350891,
  "test_satisfy_frac": 0.2916666666666667,
  "test_hinge_mean": 0.0083787025,
  "val_reloads": 0.0,
  "val_nonfinite": 0.0
}