{
  "test_gap_mean": 0.014382075000000001,
  "test_gap_median": 0.015815600000000013,
  "test_gap_std": 0.010926822731498724,
  "test_satisfy_frac": 0.3277777777777778,
  "test_hinge_mean": 0.00752306,
  "val_reloads": 0.0,
  "val_nonfinite": 0.0
}