{
  "test_gap_mean": 0.021507932222222224,
  "test_gap_median": 0.0232956,
  "test_gap_std": 0.01253073487664832,
  "test_satisfy_frac": 0.5916666666666667,
  "test_hinge_mean": 0.004307190000000001,
  "val_reloads": 0.0,
  "val_nonfinite": 0.0
}