{
  "test_gap_mean": 0.021742146111111107,
  "test_gap_median": 0.023429850000000016,
  "test_gap_std": 0.012610585953818783,
  "test_satisfy_frac": 0.6,
  "test_hinge_mean": 0.004240613333333336,
  "val_reloads": 0.0,
  "val_nonfinite": 0.0
}