{
  "epoch": 94,
  "config": {
    "seed": 0,
    "gamma": 0.03,
    "margin": 0.02,
    "delta": 0.02,
    "input_vmin": 0.0,
    "input_vmax": 1.0,
    "rails": [
      0.0,
      0.45
    ],
    "solver": "klu",
    "body_tie": "floating",
    "body_res": 10.0,
    "rs_clamp": 10.0,
    "model_vto": 0.75,
    "vg_cutoff": 0.75,
    "vg_cutoff_epochs": 4,
    "vg_init": {
      "mode": "random",
      "lo": 1.5,
      "hi": 2.5,
      "fixed": 2.0
    },
    "epochs": 100,
    "device_include_path": "/home/ma-lab/Desktop/pyclln-final/device_model/nmos_lvl1_ald1106.lib",
    "device_subckt": "NMOSWRAP"
  },
  "train": {
    "acc": 0.9526791927627001,
    "hinge": 0.003757716075156573,
    "n_free": 1437,
    "n_clamp": 535,
    "hinge_active": 535,
    "hinge_active_frac": 0.37230340988169797,
    "skipped": 902,
    "reload_free": 0,
    "reload_clamp": 0,
    "nonfinite_free": 0,
    "nonfinite_clamp": 0
  },
  "val": {
    "acc": 0.9388888888888889,
    "hinge": 0.004324257777777775,
    "test_gap_mean": 0.02143967416666667,
    "test_gap_median": 0.02324034999999998,
    "test_gap_std": 0.012501208359355791,
    "test_satisfy_frac": 0.5888888888888889,
    "test_hinge_mean": 0.004324257777777779,
    "val_reloads": 0.0,
    "val_nonfinite": 0.0
  },
  "timing_s": {
    "epoch_total": 142.38080716133118,
    "train_free": 84.01551961898804,
    "train_clamp": 30.817561149597168,
    "train_update": 1.2180073261260986
  },
  "vg_stats": {
    "vg_unique_min": 0.7851354655020891,
    "vg_unique_max": 3.0776064748225997,
    "vg_unique_sat_lo": 0.0,
    "vg_unique_sat_hi": 0.0
  }
}