{
  "epoch": 61,
  "config": {
    "seed": 0,
    "gamma": 0.03,
    "margin": 0.02,
    "delta": 0.02,
    "input_vmin": 0.0,
    "input_vmax": 1.0,
    "rails": [
      0.0,
      0.45
    ],
    "solver": "klu",
    "body_tie": "floating",
    "body_res": 10.0,
    "rs_clamp": 10.0,
    "model_vto": 0.75,
    "vg_cutoff": 0.75,
    "vg_cutoff_epochs": 4,
    "vg_init": {
      "mode": "random",
      "lo": 1.5,
      "hi": 2.5,
      "fixed": 2.0
    },
    "epochs": 100,
    "device_include_path": "/home/ma-lab/Desktop/pyclln-final/device_model/nmos_lvl1_ald1106.lib",
    "device_subckt": "NMOSWRAP"
  },
  "train": {
    "acc": 0.9387613082811412,
    "hinge": 0.0048711025052192046,
    "n_free": 1437,
    "n_clamp": 685,
    "hinge_active": 685,
    "hinge_active_frac": 0.476687543493389,
    "skipped": 752,
    "reload_free": 0,
    "reload_clamp": 0,
    "nonfinite_free": 0,
    "nonfinite_clamp": 0
  },
  "val": {
    "acc": 0.9361111111111111,
    "hinge": 0.005266885833333332,
    "test_gap_mean": 0.018632644722222223,
    "test_gap_median": 0.020220299999999997,
    "test_gap_std": 0.011647980860631546,
    "test_satisfy_frac": 0.5083333333333333,
    "test_hinge_mean": 0.005266885833333334,
    "val_reloads": 0.0,
    "val_nonfinite": 0.0
  },
  "timing_s": {
    "epoch_total": 153.79731059074402,
    "train_free": 82.3465805053711,
    "train_clamp": 39.15872240066528,
    "train_update": 1.8641700744628906
  },
  "vg_stats": {
    "vg_unique_min": 0.9349101573330134,
    "vg_unique_max": 2.9478740552095926,
    "vg_unique_sat_lo": 0.0,
    "vg_unique_sat_hi": 0.0
  }
}