{
  "epoch": 14,
  "config": {
    "seed": 0,
    "gamma": 0.03,
    "margin": 0.02,
    "delta": 0.02,
    "input_vmin": 0.0,
    "input_vmax": 1.0,
    "rails": [
      0.0,
      0.45
    ],
    "solver": "klu",
    "body_tie": "floating",
    "body_res": 10.0,
    "rs_clamp": 10.0,
    "model_vto": 0.75,
    "vg_cutoff": 0.75,
    "vg_cutoff_epochs": 4,
    "vg_init": {
      "mode": "random",
      "lo": 1.5,
      "hi": 2.5,
      "fixed": 2.0
    },
    "epochs": 100,
    "device_include_path": "/home/ma-lab/Desktop/pyclln-final/device_model/nmos_lvl1_ald1106.lib",
    "device_subckt": "NMOSWRAP"
  },
  "train": {
    "acc": 0.7599164926931107,
    "hinge": 0.01337806951983298,
    "n_free": 1437,
    "n_clamp": 1282,
    "hinge_active": 1282,
    "hinge_active_frac": 0.8921363952679193,
    "skipped": 155,
    "reload_free": 0,
    "reload_clamp": 0,
    "nonfinite_free": 0,
    "nonfinite_clamp": 0
  },
  "val": {
    "acc": 0.7777777777777778,
    "hinge": 0.012941824999999987,
    "test_gap_mean": 0.007421628055555556,
    "test_gap_median": 0.0074870000000000075,
    "test_gap_std": 0.010089273363044568,
    "test_satisfy_frac": 0.11388888888888889,
    "test_hinge_mean": 0.012941825000000002,
    "val_reloads": 0.0,
    "val_nonfinite": 0.0
  },
  "timing_s": {
    "epoch_total": 186.52767086029053,
    "train_free": 79.3043851852417,
    "train_clamp": 70.5981068611145,
    "train_update": 3.3858819007873535
  },
  "vg_stats": {
    "vg_unique_min": 1.294141086893811,
    "vg_unique_max": 2.7650897197938304,
    "vg_unique_sat_lo": 0.0,
    "vg_unique_sat_hi": 0.0
  }
}