{
  "epoch": 33,
  "config": {
    "seed": 0,
    "gamma": 0.03,
    "margin": 0.02,
    "delta": 0.02,
    "input_vmin": 0.0,
    "input_vmax": 1.0,
    "rails": [
      0.0,
      0.45
    ],
    "solver": "klu",
    "body_tie": "floating",
    "body_res": 10.0,
    "rs_clamp": 10.0,
    "model_vto": 0.75,
    "vg_cutoff": 0.75,
    "vg_cutoff_epochs": 4,
    "vg_init": {
      "mode": "random",
      "lo": 1.5,
      "hi": 2.5,
      "fixed": 2.0
    },
    "epochs": 100,
    "device_include_path": "/home/ma-lab/Desktop/pyclln-final/device_model/nmos_lvl1_ald1106.lib",
    "device_subckt": "NMOSWRAP"
  },
  "train": {
    "acc": 0.907446068197634,
    "hinge": 0.007407979540709798,
    "n_free": 1437,
    "n_clamp": 945,
    "hinge_active": 945,
    "hinge_active_frac": 0.6576200417536534,
    "skipped": 492,
    "reload_free": 0,
    "reload_clamp": 0,
    "nonfinite_free": 0,
    "nonfinite_clamp": 0
  },
  "val": {
    "acc": 0.8805555555555555,
    "hinge": 0.007523059999999995,
    "test_gap_mean": 0.014382075000000001,
    "test_gap_median": 0.015815600000000013,
    "test_gap_std": 0.010926822731498724,
    "test_satisfy_frac": 0.3277777777777778,
    "test_hinge_mean": 0.00752306,
    "val_reloads": 0.0,
    "val_nonfinite": 0.0
  },
  "timing_s": {
    "epoch_total": 172.24734830856323,
    "train_free": 85.31718969345093,
    "train_clamp": 55.50722098350525,
    "train_update": 2.472376823425293
  },
  "vg_stats": {
    "vg_unique_min": 1.157524823212962,
    "vg_unique_max": 2.877076913191158,
    "vg_unique_sat_lo": 0.0,
    "vg_unique_sat_hi": 0.0
  }
}