{
  "epoch": 38,
  "config": {
    "seed": 0,
    "gamma": 0.03,
    "margin": 0.02,
    "delta": 0.02,
    "input_vmin": 0.0,
    "input_vmax": 1.0,
    "rails": [
      0.0,
      0.45
    ],
    "solver": "klu",
    "body_tie": "floating",
    "body_res": 10.0,
    "rs_clamp": 10.0,
    "model_vto": 0.75,
    "vg_cutoff": 0.75,
    "vg_cutoff_epochs": 4,
    "vg_init": {
      "mode": "random",
      "lo": 1.5,
      "hi": 2.5,
      "fixed": 2.0
    },
    "epochs": 100,
    "device_include_path": "/home/ma-lab/Desktop/pyclln-final/device_model/nmos_lvl1_ald1106.lib",
    "device_subckt": "NMOSWRAP"
  },
  "train": {
    "acc": 0.9157967988865693,
    "hinge": 0.006703141057759224,
    "n_free": 1437,
    "n_clamp": 883,
    "hinge_active": 883,
    "hinge_active_frac": 0.6144745998608212,
    "skipped": 554,
    "reload_free": 0,
    "reload_clamp": 0,
    "nonfinite_free": 0,
    "nonfinite_clamp": 0
  },
  "val": {
    "acc": 0.8972222222222223,
    "hinge": 0.006870824999999996,
    "test_gap_mean": 0.015391296111111114,
    "test_gap_median": 0.016939300000000004,
    "test_gap_std": 0.011017180502305195,
    "test_satisfy_frac": 0.38055555555555554,
    "test_hinge_mean": 0.0068708250000000005,
    "val_reloads": 0.0,
    "val_nonfinite": 0.0
  },
  "timing_s": {
    "epoch_total": 182.36096715927124,
    "train_free": 90.96500420570374,
    "train_clamp": 55.39481568336487,
    "train_update": 2.588632106781006
  },
  "vg_stats": {
    "vg_unique_min": 1.1329480014708047,
    "vg_unique_max": 2.895634230406352,
    "vg_unique_sat_lo": 0.0,
    "vg_unique_sat_hi": 0.0
  }
}