{
  "epoch": 15,
  "config": {
    "seed": 0,
    "gamma": 0.03,
    "margin": 0.02,
    "delta": 0.02,
    "input_vmin": 0.0,
    "input_vmax": 1.0,
    "rails": [
      0.0,
      0.45
    ],
    "solver": "klu",
    "body_tie": "floating",
    "body_res": 10.0,
    "rs_clamp": 10.0,
    "model_vto": 0.75,
    "vg_cutoff": 0.75,
    "vg_cutoff_epochs": 4,
    "vg_init": {
      "mode": "random",
      "lo": 1.5,
      "hi": 2.5,
      "fixed": 2.0
    },
    "epochs": 100,
    "device_include_path": "/home/ma-lab/Desktop/pyclln-final/device_model/nmos_lvl1_ald1106.lib",
    "device_subckt": "NMOSWRAP"
  },
  "train": {
    "acc": 0.7780097425191371,
    "hinge": 0.0128101723034099,
    "n_free": 1437,
    "n_clamp": 1263,
    "hinge_active": 1263,
    "hinge_active_frac": 0.8789144050104384,
    "skipped": 174,
    "reload_free": 0,
    "reload_clamp": 0,
    "nonfinite_free": 0,
    "nonfinite_clamp": 0
  },
  "val": {
    "acc": 0.7861111111111111,
    "hinge": 0.01242361722222222,
    "test_gap_mean": 0.008015107222222222,
    "test_gap_median": 0.008213100000000001,
    "test_gap_std": 0.010175101107119992,
    "test_satisfy_frac": 0.125,
    "test_hinge_mean": 0.01242361722222222,
    "val_reloads": 0.0,
    "val_nonfinite": 0.0
  },
  "timing_s": {
    "epoch_total": 197.51275897026062,
    "train_free": 87.24488091468811,
    "train_clamp": 77.01651430130005,
    "train_update": 3.2637295722961426
  },
  "vg_stats": {
    "vg_unique_min": 1.280805225487288,
    "vg_unique_max": 2.775292046321276,
    "vg_unique_sat_lo": 0.0,
    "vg_unique_sat_hi": 0.0
  }
}