{
  "test_gap_mean": 0.0529991675,
  "test_gap_median": 0.054515499999999995,
  "test_gap_std": 0.029552507460648646,
  "test_satisfy_frac": 0.875,
  "test_hinge_mean": 0.0023257580555555556,
  "val_reloads": 0.0,
  "val_nonfinite": 0.0
}