{
  "test_gap_mean": 0.06511247916666665,
  "test_gap_median": 0.06297304999999997,
  "test_gap_std": 0.037511922370292036,
  "test_satisfy_frac": 0.8916666666666667,
  "test_hinge_mean": 0.0021488955555555565,
  "val_reloads": 0.0,
  "val_nonfinite": 0.0
}