{
  "test_gap_mean": 0.06242693194444444,
  "test_gap_median": 0.06032394999999996,
  "test_gap_std": 0.03498956459593039,
  "test_satisfy_frac": 0.8888888888888888,
  "test_hinge_mean": 0.002069218888888889,
  "val_reloads": 0.0,
  "val_nonfinite": 0.0
}