{
  "test_gap_mean": 0.03597890611111111,
  "test_gap_median": 0.03772175000000001,
  "test_gap_std": 0.02000044211172222,
  "test_satisfy_frac": 0.7972222222222223,
  "test_hinge_mean": 0.002656622777777777,
  "val_reloads": 0.0,
  "val_nonfinite": 0.0
}