{
  "test_gap_mean": 0.037316327499999996,
  "test_gap_median": 0.0385655,
  "test_gap_std": 0.0206427212535219,
  "test_satisfy_frac": 0.8,
  "test_hinge_mean": 0.0025784163888888886,
  "val_reloads": 0.0,
  "val_nonfinite": 0.0
}