{
  "test_gap_mean": 0.06765986916666668,
  "test_gap_median": 0.06548795000000002,
  "test_gap_std": 0.03906921058821511,
  "test_satisfy_frac": 0.8888888888888888,
  "test_hinge_mean": 0.0021536441666666667,
  "val_reloads": 0.0,
  "val_nonfinite": 0.0
}