{
  "test_gap_mean": 0.03476348083333333,
  "test_gap_median": 0.036269499999999996,
  "test_gap_std": 0.019371817551379584,
  "test_satisfy_frac": 0.7972222222222223,
  "test_hinge_mean": 0.002786865277777778,
  "val_reloads": 0.0,
  "val_nonfinite": 0.0
}