{
  "test_gap_mean": 0.06714562444444445,
  "test_gap_median": 0.06529489999999999,
  "test_gap_std": 0.03925857291394118,
  "test_satisfy_frac": 0.8916666666666667,
  "test_hinge_mean": 0.002059111388888889,
  "val_reloads": 0.0,
  "val_nonfinite": 0.0
}