{
  "test_gap_mean": 0.039263038888888886,
  "test_gap_median": 0.0398336,
  "test_gap_std": 0.021746194085436828,
  "test_satisfy_frac": 0.8,
  "test_hinge_mean": 0.0025070686111111113,
  "val_reloads": 0.0,
  "val_nonfinite": 0.0
}