{
  "test_gap_mean": 0.05978056138888888,
  "test_gap_median": 0.058147249999999984,
  "test_gap_std": 0.03543648064821498,
  "test_satisfy_frac": 0.875,
  "test_hinge_mean": 0.0023114344444444446,
  "val_reloads": 0.0,
  "val_nonfinite": 0.0
}