{
  "epoch": 61,
  "config": {
    "seed": 2,
    "gamma": 3.0,
    "margin": 0.02,
    "delta": 0.02,
    "input_vmin": 0.0,
    "input_vmax": 1.0,
    "rails": [
      0.0,
      0.45
    ],
    "solver": "klu",
    "body_tie": "ground",
    "body_res": 10.0,
    "rs_clamp": 10.0,
    "model_vto": 0.75,
    "vg_cutoff": 0.75,
    "vg_cutoff_epochs": 4,
    "vg_init": {
      "mode": "fixed",
      "lo": 1.0,
      "hi": 3.0,
      "fixed": 2.0
    },
    "epochs": 100,
    "device_include_path": "/home/ma-lab/Desktop/pyclln-final/device_model/nmos_lvl1_ald1106.lib",
    "device_subckt": "NMOSWRAP"
  },
  "train": {
    "acc": 0.9923451635351427,
    "hinge": 0.0006985012526096032,
    "n_free": 1437,
    "n_clamp": 89,
    "hinge_active": 89,
    "hinge_active_frac": 0.061934585942936674,
    "skipped": 1348,
    "reload_free": 0,
    "reload_clamp": 0,
    "nonfinite_free": 0,
    "nonfinite_clamp": 0
  },
  "val": {
    "acc": 0.9611111111111111,
    "hinge": 0.002311434444444445,
    "test_gap_mean": 0.05978056138888888,
    "test_gap_median": 0.058147249999999984,
    "test_gap_std": 0.03543648064821498,
    "test_satisfy_frac": 0.875,
    "test_hinge_mean": 0.0023114344444444446,
    "val_reloads": 0.0,
    "val_nonfinite": 0.0
  },
  "timing_s": {
    "epoch_total": 51.99839949607849,
    "train_free": 34.78246593475342,
    "train_clamp": 2.1511244773864746,
    "train_update": 0.20176482200622559
  },
  "vg_stats": {
    "vg_unique_min": 0.6770940758629648,
    "vg_unique_max": 5.950702357919114,
    "vg_unique_sat_lo": 0.0,
    "vg_unique_sat_hi": 0.0
  }
}