{
  "epoch": 35,
  "config": {
    "seed": 2,
    "gamma": 3.0,
    "margin": 0.02,
    "delta": 0.02,
    "input_vmin": 0.0,
    "input_vmax": 1.0,
    "rails": [
      0.0,
      0.45
    ],
    "solver": "klu",
    "body_tie": "ground",
    "body_res": 10.0,
    "rs_clamp": 10.0,
    "model_vto": 0.75,
    "vg_cutoff": 0.75,
    "vg_cutoff_epochs": 4,
    "vg_init": {
      "mode": "fixed",
      "lo": 1.0,
      "hi": 3.0,
      "fixed": 2.0
    },
    "epochs": 100,
    "device_include_path": "/home/ma-lab/Desktop/pyclln-final/device_model/nmos_lvl1_ald1106.lib",
    "device_subckt": "NMOSWRAP"
  },
  "train": {
    "acc": 0.9867780097425192,
    "hinge": 0.0009442280445372301,
    "n_free": 1437,
    "n_clamp": 122,
    "hinge_active": 122,
    "hinge_active_frac": 0.0848990953375087,
    "skipped": 1315,
    "reload_free": 0,
    "reload_clamp": 0,
    "nonfinite_free": 0,
    "nonfinite_clamp": 0
  },
  "val": {
    "acc": 0.9555555555555556,
    "hinge": 0.002500859166666667,
    "test_gap_mean": 0.05047883222222222,
    "test_gap_median": 0.04920215,
    "test_gap_std": 0.029182249508681844,
    "test_satisfy_frac": 0.8444444444444444,
    "test_hinge_mean": 0.002500859166666667,
    "val_reloads": 0.0,
    "val_nonfinite": 0.0
  },
  "timing_s": {
    "epoch_total": 54.01469278335571,
    "train_free": 35.407031774520874,
    "train_clamp": 2.9905800819396973,
    "train_update": 0.3043680191040039
  },
  "vg_stats": {
    "vg_unique_min": 0.6733723207519386,
    "vg_unique_max": 5.52432677706447,
    "vg_unique_sat_lo": 0.0,
    "vg_unique_sat_hi": 0.0
  }
}