{
  "epoch": 93,
  "config": {
    "seed": 2,
    "gamma": 3.0,
    "margin": 0.02,
    "delta": 0.02,
    "input_vmin": 0.0,
    "input_vmax": 1.0,
    "rails": [
      0.0,
      0.45
    ],
    "solver": "klu",
    "body_tie": "ground",
    "body_res": 10.0,
    "rs_clamp": 10.0,
    "model_vto": 0.75,
    "vg_cutoff": 0.75,
    "vg_cutoff_epochs": 4,
    "vg_init": {
      "mode": "fixed",
      "lo": 1.0,
      "hi": 3.0,
      "fixed": 2.0
    },
    "epochs": 100,
    "device_include_path": "/home/ma-lab/Desktop/pyclln-final/device_model/nmos_lvl1_ald1106.lib",
    "device_subckt": "NMOSWRAP"
  },
  "train": {
    "acc": 0.9923451635351427,
    "hinge": 0.00046797856645789873,
    "n_free": 1437,
    "n_clamp": 70,
    "hinge_active": 70,
    "hinge_active_frac": 0.04871259568545581,
    "skipped": 1367,
    "reload_free": 0,
    "reload_clamp": 0,
    "nonfinite_free": 0,
    "nonfinite_clamp": 0
  },
  "val": {
    "acc": 0.9638888888888889,
    "hinge": 0.0023076583333333333,
    "test_gap_mean": 0.06713569055555554,
    "test_gap_median": 0.06529194999999999,
    "test_gap_std": 0.04016392250496319,
    "test_satisfy_frac": 0.8861111111111111,
    "test_hinge_mean": 0.002307658333333334,
    "val_reloads": 0.0,
    "val_nonfinite": 0.0
  },
  "timing_s": {
    "epoch_total": 44.82859826087952,
    "train_free": 30.038450241088867,
    "train_clamp": 1.4495720863342285,
    "train_update": 0.14299845695495605
  },
  "vg_stats": {
    "vg_unique_min": 0.7219302203427638,
    "vg_unique_max": 6.382691870342766,
    "vg_unique_sat_lo": 0.0,
    "vg_unique_sat_hi": 0.0
  }
}