{
  "epoch": 51,
  "config": {
    "seed": 2,
    "gamma": 3.0,
    "margin": 0.02,
    "delta": 0.02,
    "input_vmin": 0.0,
    "input_vmax": 1.0,
    "rails": [
      0.0,
      0.45
    ],
    "solver": "klu",
    "body_tie": "ground",
    "body_res": 10.0,
    "rs_clamp": 10.0,
    "model_vto": 0.75,
    "vg_cutoff": 0.75,
    "vg_cutoff_epochs": 4,
    "vg_init": {
      "mode": "fixed",
      "lo": 1.0,
      "hi": 3.0,
      "fixed": 2.0
    },
    "epochs": 100,
    "device_include_path": "/home/ma-lab/Desktop/pyclln-final/device_model/nmos_lvl1_ald1106.lib",
    "device_subckt": "NMOSWRAP"
  },
  "train": {
    "acc": 0.988865692414753,
    "hinge": 0.0007953662491301318,
    "n_free": 1437,
    "n_clamp": 104,
    "hinge_active": 104,
    "hinge_active_frac": 0.07237299930410578,
    "skipped": 1333,
    "reload_free": 0,
    "reload_clamp": 0,
    "nonfinite_free": 0,
    "nonfinite_clamp": 0
  },
  "val": {
    "acc": 0.9555555555555556,
    "hinge": 0.0022520369444444443,
    "test_gap_mean": 0.055927918333333326,
    "test_gap_median": 0.057040950000000035,
    "test_gap_std": 0.03133366029585698,
    "test_satisfy_frac": 0.8805555555555555,
    "test_hinge_mean": 0.0022520369444444443,
    "val_reloads": 0.0,
    "val_nonfinite": 0.0
  },
  "timing_s": {
    "epoch_total": 50.49736738204956,
    "train_free": 34.12764620780945,
    "train_clamp": 2.447831153869629,
    "train_update": 0.23109841346740723
  },
  "vg_stats": {
    "vg_unique_min": 0.6740353006093106,
    "vg_unique_max": 5.828509336051534,
    "vg_unique_sat_lo": 0.0,
    "vg_unique_sat_hi": 0.0
  }
}