{
  "epoch": 18,
  "config": {
    "seed": 2,
    "gamma": 3.0,
    "margin": 0.02,
    "delta": 0.02,
    "input_vmin": 0.0,
    "input_vmax": 1.0,
    "rails": [
      0.0,
      0.45
    ],
    "solver": "klu",
    "body_tie": "ground",
    "body_res": 10.0,
    "rs_clamp": 10.0,
    "model_vto": 0.75,
    "vg_cutoff": 0.75,
    "vg_cutoff_epochs": 4,
    "vg_init": {
      "mode": "fixed",
      "lo": 1.0,
      "hi": 3.0,
      "fixed": 2.0
    },
    "epochs": 100,
    "device_include_path": "/home/ma-lab/Desktop/pyclln-final/device_model/nmos_lvl1_ald1106.lib",
    "device_subckt": "NMOSWRAP"
  },
  "train": {
    "acc": 0.9812108559498957,
    "hinge": 0.001350321990257481,
    "n_free": 1437,
    "n_clamp": 168,
    "hinge_active": 168,
    "hinge_active_frac": 0.11691022964509394,
    "skipped": 1269,
    "reload_free": 0,
    "reload_clamp": 0,
    "nonfinite_free": 0,
    "nonfinite_clamp": 0
  },
  "val": {
    "acc": 0.9583333333333334,
    "hinge": 0.002381086944444444,
    "test_gap_mean": 0.04195786111111111,
    "test_gap_median": 0.04320109999999998,
    "test_gap_std": 0.023343227106367107,
    "test_satisfy_frac": 0.8222222222222222,
    "test_hinge_mean": 0.0023810869444444442,
    "val_reloads": 0.0,
    "val_nonfinite": 0.0
  },
  "timing_s": {
    "epoch_total": 57.220738887786865,
    "train_free": 36.6456184387207,
    "train_clamp": 4.279323577880859,
    "train_update": 0.37061524391174316
  },
  "vg_stats": {
    "vg_unique_min": 0.535354848588954,
    "vg_unique_max": 4.689194080522473,
    "vg_unique_sat_lo": 0.0,
    "vg_unique_sat_hi": 0.0
  }
}