{
  "epoch": 64,
  "config": {
    "seed": 2,
    "gamma": 3.0,
    "margin": 0.02,
    "delta": 0.02,
    "input_vmin": 0.0,
    "input_vmax": 1.0,
    "rails": [
      0.0,
      0.45
    ],
    "solver": "klu",
    "body_tie": "ground",
    "body_res": 10.0,
    "rs_clamp": 10.0,
    "model_vto": 0.75,
    "vg_cutoff": 0.75,
    "vg_cutoff_epochs": 4,
    "vg_init": {
      "mode": "fixed",
      "lo": 1.0,
      "hi": 3.0,
      "fixed": 2.0
    },
    "epochs": 100,
    "device_include_path": "/home/ma-lab/Desktop/pyclln-final/device_model/nmos_lvl1_ald1106.lib",
    "device_subckt": "NMOSWRAP"
  },
  "train": {
    "acc": 0.9923451635351427,
    "hinge": 0.0006329366040361862,
    "n_free": 1437,
    "n_clamp": 81,
    "hinge_active": 81,
    "hinge_active_frac": 0.05636743215031315,
    "skipped": 1356,
    "reload_free": 0,
    "reload_clamp": 0,
    "nonfinite_free": 0,
    "nonfinite_clamp": 0
  },
  "val": {
    "acc": 0.9611111111111111,
    "hinge": 0.002115936666666667,
    "test_gap_mean": 0.05989128166666667,
    "test_gap_median": 0.0606931,
    "test_gap_std": 0.034441005747194366,
    "test_satisfy_frac": 0.8833333333333333,
    "test_hinge_mean": 0.002115936666666667,
    "val_reloads": 0.0,
    "val_nonfinite": 0.0
  },
  "timing_s": {
    "epoch_total": 47.0767457485199,
    "train_free": 31.35367226600647,
    "train_clamp": 1.7617690563201904,
    "train_update": 0.16554999351501465
  },
  "vg_stats": {
    "vg_unique_min": 0.604334485097331,
    "vg_unique_max": 5.929713250378873,
    "vg_unique_sat_lo": 0.0,
    "vg_unique_sat_hi": 0.0
  }
}