{
  "epoch": 41,
  "config": {
    "seed": 2,
    "gamma": 3.0,
    "margin": 0.02,
    "delta": 0.02,
    "input_vmin": 0.0,
    "input_vmax": 1.0,
    "rails": [
      0.0,
      0.45
    ],
    "solver": "klu",
    "body_tie": "ground",
    "body_res": 10.0,
    "rs_clamp": 10.0,
    "model_vto": 0.75,
    "vg_cutoff": 0.75,
    "vg_cutoff_epochs": 4,
    "vg_init": {
      "mode": "fixed",
      "lo": 1.0,
      "hi": 3.0,
      "fixed": 2.0
    },
    "epochs": 100,
    "device_include_path": "/home/ma-lab/Desktop/pyclln-final/device_model/nmos_lvl1_ald1106.lib",
    "device_subckt": "NMOSWRAP"
  },
  "train": {
    "acc": 0.988865692414753,
    "hinge": 0.0008996885873347247,
    "n_free": 1437,
    "n_clamp": 117,
    "hinge_active": 117,
    "hinge_active_frac": 0.081419624217119,
    "skipped": 1320,
    "reload_free": 0,
    "reload_clamp": 0,
    "nonfinite_free": 0,
    "nonfinite_clamp": 0
  },
  "val": {
    "acc": 0.9611111111111111,
    "hinge": 0.0021966266666666656,
    "test_gap_mean": 0.05299416944444445,
    "test_gap_median": 0.054863899999999965,
    "test_gap_std": 0.029012793668817892,
    "test_satisfy_frac": 0.8805555555555555,
    "test_hinge_mean": 0.0021966266666666656,
    "val_reloads": 0.0,
    "val_nonfinite": 0.0
  },
  "timing_s": {
    "epoch_total": 54.393773317337036,
    "train_free": 35.84691834449768,
    "train_clamp": 2.924556255340576,
    "train_update": 0.2717435359954834
  },
  "vg_stats": {
    "vg_unique_min": 0.6766827695180602,
    "vg_unique_max": 5.624513553925149,
    "vg_unique_sat_lo": 0.0,
    "vg_unique_sat_hi": 0.0
  }
}