{
  "epoch": 97,
  "config": {
    "seed": 2,
    "gamma": 3.0,
    "margin": 0.02,
    "delta": 0.02,
    "input_vmin": 0.0,
    "input_vmax": 1.0,
    "rails": [
      0.0,
      0.45
    ],
    "solver": "klu",
    "body_tie": "ground",
    "body_res": 10.0,
    "rs_clamp": 10.0,
    "model_vto": 0.75,
    "vg_cutoff": 0.75,
    "vg_cutoff_epochs": 4,
    "vg_init": {
      "mode": "fixed",
      "lo": 1.0,
      "hi": 3.0,
      "fixed": 2.0
    },
    "epochs": 100,
    "device_include_path": "/home/ma-lab/Desktop/pyclln-final/device_model/nmos_lvl1_ald1106.lib",
    "device_subckt": "NMOSWRAP"
  },
  "train": {
    "acc": 0.9930410577592206,
    "hinge": 0.00046514439805149597,
    "n_free": 1437,
    "n_clamp": 67,
    "hinge_active": 67,
    "hinge_active_frac": 0.04662491301322199,
    "skipped": 1370,
    "reload_free": 0,
    "reload_clamp": 0,
    "nonfinite_free": 0,
    "nonfinite_clamp": 0
  },
  "val": {
    "acc": 0.9638888888888889,
    "hinge": 0.0020591113888888896,
    "test_gap_mean": 0.06714562444444445,
    "test_gap_median": 0.06529489999999999,
    "test_gap_std": 0.03925857291394118,
    "test_satisfy_frac": 0.8916666666666667,
    "test_hinge_mean": 0.002059111388888889,
    "val_reloads": 0.0,
    "val_nonfinite": 0.0
  },
  "timing_s": {
    "epoch_total": 44.59317350387573,
    "train_free": 30.05092978477478,
    "train_clamp": 1.405590295791626,
    "train_update": 0.13997197151184082
  },
  "vg_stats": {
    "vg_unique_min": 0.7058467231198227,
    "vg_unique_max": 6.4052224981198265,
    "vg_unique_sat_lo": 0.0,
    "vg_unique_sat_hi": 0.0
  }
}