{
  "test_gap_mean": 0.09095531833333334,
  "test_gap_median": 0.09328599999999995,
  "test_gap_std": 0.048813426074410526,
  "test_satisfy_frac": 0.8361111111111111,
  "test_hinge_mean": 0.006029141666666667,
  "val_reloads": 0.0,
  "val_nonfinite": 0.0
}