{
  "test_gap_mean": 0.09352464944444444,
  "test_gap_median": 0.09456155000000002,
  "test_gap_std": 0.05155523136159575,
  "test_satisfy_frac": 0.8305555555555556,
  "test_hinge_mean": 0.006163432500000001,
  "val_reloads": 0.0,
  "val_nonfinite": 0.0
}