{
  "test_gap_mean": 0.07489505611111111,
  "test_gap_median": 0.07655945,
  "test_gap_std": 0.039164241279905185,
  "test_satisfy_frac": 0.7527777777777778,
  "test_hinge_mean": 0.006770743055555555,
  "val_reloads": 0.0,
  "val_nonfinite": 0.0
}