{
  "test_gap_mean": 0.06529404944444445,
  "test_gap_median": 0.06871549999999998,
  "test_gap_std": 0.03384972798833594,
  "test_satisfy_frac": 0.7,
  "test_hinge_mean": 0.007660149722222224,
  "val_reloads": 0.0,
  "val_nonfinite": 0.0
}