{
  "test_gap_mean": 0.07844526083333334,
  "test_gap_median": 0.0816819,
  "test_gap_std": 0.041033302544693895,
  "test_satisfy_frac": 0.7805555555555556,
  "test_hinge_mean": 0.006406496666666666,
  "val_reloads": 0.0,
  "val_nonfinite": 0.0
}