{
  "test_gap_mean": 0.059238656388888894,
  "test_gap_median": 0.06405865000000002,
  "test_gap_std": 0.03052836420890712,
  "test_satisfy_frac": 0.6638888888888889,
  "test_hinge_mean": 0.008499722222222221,
  "val_reloads": 0.0,
  "val_nonfinite": 0.0
}