{
  "epoch": 52,
  "config": {
    "seed": 1,
    "gamma": 0.3,
    "margin": 0.05,
    "delta": 0.05,
    "input_vmin": 0.0,
    "input_vmax": 1.0,
    "rails": [
      0.0,
      0.45
    ],
    "solver": "klu",
    "body_tie": "floating",
    "body_res": 10.0,
    "rs_clamp": 10.0,
    "model_vto": 0.75,
    "vg_cutoff": 0.75,
    "vg_cutoff_epochs": 4,
    "vg_init": {
      "mode": "random",
      "lo": 1.5,
      "hi": 2.5,
      "fixed": 2.0
    },
    "epochs": 100,
    "device_include_path": "/home/ma-lab/Desktop/pyclln-final/device_model/nmos_lvl1_ald1106.lib",
    "device_subckt": "NMOSWRAP"
  },
  "train": {
    "acc": 0.9742519137091162,
    "hinge": 0.004574589352818371,
    "n_free": 1437,
    "n_clamp": 256,
    "hinge_active": 256,
    "hinge_active_frac": 0.1781489213639527,
    "skipped": 1181,
    "reload_free": 0,
    "reload_clamp": 0,
    "nonfinite_free": 0,
    "nonfinite_clamp": 0
  },
  "val": {
    "acc": 0.9555555555555556,
    "hinge": 0.006267917777777781,
    "test_gap_mean": 0.08338515777777777,
    "test_gap_median": 0.08549959999999998,
    "test_gap_std": 0.044366931937076304,
    "test_satisfy_frac": 0.8138888888888889,
    "test_hinge_mean": 0.006267917777777778,
    "val_reloads": 0.0,
    "val_nonfinite": 0.0
  },
  "timing_s": {
    "epoch_total": 59.5598361492157,
    "train_free": 38.45684552192688,
    "train_clamp": 6.916806936264038,
    "train_update": 0.37172722816467285
  },
  "vg_stats": {
    "vg_unique_min": 0.6795936956072451,
    "vg_unique_max": 5.80902196939892,
    "vg_unique_sat_lo": 0.0,
    "vg_unique_sat_hi": 0.0
  }
}