{
  "epoch": 11,
  "config": {
    "seed": 1,
    "gamma": 0.3,
    "margin": 0.05,
    "delta": 0.05,
    "input_vmin": 0.0,
    "input_vmax": 1.0,
    "rails": [
      0.0,
      0.45
    ],
    "solver": "klu",
    "body_tie": "floating",
    "body_res": 10.0,
    "rs_clamp": 10.0,
    "model_vto": 0.75,
    "vg_cutoff": 0.75,
    "vg_cutoff_epochs": 4,
    "vg_init": {
      "mode": "random",
      "lo": 1.5,
      "hi": 2.5,
      "fixed": 2.0
    },
    "epochs": 100,
    "device_include_path": "/home/ma-lab/Desktop/pyclln-final/device_model/nmos_lvl1_ald1106.lib",
    "device_subckt": "NMOSWRAP"
  },
  "train": {
    "acc": 0.9512874043145442,
    "hinge": 0.009799993806541419,
    "n_free": 1437,
    "n_clamp": 579,
    "hinge_active": 579,
    "hinge_active_frac": 0.40292275574112735,
    "skipped": 858,
    "reload_free": 0,
    "reload_clamp": 0,
    "nonfinite_free": 0,
    "nonfinite_clamp": 0
  },
  "val": {
    "acc": 0.9527777777777777,
    "hinge": 0.009614655833333338,
    "test_gap_mean": 0.05329150194444444,
    "test_gap_median": 0.05679365,
    "test_gap_std": 0.027684014787594413,
    "test_satisfy_frac": 0.6166666666666667,
    "test_hinge_mean": 0.009614655833333334,
    "val_reloads": 0.0,
    "val_nonfinite": 0.0
  },
  "timing_s": {
    "epoch_total": 148.90442514419556,
    "train_free": 85.72855162620544,
    "train_clamp": 34.538110971450806,
    "train_update": 1.425065040588379
  },
  "vg_stats": {
    "vg_unique_min": 0.4,
    "vg_unique_max": 4.236202024962055,
    "vg_unique_sat_lo": 1.0,
    "vg_unique_sat_hi": 0.0
  }
}