{
  "epoch": 29,
  "config": {
    "seed": 1,
    "gamma": 0.3,
    "margin": 0.05,
    "delta": 0.05,
    "input_vmin": 0.0,
    "input_vmax": 1.0,
    "rails": [
      0.0,
      0.45
    ],
    "solver": "klu",
    "body_tie": "floating",
    "body_res": 10.0,
    "rs_clamp": 10.0,
    "model_vto": 0.75,
    "vg_cutoff": 0.75,
    "vg_cutoff_epochs": 4,
    "vg_init": {
      "mode": "random",
      "lo": 1.5,
      "hi": 2.5,
      "fixed": 2.0
    },
    "epochs": 100,
    "device_include_path": "/home/ma-lab/Desktop/pyclln-final/device_model/nmos_lvl1_ald1106.lib",
    "device_subckt": "NMOSWRAP"
  },
  "train": {
    "acc": 0.9693806541405706,
    "hinge": 0.006318492693110649,
    "n_free": 1437,
    "n_clamp": 341,
    "hinge_active": 341,
    "hinge_active_frac": 0.2372999304105776,
    "skipped": 1096,
    "reload_free": 0,
    "reload_clamp": 0,
    "nonfinite_free": 0,
    "nonfinite_clamp": 0
  },
  "val": {
    "acc": 0.9555555555555556,
    "hinge": 0.0072629941666666736,
    "test_gap_mean": 0.06822573722222222,
    "test_gap_median": 0.07008589999999998,
    "test_gap_std": 0.03556813447021401,
    "test_satisfy_frac": 0.7277777777777777,
    "test_hinge_mean": 0.007262994166666668,
    "val_reloads": 0.0,
    "val_nonfinite": 0.0
  },
  "timing_s": {
    "epoch_total": 123.31671619415283,
    "train_free": 77.35732531547546,
    "train_clamp": 18.410178422927856,
    "train_update": 0.815110445022583
  },
  "vg_stats": {
    "vg_unique_min": 0.6424781176878195,
    "vg_unique_max": 5.3106835159656205,
    "vg_unique_sat_lo": 0.0,
    "vg_unique_sat_hi": 0.0
  }
}