{
  "epoch": 42,
  "config": {
    "seed": 1,
    "gamma": 0.3,
    "margin": 0.05,
    "delta": 0.05,
    "input_vmin": 0.0,
    "input_vmax": 1.0,
    "rails": [
      0.0,
      0.45
    ],
    "solver": "klu",
    "body_tie": "floating",
    "body_res": 10.0,
    "rs_clamp": 10.0,
    "model_vto": 0.75,
    "vg_cutoff": 0.75,
    "vg_cutoff_epochs": 4,
    "vg_init": {
      "mode": "random",
      "lo": 1.5,
      "hi": 2.5,
      "fixed": 2.0
    },
    "epochs": 100,
    "device_include_path": "/home/ma-lab/Desktop/pyclln-final/device_model/nmos_lvl1_ald1106.lib",
    "device_subckt": "NMOSWRAP"
  },
  "train": {
    "acc": 0.9714683368128044,
    "hinge": 0.005221191162143357,
    "n_free": 1437,
    "n_clamp": 282,
    "hinge_active": 282,
    "hinge_active_frac": 0.19624217118997914,
    "skipped": 1155,
    "reload_free": 0,
    "reload_clamp": 0,
    "nonfinite_free": 0,
    "nonfinite_clamp": 0
  },
  "val": {
    "acc": 0.9527777777777777,
    "hinge": 0.006585912222222226,
    "test_gap_mean": 0.07766375,
    "test_gap_median": 0.0809278,
    "test_gap_std": 0.04028560323914873,
    "test_satisfy_frac": 0.7833333333333333,
    "test_hinge_mean": 0.0065859122222222235,
    "val_reloads": 0.0,
    "val_nonfinite": 0.0
  },
  "timing_s": {
    "epoch_total": 82.94894790649414,
    "train_free": 51.32772493362427,
    "train_clamp": 10.01002812385559,
    "train_update": 0.533951997756958
  },
  "vg_stats": {
    "vg_unique_min": 0.6770151131583728,
    "vg_unique_max": 5.610815567459983,
    "vg_unique_sat_lo": 0.0,
    "vg_unique_sat_hi": 0.0
  }
}