{
  "test_gap_mean": 0.13663377777777777,
  "test_gap_median": 0.15369065,
  "test_gap_std": 0.09148654119158339,
  "test_satisfy_frac": 0.7,
  "test_hinge_mean": 0.02303347416666667,
  "val_reloads": 0.0,
  "val_nonfinite": 0.0
}