{
  "test_gap_mean": 0.1330776538888889,
  "test_gap_median": 0.14026849999999996,
  "test_gap_std": 0.09249973584286357,
  "test_satisfy_frac": 0.6444444444444445,
  "test_hinge_mean": 0.0231644825,
  "val_reloads": 0.0,
  "val_nonfinite": 0.0
}