{
  "test_gap_mean": 0.13218507444444447,
  "test_gap_median": 0.1416745,
  "test_gap_std": 0.08399464937484519,
  "test_satisfy_frac": 0.6916666666666667,
  "test_hinge_mean": 0.02073827333333333,
  "val_reloads": 0.0,
  "val_nonfinite": 0.0
}