{
  "test_gap_mean": 0.13907151527777778,
  "test_gap_median": 0.14616169999999998,
  "test_gap_std": 0.10041671407084063,
  "test_satisfy_frac": 0.6833333333333333,
  "test_hinge_mean": 0.024803775277777777,
  "val_reloads": 0.0,
  "val_nonfinite": 0.0
}