{
  "epoch": 61,
  "config": {
    "seed": 1,
    "gamma": 3.0,
    "margin": 0.1,
    "delta": 0.1,
    "input_vmin": 0.0,
    "input_vmax": 1.0,
    "rails": [
      0.0,
      0.45
    ],
    "solver": "klu",
    "body_tie": "floating",
    "body_res": 10.0,
    "rs_clamp": 10.0,
    "model_vto": 0.75,
    "vg_cutoff": 0.75,
    "vg_cutoff_epochs": 4,
    "vg_init": {
      "mode": "random",
      "lo": 1.5,
      "hi": 2.5,
      "fixed": 2.0
    },
    "epochs": 100,
    "device_include_path": "/home/ma-lab/Desktop/pyclln-final/device_model/nmos_lvl1_ald1106.lib",
    "device_subckt": "NMOSWRAP"
  },
  "train": {
    "acc": 0.9213639526791928,
    "hinge": 0.022413024495476698,
    "n_free": 1437,
    "n_clamp": 439,
    "hinge_active": 439,
    "hinge_active_frac": 0.30549756437021575,
    "skipped": 998,
    "reload_free": 0,
    "reload_clamp": 0,
    "nonfinite_free": 0,
    "nonfinite_clamp": 0
  },
  "val": {
    "acc": 0.9416666666666667,
    "hinge": 0.021419810000000008,
    "test_gap_mean": 0.1434796725,
    "test_gap_median": 0.15517225000000004,
    "test_gap_std": 0.09516230201155751,
    "test_satisfy_frac": 0.7166666666666667,
    "test_hinge_mean": 0.02141981,
    "val_reloads": 0.0,
    "val_nonfinite": 0.0
  },
  "timing_s": {
    "epoch_total": 13.375848293304443,
    "train_free": 6.855559587478638,
    "train_clamp": 2.0387020111083984,
    "train_update": 0.2865889072418213
  },
  "vg_stats": {
    "vg_unique_min": 0.4,
    "vg_unique_max": 7.235973462451618,
    "vg_unique_sat_lo": 2.0,
    "vg_unique_sat_hi": 0.0
  }
}