{
  "epoch": 32,
  "config": {
    "seed": 1,
    "gamma": 3.0,
    "margin": 0.1,
    "delta": 0.1,
    "input_vmin": 0.0,
    "input_vmax": 1.0,
    "rails": [
      0.0,
      0.45
    ],
    "solver": "klu",
    "body_tie": "floating",
    "body_res": 10.0,
    "rs_clamp": 10.0,
    "model_vto": 0.75,
    "vg_cutoff": 0.75,
    "vg_cutoff_epochs": 4,
    "vg_init": {
      "mode": "random",
      "lo": 1.5,
      "hi": 2.5,
      "fixed": 2.0
    },
    "epochs": 100,
    "device_include_path": "/home/ma-lab/Desktop/pyclln-final/device_model/nmos_lvl1_ald1106.lib",
    "device_subckt": "NMOSWRAP"
  },
  "train": {
    "acc": 0.919276270006959,
    "hinge": 0.022886377731384834,
    "n_free": 1437,
    "n_clamp": 474,
    "hinge_active": 474,
    "hinge_active_frac": 0.3298538622129436,
    "skipped": 963,
    "reload_free": 0,
    "reload_clamp": 0,
    "nonfinite_free": 0,
    "nonfinite_clamp": 0
  },
  "val": {
    "acc": 0.9333333333333333,
    "hinge": 0.020870653055555556,
    "test_gap_mean": 0.14589399138888887,
    "test_gap_median": 0.15820455,
    "test_gap_std": 0.09454174903359984,
    "test_satisfy_frac": 0.7111111111111111,
    "test_hinge_mean": 0.020870653055555556,
    "val_reloads": 0.0,
    "val_nonfinite": 0.0
  },
  "timing_s": {
    "epoch_total": 20.532324075698853,
    "train_free": 10.366448163986206,
    "train_clamp": 3.3984124660491943,
    "train_update": 0.4797403812408447
  },
  "vg_stats": {
    "vg_unique_min": 0.4,
    "vg_unique_max": 7.931403268465072,
    "vg_unique_sat_lo": 1.0,
    "vg_unique_sat_hi": 0.0
  }
}