{
  "epoch": 59,
  "config": {
    "seed": 1,
    "gamma": 3.0,
    "margin": 0.1,
    "delta": 0.1,
    "input_vmin": 0.0,
    "input_vmax": 1.0,
    "rails": [
      0.0,
      0.45
    ],
    "solver": "klu",
    "body_tie": "floating",
    "body_res": 10.0,
    "rs_clamp": 10.0,
    "model_vto": 0.75,
    "vg_cutoff": 0.75,
    "vg_cutoff_epochs": 4,
    "vg_init": {
      "mode": "random",
      "lo": 1.5,
      "hi": 2.5,
      "fixed": 2.0
    },
    "epochs": 100,
    "device_include_path": "/home/ma-lab/Desktop/pyclln-final/device_model/nmos_lvl1_ald1106.lib",
    "device_subckt": "NMOSWRAP"
  },
  "train": {
    "acc": 0.9234516353514266,
    "hinge": 0.023089760681976334,
    "n_free": 1437,
    "n_clamp": 456,
    "hinge_active": 456,
    "hinge_active_frac": 0.3173277661795407,
    "skipped": 981,
    "reload_free": 0,
    "reload_clamp": 0,
    "nonfinite_free": 0,
    "nonfinite_clamp": 0
  },
  "val": {
    "acc": 0.9194444444444444,
    "hinge": 0.023183779722222228,
    "test_gap_mean": 0.1402824636111111,
    "test_gap_median": 0.15075829999999998,
    "test_gap_std": 0.0985427189080115,
    "test_satisfy_frac": 0.7194444444444444,
    "test_hinge_mean": 0.023183779722222218,
    "val_reloads": 0.0,
    "val_nonfinite": 0.0
  },
  "timing_s": {
    "epoch_total": 17.4694082736969,
    "train_free": 8.683467864990234,
    "train_clamp": 2.716348886489868,
    "train_update": 0.3737332820892334
  },
  "vg_stats": {
    "vg_unique_min": 0.43217446799497045,
    "vg_unique_max": 6.9327085302403395,
    "vg_unique_sat_lo": 0.0,
    "vg_unique_sat_hi": 0.0
  }
}