{
  "epoch": 89,
  "config": {
    "seed": 1,
    "gamma": 3.0,
    "margin": 0.1,
    "delta": 0.1,
    "input_vmin": 0.0,
    "input_vmax": 1.0,
    "rails": [
      0.0,
      0.45
    ],
    "solver": "klu",
    "body_tie": "floating",
    "body_res": 10.0,
    "rs_clamp": 10.0,
    "model_vto": 0.75,
    "vg_cutoff": 0.75,
    "vg_cutoff_epochs": 4,
    "vg_init": {
      "mode": "random",
      "lo": 1.5,
      "hi": 2.5,
      "fixed": 2.0
    },
    "epochs": 100,
    "device_include_path": "/home/ma-lab/Desktop/pyclln-final/device_model/nmos_lvl1_ald1106.lib",
    "device_subckt": "NMOSWRAP"
  },
  "train": {
    "acc": 0.9206680584551148,
    "hinge": 0.023489953862212958,
    "n_free": 1437,
    "n_clamp": 474,
    "hinge_active": 474,
    "hinge_active_frac": 0.3298538622129436,
    "skipped": 963,
    "reload_free": 0,
    "reload_clamp": 0,
    "nonfinite_free": 0,
    "nonfinite_clamp": 0
  },
  "val": {
    "acc": 0.9361111111111111,
    "hinge": 0.02115662777777779,
    "test_gap_mean": 0.13925621083333334,
    "test_gap_median": 0.14045924999999998,
    "test_gap_std": 0.09241656959569065,
    "test_satisfy_frac": 0.6861111111111111,
    "test_hinge_mean": 0.021156627777777777,
    "val_reloads": 0.0,
    "val_nonfinite": 0.0
  },
  "timing_s": {
    "epoch_total": 16.15804886817932,
    "train_free": 7.990434408187866,
    "train_clamp": 2.5637457370758057,
    "train_update": 0.4124879837036133
  },
  "vg_stats": {
    "vg_unique_min": 0.4610106361537897,
    "vg_unique_max": 6.091904353662024,
    "vg_unique_sat_lo": 0.0,
    "vg_unique_sat_hi": 0.0
  }
}