{
  "epoch": 77,
  "config": {
    "seed": 1,
    "gamma": 3.0,
    "margin": 0.1,
    "delta": 0.1,
    "input_vmin": 0.0,
    "input_vmax": 1.0,
    "rails": [
      0.0,
      0.45
    ],
    "solver": "klu",
    "body_tie": "floating",
    "body_res": 10.0,
    "rs_clamp": 10.0,
    "model_vto": 0.75,
    "vg_cutoff": 0.75,
    "vg_cutoff_epochs": 4,
    "vg_init": {
      "mode": "random",
      "lo": 1.5,
      "hi": 2.5,
      "fixed": 2.0
    },
    "epochs": 100,
    "device_include_path": "/home/ma-lab/Desktop/pyclln-final/device_model/nmos_lvl1_ald1106.lib",
    "device_subckt": "NMOSWRAP"
  },
  "train": {
    "acc": 0.9199721642310369,
    "hinge": 0.023409378079331935,
    "n_free": 1437,
    "n_clamp": 461,
    "hinge_active": 461,
    "hinge_active_frac": 0.32080723729993044,
    "skipped": 976,
    "reload_free": 0,
    "reload_clamp": 0,
    "nonfinite_free": 0,
    "nonfinite_clamp": 0
  },
  "val": {
    "acc": 0.9111111111111111,
    "hinge": 0.024136933888888896,
    "test_gap_mean": 0.13803761694444444,
    "test_gap_median": 0.15407135000000005,
    "test_gap_std": 0.09700561870916674,
    "test_satisfy_frac": 0.6777777777777778,
    "test_hinge_mean": 0.024136933888888892,
    "val_reloads": 0.0,
    "val_nonfinite": 0.0
  },
  "timing_s": {
    "epoch_total": 14.928110837936401,
    "train_free": 7.419259786605835,
    "train_clamp": 2.341830253601074,
    "train_update": 0.3304564952850342
  },
  "vg_stats": {
    "vg_unique_min": 0.4,
    "vg_unique_max": 6.614576690997865,
    "vg_unique_sat_lo": 9.0,
    "vg_unique_sat_hi": 0.0
  }
}