{
  "epoch": 9,
  "config": {
    "seed": 1,
    "gamma": 3.0,
    "margin": 0.1,
    "delta": 0.1,
    "input_vmin": 0.0,
    "input_vmax": 1.0,
    "rails": [
      0.0,
      0.45
    ],
    "solver": "klu",
    "body_tie": "floating",
    "body_res": 10.0,
    "rs_clamp": 10.0,
    "model_vto": 0.75,
    "vg_cutoff": 0.75,
    "vg_cutoff_epochs": 4,
    "vg_init": {
      "mode": "random",
      "lo": 1.5,
      "hi": 2.5,
      "fixed": 2.0
    },
    "epochs": 100,
    "device_include_path": "/home/ma-lab/Desktop/pyclln-final/device_model/nmos_lvl1_ald1106.lib",
    "device_subckt": "NMOSWRAP"
  },
  "train": {
    "acc": 0.9178844815588031,
    "hinge": 0.0215802716771051,
    "n_free": 1437,
    "n_clamp": 442,
    "hinge_active": 442,
    "hinge_active_frac": 0.30758524704244955,
    "skipped": 995,
    "reload_free": 0,
    "reload_clamp": 0,
    "nonfinite_free": 0,
    "nonfinite_clamp": 0
  },
  "val": {
    "acc": 0.9388888888888889,
    "hinge": 0.020611732500000018,
    "test_gap_mean": 0.1338715072222222,
    "test_gap_median": 0.13859015000000002,
    "test_gap_std": 0.08494816218658231,
    "test_satisfy_frac": 0.6944444444444444,
    "test_hinge_mean": 0.020611732500000004,
    "val_reloads": 0.0,
    "val_nonfinite": 0.0
  },
  "timing_s": {
    "epoch_total": 38.61983799934387,
    "train_free": 21.441810607910156,
    "train_clamp": 6.516562223434448,
    "train_update": 0.6652719974517822
  },
  "vg_stats": {
    "vg_unique_min": 0.4,
    "vg_unique_max": 7.80432253425014,
    "vg_unique_sat_lo": 11.0,
    "vg_unique_sat_hi": 0.0
  }
}