{
  "test_gap_mean": 0.09515034805555556,
  "test_gap_median": 0.10376625,
  "test_gap_std": 0.05292129309705748,
  "test_satisfy_frac": 0.5194444444444445,
  "test_hinge_mean": 0.023377620277777778,
  "val_reloads": 0.0,
  "val_nonfinite": 0.0
}