{
  "test_gap_mean": 0.0322233975,
  "test_gap_median": 0.03215115,
  "test_gap_std": 0.029240383784644473,
  "test_satisfy_frac": 0.005555555555555556,
  "test_hinge_mean": 0.06778862638888888,
  "val_reloads": 0.0,
  "val_nonfinite": 0.0
}