{
  "test_gap_mean": 0.0871468475,
  "test_gap_median": 0.09488200000000002,
  "test_gap_std": 0.04951504465587084,
  "test_satisfy_frac": 0.4527777777777778,
  "test_hinge_mean": 0.02632145277777778,
  "val_reloads": 0.0,
  "val_nonfinite": 0.0
}