{
  "test_gap_mean": 0.09827666777777778,
  "test_gap_median": 0.10563714999999996,
  "test_gap_std": 0.054359818600670434,
  "test_satisfy_frac": 0.5444444444444444,
  "test_hinge_mean": 0.022324496388888893,
  "val_reloads": 0.0,
  "val_nonfinite": 0.0
}