{
  "test_gap_mean": 0.04726272944444444,
  "test_gap_median": 0.04815554999999999,
  "test_gap_std": 0.03657123278939898,
  "test_satisfy_frac": 0.06111111111111111,
  "test_hinge_mean": 0.053363801111111116,
  "val_reloads": 0.0,
  "val_nonfinite": 0.0
}