{
  "test_gap_mean": 0.08781796277777779,
  "test_gap_median": 0.09488265000000004,
  "test_gap_std": 0.04982849066996938,
  "test_satisfy_frac": 0.45555555555555555,
  "test_hinge_mean": 0.026068546388888895,
  "val_reloads": 0.0,
  "val_nonfinite": 0.0
}