{
  "test_gap_mean": 0.10251747333333332,
  "test_gap_median": 0.11075760000000004,
  "test_gap_std": 0.05638159738534088,
  "test_satisfy_frac": 0.5611111111111111,
  "test_hinge_mean": 0.021092576944444448,
  "val_reloads": 0.0,
  "val_nonfinite": 0.0
}