{
  "test_gap_mean": 0.077333915,
  "test_gap_median": 0.08287739999999999,
  "test_gap_std": 0.04586495859939987,
  "test_satisfy_frac": 0.35,
  "test_hinge_mean": 0.031180324444444445,
  "val_reloads": 0.0,
  "val_nonfinite": 0.0
}