{
  "test_gap_mean": 0.10427071250000002,
  "test_gap_median": 0.11275925000000003,
  "test_gap_std": 0.057758454014555635,
  "test_satisfy_frac": 0.575,
  "test_hinge_mean": 0.02084908888888889,
  "val_reloads": 0.0,
  "val_nonfinite": 0.0
}