{
  "epoch": 90,
  "config": {
    "seed": 1,
    "gamma": 0.3,
    "margin": 0.1,
    "delta": 0.02,
    "input_vmin": 0.0,
    "input_vmax": 1.0,
    "rails": [
      0.0,
      0.45
    ],
    "solver": "klu",
    "body_tie": "source",
    "body_res": 10.0,
    "rs_clamp": 10.0,
    "model_vto": 0.75,
    "vg_cutoff": 0.75,
    "vg_cutoff_epochs": 4,
    "vg_init": {
      "mode": "random",
      "lo": 0.75,
      "hi": 3.0,
      "fixed": 2.0
    },
    "epochs": 100,
    "device_include_path": "/home/ma-lab/Desktop/pyclln-final/device_model/nmos_lvl1_ald1106.lib",
    "device_subckt": "NMOSWRAP"
  },
  "train": {
    "acc": 0.9485038274182325,
    "hinge": 0.019332883785664563,
    "n_free": 1437,
    "n_clamp": 554,
    "hinge_active": 554,
    "hinge_active_frac": 0.38552540013917885,
    "skipped": 883,
    "reload_free": 0,
    "reload_clamp": 0,
    "nonfinite_free": 0,
    "nonfinite_clamp": 0
  },
  "val": {
    "acc": 0.9472222222222222,
    "hinge": 0.021092576944444455,
    "test_gap_mean": 0.10251747333333332,
    "test_gap_median": 0.11075760000000004,
    "test_gap_std": 0.05638159738534088,
    "test_satisfy_frac": 0.5611111111111111,
    "test_hinge_mean": 0.021092576944444448,
    "val_reloads": 0.0,
    "val_nonfinite": 0.0
  },
  "timing_s": {
    "epoch_total": 29.08777666091919,
    "train_free": 14.34272837638855,
    "train_clamp": 5.476790189743042,
    "train_update": 0.7416203022003174
  },
  "vg_stats": {
    "vg_unique_min": 0.6733925734267938,
    "vg_unique_max": 7.8921154942826215,
    "vg_unique_sat_lo": 0.0,
    "vg_unique_sat_hi": 0.0
  }
}