{
  "epoch": 25,
  "config": {
    "seed": 1,
    "gamma": 0.3,
    "margin": 0.1,
    "delta": 0.02,
    "input_vmin": 0.0,
    "input_vmax": 1.0,
    "rails": [
      0.0,
      0.45
    ],
    "solver": "klu",
    "body_tie": "source",
    "body_res": 10.0,
    "rs_clamp": 10.0,
    "model_vto": 0.75,
    "vg_cutoff": 0.75,
    "vg_cutoff_epochs": 4,
    "vg_init": {
      "mode": "random",
      "lo": 0.75,
      "hi": 3.0,
      "fixed": 2.0
    },
    "epochs": 100,
    "device_include_path": "/home/ma-lab/Desktop/pyclln-final/device_model/nmos_lvl1_ald1106.lib",
    "device_subckt": "NMOSWRAP"
  },
  "train": {
    "acc": 0.9248434237995825,
    "hinge": 0.03506264133611695,
    "n_free": 1437,
    "n_clamp": 979,
    "hinge_active": 979,
    "hinge_active_frac": 0.6812804453723034,
    "skipped": 458,
    "reload_free": 0,
    "reload_clamp": 0,
    "nonfinite_free": 0,
    "nonfinite_clamp": 0
  },
  "val": {
    "acc": 0.9416666666666667,
    "hinge": 0.034082997500000003,
    "test_gap_mean": 0.07204134777777779,
    "test_gap_median": 0.07661175000000003,
    "test_gap_std": 0.04384106540700353,
    "test_satisfy_frac": 0.28888888888888886,
    "test_hinge_mean": 0.034082997500000003,
    "val_reloads": 0.0,
    "val_nonfinite": 0.0
  },
  "timing_s": {
    "epoch_total": 69.43013381958008,
    "train_free": 30.652350902557373,
    "train_clamp": 20.69888472557068,
    "train_update": 2.210446357727051
  },
  "vg_stats": {
    "vg_unique_min": 0.562116715550256,
    "vg_unique_max": 5.265089418675519,
    "vg_unique_sat_lo": 0.0,
    "vg_unique_sat_hi": 0.0
  }
}