{
  "epoch": 98,
  "config": {
    "seed": 1,
    "gamma": 0.3,
    "margin": 0.1,
    "delta": 0.02,
    "input_vmin": 0.0,
    "input_vmax": 1.0,
    "rails": [
      0.0,
      0.45
    ],
    "solver": "klu",
    "body_tie": "source",
    "body_res": 10.0,
    "rs_clamp": 10.0,
    "model_vto": 0.75,
    "vg_cutoff": 0.75,
    "vg_cutoff_epochs": 4,
    "vg_init": {
      "mode": "random",
      "lo": 0.75,
      "hi": 3.0,
      "fixed": 2.0
    },
    "epochs": 100,
    "device_include_path": "/home/ma-lab/Desktop/pyclln-final/device_model/nmos_lvl1_ald1106.lib",
    "device_subckt": "NMOSWRAP"
  },
  "train": {
    "acc": 0.9505915100904663,
    "hinge": 0.018943975991649275,
    "n_free": 1437,
    "n_clamp": 550,
    "hinge_active": 550,
    "hinge_active_frac": 0.3827418232428671,
    "skipped": 887,
    "reload_free": 0,
    "reload_clamp": 0,
    "nonfinite_free": 0,
    "nonfinite_clamp": 0
  },
  "val": {
    "acc": 0.9444444444444444,
    "hinge": 0.02085336861111112,
    "test_gap_mean": 0.10405043916666669,
    "test_gap_median": 0.11236974999999999,
    "test_gap_std": 0.057607507577216915,
    "test_satisfy_frac": 0.575,
    "test_hinge_mean": 0.02085336861111111,
    "val_reloads": 0.0,
    "val_nonfinite": 0.0
  },
  "timing_s": {
    "epoch_total": 25.60650086402893,
    "train_free": 12.34811520576477,
    "train_clamp": 4.682621479034424,
    "train_update": 0.8128063678741455
  },
  "vg_stats": {
    "vg_unique_min": 0.7226782184879049,
    "vg_unique_max": 7.997994218112242,
    "vg_unique_sat_lo": 0.0,
    "vg_unique_sat_hi": 0.0
  }
}