{
  "epoch": 46,
  "config": {
    "seed": 1,
    "gamma": 0.3,
    "margin": 0.1,
    "delta": 0.02,
    "input_vmin": 0.0,
    "input_vmax": 1.0,
    "rails": [
      0.0,
      0.45
    ],
    "solver": "klu",
    "body_tie": "source",
    "body_res": 10.0,
    "rs_clamp": 10.0,
    "model_vto": 0.75,
    "vg_cutoff": 0.75,
    "vg_cutoff_epochs": 4,
    "vg_init": {
      "mode": "random",
      "lo": 0.75,
      "hi": 3.0,
      "fixed": 2.0
    },
    "epochs": 100,
    "device_include_path": "/home/ma-lab/Desktop/pyclln-final/device_model/nmos_lvl1_ald1106.lib",
    "device_subckt": "NMOSWRAP"
  },
  "train": {
    "acc": 0.9380654140570633,
    "hinge": 0.025093805636743242,
    "n_free": 1437,
    "n_clamp": 711,
    "hinge_active": 711,
    "hinge_active_frac": 0.49478079331941544,
    "skipped": 726,
    "reload_free": 0,
    "reload_clamp": 0,
    "nonfinite_free": 0,
    "nonfinite_clamp": 0
  },
  "val": {
    "acc": 0.9444444444444444,
    "hinge": 0.0256038736111111,
    "test_gap_mean": 0.08875493416666666,
    "test_gap_median": 0.0968753,
    "test_gap_std": 0.05004298732836072,
    "test_satisfy_frac": 0.4666666666666667,
    "test_hinge_mean": 0.025603873611111112,
    "val_reloads": 0.0,
    "val_nonfinite": 0.0
  },
  "timing_s": {
    "epoch_total": 46.13291335105896,
    "train_free": 21.761537790298462,
    "train_clamp": 10.710304975509644,
    "train_update": 1.6006696224212646
  },
  "vg_stats": {
    "vg_unique_min": 0.6011959009801046,
    "vg_unique_max": 6.474776068131294,
    "vg_unique_sat_lo": 0.0,
    "vg_unique_sat_hi": 0.0
  }
}