{
  "epoch": 20,
  "config": {
    "seed": 1,
    "gamma": 0.3,
    "margin": 0.1,
    "delta": 0.02,
    "input_vmin": 0.0,
    "input_vmax": 1.0,
    "rails": [
      0.0,
      0.45
    ],
    "solver": "klu",
    "body_tie": "source",
    "body_res": 10.0,
    "rs_clamp": 10.0,
    "model_vto": 0.75,
    "vg_cutoff": 0.75,
    "vg_cutoff_epochs": 4,
    "vg_init": {
      "mode": "random",
      "lo": 0.75,
      "hi": 3.0,
      "fixed": 2.0
    },
    "epochs": 100,
    "device_include_path": "/home/ma-lab/Desktop/pyclln-final/device_model/nmos_lvl1_ald1106.lib",
    "device_subckt": "NMOSWRAP"
  },
  "train": {
    "acc": 0.9157967988865693,
    "hinge": 0.03948327842727909,
    "n_free": 1437,
    "n_clamp": 1041,
    "hinge_active": 1041,
    "hinge_active_frac": 0.7244258872651357,
    "skipped": 396,
    "reload_free": 0,
    "reload_clamp": 0,
    "nonfinite_free": 0,
    "nonfinite_clamp": 0
  },
  "val": {
    "acc": 0.9305555555555556,
    "hinge": 0.038137874444444456,
    "test_gap_mean": 0.06597047611111112,
    "test_gap_median": 0.06952665,
    "test_gap_std": 0.04191565570194952,
    "test_satisfy_frac": 0.2388888888888889,
    "test_hinge_mean": 0.038137874444444456,
    "val_reloads": 0.0,
    "val_nonfinite": 0.0
  },
  "timing_s": {
    "epoch_total": 66.52292060852051,
    "train_free": 29.045153379440308,
    "train_clamp": 21.041454553604126,
    "train_update": 2.260788917541504
  },
  "vg_stats": {
    "vg_unique_min": 0.45198697254711867,
    "vg_unique_max": 4.850447427366551,
    "vg_unique_sat_lo": 0.0,
    "vg_unique_sat_hi": 0.0
  }
}