{
  "epoch": 55,
  "config": {
    "seed": 1,
    "gamma": 0.3,
    "margin": 0.1,
    "delta": 0.02,
    "input_vmin": 0.0,
    "input_vmax": 1.0,
    "rails": [
      0.0,
      0.45
    ],
    "solver": "klu",
    "body_tie": "source",
    "body_res": 10.0,
    "rs_clamp": 10.0,
    "model_vto": 0.75,
    "vg_cutoff": 0.75,
    "vg_cutoff_epochs": 4,
    "vg_init": {
      "mode": "random",
      "lo": 0.75,
      "hi": 3.0,
      "fixed": 2.0
    },
    "epochs": 100,
    "device_include_path": "/home/ma-lab/Desktop/pyclln-final/device_model/nmos_lvl1_ald1106.lib",
    "device_subckt": "NMOSWRAP"
  },
  "train": {
    "acc": 0.940848990953375,
    "hinge": 0.022983817536534466,
    "n_free": 1437,
    "n_clamp": 663,
    "hinge_active": 663,
    "hinge_active_frac": 0.4613778705636743,
    "skipped": 774,
    "reload_free": 0,
    "reload_clamp": 0,
    "nonfinite_free": 0,
    "nonfinite_clamp": 0
  },
  "val": {
    "acc": 0.9416666666666667,
    "hinge": 0.023783332777777784,
    "test_gap_mean": 0.09374007527777779,
    "test_gap_median": 0.10140074999999998,
    "test_gap_std": 0.05223173956333155,
    "test_satisfy_frac": 0.5111111111111111,
    "test_hinge_mean": 0.023783332777777784,
    "val_reloads": 0.0,
    "val_nonfinite": 0.0
  },
  "timing_s": {
    "epoch_total": 40.43094277381897,
    "train_free": 19.447800636291504,
    "train_clamp": 8.90764045715332,
    "train_update": 1.408468246459961
  },
  "vg_stats": {
    "vg_unique_min": 0.6376025767796983,
    "vg_unique_max": 6.890713989153789,
    "vg_unique_sat_lo": 0.0,
    "vg_unique_sat_hi": 0.0
  }
}