{
  "epoch": 61,
  "config": {
    "seed": 1,
    "gamma": 0.3,
    "margin": 0.1,
    "delta": 0.02,
    "input_vmin": 0.0,
    "input_vmax": 1.0,
    "rails": [
      0.0,
      0.45
    ],
    "solver": "klu",
    "body_tie": "source",
    "body_res": 10.0,
    "rs_clamp": 10.0,
    "model_vto": 0.75,
    "vg_cutoff": 0.75,
    "vg_cutoff_epochs": 4,
    "vg_init": {
      "mode": "random",
      "lo": 0.75,
      "hi": 3.0,
      "fixed": 2.0
    },
    "epochs": 100,
    "device_include_path": "/home/ma-lab/Desktop/pyclln-final/device_model/nmos_lvl1_ald1106.lib",
    "device_subckt": "NMOSWRAP"
  },
  "train": {
    "acc": 0.9436325678496869,
    "hinge": 0.021985768197633954,
    "n_free": 1437,
    "n_clamp": 636,
    "hinge_active": 636,
    "hinge_active_frac": 0.44258872651356995,
    "skipped": 801,
    "reload_free": 0,
    "reload_clamp": 0,
    "nonfinite_free": 0,
    "nonfinite_clamp": 0
  },
  "val": {
    "acc": 0.9444444444444444,
    "hinge": 0.022901227777777776,
    "test_gap_mean": 0.09645034722222222,
    "test_gap_median": 0.10354450000000001,
    "test_gap_std": 0.053459685526010506,
    "test_satisfy_frac": 0.5277777777777778,
    "test_hinge_mean": 0.02290122777777778,
    "val_reloads": 0.0,
    "val_nonfinite": 0.0
  },
  "timing_s": {
    "epoch_total": 35.952781438827515,
    "train_free": 17.879489421844482,
    "train_clamp": 7.85730242729187,
    "train_update": 1.0629456043243408
  },
  "vg_stats": {
    "vg_unique_min": 0.6865928660543794,
    "vg_unique_max": 7.1423258742098925,
    "vg_unique_sat_lo": 0.0,
    "vg_unique_sat_hi": 0.0
  }
}