{
  "test_gap_mean": 0.0806124625,
  "test_gap_median": 0.08382234999999999,
  "test_gap_std": 0.0552892632281376,
  "test_satisfy_frac": 0.41944444444444445,
  "test_hinge_mean": 0.03240272916666667,
  "val_reloads": 0.0,
  "val_nonfinite": 0.0
}