{
  "test_gap_mean": 0.06853409166666666,
  "test_gap_median": 0.07118675,
  "test_gap_std": 0.05049956039216125,
  "test_satisfy_frac": 0.3055555555555556,
  "test_hinge_mean": 0.03872282888888889,
  "val_reloads": 0.0,
  "val_nonfinite": 0.0
}