{
  "test_gap_mean": 0.07301801333333334,
  "test_gap_median": 0.07478689999999996,
  "test_gap_std": 0.0522397051483803,
  "test_satisfy_frac": 0.35,
  "test_hinge_mean": 0.036186170000000004,
  "val_reloads": 0.0,
  "val_nonfinite": 0.0
}