{
  "test_gap_mean": 0.08188248249999999,
  "test_gap_median": 0.08515585,
  "test_gap_std": 0.05579431894212139,
  "test_satisfy_frac": 0.4305555555555556,
  "test_hinge_mean": 0.03183142916666667,
  "val_reloads": 0.0,
  "val_nonfinite": 0.0
}