{
  "test_gap_mean": 0.06446454722222222,
  "test_gap_median": 0.06730264999999999,
  "test_gap_std": 0.04866872691061242,
  "test_satisfy_frac": 0.24166666666666667,
  "test_hinge_mean": 0.041240395277777786,
  "val_reloads": 0.0,
  "val_nonfinite": 0.0
}