{
  "test_gap_mean": 0.016710276666666666,
  "test_gap_median": 0.014935350000000014,
  "test_gap_std": 0.02721195659190623,
  "test_satisfy_frac": 0.0,
  "test_hinge_mean": 0.08328972333333334,
  "val_reloads": 0.0,
  "val_nonfinite": 0.0
}