{
  "test_gap_mean": 0.069623225,
  "test_gap_median": 0.07204205,
  "test_gap_std": 0.05091971892598504,
  "test_satisfy_frac": 0.325,
  "test_hinge_mean": 0.03808914777777778,
  "val_reloads": 0.0,
  "val_nonfinite": 0.0
}