{
  "test_gap_mean": 0.08223670583333333,
  "test_gap_median": 0.08585440000000003,
  "test_gap_std": 0.05593411323316672,
  "test_satisfy_frac": 0.43333333333333335,
  "test_hinge_mean": 0.03166730277777778,
  "val_reloads": 0.0,
  "val_nonfinite": 0.0
}