{
  "test_gap_mean": 0.07859955194444444,
  "test_gap_median": 0.08042515000000003,
  "test_gap_std": 0.054522055216995005,
  "test_satisfy_frac": 0.4,
  "test_hinge_mean": 0.03337784222222223,
  "val_reloads": 0.0,
  "val_nonfinite": 0.0
}