{
  "epoch": 43,
  "config": {
    "seed": 0,
    "gamma": 0.03,
    "margin": 0.1,
    "delta": 0.05,
    "input_vmin": 0.0,
    "input_vmax": 1.0,
    "rails": [
      0.0,
      0.45
    ],
    "solver": "klu",
    "body_tie": "ground",
    "body_res": 10.0,
    "rs_clamp": 10.0,
    "model_vto": 0.75,
    "vg_cutoff": 0.75,
    "vg_cutoff_epochs": 4,
    "vg_init": {
      "mode": "random",
      "lo": 0.75,
      "hi": 3.0,
      "fixed": 2.0
    },
    "epochs": 100,
    "device_include_path": "/home/ma-lab/Desktop/pyclln-final/device_model/nmos_lvl1_ald1106.lib",
    "device_subckt": "NMOSWRAP"
  },
  "train": {
    "acc": 0.9053583855254002,
    "hinge": 0.04625543041057762,
    "n_free": 1437,
    "n_clamp": 1171,
    "hinge_active": 1171,
    "hinge_active_frac": 0.8148921363952679,
    "skipped": 266,
    "reload_free": 0,
    "reload_clamp": 0,
    "nonfinite_free": 0,
    "nonfinite_clamp": 0
  },
  "val": {
    "acc": 0.8972222222222223,
    "hinge": 0.04787640222222222,
    "test_gap_mean": 0.055243750277777774,
    "test_gap_median": 0.056611649999999986,
    "test_gap_std": 0.04480867414421255,
    "test_satisfy_frac": 0.15555555555555556,
    "test_hinge_mean": 0.047876402222222225,
    "val_reloads": 0.0,
    "val_nonfinite": 0.0
  },
  "timing_s": {
    "epoch_total": 79.73184704780579,
    "train_free": 32.78494954109192,
    "train_clamp": 26.54955005645752,
    "train_update": 2.7768473625183105
  },
  "vg_stats": {
    "vg_unique_min": 0.6646498567316008,
    "vg_unique_max": 4.104011099840055,
    "vg_unique_sat_lo": 0.0,
    "vg_unique_sat_hi": 0.0
  }
}