{
  "epoch": 69,
  "config": {
    "seed": 0,
    "gamma": 0.03,
    "margin": 0.1,
    "delta": 0.05,
    "input_vmin": 0.0,
    "input_vmax": 1.0,
    "rails": [
      0.0,
      0.45
    ],
    "solver": "klu",
    "body_tie": "ground",
    "body_res": 10.0,
    "rs_clamp": 10.0,
    "model_vto": 0.75,
    "vg_cutoff": 0.75,
    "vg_cutoff_epochs": 4,
    "vg_init": {
      "mode": "random",
      "lo": 0.75,
      "hi": 3.0,
      "fixed": 2.0
    },
    "epochs": 100,
    "device_include_path": "/home/ma-lab/Desktop/pyclln-final/device_model/nmos_lvl1_ald1106.lib",
    "device_subckt": "NMOSWRAP"
  },
  "train": {
    "acc": 0.9311064718162839,
    "hinge": 0.034507602157272124,
    "n_free": 1437,
    "n_clamp": 962,
    "hinge_active": 962,
    "hinge_active_frac": 0.6694502435629784,
    "skipped": 475,
    "reload_free": 0,
    "reload_clamp": 0,
    "nonfinite_free": 0,
    "nonfinite_clamp": 0
  },
  "val": {
    "acc": 0.9111111111111111,
    "hinge": 0.03747043638888888,
    "test_gap_mean": 0.07063476444444444,
    "test_gap_median": 0.07296729999999998,
    "test_gap_std": 0.05116989050321989,
    "test_satisfy_frac": 0.33055555555555555,
    "test_hinge_mean": 0.03747043638888889,
    "val_reloads": 0.0,
    "val_nonfinite": 0.0
  },
  "timing_s": {
    "epoch_total": 60.004433393478394,
    "train_free": 26.893985271453857,
    "train_clamp": 17.951101541519165,
    "train_update": 2.1433818340301514
  },
  "vg_stats": {
    "vg_unique_min": 0.7155781878133505,
    "vg_unique_max": 4.377926347967236,
    "vg_unique_sat_lo": 0.0,
    "vg_unique_sat_hi": 0.0
  }
}