{
  "epoch": 82,
  "config": {
    "seed": 0,
    "gamma": 0.03,
    "margin": 0.1,
    "delta": 0.05,
    "input_vmin": 0.0,
    "input_vmax": 1.0,
    "rails": [
      0.0,
      0.45
    ],
    "solver": "klu",
    "body_tie": "ground",
    "body_res": 10.0,
    "rs_clamp": 10.0,
    "model_vto": 0.75,
    "vg_cutoff": 0.75,
    "vg_cutoff_epochs": 4,
    "vg_init": {
      "mode": "random",
      "lo": 0.75,
      "hi": 3.0,
      "fixed": 2.0
    },
    "epochs": 100,
    "device_include_path": "/home/ma-lab/Desktop/pyclln-final/device_model/nmos_lvl1_ald1106.lib",
    "device_subckt": "NMOSWRAP"
  },
  "train": {
    "acc": 0.9352818371607515,
    "hinge": 0.030790760334029246,
    "n_free": 1437,
    "n_clamp": 874,
    "hinge_active": 874,
    "hinge_active_frac": 0.6082115518441197,
    "skipped": 563,
    "reload_free": 0,
    "reload_clamp": 0,
    "nonfinite_free": 0,
    "nonfinite_clamp": 0
  },
  "val": {
    "acc": 0.9194444444444444,
    "hinge": 0.03423978666666668,
    "test_gap_mean": 0.07678869805555556,
    "test_gap_median": 0.07877904999999999,
    "test_gap_std": 0.053748308146722386,
    "test_satisfy_frac": 0.37777777777777777,
    "test_hinge_mean": 0.03423978666666667,
    "val_reloads": 0.0,
    "val_nonfinite": 0.0
  },
  "timing_s": {
    "epoch_total": 57.40758204460144,
    "train_free": 25.878735303878784,
    "train_clamp": 15.713209390640259,
    "train_update": 1.723862648010254
  },
  "vg_stats": {
    "vg_unique_min": 0.7028601087733242,
    "vg_unique_max": 4.548525812742875,
    "vg_unique_sat_lo": 0.0,
    "vg_unique_sat_hi": 0.0
  }
}