{
  "epoch": 71,
  "config": {
    "seed": 0,
    "gamma": 0.03,
    "margin": 0.1,
    "delta": 0.05,
    "input_vmin": 0.0,
    "input_vmax": 1.0,
    "rails": [
      0.0,
      0.45
    ],
    "solver": "klu",
    "body_tie": "ground",
    "body_res": 10.0,
    "rs_clamp": 10.0,
    "model_vto": 0.75,
    "vg_cutoff": 0.75,
    "vg_cutoff_epochs": 4,
    "vg_init": {
      "mode": "random",
      "lo": 0.75,
      "hi": 3.0,
      "fixed": 2.0
    },
    "epochs": 100,
    "device_include_path": "/home/ma-lab/Desktop/pyclln-final/device_model/nmos_lvl1_ald1106.lib",
    "device_subckt": "NMOSWRAP"
  },
  "train": {
    "acc": 0.9311064718162839,
    "hinge": 0.03386550967292971,
    "n_free": 1437,
    "n_clamp": 954,
    "hinge_active": 954,
    "hinge_active_frac": 0.6638830897703549,
    "skipped": 483,
    "reload_free": 0,
    "reload_clamp": 0,
    "nonfinite_free": 0,
    "nonfinite_clamp": 0
  },
  "val": {
    "acc": 0.9111111111111111,
    "hinge": 0.036933285555555535,
    "test_gap_mean": 0.07159361972222222,
    "test_gap_median": 0.07377535000000002,
    "test_gap_std": 0.05160132503202504,
    "test_satisfy_frac": 0.33611111111111114,
    "test_hinge_mean": 0.036933285555555556,
    "val_reloads": 0.0,
    "val_nonfinite": 0.0
  },
  "timing_s": {
    "epoch_total": 62.627445697784424,
    "train_free": 28.127745628356934,
    "train_clamp": 18.518004417419434,
    "train_update": 1.9875624179840088
  },
  "vg_stats": {
    "vg_unique_min": 0.67253325865039,
    "vg_unique_max": 4.399562264581689,
    "vg_unique_sat_lo": 0.0,
    "vg_unique_sat_hi": 0.0
  }
}