{
  "test_gap_mean": 0.1128118575,
  "test_gap_median": 0.11460445000000002,
  "test_gap_std": 0.09070189640382602,
  "test_satisfy_frac": 0.5722222222222222,
  "test_hinge_mean": 0.02951836,
  "val_reloads": 0.0,
  "val_nonfinite": 0.0
}