{
  "test_gap_mean": 0.11197963027777777,
  "test_gap_median": 0.11742870000000005,
  "test_gap_std": 0.0894397785596335,
  "test_satisfy_frac": 0.5805555555555556,
  "test_hinge_mean": 0.02973807666666667,
  "val_reloads": 0.0,
  "val_nonfinite": 0.0
}