{
  "test_gap_mean": 0.12868478444444445,
  "test_gap_median": 0.13064765,
  "test_gap_std": 0.09054997099490199,
  "test_satisfy_frac": 0.6388888888888888,
  "test_hinge_mean": 0.0230406725,
  "val_reloads": 0.0,
  "val_nonfinite": 0.0
}