{
  "test_gap_mean": 0.11765803111111112,
  "test_gap_median": 0.12980980000000003,
  "test_gap_std": 0.08835276125088615,
  "test_satisfy_frac": 0.6583333333333333,
  "test_hinge_mean": 0.027766271944444445,
  "val_reloads": 0.0,
  "val_nonfinite": 0.0
}