{
  "test_gap_mean": 0.12042964833333332,
  "test_gap_median": 0.12657155,
  "test_gap_std": 0.08473848754568011,
  "test_satisfy_frac": 0.6222222222222222,
  "test_hinge_mean": 0.024551009444444445,
  "val_reloads": 0.0,
  "val_nonfinite": 0.0
}