{
  "test_gap_mean": 0.12217657055555556,
  "test_gap_median": 0.1319419,
  "test_gap_std": 0.0931158694045973,
  "test_satisfy_frac": 0.6555555555555556,
  "test_hinge_mean": 0.026529691944444444,
  "val_reloads": 0.0,
  "val_nonfinite": 0.0
}