{
  "test_gap_mean": 0.12271051972222223,
  "test_gap_median": 0.12429110000000004,
  "test_gap_std": 0.08560825757859833,
  "test_satisfy_frac": 0.6388888888888888,
  "test_hinge_mean": 0.023250245555555556,
  "val_reloads": 0.0,
  "val_nonfinite": 0.0
}