{
  "test_gap_mean": 0.12193877222222223,
  "test_gap_median": 0.1269834,
  "test_gap_std": 0.0883005452135971,
  "test_satisfy_frac": 0.6333333333333333,
  "test_hinge_mean": 0.025207087777777776,
  "val_reloads": 0.0,
  "val_nonfinite": 0.0
}