{
  "test_gap_mean": 0.10909530833333332,
  "test_gap_median": 0.11565479999999997,
  "test_gap_std": 0.08299377676341922,
  "test_satisfy_frac": 0.5888888888888889,
  "test_hinge_mean": 0.02866979777777778,
  "val_reloads": 0.0,
  "val_nonfinite": 0.0
}