{
  "test_gap_mean": 0.12002589833333334,
  "test_gap_median": 0.12376579999999998,
  "test_gap_std": 0.09847356855235541,
  "test_satisfy_frac": 0.6222222222222222,
  "test_hinge_mean": 0.02902306916666667,
  "val_reloads": 0.0,
  "val_nonfinite": 0.0
}