{
  "epoch": 86,
  "config": {
    "seed": 0,
    "gamma": 3.0,
    "margin": 0.1,
    "delta": 0.1,
    "input_vmin": 0.0,
    "input_vmax": 1.0,
    "rails": [
      0.0,
      0.45
    ],
    "solver": "klu",
    "body_tie": "source",
    "body_res": 10.0,
    "rs_clamp": 10.0,
    "model_vto": 0.75,
    "vg_cutoff": 0.75,
    "vg_cutoff_epochs": 4,
    "vg_init": {
      "mode": "random",
      "lo": 0.75,
      "hi": 3.0,
      "fixed": 2.0
    },
    "epochs": 100,
    "device_include_path": "/home/ma-lab/Desktop/pyclln-final/device_model/nmos_lvl1_ald1106.lib",
    "device_subckt": "NMOSWRAP"
  },
  "train": {
    "acc": 0.9157967988865693,
    "hinge": 0.024162564926931137,
    "n_free": 1437,
    "n_clamp": 509,
    "hinge_active": 509,
    "hinge_active_frac": 0.3542101600556715,
    "skipped": 928,
    "reload_free": 0,
    "reload_clamp": 0,
    "nonfinite_free": 0,
    "nonfinite_clamp": 0
  },
  "val": {
    "acc": 0.9361111111111111,
    "hinge": 0.02304067250000001,
    "test_gap_mean": 0.12868478444444445,
    "test_gap_median": 0.13064765,
    "test_gap_std": 0.09054997099490199,
    "test_satisfy_frac": 0.6388888888888888,
    "test_hinge_mean": 0.0230406725,
    "val_reloads": 0.0,
    "val_nonfinite": 0.0
  },
  "timing_s": {
    "epoch_total": 11.639296531677246,
    "train_free": 5.102391004562378,
    "train_clamp": 1.7721521854400635,
    "train_update": 0.4215831756591797
  },
  "vg_stats": {
    "vg_unique_min": 0.4766543849380599,
    "vg_unique_max": 4.977745757928712,
    "vg_unique_sat_lo": 0.0,
    "vg_unique_sat_hi": 0.0
  }
}