{
  "epoch": 52,
  "config": {
    "seed": 0,
    "gamma": 3.0,
    "margin": 0.1,
    "delta": 0.1,
    "input_vmin": 0.0,
    "input_vmax": 1.0,
    "rails": [
      0.0,
      0.45
    ],
    "solver": "klu",
    "body_tie": "source",
    "body_res": 10.0,
    "rs_clamp": 10.0,
    "model_vto": 0.75,
    "vg_cutoff": 0.75,
    "vg_cutoff_epochs": 4,
    "vg_init": {
      "mode": "random",
      "lo": 0.75,
      "hi": 3.0,
      "fixed": 2.0
    },
    "epochs": 100,
    "device_include_path": "/home/ma-lab/Desktop/pyclln-final/device_model/nmos_lvl1_ald1106.lib",
    "device_subckt": "NMOSWRAP"
  },
  "train": {
    "acc": 0.9130132219902575,
    "hinge": 0.023827985734168413,
    "n_free": 1437,
    "n_clamp": 499,
    "hinge_active": 499,
    "hinge_active_frac": 0.34725121781489215,
    "skipped": 938,
    "reload_free": 0,
    "reload_clamp": 0,
    "nonfinite_free": 0,
    "nonfinite_clamp": 0
  },
  "val": {
    "acc": 0.8916666666666667,
    "hinge": 0.03035386444444445,
    "test_gap_mean": 0.12031075944444446,
    "test_gap_median": 0.13923715,
    "test_gap_std": 0.09728728767725298,
    "test_satisfy_frac": 0.6305555555555555,
    "test_hinge_mean": 0.03035386444444445,
    "val_reloads": 0.0,
    "val_nonfinite": 0.0
  },
  "timing_s": {
    "epoch_total": 13.111348152160645,
    "train_free": 5.932002305984497,
    "train_clamp": 2.03928542137146,
    "train_update": 0.39361143112182617
  },
  "vg_stats": {
    "vg_unique_min": 0.48352923208912,
    "vg_unique_max": 5.376473823550459,
    "vg_unique_sat_lo": 0.0,
    "vg_unique_sat_hi": 0.0
  }
}