{
  "epoch": 36,
  "config": {
    "seed": 0,
    "gamma": 3.0,
    "margin": 0.1,
    "delta": 0.1,
    "input_vmin": 0.0,
    "input_vmax": 1.0,
    "rails": [
      0.0,
      0.45
    ],
    "solver": "klu",
    "body_tie": "source",
    "body_res": 10.0,
    "rs_clamp": 10.0,
    "model_vto": 0.75,
    "vg_cutoff": 0.75,
    "vg_cutoff_epochs": 4,
    "vg_init": {
      "mode": "random",
      "lo": 0.75,
      "hi": 3.0,
      "fixed": 2.0
    },
    "epochs": 100,
    "device_include_path": "/home/ma-lab/Desktop/pyclln-final/device_model/nmos_lvl1_ald1106.lib",
    "device_subckt": "NMOSWRAP"
  },
  "train": {
    "acc": 0.918580375782881,
    "hinge": 0.023332237230340988,
    "n_free": 1437,
    "n_clamp": 494,
    "hinge_active": 494,
    "hinge_active_frac": 0.34377174669450244,
    "skipped": 943,
    "reload_free": 0,
    "reload_clamp": 0,
    "nonfinite_free": 0,
    "nonfinite_clamp": 0
  },
  "val": {
    "acc": 0.9138888888888889,
    "hinge": 0.026651239999999996,
    "test_gap_mean": 0.12155427305555556,
    "test_gap_median": 0.12623099999999998,
    "test_gap_std": 0.09150377154151942,
    "test_satisfy_frac": 0.6277777777777778,
    "test_hinge_mean": 0.026651240000000007,
    "val_reloads": 0.0,
    "val_nonfinite": 0.0
  },
  "timing_s": {
    "epoch_total": 13.651718854904175,
    "train_free": 6.261897563934326,
    "train_clamp": 2.1147968769073486,
    "train_update": 0.39176273345947266
  },
  "vg_stats": {
    "vg_unique_min": 0.428427516646419,
    "vg_unique_max": 6.901926014100439,
    "vg_unique_sat_lo": 0.0,
    "vg_unique_sat_hi": 0.0
  }
}