{
  "epoch": 45,
  "config": {
    "seed": 0,
    "gamma": 3.0,
    "margin": 0.1,
    "delta": 0.1,
    "input_vmin": 0.0,
    "input_vmax": 1.0,
    "rails": [
      0.0,
      0.45
    ],
    "solver": "klu",
    "body_tie": "source",
    "body_res": 10.0,
    "rs_clamp": 10.0,
    "model_vto": 0.75,
    "vg_cutoff": 0.75,
    "vg_cutoff_epochs": 4,
    "vg_init": {
      "mode": "random",
      "lo": 0.75,
      "hi": 3.0,
      "fixed": 2.0
    },
    "epochs": 100,
    "device_include_path": "/home/ma-lab/Desktop/pyclln-final/device_model/nmos_lvl1_ald1106.lib",
    "device_subckt": "NMOSWRAP"
  },
  "train": {
    "acc": 0.9178844815588031,
    "hinge": 0.023606716283924866,
    "n_free": 1437,
    "n_clamp": 505,
    "hinge_active": 505,
    "hinge_active_frac": 0.35142658315935976,
    "skipped": 932,
    "reload_free": 0,
    "reload_clamp": 0,
    "nonfinite_free": 0,
    "nonfinite_clamp": 0
  },
  "val": {
    "acc": 0.8972222222222223,
    "hinge": 0.029664928055555578,
    "test_gap_mean": 0.11500238388888889,
    "test_gap_median": 0.12503725000000004,
    "test_gap_std": 0.09225619924656714,
    "test_satisfy_frac": 0.6111111111111112,
    "test_hinge_mean": 0.029664928055555557,
    "val_reloads": 0.0,
    "val_nonfinite": 0.0
  },
  "timing_s": {
    "epoch_total": 13.295226812362671,
    "train_free": 6.036011219024658,
    "train_clamp": 2.1233651638031006,
    "train_update": 0.45232582092285156
  },
  "vg_stats": {
    "vg_unique_min": 0.4,
    "vg_unique_max": 4.960163157134525,
    "vg_unique_sat_lo": 2.0,
    "vg_unique_sat_hi": 0.0
  }
}