{
  "test_gap_mean": 0.05533338444444443,
  "test_gap_median": 0.06062619999999999,
  "test_gap_std": 0.028683709112996184,
  "test_satisfy_frac": 0.6305555555555555,
  "test_hinge_mean": 0.009193636111111111,
  "val_reloads": 0.0,
  "val_nonfinite": 0.0
}