{
  "test_gap_mean": 0.06487904638888889,
  "test_gap_median": 0.06940959999999999,
  "test_gap_std": 0.03371616688689383,
  "test_satisfy_frac": 0.7055555555555556,
  "test_hinge_mean": 0.007842514444444447,
  "val_reloads": 0.0,
  "val_nonfinite": 0.0
}