{
  "test_gap_mean": 0.08001171805555554,
  "test_gap_median": 0.08283779999999999,
  "test_gap_std": 0.041975762752507695,
  "test_satisfy_frac": 0.7888888888888889,
  "test_hinge_mean": 0.006406556944444445,
  "val_reloads": 0.0,
  "val_nonfinite": 0.0
}