{
  "test_gap_mean": 0.0757788211111111,
  "test_gap_median": 0.07933799999999999,
  "test_gap_std": 0.039628140756981144,
  "test_satisfy_frac": 0.7888888888888889,
  "test_hinge_mean": 0.006782159166666668,
  "val_reloads": 0.0,
  "val_nonfinite": 0.0
}