{
  "test_gap_mean": 0.0939203611111111,
  "test_gap_median": 0.09584964999999995,
  "test_gap_std": 0.05196402900274904,
  "test_satisfy_frac": 0.8333333333333334,
  "test_hinge_mean": 0.006090979166666667,
  "val_reloads": 0.0,
  "val_nonfinite": 0.0
}