{
  "epoch": 14,
  "config": {
    "seed": 1,
    "gamma": 0.3,
    "margin": 0.05,
    "delta": 0.05,
    "input_vmin": 0.0,
    "input_vmax": 1.0,
    "rails": [
      0.0,
      0.45
    ],
    "solver": "klu",
    "body_tie": "floating",
    "body_res": 10.0,
    "rs_clamp": 10.0,
    "model_vto": 0.75,
    "vg_cutoff": 0.75,
    "vg_cutoff_epochs": 4,
    "vg_init": {
      "mode": "fixed",
      "lo": 1.0,
      "hi": 3.0,
      "fixed": 2.0
    },
    "epochs": 100,
    "device_include_path": "/home/ma-lab/Desktop/pyclln-final/device_model/nmos_lvl1_ald1106.lib",
    "device_subckt": "NMOSWRAP"
  },
  "train": {
    "acc": 0.9554627696590118,
    "hinge": 0.008595913569937374,
    "n_free": 1437,
    "n_clamp": 499,
    "hinge_active": 499,
    "hinge_active_frac": 0.34725121781489215,
    "skipped": 938,
    "reload_free": 0,
    "reload_clamp": 0,
    "nonfinite_free": 0,
    "nonfinite_clamp": 0
  },
  "val": {
    "acc": 0.9472222222222222,
    "hinge": 0.009166180000000008,
    "test_gap_mean": 0.05617679333333333,
    "test_gap_median": 0.05969000000000002,
    "test_gap_std": 0.029532380445180844,
    "test_satisfy_frac": 0.65,
    "test_hinge_mean": 0.009166180000000001,
    "val_reloads": 0.0,
    "val_nonfinite": 0.0
  },
  "timing_s": {
    "epoch_total": 125.28686809539795,
    "train_free": 73.57393527030945,
    "train_clamp": 25.693780660629272,
    "train_update": 1.0465636253356934
  },
  "vg_stats": {
    "vg_unique_min": 0.5184889458166714,
    "vg_unique_max": 4.454463973723232,
    "vg_unique_sat_lo": 0.0,
    "vg_unique_sat_hi": 0.0
  }
}