{
  "epoch": 91,
  "config": {
    "seed": 1,
    "gamma": 0.3,
    "margin": 0.05,
    "delta": 0.05,
    "input_vmin": 0.0,
    "input_vmax": 1.0,
    "rails": [
      0.0,
      0.45
    ],
    "solver": "klu",
    "body_tie": "floating",
    "body_res": 10.0,
    "rs_clamp": 10.0,
    "model_vto": 0.75,
    "vg_cutoff": 0.75,
    "vg_cutoff_epochs": 4,
    "vg_init": {
      "mode": "fixed",
      "lo": 1.0,
      "hi": 3.0,
      "fixed": 2.0
    },
    "epochs": 100,
    "device_include_path": "/home/ma-lab/Desktop/pyclln-final/device_model/nmos_lvl1_ald1106.lib",
    "device_subckt": "NMOSWRAP"
  },
  "train": {
    "acc": 0.9735560194850382,
    "hinge": 0.003686977800974254,
    "n_free": 1437,
    "n_clamp": 195,
    "hinge_active": 195,
    "hinge_active_frac": 0.13569937369519833,
    "skipped": 1242,
    "reload_free": 0,
    "reload_clamp": 0,
    "nonfinite_free": 0,
    "nonfinite_clamp": 0
  },
  "val": {
    "acc": 0.9555555555555556,
    "hinge": 0.006194690000000003,
    "test_gap_mean": 0.09537051472222222,
    "test_gap_median": 0.09767904999999999,
    "test_gap_std": 0.05259172832298324,
    "test_satisfy_frac": 0.825,
    "test_hinge_mean": 0.006194690000000002,
    "val_reloads": 0.0,
    "val_nonfinite": 0.0
  },
  "timing_s": {
    "epoch_total": 43.15072727203369,
    "train_free": 28.794549465179443,
    "train_clamp": 3.8496294021606445,
    "train_update": 0.27390575408935547
  },
  "vg_stats": {
    "vg_unique_min": 0.705912284962145,
    "vg_unique_max": 5.097174395532698,
    "vg_unique_sat_lo": 0.0,
    "vg_unique_sat_hi": 0.0
  }
}