{
  "epoch": 88,
  "config": {
    "seed": 1,
    "gamma": 0.3,
    "margin": 0.05,
    "delta": 0.05,
    "input_vmin": 0.0,
    "input_vmax": 1.0,
    "rails": [
      0.0,
      0.45
    ],
    "solver": "klu",
    "body_tie": "floating",
    "body_res": 10.0,
    "rs_clamp": 10.0,
    "model_vto": 0.75,
    "vg_cutoff": 0.75,
    "vg_cutoff_epochs": 4,
    "vg_init": {
      "mode": "fixed",
      "lo": 1.0,
      "hi": 3.0,
      "fixed": 2.0
    },
    "epochs": 100,
    "device_include_path": "/home/ma-lab/Desktop/pyclln-final/device_model/nmos_lvl1_ald1106.lib",
    "device_subckt": "NMOSWRAP"
  },
  "train": {
    "acc": 0.9749478079331941,
    "hinge": 0.003697786708420324,
    "n_free": 1437,
    "n_clamp": 194,
    "hinge_active": 194,
    "hinge_active_frac": 0.1350034794711204,
    "skipped": 1243,
    "reload_free": 0,
    "reload_clamp": 0,
    "nonfinite_free": 0,
    "nonfinite_clamp": 0
  },
  "val": {
    "acc": 0.95,
    "hinge": 0.006234530000000001,
    "test_gap_mean": 0.09560627472222222,
    "test_gap_median": 0.09906890000000002,
    "test_gap_std": 0.053102279402168266,
    "test_satisfy_frac": 0.8333333333333334,
    "test_hinge_mean": 0.00623453,
    "val_reloads": 0.0,
    "val_nonfinite": 0.0
  },
  "timing_s": {
    "epoch_total": 49.31592392921448,
    "train_free": 31.65376877784729,
    "train_clamp": 4.276604890823364,
    "train_update": 0.3061661720275879
  },
  "vg_stats": {
    "vg_unique_min": 0.727472277225406,
    "vg_unique_max": 5.130773101160964,
    "vg_unique_sat_lo": 0.0,
    "vg_unique_sat_hi": 0.0
  }
}