{
  "epoch": 40,
  "config": {
    "seed": 1,
    "gamma": 0.3,
    "margin": 0.05,
    "delta": 0.05,
    "input_vmin": 0.0,
    "input_vmax": 1.0,
    "rails": [
      0.0,
      0.45
    ],
    "solver": "klu",
    "body_tie": "floating",
    "body_res": 10.0,
    "rs_clamp": 10.0,
    "model_vto": 0.75,
    "vg_cutoff": 0.75,
    "vg_cutoff_epochs": 4,
    "vg_init": {
      "mode": "fixed",
      "lo": 1.0,
      "hi": 3.0,
      "fixed": 2.0
    },
    "epochs": 100,
    "device_include_path": "/home/ma-lab/Desktop/pyclln-final/device_model/nmos_lvl1_ald1106.lib",
    "device_subckt": "NMOSWRAP"
  },
  "train": {
    "acc": 0.9707724425887265,
    "hinge": 0.005221386290883788,
    "n_free": 1437,
    "n_clamp": 270,
    "hinge_active": 270,
    "hinge_active_frac": 0.18789144050104384,
    "skipped": 1167,
    "reload_free": 0,
    "reload_clamp": 0,
    "nonfinite_free": 0,
    "nonfinite_clamp": 0
  },
  "val": {
    "acc": 0.9527777777777777,
    "hinge": 0.006369793333333338,
    "test_gap_mean": 0.07832642000000001,
    "test_gap_median": 0.08017715,
    "test_gap_std": 0.04076294635785176,
    "test_satisfy_frac": 0.7888888888888889,
    "test_hinge_mean": 0.006369793333333335,
    "val_reloads": 0.0,
    "val_nonfinite": 0.0
  },
  "timing_s": {
    "epoch_total": 106.61675882339478,
    "train_free": 68.7746033668518,
    "train_clamp": 12.850160837173462,
    "train_update": 0.664820671081543
  },
  "vg_stats": {
    "vg_unique_min": 0.6718121145977458,
    "vg_unique_max": 5.041627792888666,
    "vg_unique_sat_lo": 0.0,
    "vg_unique_sat_hi": 0.0
  }
}