{
  "epoch": 7,
  "config": {
    "seed": 1,
    "gamma": 0.3,
    "margin": 0.05,
    "delta": 0.05,
    "input_vmin": 0.0,
    "input_vmax": 1.0,
    "rails": [
      0.0,
      0.45
    ],
    "solver": "klu",
    "body_tie": "floating",
    "body_res": 10.0,
    "rs_clamp": 10.0,
    "model_vto": 0.75,
    "vg_cutoff": 0.75,
    "vg_cutoff_epochs": 4,
    "vg_init": {
      "mode": "fixed",
      "lo": 1.0,
      "hi": 3.0,
      "fixed": 2.0
    },
    "epochs": 100,
    "device_include_path": "/home/ma-lab/Desktop/pyclln-final/device_model/nmos_lvl1_ald1106.lib",
    "device_subckt": "NMOSWRAP"
  },
  "train": {
    "acc": 0.9471120389700766,
    "hinge": 0.012250035490605417,
    "n_free": 1437,
    "n_clamp": 748,
    "hinge_active": 748,
    "hinge_active_frac": 0.5205288796102993,
    "skipped": 689,
    "reload_free": 0,
    "reload_clamp": 0,
    "nonfinite_free": 0,
    "nonfinite_clamp": 0
  },
  "val": {
    "acc": 0.95,
    "hinge": 0.011607993333333346,
    "test_gap_mean": 0.04650786694444445,
    "test_gap_median": 0.05058865000000001,
    "test_gap_std": 0.024760226267582446,
    "test_satisfy_frac": 0.5027777777777778,
    "test_hinge_mean": 0.011607993333333334,
    "val_reloads": 0.0,
    "val_nonfinite": 0.0
  },
  "timing_s": {
    "epoch_total": 173.26087760925293,
    "train_free": 94.12236142158508,
    "train_clamp": 49.157862186431885,
    "train_update": 1.9161572456359863
  },
  "vg_stats": {
    "vg_unique_min": 0.4,
    "vg_unique_max": 3.766820939790146,
    "vg_unique_sat_lo": 6.0,
    "vg_unique_sat_hi": 0.0
  }
}