{
  "epoch": 43,
  "config": {
    "seed": 1,
    "gamma": 0.3,
    "margin": 0.05,
    "delta": 0.05,
    "input_vmin": 0.0,
    "input_vmax": 1.0,
    "rails": [
      0.0,
      0.45
    ],
    "solver": "klu",
    "body_tie": "floating",
    "body_res": 10.0,
    "rs_clamp": 10.0,
    "model_vto": 0.75,
    "vg_cutoff": 0.75,
    "vg_cutoff_epochs": 4,
    "vg_init": {
      "mode": "fixed",
      "lo": 1.0,
      "hi": 3.0,
      "fixed": 2.0
    },
    "epochs": 100,
    "device_include_path": "/home/ma-lab/Desktop/pyclln-final/device_model/nmos_lvl1_ald1106.lib",
    "device_subckt": "NMOSWRAP"
  },
  "train": {
    "acc": 0.9735560194850382,
    "hinge": 0.004941743006263047,
    "n_free": 1437,
    "n_clamp": 265,
    "hinge_active": 265,
    "hinge_active_frac": 0.18441196938065413,
    "skipped": 1172,
    "reload_free": 0,
    "reload_clamp": 0,
    "nonfinite_free": 0,
    "nonfinite_clamp": 0
  },
  "val": {
    "acc": 0.9555555555555556,
    "hinge": 0.0064005975000000015,
    "test_gap_mean": 0.07957998305555555,
    "test_gap_median": 0.08121965,
    "test_gap_std": 0.04185743605988024,
    "test_satisfy_frac": 0.7861111111111111,
    "test_hinge_mean": 0.0064005975000000015,
    "val_reloads": 0.0,
    "val_nonfinite": 0.0
  },
  "timing_s": {
    "epoch_total": 109.20156121253967,
    "train_free": 71.57092070579529,
    "train_clamp": 13.150409936904907,
    "train_update": 0.6521828174591064
  },
  "vg_stats": {
    "vg_unique_min": 0.6615845474108184,
    "vg_unique_max": 5.059173252055869,
    "vg_unique_sat_lo": 0.0,
    "vg_unique_sat_hi": 0.0
  }
}