{
  "test_gap_mean": 0.09921915444444443,
  "test_gap_median": 0.10233884999999998,
  "test_gap_std": 0.06438413168971521,
  "test_satisfy_frac": 0.8,
  "test_hinge_mean": 0.008719394444444445,
  "val_reloads": 0.0,
  "val_nonfinite": 0.0
}