{
  "test_gap_mean": 0.07892764944444444,
  "test_gap_median": 0.08381954999999999,
  "test_gap_std": 0.048968530256787816,
  "test_satisfy_frac": 0.75,
  "test_hinge_mean": 0.009098628055555556,
  "val_reloads": 0.0,
  "val_nonfinite": 0.0
}