{
  "test_gap_mean": 0.09370849555555555,
  "test_gap_median": 0.09780644999999999,
  "test_gap_std": 0.0583995945227465,
  "test_satisfy_frac": 0.8027777777777778,
  "test_hinge_mean": 0.008647251111111112,
  "val_reloads": 0.0,
  "val_nonfinite": 0.0
}