{
  "test_gap_mean": 0.09543788305555556,
  "test_gap_median": 0.10301295000000002,
  "test_gap_std": 0.06017641957855637,
  "test_satisfy_frac": 0.8083333333333333,
  "test_hinge_mean": 0.008602376666666665,
  "val_reloads": 0.0,
  "val_nonfinite": 0.0
}