{
  "test_gap_mean": 0.09028459055555554,
  "test_gap_median": 0.09702084999999999,
  "test_gap_std": 0.055200432201717,
  "test_satisfy_frac": 0.8027777777777778,
  "test_hinge_mean": 0.008336973333333334,
  "val_reloads": 0.0,
  "val_nonfinite": 0.0
}