{
  "test_gap_mean": 0.09810241444444444,
  "test_gap_median": 0.10215575000000002,
  "test_gap_std": 0.0654734759069241,
  "test_satisfy_frac": 0.8083333333333333,
  "test_hinge_mean": 0.009125315833333333,
  "val_reloads": 0.0,
  "val_nonfinite": 0.0
}