{
  "test_gap_mean": 0.09812568222222223,
  "test_gap_median": 0.09961545,
  "test_gap_std": 0.06564270019978116,
  "test_satisfy_frac": 0.7888888888888889,
  "test_hinge_mean": 0.008952329166666667,
  "val_reloads": 0.0,
  "val_nonfinite": 0.0
}