{
  "test_gap_mean": 0.0993131525,
  "test_gap_median": 0.1026242,
  "test_gap_std": 0.06829061656179415,
  "test_satisfy_frac": 0.7972222222222223,
  "test_hinge_mean": 0.009520135833333334,
  "val_reloads": 0.0,
  "val_nonfinite": 0.0
}