{
  "test_gap_mean": 0.0968245788888889,
  "test_gap_median": 0.10157365000000002,
  "test_gap_std": 0.06618743960009414,
  "test_satisfy_frac": 0.7611111111111111,
  "test_hinge_mean": 0.009948727222222224,
  "val_reloads": 0.0,
  "val_nonfinite": 0.0
}