{
  "test_gap_mean": 0.08597763444444444,
  "test_gap_median": 0.092803,
  "test_gap_std": 0.05195351983670043,
  "test_satisfy_frac": 0.7861111111111111,
  "test_hinge_mean": 0.008398958888888888,
  "val_reloads": 0.0,
  "val_nonfinite": 0.0
}