{
  "epoch": 13,
  "config": {
    "seed": 2,
    "gamma": 0.3,
    "margin": 0.05,
    "delta": 0.1,
    "input_vmin": 0.0,
    "input_vmax": 1.0,
    "rails": [
      0.0,
      0.45
    ],
    "solver": "klu",
    "body_tie": "source",
    "body_res": 10.0,
    "rs_clamp": 10.0,
    "model_vto": 0.75,
    "vg_cutoff": 0.75,
    "vg_cutoff_epochs": 4,
    "vg_init": {
      "mode": "random",
      "lo": 0.75,
      "hi": 3.0,
      "fixed": 2.0
    },
    "epochs": 100,
    "device_include_path": "/home/ma-lab/Desktop/pyclln-final/device_model/nmos_lvl1_ald1106.lib",
    "device_subckt": "NMOSWRAP"
  },
  "train": {
    "acc": 0.9554627696590118,
    "hinge": 0.006785064091858048,
    "n_free": 1437,
    "n_clamp": 344,
    "hinge_active": 344,
    "hinge_active_frac": 0.23938761308281142,
    "skipped": 1093,
    "reload_free": 0,
    "reload_clamp": 0,
    "nonfinite_free": 0,
    "nonfinite_clamp": 0
  },
  "val": {
    "acc": 0.9305555555555556,
    "hinge": 0.00982768833333334,
    "test_gap_mean": 0.07079613138888889,
    "test_gap_median": 0.07522384999999998,
    "test_gap_std": 0.044220255318798925,
    "test_satisfy_frac": 0.7194444444444444,
    "test_hinge_mean": 0.009827688333333334,
    "val_reloads": 0.0,
    "val_nonfinite": 0.0
  },
  "timing_s": {
    "epoch_total": 38.86497449874878,
    "train_free": 22.70840311050415,
    "train_clamp": 5.427788019180298,
    "train_update": 0.5220940113067627
  },
  "vg_stats": {
    "vg_unique_min": 0.414852378204532,
    "vg_unique_max": 4.571666190463228,
    "vg_unique_sat_lo": 0.0,
    "vg_unique_sat_hi": 0.0
  }
}