{
  "epoch": 47,
  "config": {
    "seed": 2,
    "gamma": 0.3,
    "margin": 0.05,
    "delta": 0.1,
    "input_vmin": 0.0,
    "input_vmax": 1.0,
    "rails": [
      0.0,
      0.45
    ],
    "solver": "klu",
    "body_tie": "source",
    "body_res": 10.0,
    "rs_clamp": 10.0,
    "model_vto": 0.75,
    "vg_cutoff": 0.75,
    "vg_cutoff_epochs": 4,
    "vg_init": {
      "mode": "random",
      "lo": 0.75,
      "hi": 3.0,
      "fixed": 2.0
    },
    "epochs": 100,
    "device_include_path": "/home/ma-lab/Desktop/pyclln-final/device_model/nmos_lvl1_ald1106.lib",
    "device_subckt": "NMOSWRAP"
  },
  "train": {
    "acc": 0.9631176061238692,
    "hinge": 0.0052883361169102335,
    "n_free": 1437,
    "n_clamp": 223,
    "hinge_active": 223,
    "hinge_active_frac": 0.15518441196938065,
    "skipped": 1214,
    "reload_free": 0,
    "reload_clamp": 0,
    "nonfinite_free": 0,
    "nonfinite_clamp": 0
  },
  "val": {
    "acc": 0.9333333333333333,
    "hinge": 0.008812870277777784,
    "test_gap_mean": 0.09382288611111113,
    "test_gap_median": 0.09800545,
    "test_gap_std": 0.060066142238781026,
    "test_satisfy_frac": 0.7916666666666666,
    "test_hinge_mean": 0.00881287027777778,
    "val_reloads": 0.0,
    "val_nonfinite": 0.0
  },
  "timing_s": {
    "epoch_total": 18.651174306869507,
    "train_free": 10.461771249771118,
    "train_clamp": 1.619476079940796,
    "train_update": 0.30273008346557617
  },
  "vg_stats": {
    "vg_unique_min": 0.5172907926278708,
    "vg_unique_max": 5.293224682879668,
    "vg_unique_sat_lo": 0.0,
    "vg_unique_sat_hi": 0.0
  }
}