{
  "epoch": 67,
  "config": {
    "seed": 2,
    "gamma": 0.3,
    "margin": 0.05,
    "delta": 0.1,
    "input_vmin": 0.0,
    "input_vmax": 1.0,
    "rails": [
      0.0,
      0.45
    ],
    "solver": "klu",
    "body_tie": "source",
    "body_res": 10.0,
    "rs_clamp": 10.0,
    "model_vto": 0.75,
    "vg_cutoff": 0.75,
    "vg_cutoff_epochs": 4,
    "vg_init": {
      "mode": "random",
      "lo": 0.75,
      "hi": 3.0,
      "fixed": 2.0
    },
    "epochs": 100,
    "device_include_path": "/home/ma-lab/Desktop/pyclln-final/device_model/nmos_lvl1_ald1106.lib",
    "device_subckt": "NMOSWRAP"
  },
  "train": {
    "acc": 0.9610299234516354,
    "hinge": 0.005477602505219209,
    "n_free": 1437,
    "n_clamp": 231,
    "hinge_active": 231,
    "hinge_active_frac": 0.16075156576200417,
    "skipped": 1206,
    "reload_free": 0,
    "reload_clamp": 0,
    "nonfinite_free": 0,
    "nonfinite_clamp": 0
  },
  "val": {
    "acc": 0.9472222222222222,
    "hinge": 0.008794148333333335,
    "test_gap_mean": 0.09804203388888888,
    "test_gap_median": 0.1032437,
    "test_gap_std": 0.06341120972863609,
    "test_satisfy_frac": 0.8027777777777778,
    "test_hinge_mean": 0.008794148333333333,
    "val_reloads": 0.0,
    "val_nonfinite": 0.0
  },
  "timing_s": {
    "epoch_total": 14.690346479415894,
    "train_free": 7.670550346374512,
    "train_clamp": 1.2280457019805908,
    "train_update": 0.24281644821166992
  },
  "vg_stats": {
    "vg_unique_min": 0.5936074495677963,
    "vg_unique_max": 5.131410820805784,
    "vg_unique_sat_lo": 0.0,
    "vg_unique_sat_hi": 0.0
  }
}