{
  "epoch": 21,
  "config": {
    "seed": 2,
    "gamma": 0.3,
    "margin": 0.05,
    "delta": 0.1,
    "input_vmin": 0.0,
    "input_vmax": 1.0,
    "rails": [
      0.0,
      0.45
    ],
    "solver": "klu",
    "body_tie": "source",
    "body_res": 10.0,
    "rs_clamp": 10.0,
    "model_vto": 0.75,
    "vg_cutoff": 0.75,
    "vg_cutoff_epochs": 4,
    "vg_init": {
      "mode": "random",
      "lo": 0.75,
      "hi": 3.0,
      "fixed": 2.0
    },
    "epochs": 100,
    "device_include_path": "/home/ma-lab/Desktop/pyclln-final/device_model/nmos_lvl1_ald1106.lib",
    "device_subckt": "NMOSWRAP"
  },
  "train": {
    "acc": 0.9589422407794015,
    "hinge": 0.005583916353514263,
    "n_free": 1437,
    "n_clamp": 261,
    "hinge_active": 261,
    "hinge_active_frac": 0.18162839248434237,
    "skipped": 1176,
    "reload_free": 0,
    "reload_clamp": 0,
    "nonfinite_free": 0,
    "nonfinite_clamp": 0
  },
  "val": {
    "acc": 0.9333333333333333,
    "hinge": 0.008637708333333334,
    "test_gap_mean": 0.08157157638888889,
    "test_gap_median": 0.08906829999999999,
    "test_gap_std": 0.04935448029239002,
    "test_satisfy_frac": 0.7527777777777778,
    "test_hinge_mean": 0.008637708333333334,
    "val_reloads": 0.0,
    "val_nonfinite": 0.0
  },
  "timing_s": {
    "epoch_total": 30.91094660758972,
    "train_free": 18.633070945739746,
    "train_clamp": 3.3615994453430176,
    "train_update": 0.37384605407714844
  },
  "vg_stats": {
    "vg_unique_min": 0.4694148545297607,
    "vg_unique_max": 4.818467735837151,
    "vg_unique_sat_lo": 0.0,
    "vg_unique_sat_hi": 0.0
  }
}