{
  "epoch": 51,
  "config": {
    "seed": 2,
    "gamma": 0.3,
    "margin": 0.05,
    "delta": 0.1,
    "input_vmin": 0.0,
    "input_vmax": 1.0,
    "rails": [
      0.0,
      0.45
    ],
    "solver": "klu",
    "body_tie": "source",
    "body_res": 10.0,
    "rs_clamp": 10.0,
    "model_vto": 0.75,
    "vg_cutoff": 0.75,
    "vg_cutoff_epochs": 4,
    "vg_init": {
      "mode": "random",
      "lo": 0.75,
      "hi": 3.0,
      "fixed": 2.0
    },
    "epochs": 100,
    "device_include_path": "/home/ma-lab/Desktop/pyclln-final/device_model/nmos_lvl1_ald1106.lib",
    "device_subckt": "NMOSWRAP"
  },
  "train": {
    "acc": 0.9624217118997912,
    "hinge": 0.005414489352818375,
    "n_free": 1437,
    "n_clamp": 232,
    "hinge_active": 232,
    "hinge_active_frac": 0.16144745998608212,
    "skipped": 1205,
    "reload_free": 0,
    "reload_clamp": 0,
    "nonfinite_free": 0,
    "nonfinite_clamp": 0
  },
  "val": {
    "acc": 0.9361111111111111,
    "hinge": 0.008676615277777775,
    "test_gap_mean": 0.09532207027777781,
    "test_gap_median": 0.10088055000000001,
    "test_gap_std": 0.06089431360364931,
    "test_satisfy_frac": 0.7916666666666666,
    "test_hinge_mean": 0.008676615277777779,
    "val_reloads": 0.0,
    "val_nonfinite": 0.0
  },
  "timing_s": {
    "epoch_total": 18.03355073928833,
    "train_free": 9.977958679199219,
    "train_clamp": 1.6021676063537598,
    "train_update": 0.25010013580322266
  },
  "vg_stats": {
    "vg_unique_min": 0.6387587265313018,
    "vg_unique_max": 5.28302448044846,
    "vg_unique_sat_lo": 0.0,
    "vg_unique_sat_hi": 0.0
  }
}