{
  "epoch": 22,
  "config": {
    "seed": 2,
    "gamma": 0.3,
    "margin": 0.05,
    "delta": 0.1,
    "input_vmin": 0.0,
    "input_vmax": 1.0,
    "rails": [
      0.0,
      0.45
    ],
    "solver": "klu",
    "body_tie": "source",
    "body_res": 10.0,
    "rs_clamp": 10.0,
    "model_vto": 0.75,
    "vg_cutoff": 0.75,
    "vg_cutoff_epochs": 4,
    "vg_init": {
      "mode": "random",
      "lo": 0.75,
      "hi": 3.0,
      "fixed": 2.0
    },
    "epochs": 100,
    "device_include_path": "/home/ma-lab/Desktop/pyclln-final/device_model/nmos_lvl1_ald1106.lib",
    "device_subckt": "NMOSWRAP"
  },
  "train": {
    "acc": 0.9631176061238692,
    "hinge": 0.005471888587334728,
    "n_free": 1437,
    "n_clamp": 266,
    "hinge_active": 266,
    "hinge_active_frac": 0.18510786360473208,
    "skipped": 1171,
    "reload_free": 0,
    "reload_clamp": 0,
    "nonfinite_free": 0,
    "nonfinite_clamp": 0
  },
  "val": {
    "acc": 0.9333333333333333,
    "hinge": 0.008958372777777777,
    "test_gap_mean": 0.08315932250000001,
    "test_gap_median": 0.08821090000000001,
    "test_gap_std": 0.051418056291326515,
    "test_satisfy_frac": 0.7638888888888888,
    "test_hinge_mean": 0.008958372777777779,
    "val_reloads": 0.0,
    "val_nonfinite": 0.0
  },
  "timing_s": {
    "epoch_total": 32.6265709400177,
    "train_free": 18.979830265045166,
    "train_clamp": 3.5158395767211914,
    "train_update": 0.41567015647888184
  },
  "vg_stats": {
    "vg_unique_min": 0.47530009171719284,
    "vg_unique_max": 4.85929987693528,
    "vg_unique_sat_lo": 0.0,
    "vg_unique_sat_hi": 0.0
  }
}