{
  "test_gap_mean": 0.10235916972222221,
  "test_gap_median": 0.09423295000000001,
  "test_gap_std": 0.08082588635097669,
  "test_satisfy_frac": 0.7611111111111111,
  "test_hinge_mean": 0.01051648138888889,
  "val_reloads": 0.0,
  "val_nonfinite": 0.0
}