{
  "test_gap_mean": 0.10546145277777777,
  "test_gap_median": 0.10115574999999999,
  "test_gap_std": 0.07999150272921836,
  "test_satisfy_frac": 0.7666666666666667,
  "test_hinge_mean": 0.009799279444444444,
  "val_reloads": 0.0,
  "val_nonfinite": 0.0
}