{
  "test_gap_mean": 0.10250540888888887,
  "test_gap_median": 0.09764165000000002,
  "test_gap_std": 0.07859985639850417,
  "test_satisfy_frac": 0.7638888888888888,
  "test_hinge_mean": 0.009964530000000001,
  "val_reloads": 0.0,
  "val_nonfinite": 0.0
}