{
  "epoch": 90,
  "config": {
    "seed": 1,
    "gamma": 0.3,
    "margin": 0.05,
    "delta": 0.1,
    "input_vmin": 0.0,
    "input_vmax": 1.0,
    "rails": [
      0.0,
      0.45
    ],
    "solver": "klu",
    "body_tie": "floating",
    "body_res": 10.0,
    "rs_clamp": 10.0,
    "model_vto": 0.75,
    "vg_cutoff": 0.75,
    "vg_cutoff_epochs": 4,
    "vg_init": {
      "mode": "fixed",
      "lo": 1.0,
      "hi": 3.0,
      "fixed": 0.75
    },
    "epochs": 100,
    "device_include_path": "/home/ma-lab/Desktop/pyclln-final/device_model/nmos_lvl1_ald1106.lib",
    "device_subckt": "NMOSWRAP"
  },
  "train": {
    "acc": 0.9394572025052192,
    "hinge": 0.009058133611691029,
    "n_free": 1437,
    "n_clamp": 297,
    "hinge_active": 297,
    "hinge_active_frac": 0.20668058455114824,
    "skipped": 1140,
    "reload_free": 0,
    "reload_clamp": 0,
    "nonfinite_free": 0,
    "nonfinite_clamp": 0
  },
  "val": {
    "acc": 0.9222222222222223,
    "hinge": 0.010249213611111113,
    "test_gap_mean": 0.10452143861111111,
    "test_gap_median": 0.10078945000000006,
    "test_gap_std": 0.08019569894400637,
    "test_satisfy_frac": 0.7611111111111111,
    "test_hinge_mean": 0.010249213611111111,
    "val_reloads": 0.0,
    "val_nonfinite": 0.0
  },
  "timing_s": {
    "epoch_total": 10.295048952102661,
    "train_free": 5.141175985336304,
    "train_clamp": 1.0616912841796875,
    "train_update": 0.18365812301635742
  },
  "vg_stats": {
    "vg_unique_min": 0.7882105490815826,
    "vg_unique_max": 1.9097824292065806,
    "vg_unique_sat_lo": 0.0,
    "vg_unique_sat_hi": 0.0
  }
}