{
  "epoch": 35,
  "config": {
    "seed": 1,
    "gamma": 0.3,
    "margin": 0.05,
    "delta": 0.1,
    "input_vmin": 0.0,
    "input_vmax": 1.0,
    "rails": [
      0.0,
      0.45
    ],
    "solver": "klu",
    "body_tie": "floating",
    "body_res": 10.0,
    "rs_clamp": 10.0,
    "model_vto": 0.75,
    "vg_cutoff": 0.75,
    "vg_cutoff_epochs": 4,
    "vg_init": {
      "mode": "fixed",
      "lo": 1.0,
      "hi": 3.0,
      "fixed": 0.75
    },
    "epochs": 100,
    "device_include_path": "/home/ma-lab/Desktop/pyclln-final/device_model/nmos_lvl1_ald1106.lib",
    "device_subckt": "NMOSWRAP"
  },
  "train": {
    "acc": 0.9352818371607515,
    "hinge": 0.009213362839248436,
    "n_free": 1437,
    "n_clamp": 296,
    "hinge_active": 296,
    "hinge_active_frac": 0.20598469032707029,
    "skipped": 1141,
    "reload_free": 0,
    "reload_clamp": 0,
    "nonfinite_free": 0,
    "nonfinite_clamp": 0
  },
  "val": {
    "acc": 0.9388888888888889,
    "hinge": 0.009500881944444444,
    "test_gap_mean": 0.10360799722222222,
    "test_gap_median": 0.10236465,
    "test_gap_std": 0.07692134349413686,
    "test_satisfy_frac": 0.7694444444444445,
    "test_hinge_mean": 0.009500881944444445,
    "val_reloads": 0.0,
    "val_nonfinite": 0.0
  },
  "timing_s": {
    "epoch_total": 10.987526178359985,
    "train_free": 5.719069480895996,
    "train_clamp": 1.172898530960083,
    "train_update": 0.1951611042022705
  },
  "vg_stats": {
    "vg_unique_min": 0.6982744063943714,
    "vg_unique_max": 1.8335039162693678,
    "vg_unique_sat_lo": 0.0,
    "vg_unique_sat_hi": 0.0
  }
}