{
  "epoch": 18,
  "config": {
    "seed": 1,
    "gamma": 0.3,
    "margin": 0.05,
    "delta": 0.1,
    "input_vmin": 0.0,
    "input_vmax": 1.0,
    "rails": [
      0.0,
      0.45
    ],
    "solver": "klu",
    "body_tie": "floating",
    "body_res": 10.0,
    "rs_clamp": 10.0,
    "model_vto": 0.75,
    "vg_cutoff": 0.75,
    "vg_cutoff_epochs": 4,
    "vg_init": {
      "mode": "fixed",
      "lo": 1.0,
      "hi": 3.0,
      "fixed": 0.75
    },
    "epochs": 100,
    "device_include_path": "/home/ma-lab/Desktop/pyclln-final/device_model/nmos_lvl1_ald1106.lib",
    "device_subckt": "NMOSWRAP"
  },
  "train": {
    "acc": 0.930410577592206,
    "hinge": 0.009819608698677797,
    "n_free": 1437,
    "n_clamp": 338,
    "hinge_active": 338,
    "hinge_active_frac": 0.23521224773834376,
    "skipped": 1099,
    "reload_free": 0,
    "reload_clamp": 0,
    "nonfinite_free": 0,
    "nonfinite_clamp": 0
  },
  "val": {
    "acc": 0.9222222222222223,
    "hinge": 0.010383505277777781,
    "test_gap_mean": 0.10088725722222222,
    "test_gap_median": 0.09631710000000002,
    "test_gap_std": 0.07679017600555609,
    "test_satisfy_frac": 0.7638888888888888,
    "test_hinge_mean": 0.010383505277777778,
    "val_reloads": 0.0,
    "val_nonfinite": 0.0
  },
  "timing_s": {
    "epoch_total": 12.489073038101196,
    "train_free": 6.336430311203003,
    "train_clamp": 1.4881432056427002,
    "train_update": 0.23640227317810059
  },
  "vg_stats": {
    "vg_unique_min": 0.6550847524776146,
    "vg_unique_max": 1.720417895733185,
    "vg_unique_sat_lo": 0.0,
    "vg_unique_sat_hi": 0.0
  }
}