{
  "epoch": 89,
  "config": {
    "seed": 1,
    "gamma": 0.3,
    "margin": 0.05,
    "delta": 0.1,
    "input_vmin": 0.0,
    "input_vmax": 1.0,
    "rails": [
      0.0,
      0.45
    ],
    "solver": "klu",
    "body_tie": "floating",
    "body_res": 10.0,
    "rs_clamp": 10.0,
    "model_vto": 0.75,
    "vg_cutoff": 0.75,
    "vg_cutoff_epochs": 4,
    "vg_init": {
      "mode": "fixed",
      "lo": 1.0,
      "hi": 3.0,
      "fixed": 0.75
    },
    "epochs": 100,
    "device_include_path": "/home/ma-lab/Desktop/pyclln-final/device_model/nmos_lvl1_ald1106.lib",
    "device_subckt": "NMOSWRAP"
  },
  "train": {
    "acc": 0.9345859429366736,
    "hinge": 0.009069159290187897,
    "n_free": 1437,
    "n_clamp": 309,
    "hinge_active": 309,
    "hinge_active_frac": 0.2150313152400835,
    "skipped": 1128,
    "reload_free": 0,
    "reload_clamp": 0,
    "nonfinite_free": 0,
    "nonfinite_clamp": 0
  },
  "val": {
    "acc": 0.925,
    "hinge": 0.010342746666666671,
    "test_gap_mean": 0.10255875749999999,
    "test_gap_median": 0.10040385000000002,
    "test_gap_std": 0.07655433539787387,
    "test_satisfy_frac": 0.7722222222222223,
    "test_hinge_mean": 0.010342746666666666,
    "val_reloads": 0.0,
    "val_nonfinite": 0.0
  },
  "timing_s": {
    "epoch_total": 7.966200113296509,
    "train_free": 3.848930835723877,
    "train_clamp": 0.8139805793762207,
    "train_update": 0.1469264030456543
  },
  "vg_stats": {
    "vg_unique_min": 0.7167256397446495,
    "vg_unique_max": 1.914249873619648,
    "vg_unique_sat_lo": 0.0,
    "vg_unique_sat_hi": 0.0
  }
}