{
  "epoch": 81,
  "config": {
    "seed": 1,
    "gamma": 0.3,
    "margin": 0.05,
    "delta": 0.1,
    "input_vmin": 0.0,
    "input_vmax": 1.0,
    "rails": [
      0.0,
      0.45
    ],
    "solver": "klu",
    "body_tie": "floating",
    "body_res": 10.0,
    "rs_clamp": 10.0,
    "model_vto": 0.75,
    "vg_cutoff": 0.75,
    "vg_cutoff_epochs": 4,
    "vg_init": {
      "mode": "fixed",
      "lo": 1.0,
      "hi": 3.0,
      "fixed": 0.75
    },
    "epochs": 100,
    "device_include_path": "/home/ma-lab/Desktop/pyclln-final/device_model/nmos_lvl1_ald1106.lib",
    "device_subckt": "NMOSWRAP"
  },
  "train": {
    "acc": 0.9359777313848295,
    "hinge": 0.009256269519832988,
    "n_free": 1437,
    "n_clamp": 302,
    "hinge_active": 302,
    "hinge_active_frac": 0.21016005567153792,
    "skipped": 1135,
    "reload_free": 0,
    "reload_clamp": 0,
    "nonfinite_free": 0,
    "nonfinite_clamp": 0
  },
  "val": {
    "acc": 0.9194444444444444,
    "hinge": 0.010385121944444447,
    "test_gap_mean": 0.10454200694444445,
    "test_gap_median": 0.10143554999999999,
    "test_gap_std": 0.0808313561976139,
    "test_satisfy_frac": 0.7694444444444445,
    "test_hinge_mean": 0.010385121944444445,
    "val_reloads": 0.0,
    "val_nonfinite": 0.0
  },
  "timing_s": {
    "epoch_total": 7.72340989112854,
    "train_free": 3.866603136062622,
    "train_clamp": 0.9009191989898682,
    "train_update": 0.14425444602966309
  },
  "vg_stats": {
    "vg_unique_min": 0.7442097996141646,
    "vg_unique_max": 1.943711700703872,
    "vg_unique_sat_lo": 0.0,
    "vg_unique_sat_hi": 0.0
  }
}