{
  "epoch": 26,
  "config": {
    "seed": 1,
    "gamma": 0.3,
    "margin": 0.05,
    "delta": 0.1,
    "input_vmin": 0.0,
    "input_vmax": 1.0,
    "rails": [
      0.0,
      0.45
    ],
    "solver": "klu",
    "body_tie": "floating",
    "body_res": 10.0,
    "rs_clamp": 10.0,
    "model_vto": 0.75,
    "vg_cutoff": 0.75,
    "vg_cutoff_epochs": 4,
    "vg_init": {
      "mode": "fixed",
      "lo": 1.0,
      "hi": 3.0,
      "fixed": 0.75
    },
    "epochs": 100,
    "device_include_path": "/home/ma-lab/Desktop/pyclln-final/device_model/nmos_lvl1_ald1106.lib",
    "device_subckt": "NMOSWRAP"
  },
  "train": {
    "acc": 0.9338900487125957,
    "hinge": 0.009543435073068892,
    "n_free": 1437,
    "n_clamp": 321,
    "hinge_active": 321,
    "hinge_active_frac": 0.22338204592901878,
    "skipped": 1116,
    "reload_free": 0,
    "reload_clamp": 0,
    "nonfinite_free": 0,
    "nonfinite_clamp": 0
  },
  "val": {
    "acc": 0.9222222222222223,
    "hinge": 0.010747638888888892,
    "test_gap_mean": 0.10071249111111111,
    "test_gap_median": 0.09471345,
    "test_gap_std": 0.07736141692654519,
    "test_satisfy_frac": 0.7388888888888889,
    "test_hinge_mean": 0.01074763888888889,
    "val_reloads": 0.0,
    "val_nonfinite": 0.0
  },
  "timing_s": {
    "epoch_total": 12.133052825927734,
    "train_free": 6.123579502105713,
    "train_clamp": 1.355015516281128,
    "train_update": 0.2679297924041748
  },
  "vg_stats": {
    "vg_unique_min": 0.6674737428251216,
    "vg_unique_max": 1.8122284775118447,
    "vg_unique_sat_lo": 0.0,
    "vg_unique_sat_hi": 0.0
  }
}