{
  "test_gap_mean": 0.11036360944444444,
  "test_gap_median": 0.11702370000000004,
  "test_gap_std": 0.06590598519868511,
  "test_satisfy_frac": 0.8333333333333334,
  "test_hinge_mean": 0.0074374836111111104,
  "val_reloads": 0.0,
  "val_nonfinite": 0.0
}