{
  "test_gap_mean": 0.08447420611111112,
  "test_gap_median": 0.0856973,
  "test_gap_std": 0.046700779069174546,
  "test_satisfy_frac": 0.7944444444444444,
  "test_hinge_mean": 0.006513456666666668,
  "val_reloads": 0.0,
  "val_nonfinite": 0.0
}