{
  "test_gap_mean": 0.11019319444444445,
  "test_gap_median": 0.1133323,
  "test_gap_std": 0.06870399473046732,
  "test_satisfy_frac": 0.8333333333333334,
  "test_hinge_mean": 0.007740432777777776,
  "val_reloads": 0.0,
  "val_nonfinite": 0.0
}