{
  "test_gap_mean": 0.07387082944444444,
  "test_gap_median": 0.07804624999999998,
  "test_gap_std": 0.040886858956000895,
  "test_satisfy_frac": 0.7472222222222222,
  "test_hinge_mean": 0.0074290955555555566,
  "val_reloads": 0.0,
  "val_nonfinite": 0.0
}