{
  "test_gap_mean": 0.10990248388888889,
  "test_gap_median": 0.11440885,
  "test_gap_std": 0.06597758787677925,
  "test_satisfy_frac": 0.8444444444444444,
  "test_hinge_mean": 0.0073374961111111105,
  "val_reloads": 0.0,
  "val_nonfinite": 0.0
}