{
  "test_gap_mean": 0.0668792936111111,
  "test_gap_median": 0.06931554999999998,
  "test_gap_std": 0.03752964855878895,
  "test_satisfy_frac": 0.7138888888888889,
  "test_hinge_mean": 0.008405285,
  "val_reloads": 0.0,
  "val_nonfinite": 0.0
}