{
  "test_gap_mean": 0.10695567638888889,
  "test_gap_median": 0.11266140000000002,
  "test_gap_std": 0.06326490822788573,
  "test_satisfy_frac": 0.8333333333333334,
  "test_hinge_mean": 0.006959545555555557,
  "val_reloads": 0.0,
  "val_nonfinite": 0.0
}