{
  "test_gap_mean": 0.10453683388888889,
  "test_gap_median": 0.11106719999999998,
  "test_gap_std": 0.06177915245496221,
  "test_satisfy_frac": 0.8361111111111111,
  "test_hinge_mean": 0.0070023725,
  "val_reloads": 0.0,
  "val_nonfinite": 0.0
}