{
  "test_gap_mean": 0.11189848138888889,
  "test_gap_median": 0.11562605000000004,
  "test_gap_std": 0.07121093462852741,
  "test_satisfy_frac": 0.8194444444444444,
  "test_hinge_mean": 0.008066994722222222,
  "val_reloads": 0.0,
  "val_nonfinite": 0.0
}