{
  "test_gap_mean": 0.11005181305555557,
  "test_gap_median": 0.11416945,
  "test_gap_std": 0.0665238804790649,
  "test_satisfy_frac": 0.8361111111111111,
  "test_hinge_mean": 0.007319045,
  "val_reloads": 0.0,
  "val_nonfinite": 0.0
}