{
  "epoch": 36,
  "config": {
    "seed": 1,
    "gamma": 0.3,
    "margin": 0.05,
    "delta": 0.1,
    "input_vmin": 0.0,
    "input_vmax": 1.0,
    "rails": [
      0.0,
      0.45
    ],
    "solver": "klu",
    "body_tie": "ground",
    "body_res": 10.0,
    "rs_clamp": 10.0,
    "model_vto": 0.75,
    "vg_cutoff": 0.75,
    "vg_cutoff_epochs": 4,
    "vg_init": {
      "mode": "random",
      "lo": 0.75,
      "hi": 3.0,
      "fixed": 2.0
    },
    "epochs": 100,
    "device_include_path": "/home/ma-lab/Desktop/pyclln-final/device_model/nmos_lvl1_ald1106.lib",
    "device_subckt": "NMOSWRAP"
  },
  "train": {
    "acc": 0.9596381350034795,
    "hinge": 0.005489600556715381,
    "n_free": 1437,
    "n_clamp": 217,
    "hinge_active": 217,
    "hinge_active_frac": 0.15100904662491302,
    "skipped": 1220,
    "reload_free": 0,
    "reload_clamp": 0,
    "nonfinite_free": 0,
    "nonfinite_clamp": 0
  },
  "val": {
    "acc": 0.9416666666666667,
    "hinge": 0.006883457777777782,
    "test_gap_mean": 0.1063763136111111,
    "test_gap_median": 0.111462,
    "test_gap_std": 0.06195487644084522,
    "test_satisfy_frac": 0.8472222222222222,
    "test_hinge_mean": 0.006883457777777778,
    "val_reloads": 0.0,
    "val_nonfinite": 0.0
  },
  "timing_s": {
    "epoch_total": 21.60129976272583,
    "train_free": 12.276031970977783,
    "train_clamp": 1.8340771198272705,
    "train_update": 0.2680978775024414
  },
  "vg_stats": {
    "vg_unique_min": 0.4882571720857147,
    "vg_unique_max": 4.376041656597458,
    "vg_unique_sat_lo": 0.0,
    "vg_unique_sat_hi": 0.0
  }
}