{
  "test_gap_mean": 0.009434279722222223,
  "test_gap_median": 0.00836565000000003,
  "test_gap_std": 0.007564139406631128,
  "test_satisfy_frac": 0.0,
  "test_hinge_mean": 0.09056572027777779,
  "val_reloads": 0.0,
  "val_nonfinite": 0.0
}