{
  "test_gap_mean": 0.004598693611111111,
  "test_gap_median": 0.004107550000000015,
  "test_gap_std": 0.0036726830119044305,
  "test_satisfy_frac": 0.0,
  "test_hinge_mean": 0.09540130638888888,
  "val_reloads": 0.0,
  "val_nonfinite": 0.0
}