{
  "epoch": 65,
  "config": {
    "seed": 2,
    "gamma": 0.03,
    "margin": 0.1,
    "delta": 0.02,
    "input_vmin": 0.0,
    "input_vmax": 1.0,
    "rails": [
      0.0,
      0.45
    ],
    "solver": "klu",
    "body_tie": "floating",
    "body_res": 10.0,
    "rs_clamp": 10.0,
    "model_vto": 0.75,
    "vg_cutoff": 0.75,
    "vg_cutoff_epochs": 4,
    "vg_init": {
      "mode": "fixed",
      "lo": 1.0,
      "hi": 3.0,
      "fixed": 4.0
    },
    "epochs": 100,
    "device_include_path": "/home/ma-lab/Desktop/pyclln-final/device_model/nmos_lvl1_ald1106.lib",
    "device_subckt": "NMOSWRAP"
  },
  "train": {
    "acc": 0.9025748086290883,
    "hinge": 0.09386258636047333,
    "n_free": 1437,
    "n_clamp": 1437,
    "hinge_active": 1437,
    "hinge_active_frac": 1.0,
    "skipped": 0,
    "reload_free": 0,
    "reload_clamp": 0,
    "nonfinite_free": 0,
    "nonfinite_clamp": 0
  },
  "val": {
    "acc": 0.8972222222222223,
    "hinge": 0.09387781000000002,
    "test_gap_mean": 0.0061221900000000004,
    "test_gap_median": 0.0054418999999999995,
    "test_gap_std": 0.004894573196829547,
    "test_satisfy_frac": 0.0,
    "test_hinge_mean": 0.09387781,
    "val_reloads": 0.0,
    "val_nonfinite": 0.0
  },
  "timing_s": {
    "epoch_total": 315.7910587787628,
    "train_free": 132.43228936195374,
    "train_clamp": 133.61835956573486,
    "train_update": 3.8354384899139404
  },
  "vg_stats": {
    "vg_unique_min": 3.1994673529804,
    "vg_unique_max": 4.711905025854077,
    "vg_unique_sat_lo": 0.0,
    "vg_unique_sat_hi": 0.0
  }
}