{
  "epoch": 51,
  "config": {
    "seed": 2,
    "gamma": 0.03,
    "margin": 0.1,
    "delta": 0.02,
    "input_vmin": 0.0,
    "input_vmax": 1.0,
    "rails": [
      0.0,
      0.45
    ],
    "solver": "klu",
    "body_tie": "floating",
    "body_res": 10.0,
    "rs_clamp": 10.0,
    "model_vto": 0.75,
    "vg_cutoff": 0.75,
    "vg_cutoff_epochs": 4,
    "vg_init": {
      "mode": "fixed",
      "lo": 1.0,
      "hi": 3.0,
      "fixed": 4.0
    },
    "epochs": 100,
    "device_include_path": "/home/ma-lab/Desktop/pyclln-final/device_model/nmos_lvl1_ald1106.lib",
    "device_subckt": "NMOSWRAP"
  },
  "train": {
    "acc": 0.9011830201809325,
    "hinge": 0.09521244829505907,
    "n_free": 1437,
    "n_clamp": 1437,
    "hinge_active": 1437,
    "hinge_active_frac": 1.0,
    "skipped": 0,
    "reload_free": 0,
    "reload_clamp": 0,
    "nonfinite_free": 0,
    "nonfinite_clamp": 0
  },
  "val": {
    "acc": 0.8972222222222223,
    "hinge": 0.09521610638888885,
    "test_gap_mean": 0.004783893611111109,
    "test_gap_median": 0.004268300000000003,
    "test_gap_std": 0.0038165489705707617,
    "test_satisfy_frac": 0.0,
    "test_hinge_mean": 0.09521610638888889,
    "val_reloads": 0.0,
    "val_nonfinite": 0.0
  },
  "timing_s": {
    "epoch_total": 302.1393747329712,
    "train_free": 126.11119055747986,
    "train_clamp": 127.5128767490387,
    "train_update": 3.7127137184143066
  },
  "vg_stats": {
    "vg_unique_min": 3.3723969822134787,
    "vg_unique_max": 4.5595019681552476,
    "vg_unique_sat_lo": 0.0,
    "vg_unique_sat_hi": 0.0
  }
}