{
  "test_gap_mean": 0.0828862002777778,
  "test_gap_median": 0.08474774999999996,
  "test_gap_std": 0.0482647560180347,
  "test_satisfy_frac": 0.7972222222222223,
  "test_hinge_mean": 0.007247978888888887,
  "val_reloads": 0.0,
  "val_nonfinite": 0.0
}