{
  "test_gap_mean": 0.05636751861111111,
  "test_gap_median": 0.05931450000000002,
  "test_gap_std": 0.03329969286973252,
  "test_satisfy_frac": 0.6194444444444445,
  "test_hinge_mean": 0.010092633055555553,
  "val_reloads": 0.0,
  "val_nonfinite": 0.0
}