{
  "test_gap_mean": 0.052708483888888887,
  "test_gap_median": 0.055565999999999977,
  "test_gap_std": 0.03123091922135314,
  "test_satisfy_frac": 0.5777777777777777,
  "test_hinge_mean": 0.010899096666666665,
  "val_reloads": 0.0,
  "val_nonfinite": 0.0
}