{
  "test_gap_mean": 0.07401720611111111,
  "test_gap_median": 0.07604725000000001,
  "test_gap_std": 0.04245385802907822,
  "test_satisfy_frac": 0.7555555555555555,
  "test_hinge_mean": 0.007582215,
  "val_reloads": 0.0,
  "val_nonfinite": 0.0
}