{
  "test_gap_mean": 0.07052356305555556,
  "test_gap_median": 0.07505115000000001,
  "test_gap_std": 0.040476514260497705,
  "test_satisfy_frac": 0.7361111111111112,
  "test_hinge_mean": 0.0079586025,
  "val_reloads": 0.0,
  "val_nonfinite": 0.0
}