{
  "test_gap_mean": 0.07848286638888889,
  "test_gap_median": 0.08137545000000002,
  "test_gap_std": 0.04564301118284045,
  "test_satisfy_frac": 0.775,
  "test_hinge_mean": 0.007498167500000001,
  "val_reloads": 0.0,
  "val_nonfinite": 0.0
}