{
  "test_gap_mean": 0.0809948925,
  "test_gap_median": 0.08436350000000001,
  "test_gap_std": 0.046426713497904705,
  "test_satisfy_frac": 0.7972222222222223,
  "test_hinge_mean": 0.007127746666666668,
  "val_reloads": 0.0,
  "val_nonfinite": 0.0
}