{
  "test_gap_mean": 0.04059091611111111,
  "test_gap_median": 0.043921199999999994,
  "test_gap_std": 0.025554013882540524,
  "test_satisfy_frac": 0.3861111111111111,
  "test_hinge_mean": 0.015185568333333337,
  "val_reloads": 0.0,
  "val_nonfinite": 0.0
}