{
  "test_gap_mean": 0.077199275,
  "test_gap_median": 0.0813546,
  "test_gap_std": 0.04511992208671104,
  "test_satisfy_frac": 0.7611111111111111,
  "test_hinge_mean": 0.007873555833333334,
  "val_reloads": 0.0,
  "val_nonfinite": 0.0
}