{
  "test_gap_mean": 0.05059070972222223,
  "test_gap_median": 0.054495950000000015,
  "test_gap_std": 0.030749541257954656,
  "test_satisfy_frac": 0.5611111111111111,
  "test_hinge_mean": 0.011676953055555557,
  "val_reloads": 0.0,
  "val_nonfinite": 0.0
}