{
  "test_gap_mean": 0.081520915,
  "test_gap_median": 0.08410684999999998,
  "test_gap_std": 0.04823838952086119,
  "test_satisfy_frac": 0.775,
  "test_hinge_mean": 0.007506076388888886,
  "val_reloads": 0.0,
  "val_nonfinite": 0.0
}