{
  "epoch": 51,
  "config": {
    "seed": 0,
    "gamma": 3.0,
    "margin": 0.05,
    "delta": 0.02,
    "input_vmin": 0.0,
    "input_vmax": 1.0,
    "rails": [
      0.0,
      0.45
    ],
    "solver": "klu",
    "body_tie": "floating",
    "body_res": 10.0,
    "rs_clamp": 10.0,
    "model_vto": 0.75,
    "vg_cutoff": 0.75,
    "vg_cutoff_epochs": 4,
    "vg_init": {
      "mode": "fixed",
      "lo": 1.0,
      "hi": 3.0,
      "fixed": 4.0
    },
    "epochs": 100,
    "device_include_path": "/home/ma-lab/Desktop/pyclln-final/device_model/nmos_lvl1_ald1106.lib",
    "device_subckt": "NMOSWRAP"
  },
  "train": {
    "acc": 0.9749478079331941,
    "hinge": 0.005695476061238694,
    "n_free": 1437,
    "n_clamp": 331,
    "hinge_active": 331,
    "hinge_active_frac": 0.2303409881697982,
    "skipped": 1106,
    "reload_free": 0,
    "reload_clamp": 0,
    "nonfinite_free": 0,
    "nonfinite_clamp": 0
  },
  "val": {
    "acc": 0.9527777777777777,
    "hinge": 0.008419812500000002,
    "test_gap_mean": 0.06803395583333334,
    "test_gap_median": 0.07210665000000002,
    "test_gap_std": 0.03942430119369369,
    "test_satisfy_frac": 0.7111111111111111,
    "test_hinge_mean": 0.008419812500000002,
    "val_reloads": 0.0,
    "val_nonfinite": 0.0
  },
  "timing_s": {
    "epoch_total": 145.15903902053833,
    "train_free": 92.51502919197083,
    "train_clamp": 21.38795781135559,
    "train_update": 0.7381184101104736
  },
  "vg_stats": {
    "vg_unique_min": 0.5537741991707053,
    "vg_unique_max": 8.0,
    "vg_unique_sat_lo": 0.0,
    "vg_unique_sat_hi": 2.0
  }
}