{
  "epoch": 37,
  "config": {
    "seed": 0,
    "gamma": 3.0,
    "margin": 0.05,
    "delta": 0.02,
    "input_vmin": 0.0,
    "input_vmax": 1.0,
    "rails": [
      0.0,
      0.45
    ],
    "solver": "klu",
    "body_tie": "floating",
    "body_res": 10.0,
    "rs_clamp": 10.0,
    "model_vto": 0.75,
    "vg_cutoff": 0.75,
    "vg_cutoff_epochs": 4,
    "vg_init": {
      "mode": "fixed",
      "lo": 1.0,
      "hi": 3.0,
      "fixed": 4.0
    },
    "epochs": 100,
    "device_include_path": "/home/ma-lab/Desktop/pyclln-final/device_model/nmos_lvl1_ald1106.lib",
    "device_subckt": "NMOSWRAP"
  },
  "train": {
    "acc": 0.9665970772442589,
    "hinge": 0.0065972594989561735,
    "n_free": 1437,
    "n_clamp": 391,
    "hinge_active": 391,
    "hinge_active_frac": 0.2720946416144746,
    "skipped": 1046,
    "reload_free": 0,
    "reload_clamp": 0,
    "nonfinite_free": 0,
    "nonfinite_clamp": 0
  },
  "val": {
    "acc": 0.9444444444444444,
    "hinge": 0.00923881111111111,
    "test_gap_mean": 0.06174283472222222,
    "test_gap_median": 0.06529879999999996,
    "test_gap_std": 0.03628649720457919,
    "test_satisfy_frac": 0.6694444444444444,
    "test_hinge_mean": 0.009238811111111111,
    "val_reloads": 0.0,
    "val_nonfinite": 0.0
  },
  "timing_s": {
    "epoch_total": 157.40438318252563,
    "train_free": 98.87342929840088,
    "train_clamp": 26.841259479522705,
    "train_update": 0.9965560436248779
  },
  "vg_stats": {
    "vg_unique_min": 0.42355864470778054,
    "vg_unique_max": 8.0,
    "vg_unique_sat_lo": 0.0,
    "vg_unique_sat_hi": 4.0
  }
}