{
  "epoch": 12,
  "config": {
    "seed": 0,
    "gamma": 3.0,
    "margin": 0.05,
    "delta": 0.02,
    "input_vmin": 0.0,
    "input_vmax": 1.0,
    "rails": [
      0.0,
      0.45
    ],
    "solver": "klu",
    "body_tie": "floating",
    "body_res": 10.0,
    "rs_clamp": 10.0,
    "model_vto": 0.75,
    "vg_cutoff": 0.75,
    "vg_cutoff_epochs": 4,
    "vg_init": {
      "mode": "fixed",
      "lo": 1.0,
      "hi": 3.0,
      "fixed": 4.0
    },
    "epochs": 100,
    "device_include_path": "/home/ma-lab/Desktop/pyclln-final/device_model/nmos_lvl1_ald1106.lib",
    "device_subckt": "NMOSWRAP"
  },
  "train": {
    "acc": 0.9526791927627001,
    "hinge": 0.010082696172581776,
    "n_free": 1437,
    "n_clamp": 608,
    "hinge_active": 608,
    "hinge_active_frac": 0.4231036882393876,
    "skipped": 829,
    "reload_free": 0,
    "reload_clamp": 0,
    "nonfinite_free": 0,
    "nonfinite_clamp": 0
  },
  "val": {
    "acc": 0.9388888888888889,
    "hinge": 0.011737707777777787,
    "test_gap_mean": 0.04932284666666666,
    "test_gap_median": 0.052292599999999995,
    "test_gap_std": 0.02944943312964973,
    "test_satisfy_frac": 0.5222222222222223,
    "test_hinge_mean": 0.01173770777777778,
    "val_reloads": 0.0,
    "val_nonfinite": 0.0
  },
  "timing_s": {
    "epoch_total": 216.28037190437317,
    "train_free": 121.86934971809387,
    "train_clamp": 51.793933629989624,
    "train_update": 1.7502338886260986
  },
  "vg_stats": {
    "vg_unique_min": 0.4,
    "vg_unique_max": 8.0,
    "vg_unique_sat_lo": 4.0,
    "vg_unique_sat_hi": 4.0
  }
}