{
  "epoch": 11,
  "config": {
    "seed": 0,
    "gamma": 3.0,
    "margin": 0.05,
    "delta": 0.02,
    "input_vmin": 0.0,
    "input_vmax": 1.0,
    "rails": [
      0.0,
      0.45
    ],
    "solver": "klu",
    "body_tie": "floating",
    "body_res": 10.0,
    "rs_clamp": 10.0,
    "model_vto": 0.75,
    "vg_cutoff": 0.75,
    "vg_cutoff_epochs": 4,
    "vg_init": {
      "mode": "fixed",
      "lo": 1.0,
      "hi": 3.0,
      "fixed": 4.0
    },
    "epochs": 100,
    "device_include_path": "/home/ma-lab/Desktop/pyclln-final/device_model/nmos_lvl1_ald1106.lib",
    "device_subckt": "NMOSWRAP"
  },
  "train": {
    "acc": 0.9457202505219207,
    "hinge": 0.01047164544189284,
    "n_free": 1437,
    "n_clamp": 623,
    "hinge_active": 623,
    "hinge_active_frac": 0.43354210160055673,
    "skipped": 814,
    "reload_free": 0,
    "reload_clamp": 0,
    "nonfinite_free": 0,
    "nonfinite_clamp": 0
  },
  "val": {
    "acc": 0.9333333333333333,
    "hinge": 0.012019101666666674,
    "test_gap_mean": 0.048779290555555556,
    "test_gap_median": 0.05116435,
    "test_gap_std": 0.029346170544073638,
    "test_satisfy_frac": 0.5166666666666667,
    "test_hinge_mean": 0.01201910166666667,
    "val_reloads": 0.0,
    "val_nonfinite": 0.0
  },
  "timing_s": {
    "epoch_total": 231.32264351844788,
    "train_free": 129.21055459976196,
    "train_clamp": 56.11197233200073,
    "train_update": 1.6495258808135986
  },
  "vg_stats": {
    "vg_unique_min": 0.4085779750798,
    "vg_unique_max": 8.0,
    "vg_unique_sat_lo": 0.0,
    "vg_unique_sat_hi": 1.0
  }
}