{
  "epoch": 89,
  "config": {
    "seed": 0,
    "gamma": 3.0,
    "margin": 0.05,
    "delta": 0.02,
    "input_vmin": 0.0,
    "input_vmax": 1.0,
    "rails": [
      0.0,
      0.45
    ],
    "solver": "klu",
    "body_tie": "floating",
    "body_res": 10.0,
    "rs_clamp": 10.0,
    "model_vto": 0.75,
    "vg_cutoff": 0.75,
    "vg_cutoff_epochs": 4,
    "vg_init": {
      "mode": "fixed",
      "lo": 1.0,
      "hi": 3.0,
      "fixed": 4.0
    },
    "epochs": 100,
    "device_include_path": "/home/ma-lab/Desktop/pyclln-final/device_model/nmos_lvl1_ald1106.lib",
    "device_subckt": "NMOSWRAP"
  },
  "train": {
    "acc": 0.9791231732776617,
    "hinge": 0.004174344885177455,
    "n_free": 1437,
    "n_clamp": 236,
    "hinge_active": 236,
    "hinge_active_frac": 0.16423103688239388,
    "skipped": 1201,
    "reload_free": 0,
    "reload_clamp": 0,
    "nonfinite_free": 0,
    "nonfinite_clamp": 0
  },
  "val": {
    "acc": 0.9527777777777777,
    "hinge": 0.007377860833333336,
    "test_gap_mean": 0.0823550938888889,
    "test_gap_median": 0.08644974999999999,
    "test_gap_std": 0.047722830898651016,
    "test_satisfy_frac": 0.8,
    "test_hinge_mean": 0.007377860833333334,
    "val_reloads": 0.0,
    "val_nonfinite": 0.0
  },
  "timing_s": {
    "epoch_total": 77.08887362480164,
    "train_free": 50.74557423591614,
    "train_clamp": 8.332754135131836,
    "train_update": 0.41489315032958984
  },
  "vg_stats": {
    "vg_unique_min": 0.6244573242902574,
    "vg_unique_max": 8.0,
    "vg_unique_sat_lo": 0.0,
    "vg_unique_sat_hi": 1.0
  }
}