{
  "epoch": 30,
  "config": {
    "seed": 0,
    "gamma": 3.0,
    "margin": 0.05,
    "delta": 0.02,
    "input_vmin": 0.0,
    "input_vmax": 1.0,
    "rails": [
      0.0,
      0.45
    ],
    "solver": "klu",
    "body_tie": "floating",
    "body_res": 10.0,
    "rs_clamp": 10.0,
    "model_vto": 0.75,
    "vg_cutoff": 0.75,
    "vg_cutoff_epochs": 4,
    "vg_init": {
      "mode": "fixed",
      "lo": 1.0,
      "hi": 3.0,
      "fixed": 4.0
    },
    "epochs": 100,
    "device_include_path": "/home/ma-lab/Desktop/pyclln-final/device_model/nmos_lvl1_ald1106.lib",
    "device_subckt": "NMOSWRAP"
  },
  "train": {
    "acc": 0.9631176061238692,
    "hinge": 0.00724035810716771,
    "n_free": 1437,
    "n_clamp": 421,
    "hinge_active": 421,
    "hinge_active_frac": 0.2929714683368128,
    "skipped": 1016,
    "reload_free": 0,
    "reload_clamp": 0,
    "nonfinite_free": 0,
    "nonfinite_clamp": 0
  },
  "val": {
    "acc": 0.9472222222222222,
    "hinge": 0.009414145833333333,
    "test_gap_mean": 0.05905163888888888,
    "test_gap_median": 0.062303600000000015,
    "test_gap_std": 0.03437284748121916,
    "test_satisfy_frac": 0.6416666666666667,
    "test_hinge_mean": 0.009414145833333335,
    "val_reloads": 0.0,
    "val_nonfinite": 0.0
  },
  "timing_s": {
    "epoch_total": 164.17162704467773,
    "train_free": 102.32642960548401,
    "train_clamp": 30.172598123550415,
    "train_update": 1.0951805114746094
  },
  "vg_stats": {
    "vg_unique_min": 0.47711121006661317,
    "vg_unique_max": 8.0,
    "vg_unique_sat_lo": 0.0,
    "vg_unique_sat_hi": 5.0
  }
}