{
  "epoch": 65,
  "config": {
    "seed": 0,
    "gamma": 3.0,
    "margin": 0.05,
    "delta": 0.02,
    "input_vmin": 0.0,
    "input_vmax": 1.0,
    "rails": [
      0.0,
      0.45
    ],
    "solver": "klu",
    "body_tie": "floating",
    "body_res": 10.0,
    "rs_clamp": 10.0,
    "model_vto": 0.75,
    "vg_cutoff": 0.75,
    "vg_cutoff_epochs": 4,
    "vg_init": {
      "mode": "fixed",
      "lo": 1.0,
      "hi": 3.0,
      "fixed": 4.0
    },
    "epochs": 100,
    "device_include_path": "/home/ma-lab/Desktop/pyclln-final/device_model/nmos_lvl1_ald1106.lib",
    "device_subckt": "NMOSWRAP"
  },
  "train": {
    "acc": 0.9770354906054279,
    "hinge": 0.004921665344467644,
    "n_free": 1437,
    "n_clamp": 279,
    "hinge_active": 279,
    "hinge_active_frac": 0.1941544885177453,
    "skipped": 1158,
    "reload_free": 0,
    "reload_clamp": 0,
    "nonfinite_free": 0,
    "nonfinite_clamp": 0
  },
  "val": {
    "acc": 0.95,
    "hinge": 0.008008182500000006,
    "test_gap_mean": 0.07368514361111111,
    "test_gap_median": 0.07710155000000005,
    "test_gap_std": 0.0430252483805254,
    "test_satisfy_frac": 0.7361111111111112,
    "test_hinge_mean": 0.008008182499999999,
    "val_reloads": 0.0,
    "val_nonfinite": 0.0
  },
  "timing_s": {
    "epoch_total": 110.17854619026184,
    "train_free": 74.8928759098053,
    "train_clamp": 14.535979270935059,
    "train_update": 0.5189354419708252
  },
  "vg_stats": {
    "vg_unique_min": 0.6794672273914512,
    "vg_unique_max": 8.0,
    "vg_unique_sat_lo": 0.0,
    "vg_unique_sat_hi": 3.0
  }
}