{
  "epoch": 53,
  "config": {
    "seed": 0,
    "gamma": 3.0,
    "margin": 0.05,
    "delta": 0.02,
    "input_vmin": 0.0,
    "input_vmax": 1.0,
    "rails": [
      0.0,
      0.45
    ],
    "solver": "klu",
    "body_tie": "floating",
    "body_res": 10.0,
    "rs_clamp": 10.0,
    "model_vto": 0.75,
    "vg_cutoff": 0.75,
    "vg_cutoff_epochs": 4,
    "vg_init": {
      "mode": "fixed",
      "lo": 1.0,
      "hi": 3.0,
      "fixed": 4.0
    },
    "epochs": 100,
    "device_include_path": "/home/ma-lab/Desktop/pyclln-final/device_model/nmos_lvl1_ald1106.lib",
    "device_subckt": "NMOSWRAP"
  },
  "train": {
    "acc": 0.9721642310368824,
    "hinge": 0.005593535768963122,
    "n_free": 1437,
    "n_clamp": 318,
    "hinge_active": 318,
    "hinge_active_frac": 0.22129436325678498,
    "skipped": 1119,
    "reload_free": 0,
    "reload_clamp": 0,
    "nonfinite_free": 0,
    "nonfinite_clamp": 0
  },
  "val": {
    "acc": 0.9555555555555556,
    "hinge": 0.008176845000000007,
    "test_gap_mean": 0.06857510555555556,
    "test_gap_median": 0.07105475,
    "test_gap_std": 0.03946268832799988,
    "test_satisfy_frac": 0.7194444444444444,
    "test_hinge_mean": 0.008176845,
    "val_reloads": 0.0,
    "val_nonfinite": 0.0
  },
  "timing_s": {
    "epoch_total": 139.2283992767334,
    "train_free": 88.6286735534668,
    "train_clamp": 19.707075834274292,
    "train_update": 0.7537145614624023
  },
  "vg_stats": {
    "vg_unique_min": 0.6998731213358143,
    "vg_unique_max": 8.0,
    "vg_unique_sat_lo": 0.0,
    "vg_unique_sat_hi": 3.0
  }
}