{
  "test_gap_mean": 0.14344772472222223,
  "test_gap_median": 0.14652265,
  "test_gap_std": 0.0985599798264639,
  "test_satisfy_frac": 0.6944444444444444,
  "test_hinge_mean": 0.021316286111111114,
  "val_reloads": 0.0,
  "val_nonfinite": 0.0
}