{
  "test_gap_mean": 0.14715596166666667,
  "test_gap_median": 0.15552315,
  "test_gap_std": 0.09565856405536004,
  "test_satisfy_frac": 0.7222222222222222,
  "test_hinge_mean": 0.01994685777777778,
  "val_reloads": 0.0,
  "val_nonfinite": 0.0
}