{
  "test_gap_mean": 0.14523630416666666,
  "test_gap_median": 0.15438660000000004,
  "test_gap_std": 0.09537618912369329,
  "test_satisfy_frac": 0.7055555555555556,
  "test_hinge_mean": 0.02052340138888889,
  "val_reloads": 0.0,
  "val_nonfinite": 0.0
}