{
  "test_gap_mean": 0.14406332194444443,
  "test_gap_median": 0.1485932,
  "test_gap_std": 0.09725878072036159,
  "test_satisfy_frac": 0.6805555555555556,
  "test_hinge_mean": 0.020781438611111116,
  "val_reloads": 0.0,
  "val_nonfinite": 0.0
}