{
  "test_gap_mean": 0.14645769583333335,
  "test_gap_median": 0.15482074999999998,
  "test_gap_std": 0.0940590590267307,
  "test_satisfy_frac": 0.7138888888888889,
  "test_hinge_mean": 0.01961906305555556,
  "val_reloads": 0.0,
  "val_nonfinite": 0.0
}