{
  "test_gap_mean": 0.07406420333333333,
  "test_gap_median": 0.07890319999999998,
  "test_gap_std": 0.0533346718878863,
  "test_satisfy_frac": 0.36944444444444446,
  "test_hinge_mean": 0.03641081305555556,
  "val_reloads": 0.0,
  "val_nonfinite": 0.0
}