{
  "test_gap_mean": 0.14657314361111112,
  "test_gap_median": 0.15324825,
  "test_gap_std": 0.09550608725864175,
  "test_satisfy_frac": 0.7055555555555556,
  "test_hinge_mean": 0.020033140555555558,
  "val_reloads": 0.0,
  "val_nonfinite": 0.0
}