{
  "epoch": 46,
  "config": {
    "seed": 2,
    "gamma": 0.3,
    "margin": 0.1,
    "delta": 0.1,
    "input_vmin": 0.0,
    "input_vmax": 1.0,
    "rails": [
      0.0,
      0.45
    ],
    "solver": "klu",
    "body_tie": "ground",
    "body_res": 10.0,
    "rs_clamp": 10.0,
    "model_vto": 0.75,
    "vg_cutoff": 0.75,
    "vg_cutoff_epochs": 4,
    "vg_init": {
      "mode": "fixed",
      "lo": 1.0,
      "hi": 3.0,
      "fixed": 2.0
    },
    "epochs": 100,
    "device_include_path": "/home/ma-lab/Desktop/pyclln-final/device_model/nmos_lvl1_ald1106.lib",
    "device_subckt": "NMOSWRAP"
  },
  "train": {
    "acc": 0.9359777313848295,
    "hinge": 0.019126129923451647,
    "n_free": 1437,
    "n_clamp": 455,
    "hinge_active": 455,
    "hinge_active_frac": 0.3166318719554628,
    "skipped": 982,
    "reload_free": 0,
    "reload_clamp": 0,
    "nonfinite_free": 0,
    "nonfinite_clamp": 0
  },
  "val": {
    "acc": 0.9166666666666666,
    "hinge": 0.022309696666666667,
    "test_gap_mean": 0.13943783916666666,
    "test_gap_median": 0.14083435,
    "test_gap_std": 0.09875277069124803,
    "test_satisfy_frac": 0.6722222222222223,
    "test_hinge_mean": 0.022309696666666667,
    "val_reloads": 0.0,
    "val_nonfinite": 0.0
  },
  "timing_s": {
    "epoch_total": 12.789283752441406,
    "train_free": 6.119275331497192,
    "train_clamp": 1.8898208141326904,
    "train_update": 0.36897754669189453
  },
  "vg_stats": {
    "vg_unique_min": 0.5459319846293376,
    "vg_unique_max": 3.074046197650752,
    "vg_unique_sat_lo": 0.0,
    "vg_unique_sat_hi": 0.0
  }
}