{
  "epoch": 25,
  "config": {
    "seed": 2,
    "gamma": 0.3,
    "margin": 0.1,
    "delta": 0.1,
    "input_vmin": 0.0,
    "input_vmax": 1.0,
    "rails": [
      0.0,
      0.45
    ],
    "solver": "klu",
    "body_tie": "ground",
    "body_res": 10.0,
    "rs_clamp": 10.0,
    "model_vto": 0.75,
    "vg_cutoff": 0.75,
    "vg_cutoff_epochs": 4,
    "vg_init": {
      "mode": "fixed",
      "lo": 1.0,
      "hi": 3.0,
      "fixed": 2.0
    },
    "epochs": 100,
    "device_include_path": "/home/ma-lab/Desktop/pyclln-final/device_model/nmos_lvl1_ald1106.lib",
    "device_subckt": "NMOSWRAP"
  },
  "train": {
    "acc": 0.9498956158663883,
    "hinge": 0.016296065344467623,
    "n_free": 1437,
    "n_clamp": 390,
    "hinge_active": 390,
    "hinge_active_frac": 0.27139874739039666,
    "skipped": 1047,
    "reload_free": 0,
    "reload_clamp": 0,
    "nonfinite_free": 0,
    "nonfinite_clamp": 0
  },
  "val": {
    "acc": 0.9277777777777778,
    "hinge": 0.01985887166666667,
    "test_gap_mean": 0.14670052805555553,
    "test_gap_median": 0.15604679999999999,
    "test_gap_std": 0.09598060076045295,
    "test_satisfy_frac": 0.7166666666666667,
    "test_hinge_mean": 0.01985887166666667,
    "val_reloads": 0.0,
    "val_nonfinite": 0.0
  },
  "timing_s": {
    "epoch_total": 13.562570571899414,
    "train_free": 6.8258607387542725,
    "train_clamp": 1.8497486114501953,
    "train_update": 0.31274986267089844
  },
  "vg_stats": {
    "vg_unique_min": 0.4,
    "vg_unique_max": 4.080390338103508,
    "vg_unique_sat_lo": 1.0,
    "vg_unique_sat_hi": 0.0
  }
}