{
  "epoch": 20,
  "config": {
    "seed": 2,
    "gamma": 0.3,
    "margin": 0.1,
    "delta": 0.1,
    "input_vmin": 0.0,
    "input_vmax": 1.0,
    "rails": [
      0.0,
      0.45
    ],
    "solver": "klu",
    "body_tie": "ground",
    "body_res": 10.0,
    "rs_clamp": 10.0,
    "model_vto": 0.75,
    "vg_cutoff": 0.75,
    "vg_cutoff_epochs": 4,
    "vg_init": {
      "mode": "fixed",
      "lo": 1.0,
      "hi": 3.0,
      "fixed": 2.0
    },
    "epochs": 100,
    "device_include_path": "/home/ma-lab/Desktop/pyclln-final/device_model/nmos_lvl1_ald1106.lib",
    "device_subckt": "NMOSWRAP"
  },
  "train": {
    "acc": 0.9491997216423104,
    "hinge": 0.01639687425191372,
    "n_free": 1437,
    "n_clamp": 393,
    "hinge_active": 393,
    "hinge_active_frac": 0.27348643006263046,
    "skipped": 1044,
    "reload_free": 0,
    "reload_clamp": 0,
    "nonfinite_free": 0,
    "nonfinite_clamp": 0
  },
  "val": {
    "acc": 0.9305555555555556,
    "hinge": 0.019513739722222225,
    "test_gap_mean": 0.14680248777777777,
    "test_gap_median": 0.15269395,
    "test_gap_std": 0.09450531615234854,
    "test_satisfy_frac": 0.7083333333333334,
    "test_hinge_mean": 0.019513739722222225,
    "val_reloads": 0.0,
    "val_nonfinite": 0.0
  },
  "timing_s": {
    "epoch_total": 16.531924724578857,
    "train_free": 8.612518072128296,
    "train_clamp": 2.344144582748413,
    "train_update": 0.3472294807434082
  },
  "vg_stats": {
    "vg_unique_min": 0.49708689715296345,
    "vg_unique_max": 4.1773371359926035,
    "vg_unique_sat_lo": 0.0,
    "vg_unique_sat_hi": 0.0
  }
}