{
  "epoch": 39,
  "config": {
    "seed": 2,
    "gamma": 0.3,
    "margin": 0.1,
    "delta": 0.1,
    "input_vmin": 0.0,
    "input_vmax": 1.0,
    "rails": [
      0.0,
      0.45
    ],
    "solver": "klu",
    "body_tie": "ground",
    "body_res": 10.0,
    "rs_clamp": 10.0,
    "model_vto": 0.75,
    "vg_cutoff": 0.75,
    "vg_cutoff_epochs": 4,
    "vg_init": {
      "mode": "fixed",
      "lo": 1.0,
      "hi": 3.0,
      "fixed": 2.0
    },
    "epochs": 100,
    "device_include_path": "/home/ma-lab/Desktop/pyclln-final/device_model/nmos_lvl1_ald1106.lib",
    "device_subckt": "NMOSWRAP"
  },
  "train": {
    "acc": 0.9380654140570633,
    "hinge": 0.01832978225469727,
    "n_free": 1437,
    "n_clamp": 440,
    "hinge_active": 440,
    "hinge_active_frac": 0.30619345859429364,
    "skipped": 997,
    "reload_free": 0,
    "reload_clamp": 0,
    "nonfinite_free": 0,
    "nonfinite_clamp": 0
  },
  "val": {
    "acc": 0.9166666666666666,
    "hinge": 0.021542840833333327,
    "test_gap_mean": 0.13948481444444444,
    "test_gap_median": 0.14455720000000002,
    "test_gap_std": 0.09508263215014999,
    "test_satisfy_frac": 0.6583333333333333,
    "test_hinge_mean": 0.021542840833333333,
    "val_reloads": 0.0,
    "val_nonfinite": 0.0
  },
  "timing_s": {
    "epoch_total": 14.439930200576782,
    "train_free": 6.866161346435547,
    "train_clamp": 2.0694072246551514,
    "train_update": 0.3912334442138672
  },
  "vg_stats": {
    "vg_unique_min": 0.603483391620187,
    "vg_unique_max": 3.4828939403701824,
    "vg_unique_sat_lo": 0.0,
    "vg_unique_sat_hi": 0.0
  }
}