{
  "test_gap_mean": 0.109390915,
  "test_gap_median": 0.10171260000000001,
  "test_gap_std": 0.08133052516495778,
  "test_satisfy_frac": 0.775,
  "test_hinge_mean": 0.009461333611111112,
  "val_reloads": 0.0,
  "val_nonfinite": 0.0
}