{
  "test_gap_mean": 0.10589946388888889,
  "test_gap_median": 0.10700915,
  "test_gap_std": 0.07120945688469979,
  "test_satisfy_frac": 0.8083333333333333,
  "test_hinge_mean": 0.008647456944444446,
  "val_reloads": 0.0,
  "val_nonfinite": 0.0
}