{
  "test_gap_mean": 0.09734644916666665,
  "test_gap_median": 0.10245420000000002,
  "test_gap_std": 0.06184657380348746,
  "test_satisfy_frac": 0.8222222222222222,
  "test_hinge_mean": 0.008500694444444444,
  "val_reloads": 0.0,
  "val_nonfinite": 0.0
}