{
  "test_gap_mean": 0.10410149472222222,
  "test_gap_median": 0.10444194999999998,
  "test_gap_std": 0.07049800846933078,
  "test_satisfy_frac": 0.8055555555555556,
  "test_hinge_mean": 0.009005541666666669,
  "val_reloads": 0.0,
  "val_nonfinite": 0.0
}