{
  "test_gap_mean": 0.05906008944444445,
  "test_gap_median": 0.06263149999999998,
  "test_gap_std": 0.038243643851389786,
  "test_satisfy_frac": 0.6333333333333333,
  "test_hinge_mean": 0.011356911666666665,
  "val_reloads": 0.0,
  "val_nonfinite": 0.0
}