{
  "test_gap_mean": 0.1077471463888889,
  "test_gap_median": 0.10435379999999997,
  "test_gap_std": 0.07797537346807744,
  "test_satisfy_frac": 0.7944444444444444,
  "test_hinge_mean": 0.009651948055555557,
  "val_reloads": 0.0,
  "val_nonfinite": 0.0
}