{
  "test_gap_mean": 0.10912858083333335,
  "test_gap_median": 0.10735564999999997,
  "test_gap_std": 0.08156542390122445,
  "test_satisfy_frac": 0.7972222222222223,
  "test_hinge_mean": 0.010087628055555556,
  "val_reloads": 0.0,
  "val_nonfinite": 0.0
}