{
  "test_gap_mean": 0.10179427666666664,
  "test_gap_median": 0.10527569999999997,
  "test_gap_std": 0.06785885032367563,
  "test_satisfy_frac": 0.8055555555555556,
  "test_hinge_mean": 0.008999791111111113,
  "val_reloads": 0.0,
  "val_nonfinite": 0.0
}