{
  "test_gap_mean": 0.04099977916666667,
  "test_gap_median": 0.04542560000000004,
  "test_gap_std": 0.030673602891469046,
  "test_satisfy_frac": 0.4305555555555556,
  "test_hinge_mean": 0.016963608888888888,
  "val_reloads": 0.0,
  "val_nonfinite": 0.0
}