{
  "test_gap_mean": 0.08528826527777777,
  "test_gap_median": 0.08949984999999996,
  "test_gap_std": 0.05334630764833828,
  "test_satisfy_frac": 0.7861111111111111,
  "test_hinge_mean": 0.00892084388888889,
  "val_reloads": 0.0,
  "val_nonfinite": 0.0
}