{
  "test_gap_mean": 0.1059969461111111,
  "test_gap_median": 0.10212964999999999,
  "test_gap_std": 0.07613748409055736,
  "test_satisfy_frac": 0.7805555555555556,
  "test_hinge_mean": 0.009452550555555557,
  "val_reloads": 0.0,
  "val_nonfinite": 0.0
}