{
  "test_gap_mean": 0.09907764083333336,
  "test_gap_median": 0.1036069,
  "test_gap_std": 0.06338320095547027,
  "test_satisfy_frac": 0.8111111111111111,
  "test_hinge_mean": 0.00853347638888889,
  "val_reloads": 0.0,
  "val_nonfinite": 0.0
}