{
  "test_gap_mean": 0.10500967861111112,
  "test_gap_median": 0.1087553,
  "test_gap_std": 0.0699106803683045,
  "test_satisfy_frac": 0.8055555555555556,
  "test_hinge_mean": 0.008910500555555556,
  "val_reloads": 0.0,
  "val_nonfinite": 0.0
}