{
  "test_gap_mean": 0.08363672388888889,
  "test_gap_median": 0.08715980000000001,
  "test_gap_std": 0.053817542864145106,
  "test_satisfy_frac": 0.7638888888888888,
  "test_hinge_mean": 0.009392924444444443,
  "val_reloads": 0.0,
  "val_nonfinite": 0.0
}