{
  "test_gap_mean": 0.10779171027777777,
  "test_gap_median": 0.09883130000000004,
  "test_gap_std": 0.08055182890960659,
  "test_satisfy_frac": 0.7777777777777778,
  "test_hinge_mean": 0.009928521944444444,
  "val_reloads": 0.0,
  "val_nonfinite": 0.0
}