{
  "epoch": 89,
  "config": {
    "seed": 2,
    "gamma": 0.3,
    "margin": 0.05,
    "delta": 0.1,
    "input_vmin": 0.0,
    "input_vmax": 1.0,
    "rails": [
      0.0,
      0.45
    ],
    "solver": "klu",
    "body_tie": "ground",
    "body_res": 10.0,
    "rs_clamp": 10.0,
    "model_vto": 0.75,
    "vg_cutoff": 0.75,
    "vg_cutoff_epochs": 4,
    "vg_init": {
      "mode": "random",
      "lo": 0.75,
      "hi": 3.0,
      "fixed": 2.0
    },
    "epochs": 100,
    "device_include_path": "/home/ma-lab/Desktop/pyclln-final/device_model/nmos_lvl1_ald1106.lib",
    "device_subckt": "NMOSWRAP"
  },
  "train": {
    "acc": 0.9575504523312457,
    "hinge": 0.006032956367432151,
    "n_free": 1437,
    "n_clamp": 256,
    "hinge_active": 256,
    "hinge_active_frac": 0.1781489213639527,
    "skipped": 1181,
    "reload_free": 0,
    "reload_clamp": 0,
    "nonfinite_free": 0,
    "nonfinite_clamp": 0
  },
  "val": {
    "acc": 0.9277777777777778,
    "hinge": 0.009152442222222225,
    "test_gap_mean": 0.10848903666666665,
    "test_gap_median": 0.0998715,
    "test_gap_std": 0.07925057846637559,
    "test_satisfy_frac": 0.7694444444444445,
    "test_hinge_mean": 0.009152442222222223,
    "val_reloads": 0.0,
    "val_nonfinite": 0.0
  },
  "timing_s": {
    "epoch_total": 13.779032468795776,
    "train_free": 7.21916651725769,
    "train_clamp": 1.2593035697937012,
    "train_update": 0.2855815887451172
  },
  "vg_stats": {
    "vg_unique_min": 0.6198768755997717,
    "vg_unique_max": 4.102452580184232,
    "vg_unique_sat_lo": 0.0,
    "vg_unique_sat_hi": 0.0
  }
}