{
  "epoch": 16,
  "config": {
    "seed": 2,
    "gamma": 0.3,
    "margin": 0.05,
    "delta": 0.1,
    "input_vmin": 0.0,
    "input_vmax": 1.0,
    "rails": [
      0.0,
      0.45
    ],
    "solver": "klu",
    "body_tie": "ground",
    "body_res": 10.0,
    "rs_clamp": 10.0,
    "model_vto": 0.75,
    "vg_cutoff": 0.75,
    "vg_cutoff_epochs": 4,
    "vg_init": {
      "mode": "random",
      "lo": 0.75,
      "hi": 3.0,
      "fixed": 2.0
    },
    "epochs": 100,
    "device_include_path": "/home/ma-lab/Desktop/pyclln-final/device_model/nmos_lvl1_ald1106.lib",
    "device_subckt": "NMOSWRAP"
  },
  "train": {
    "acc": 0.9589422407794015,
    "hinge": 0.005657457132915801,
    "n_free": 1437,
    "n_clamp": 257,
    "hinge_active": 257,
    "hinge_active_frac": 0.17884481558803061,
    "skipped": 1180,
    "reload_free": 0,
    "reload_clamp": 0,
    "nonfinite_free": 0,
    "nonfinite_clamp": 0
  },
  "val": {
    "acc": 0.925,
    "hinge": 0.008691958611111116,
    "test_gap_mean": 0.08685766277777777,
    "test_gap_median": 0.09181885000000001,
    "test_gap_std": 0.05428508208415143,
    "test_satisfy_frac": 0.7694444444444445,
    "test_hinge_mean": 0.00869195861111111,
    "val_reloads": 0.0,
    "val_nonfinite": 0.0
  },
  "timing_s": {
    "epoch_total": 36.685203313827515,
    "train_free": 21.5874662399292,
    "train_clamp": 3.87050461769104,
    "train_update": 0.49629688262939453
  },
  "vg_stats": {
    "vg_unique_min": 0.45044616119378533,
    "vg_unique_max": 4.582180660551446,
    "vg_unique_sat_lo": 0.0,
    "vg_unique_sat_hi": 0.0
  }
}