{
  "epoch": 20,
  "config": {
    "seed": 2,
    "gamma": 0.3,
    "margin": 0.05,
    "delta": 0.1,
    "input_vmin": 0.0,
    "input_vmax": 1.0,
    "rails": [
      0.0,
      0.45
    ],
    "solver": "klu",
    "body_tie": "ground",
    "body_res": 10.0,
    "rs_clamp": 10.0,
    "model_vto": 0.75,
    "vg_cutoff": 0.75,
    "vg_cutoff_epochs": 4,
    "vg_init": {
      "mode": "random",
      "lo": 0.75,
      "hi": 3.0,
      "fixed": 2.0
    },
    "epochs": 100,
    "device_include_path": "/home/ma-lab/Desktop/pyclln-final/device_model/nmos_lvl1_ald1106.lib",
    "device_subckt": "NMOSWRAP"
  },
  "train": {
    "acc": 0.9610299234516354,
    "hinge": 0.005303886499652053,
    "n_free": 1437,
    "n_clamp": 236,
    "hinge_active": 236,
    "hinge_active_frac": 0.16423103688239388,
    "skipped": 1201,
    "reload_free": 0,
    "reload_clamp": 0,
    "nonfinite_free": 0,
    "nonfinite_clamp": 0
  },
  "val": {
    "acc": 0.9416666666666667,
    "hinge": 0.008486985555555557,
    "test_gap_mean": 0.09098820388888888,
    "test_gap_median": 0.09571964999999999,
    "test_gap_std": 0.05679987932203129,
    "test_satisfy_frac": 0.7833333333333333,
    "test_hinge_mean": 0.008486985555555555,
    "val_reloads": 0.0,
    "val_nonfinite": 0.0
  },
  "timing_s": {
    "epoch_total": 32.55677056312561,
    "train_free": 19.180132389068604,
    "train_clamp": 3.1488773822784424,
    "train_update": 0.38103151321411133
  },
  "vg_stats": {
    "vg_unique_min": 0.5277660029585352,
    "vg_unique_max": 4.719759758266946,
    "vg_unique_sat_lo": 0.0,
    "vg_unique_sat_hi": 0.0
  }
}