{
  "test_gap_mean": 0.026211873055555553,
  "test_gap_median": 0.02750024999999999,
  "test_gap_std": 0.018889168503944603,
  "test_satisfy_frac": 0.08055555555555556,
  "test_hinge_mean": 0.024305594999999996,
  "val_reloads": 0.0,
  "val_nonfinite": 0.0
}