{
  "test_gap_mean": 0.06874736833333334,
  "test_gap_median": 0.07081510000000002,
  "test_gap_std": 0.03619801954482144,
  "test_satisfy_frac": 0.725,
  "test_hinge_mean": 0.0074405858333333325,
  "val_reloads": 0.0,
  "val_nonfinite": 0.0
}