{
  "test_gap_mean": 0.08584998527777778,
  "test_gap_median": 0.08847395,
  "test_gap_std": 0.04550428222259332,
  "test_satisfy_frac": 0.8222222222222222,
  "test_hinge_mean": 0.0063332175,
  "val_reloads": 0.0,
  "val_nonfinite": 0.0
}