{
  "test_gap_mean": 0.07108837388888889,
  "test_gap_median": 0.0742458,
  "test_gap_std": 0.03659790466820678,
  "test_satisfy_frac": 0.75,
  "test_hinge_mean": 0.007014423055555557,
  "val_reloads": 0.0,
  "val_nonfinite": 0.0
}