{
  "test_gap_mean": 0.07643791138888889,
  "test_gap_median": 0.07923150000000004,
  "test_gap_std": 0.04034926760645461,
  "test_satisfy_frac": 0.775,
  "test_hinge_mean": 0.006618051111111111,
  "val_reloads": 0.0,
  "val_nonfinite": 0.0
}