{
  "test_gap_mean": 0.07348997,
  "test_gap_median": 0.07712860000000002,
  "test_gap_std": 0.037984592497296264,
  "test_satisfy_frac": 0.7666666666666667,
  "test_hinge_mean": 0.006807801944444446,
  "val_reloads": 0.0,
  "val_nonfinite": 0.0
}