{
  "test_gap_mean": 0.055907997777777774,
  "test_gap_median": 0.0607789,
  "test_gap_std": 0.02908400073410533,
  "test_satisfy_frac": 0.6388888888888888,
  "test_hinge_mean": 0.009186215833333334,
  "val_reloads": 0.0,
  "val_nonfinite": 0.0
}