{
  "test_gap_mean": 0.08602106805555555,
  "test_gap_median": 0.08883304999999997,
  "test_gap_std": 0.04569213010688258,
  "test_satisfy_frac": 0.825,
  "test_hinge_mean": 0.0063030122222222235,
  "val_reloads": 0.0,
  "val_nonfinite": 0.0
}