{
  "epoch": 23,
  "config": {
    "seed": 1,
    "gamma": 0.3,
    "margin": 0.05,
    "delta": 0.05,
    "input_vmin": 0.0,
    "input_vmax": 1.0,
    "rails": [
      0.0,
      0.45
    ],
    "solver": "klu",
    "body_tie": "source",
    "body_res": 10.0,
    "rs_clamp": 10.0,
    "model_vto": 0.75,
    "vg_cutoff": 0.75,
    "vg_cutoff_epochs": 4,
    "vg_init": {
      "mode": "random",
      "lo": 1.5,
      "hi": 2.5,
      "fixed": 2.0
    },
    "epochs": 100,
    "device_include_path": "/home/ma-lab/Desktop/pyclln-final/device_model/nmos_lvl1_ald1106.lib",
    "device_subckt": "NMOSWRAP"
  },
  "train": {
    "acc": 0.9631176061238692,
    "hinge": 0.007637711482254707,
    "n_free": 1437,
    "n_clamp": 421,
    "hinge_active": 421,
    "hinge_active_frac": 0.2929714683368128,
    "skipped": 1016,
    "reload_free": 0,
    "reload_clamp": 0,
    "nonfinite_free": 0,
    "nonfinite_clamp": 0
  },
  "val": {
    "acc": 0.9527777777777777,
    "hinge": 0.008261672777777783,
    "test_gap_mean": 0.06029122944444444,
    "test_gap_median": 0.06347675,
    "test_gap_std": 0.03126251610236504,
    "test_satisfy_frac": 0.6722222222222223,
    "test_hinge_mean": 0.008261672777777779,
    "val_reloads": 0.0,
    "val_nonfinite": 0.0
  },
  "timing_s": {
    "epoch_total": 63.39157056808472,
    "train_free": 35.71612501144409,
    "train_clamp": 10.397921562194824,
    "train_update": 1.1137950420379639
  },
  "vg_stats": {
    "vg_unique_min": 0.6268432562353273,
    "vg_unique_max": 5.203643426972904,
    "vg_unique_sat_lo": 0.0,
    "vg_unique_sat_hi": 0.0
  }
}