{
  "epoch": 89,
  "config": {
    "seed": 1,
    "gamma": 0.3,
    "margin": 0.05,
    "delta": 0.05,
    "input_vmin": 0.0,
    "input_vmax": 1.0,
    "rails": [
      0.0,
      0.45
    ],
    "solver": "klu",
    "body_tie": "source",
    "body_res": 10.0,
    "rs_clamp": 10.0,
    "model_vto": 0.75,
    "vg_cutoff": 0.75,
    "vg_cutoff_epochs": 4,
    "vg_init": {
      "mode": "random",
      "lo": 1.5,
      "hi": 2.5,
      "fixed": 2.0
    },
    "epochs": 100,
    "device_include_path": "/home/ma-lab/Desktop/pyclln-final/device_model/nmos_lvl1_ald1106.lib",
    "device_subckt": "NMOSWRAP"
  },
  "train": {
    "acc": 0.9728601252609603,
    "hinge": 0.004198324913013224,
    "n_free": 1437,
    "n_clamp": 228,
    "hinge_active": 228,
    "hinge_active_frac": 0.15866388308977036,
    "skipped": 1209,
    "reload_free": 0,
    "reload_clamp": 0,
    "nonfinite_free": 0,
    "nonfinite_clamp": 0
  },
  "val": {
    "acc": 0.9527777777777777,
    "hinge": 0.006231633611111111,
    "test_gap_mean": 0.08665715777777777,
    "test_gap_median": 0.08936459999999999,
    "test_gap_std": 0.04586407473586907,
    "test_satisfy_frac": 0.8194444444444444,
    "test_hinge_mean": 0.006231633611111111,
    "val_reloads": 0.0,
    "val_nonfinite": 0.0
  },
  "timing_s": {
    "epoch_total": 24.86759853363037,
    "train_free": 14.836834907531738,
    "train_clamp": 2.3541762828826904,
    "train_update": 0.26641154289245605
  },
  "vg_stats": {
    "vg_unique_min": 0.7175800328191144,
    "vg_unique_max": 6.483265806667517,
    "vg_unique_sat_lo": 0.0,
    "vg_unique_sat_hi": 0.0
  }
}