{
  "epoch": 95,
  "config": {
    "seed": 1,
    "gamma": 0.3,
    "margin": 0.05,
    "delta": 0.05,
    "input_vmin": 0.0,
    "input_vmax": 1.0,
    "rails": [
      0.0,
      0.45
    ],
    "solver": "klu",
    "body_tie": "source",
    "body_res": 10.0,
    "rs_clamp": 10.0,
    "model_vto": 0.75,
    "vg_cutoff": 0.75,
    "vg_cutoff_epochs": 4,
    "vg_init": {
      "mode": "random",
      "lo": 1.5,
      "hi": 2.5,
      "fixed": 2.0
    },
    "epochs": 100,
    "device_include_path": "/home/ma-lab/Desktop/pyclln-final/device_model/nmos_lvl1_ald1106.lib",
    "device_subckt": "NMOSWRAP"
  },
  "train": {
    "acc": 0.9742519137091162,
    "hinge": 0.004169980375782882,
    "n_free": 1437,
    "n_clamp": 229,
    "hinge_active": 229,
    "hinge_active_frac": 0.1593597773138483,
    "skipped": 1208,
    "reload_free": 0,
    "reload_clamp": 0,
    "nonfinite_free": 0,
    "nonfinite_clamp": 0
  },
  "val": {
    "acc": 0.9527777777777777,
    "hinge": 0.006384675833333333,
    "test_gap_mean": 0.08702422027777777,
    "test_gap_median": 0.08939530000000004,
    "test_gap_std": 0.04649986838880664,
    "test_satisfy_frac": 0.8166666666666667,
    "test_hinge_mean": 0.006384675833333333,
    "val_reloads": 0.0,
    "val_nonfinite": 0.0
  },
  "timing_s": {
    "epoch_total": 28.313871383666992,
    "train_free": 16.488857746124268,
    "train_clamp": 2.6163952350616455,
    "train_update": 0.33673882484436035
  },
  "vg_stats": {
    "vg_unique_min": 0.6959930637329753,
    "vg_unique_max": 6.46322317547956,
    "vg_unique_sat_lo": 0.0,
    "vg_unique_sat_hi": 0.0
  }
}