{
  "epoch": 24,
  "config": {
    "seed": 1,
    "gamma": 0.3,
    "margin": 0.05,
    "delta": 0.05,
    "input_vmin": 0.0,
    "input_vmax": 1.0,
    "rails": [
      0.0,
      0.45
    ],
    "solver": "klu",
    "body_tie": "source",
    "body_res": 10.0,
    "rs_clamp": 10.0,
    "model_vto": 0.75,
    "vg_cutoff": 0.75,
    "vg_cutoff_epochs": 4,
    "vg_init": {
      "mode": "random",
      "lo": 1.5,
      "hi": 2.5,
      "fixed": 2.0
    },
    "epochs": 100,
    "device_include_path": "/home/ma-lab/Desktop/pyclln-final/device_model/nmos_lvl1_ald1106.lib",
    "device_subckt": "NMOSWRAP"
  },
  "train": {
    "acc": 0.9575504523312457,
    "hinge": 0.007475027000695899,
    "n_free": 1437,
    "n_clamp": 427,
    "hinge_active": 427,
    "hinge_active_frac": 0.2971468336812804,
    "skipped": 1010,
    "reload_free": 0,
    "reload_clamp": 0,
    "nonfinite_free": 0,
    "nonfinite_clamp": 0
  },
  "val": {
    "acc": 0.9555555555555556,
    "hinge": 0.008222021111111116,
    "test_gap_mean": 0.06124844166666667,
    "test_gap_median": 0.06514875000000003,
    "test_gap_std": 0.03208608546096973,
    "test_satisfy_frac": 0.6777777777777778,
    "test_hinge_mean": 0.008222021111111113,
    "val_reloads": 0.0,
    "val_nonfinite": 0.0
  },
  "timing_s": {
    "epoch_total": 58.43803548812866,
    "train_free": 32.6054949760437,
    "train_clamp": 9.804761171340942,
    "train_update": 0.8145921230316162
  },
  "vg_stats": {
    "vg_unique_min": 0.5805594288917978,
    "vg_unique_max": 5.290373616448731,
    "vg_unique_sat_lo": 0.0,
    "vg_unique_sat_hi": 0.0
  }
}