{
  "epoch": 10,
  "config": {
    "seed": 1,
    "gamma": 0.3,
    "margin": 0.05,
    "delta": 0.05,
    "input_vmin": 0.0,
    "input_vmax": 1.0,
    "rails": [
      0.0,
      0.45
    ],
    "solver": "klu",
    "body_tie": "source",
    "body_res": 10.0,
    "rs_clamp": 10.0,
    "model_vto": 0.75,
    "vg_cutoff": 0.75,
    "vg_cutoff_epochs": 4,
    "vg_init": {
      "mode": "random",
      "lo": 1.5,
      "hi": 2.5,
      "fixed": 2.0
    },
    "epochs": 100,
    "device_include_path": "/home/ma-lab/Desktop/pyclln-final/device_model/nmos_lvl1_ald1106.lib",
    "device_subckt": "NMOSWRAP"
  },
  "train": {
    "acc": 0.9498956158663883,
    "hinge": 0.011022741127348641,
    "n_free": 1437,
    "n_clamp": 654,
    "hinge_active": 654,
    "hinge_active_frac": 0.4551148225469729,
    "skipped": 783,
    "reload_free": 0,
    "reload_clamp": 0,
    "nonfinite_free": 0,
    "nonfinite_clamp": 0
  },
  "val": {
    "acc": 0.9416666666666667,
    "hinge": 0.01100731777777778,
    "test_gap_mean": 0.04911904361111111,
    "test_gap_median": 0.05198415000000001,
    "test_gap_std": 0.02659897252811998,
    "test_satisfy_frac": 0.5361111111111111,
    "test_hinge_mean": 0.01100731777777778,
    "val_reloads": 0.0,
    "val_nonfinite": 0.0
  },
  "timing_s": {
    "epoch_total": 80.79354357719421,
    "train_free": 41.567049741744995,
    "train_clamp": 18.81872868537903,
    "train_update": 1.7310125827789307
  },
  "vg_stats": {
    "vg_unique_min": 0.4,
    "vg_unique_max": 4.156929447639276,
    "vg_unique_sat_lo": 1.0,
    "vg_unique_sat_hi": 0.0
  }
}