{
  "test_gap_mean": 0.08038953,
  "test_gap_median": 0.08130815000000002,
  "test_gap_std": 0.04640071970567842,
  "test_satisfy_frac": 0.7527777777777778,
  "test_hinge_mean": 0.007205455833333334,
  "val_reloads": 0.0,
  "val_nonfinite": 0.0
}