{
  "test_gap_mean": 0.09401396777777779,
  "test_gap_median": 0.09652675000000002,
  "test_gap_std": 0.0557264403127692,
  "test_satisfy_frac": 0.8194444444444444,
  "test_hinge_mean": 0.006846445555555556,
  "val_reloads": 0.0,
  "val_nonfinite": 0.0
}