{
  "test_gap_mean": 0.0716473675,
  "test_gap_median": 0.07397940000000003,
  "test_gap_std": 0.041298536422507685,
  "test_satisfy_frac": 0.7472222222222222,
  "test_hinge_mean": 0.007936942222222222,
  "val_reloads": 0.0,
  "val_nonfinite": 0.0
}