{
  "test_gap_mean": 0.0927343038888889,
  "test_gap_median": 0.09358069999999999,
  "test_gap_std": 0.05434346250716095,
  "test_satisfy_frac": 0.8222222222222222,
  "test_hinge_mean": 0.006687634166666667,
  "val_reloads": 0.0,
  "val_nonfinite": 0.0
}