{
  "test_gap_mean": 0.09048885722222223,
  "test_gap_median": 0.09164429999999998,
  "test_gap_std": 0.05316071903464272,
  "test_satisfy_frac": 0.8111111111111111,
  "test_hinge_mean": 0.006695745277777777,
  "val_reloads": 0.0,
  "val_nonfinite": 0.0
}