{
  "test_gap_mean": 0.09357043166666666,
  "test_gap_median": 0.09359145000000002,
  "test_gap_std": 0.05558668176065496,
  "test_satisfy_frac": 0.825,
  "test_hinge_mean": 0.006687310000000001,
  "val_reloads": 0.0,
  "val_nonfinite": 0.0
}