{
  "test_gap_mean": 0.09358493638888889,
  "test_gap_median": 0.0935658,
  "test_gap_std": 0.055892672766097315,
  "test_satisfy_frac": 0.8222222222222222,
  "test_hinge_mean": 0.007005901666666666,
  "val_reloads": 0.0,
  "val_nonfinite": 0.0
}