{
  "test_gap_mean": 0.09321469499999999,
  "test_gap_median": 0.09446605000000008,
  "test_gap_std": 0.056600355465951685,
  "test_satisfy_frac": 0.8055555555555556,
  "test_hinge_mean": 0.007129059722222222,
  "val_reloads": 0.0,
  "val_nonfinite": 0.0
}