{
  "test_gap_mean": 0.09365255666666666,
  "test_gap_median": 0.09269785000000005,
  "test_gap_std": 0.056839183677784774,
  "test_satisfy_frac": 0.8083333333333333,
  "test_hinge_mean": 0.007210765277777777,
  "val_reloads": 0.0,
  "val_nonfinite": 0.0
}