{
  "epoch": 23,
  "config": {
    "seed": 0,
    "gamma": 3.0,
    "margin": 0.05,
    "delta": 0.02,
    "input_vmin": 0.0,
    "input_vmax": 1.0,
    "rails": [
      0.0,
      0.45
    ],
    "solver": "klu",
    "body_tie": "floating",
    "body_res": 10.0,
    "rs_clamp": 10.0,
    "model_vto": 0.75,
    "vg_cutoff": 0.75,
    "vg_cutoff_epochs": 4,
    "vg_init": {
      "mode": "random",
      "lo": 0.75,
      "hi": 3.0,
      "fixed": 2.0
    },
    "epochs": 100,
    "device_include_path": "/home/ma-lab/Desktop/pyclln-final/device_model/nmos_lvl1_ald1106.lib",
    "device_subckt": "NMOSWRAP"
  },
  "train": {
    "acc": 0.9749478079331941,
    "hinge": 0.004691386430062631,
    "n_free": 1437,
    "n_clamp": 256,
    "hinge_active": 256,
    "hinge_active_frac": 0.1781489213639527,
    "skipped": 1181,
    "reload_free": 0,
    "reload_clamp": 0,
    "nonfinite_free": 0,
    "nonfinite_clamp": 0
  },
  "val": {
    "acc": 0.9555555555555556,
    "hinge": 0.00747121277777778,
    "test_gap_mean": 0.08087743166666667,
    "test_gap_median": 0.08328585000000005,
    "test_gap_std": 0.04704690518765226,
    "test_satisfy_frac": 0.7666666666666667,
    "test_hinge_mean": 0.007471212777777778,
    "val_reloads": 0.0,
    "val_nonfinite": 0.0
  },
  "timing_s": {
    "epoch_total": 65.7222068309784,
    "train_free": 41.962769985198975,
    "train_clamp": 7.516441583633423,
    "train_update": 0.448986291885376
  },
  "vg_stats": {
    "vg_unique_min": 0.5538173265774547,
    "vg_unique_max": 7.08265351429487,
    "vg_unique_sat_lo": 0.0,
    "vg_unique_sat_hi": 0.0
  }
}