{
  "epoch": 94,
  "config": {
    "seed": 0,
    "gamma": 3.0,
    "margin": 0.05,
    "delta": 0.02,
    "input_vmin": 0.0,
    "input_vmax": 1.0,
    "rails": [
      0.0,
      0.45
    ],
    "solver": "klu",
    "body_tie": "floating",
    "body_res": 10.0,
    "rs_clamp": 10.0,
    "model_vto": 0.75,
    "vg_cutoff": 0.75,
    "vg_cutoff_epochs": 4,
    "vg_init": {
      "mode": "random",
      "lo": 0.75,
      "hi": 3.0,
      "fixed": 2.0
    },
    "epochs": 100,
    "device_include_path": "/home/ma-lab/Desktop/pyclln-final/device_model/nmos_lvl1_ald1106.lib",
    "device_subckt": "NMOSWRAP"
  },
  "train": {
    "acc": 0.9805149617258176,
    "hinge": 0.003330690327070286,
    "n_free": 1437,
    "n_clamp": 200,
    "hinge_active": 200,
    "hinge_active_frac": 0.13917884481558804,
    "skipped": 1237,
    "reload_free": 0,
    "reload_clamp": 0,
    "nonfinite_free": 0,
    "nonfinite_clamp": 0
  },
  "val": {
    "acc": 0.9611111111111111,
    "hinge": 0.006755558888888888,
    "test_gap_mean": 0.09471899222222224,
    "test_gap_median": 0.09489985000000001,
    "test_gap_std": 0.05660732187676928,
    "test_satisfy_frac": 0.8222222222222222,
    "test_hinge_mean": 0.00675555888888889,
    "val_reloads": 0.0,
    "val_nonfinite": 0.0
  },
  "timing_s": {
    "epoch_total": 28.705423831939697,
    "train_free": 17.818224668502808,
    "train_clamp": 2.450518846511841,
    "train_update": 0.22371435165405273
  },
  "vg_stats": {
    "vg_unique_min": 0.6981864730233494,
    "vg_unique_max": 7.920086209896918,
    "vg_unique_sat_lo": 0.0,
    "vg_unique_sat_hi": 0.0
  }
}