{
  "epoch": 27,
  "config": {
    "seed": 0,
    "gamma": 3.0,
    "margin": 0.05,
    "delta": 0.02,
    "input_vmin": 0.0,
    "input_vmax": 1.0,
    "rails": [
      0.0,
      0.45
    ],
    "solver": "klu",
    "body_tie": "floating",
    "body_res": 10.0,
    "rs_clamp": 10.0,
    "model_vto": 0.75,
    "vg_cutoff": 0.75,
    "vg_cutoff_epochs": 4,
    "vg_init": {
      "mode": "random",
      "lo": 0.75,
      "hi": 3.0,
      "fixed": 2.0
    },
    "epochs": 100,
    "device_include_path": "/home/ma-lab/Desktop/pyclln-final/device_model/nmos_lvl1_ald1106.lib",
    "device_subckt": "NMOSWRAP"
  },
  "train": {
    "acc": 0.9735560194850382,
    "hinge": 0.004466823242867085,
    "n_free": 1437,
    "n_clamp": 240,
    "hinge_active": 240,
    "hinge_active_frac": 0.16701461377870563,
    "skipped": 1197,
    "reload_free": 0,
    "reload_clamp": 0,
    "nonfinite_free": 0,
    "nonfinite_clamp": 0
  },
  "val": {
    "acc": 0.9555555555555556,
    "hinge": 0.007725891388888892,
    "test_gap_mean": 0.08432733555555555,
    "test_gap_median": 0.08548044999999996,
    "test_gap_std": 0.0503302677267954,
    "test_satisfy_frac": 0.7944444444444444,
    "test_hinge_mean": 0.00772589138888889,
    "val_reloads": 0.0,
    "val_nonfinite": 0.0
  },
  "timing_s": {
    "epoch_total": 52.87987756729126,
    "train_free": 35.36346197128296,
    "train_clamp": 5.876753091812134,
    "train_update": 0.3686075210571289
  },
  "vg_stats": {
    "vg_unique_min": 0.4349818599157433,
    "vg_unique_max": 7.251603812399479,
    "vg_unique_sat_lo": 0.0,
    "vg_unique_sat_hi": 0.0
  }
}