{
  "epoch": 62,
  "config": {
    "seed": 0,
    "gamma": 3.0,
    "margin": 0.05,
    "delta": 0.02,
    "input_vmin": 0.0,
    "input_vmax": 1.0,
    "rails": [
      0.0,
      0.45
    ],
    "solver": "klu",
    "body_tie": "floating",
    "body_res": 10.0,
    "rs_clamp": 10.0,
    "model_vto": 0.75,
    "vg_cutoff": 0.75,
    "vg_cutoff_epochs": 4,
    "vg_init": {
      "mode": "random",
      "lo": 0.75,
      "hi": 3.0,
      "fixed": 2.0
    },
    "epochs": 100,
    "device_include_path": "/home/ma-lab/Desktop/pyclln-final/device_model/nmos_lvl1_ald1106.lib",
    "device_subckt": "NMOSWRAP"
  },
  "train": {
    "acc": 0.9798190675017397,
    "hinge": 0.003440676061238692,
    "n_free": 1437,
    "n_clamp": 200,
    "hinge_active": 200,
    "hinge_active_frac": 0.13917884481558804,
    "skipped": 1237,
    "reload_free": 0,
    "reload_clamp": 0,
    "nonfinite_free": 0,
    "nonfinite_clamp": 0
  },
  "val": {
    "acc": 0.9611111111111111,
    "hinge": 0.006857136111111114,
    "test_gap_mean": 0.09335296861111111,
    "test_gap_median": 0.09343570000000001,
    "test_gap_std": 0.055795128656475006,
    "test_satisfy_frac": 0.7944444444444444,
    "test_hinge_mean": 0.006857136111111112,
    "val_reloads": 0.0,
    "val_nonfinite": 0.0
  },
  "timing_s": {
    "epoch_total": 35.674113273620605,
    "train_free": 22.32865047454834,
    "train_clamp": 3.085118055343628,
    "train_update": 0.25223326683044434
  },
  "vg_stats": {
    "vg_unique_min": 0.5838534097813574,
    "vg_unique_max": 7.7553598607837415,
    "vg_unique_sat_lo": 0.0,
    "vg_unique_sat_hi": 0.0
  }
}