{
  "epoch": 2,
  "config": {
    "seed": 0,
    "gamma": 3.0,
    "margin": 0.05,
    "delta": 0.02,
    "input_vmin": 0.0,
    "input_vmax": 1.0,
    "rails": [
      0.0,
      0.45
    ],
    "solver": "klu",
    "body_tie": "floating",
    "body_res": 10.0,
    "rs_clamp": 10.0,
    "model_vto": 0.75,
    "vg_cutoff": 0.75,
    "vg_cutoff_epochs": 4,
    "vg_init": {
      "mode": "random",
      "lo": 0.75,
      "hi": 3.0,
      "fixed": 2.0
    },
    "epochs": 100,
    "device_include_path": "/home/ma-lab/Desktop/pyclln-final/device_model/nmos_lvl1_ald1106.lib",
    "device_subckt": "NMOSWRAP"
  },
  "train": {
    "acc": 0.9318023660403618,
    "hinge": 0.014202299373695229,
    "n_free": 1437,
    "n_clamp": 780,
    "hinge_active": 780,
    "hinge_active_frac": 0.5427974947807933,
    "skipped": 657,
    "reload_free": 0,
    "reload_clamp": 0,
    "nonfinite_free": 0,
    "nonfinite_clamp": 0
  },
  "val": {
    "acc": 0.925,
    "hinge": 0.012946208333333336,
    "test_gap_mean": 0.05004076638888889,
    "test_gap_median": 0.05191320000000002,
    "test_gap_std": 0.03273979933286699,
    "test_satisfy_frac": 0.5361111111111111,
    "test_hinge_mean": 0.012946208333333334,
    "val_reloads": 0.0,
    "val_nonfinite": 0.0
  },
  "timing_s": {
    "epoch_total": 139.13902640342712,
    "train_free": 74.33336091041565,
    "train_clamp": 40.14861845970154,
    "train_update": 1.8647990226745605
  },
  "vg_stats": {
    "vg_unique_min": 0.4,
    "vg_unique_max": 4.444122193276625,
    "vg_unique_sat_lo": 21.0,
    "vg_unique_sat_hi": 0.0
  }
}