{
  "epoch": 42,
  "config": {
    "seed": 0,
    "gamma": 3.0,
    "margin": 0.05,
    "delta": 0.02,
    "input_vmin": 0.0,
    "input_vmax": 1.0,
    "rails": [
      0.0,
      0.45
    ],
    "solver": "klu",
    "body_tie": "floating",
    "body_res": 10.0,
    "rs_clamp": 10.0,
    "model_vto": 0.75,
    "vg_cutoff": 0.75,
    "vg_cutoff_epochs": 4,
    "vg_init": {
      "mode": "random",
      "lo": 0.75,
      "hi": 3.0,
      "fixed": 2.0
    },
    "epochs": 100,
    "device_include_path": "/home/ma-lab/Desktop/pyclln-final/device_model/nmos_lvl1_ald1106.lib",
    "device_subckt": "NMOSWRAP"
  },
  "train": {
    "acc": 0.9819067501739736,
    "hinge": 0.00375898900487126,
    "n_free": 1437,
    "n_clamp": 213,
    "hinge_active": 213,
    "hinge_active_frac": 0.14822546972860126,
    "skipped": 1224,
    "reload_free": 0,
    "reload_clamp": 0,
    "nonfinite_free": 0,
    "nonfinite_clamp": 0
  },
  "val": {
    "acc": 0.9583333333333334,
    "hinge": 0.00709264527777778,
    "test_gap_mean": 0.08974558805555556,
    "test_gap_median": 0.08892374999999997,
    "test_gap_std": 0.0535009141426418,
    "test_satisfy_frac": 0.8166666666666667,
    "test_hinge_mean": 0.007092645277777778,
    "val_reloads": 0.0,
    "val_nonfinite": 0.0
  },
  "timing_s": {
    "epoch_total": 43.527857542037964,
    "train_free": 27.492273330688477,
    "train_clamp": 4.11003303527832,
    "train_update": 0.30628418922424316
  },
  "vg_stats": {
    "vg_unique_min": 0.42251064529639026,
    "vg_unique_max": 7.298297265459963,
    "vg_unique_sat_lo": 0.0,
    "vg_unique_sat_hi": 0.0
  }
}