{
  "epoch": 77,
  "config": {
    "seed": 0,
    "gamma": 3.0,
    "margin": 0.05,
    "delta": 0.02,
    "input_vmin": 0.0,
    "input_vmax": 1.0,
    "rails": [
      0.0,
      0.45
    ],
    "solver": "klu",
    "body_tie": "floating",
    "body_res": 10.0,
    "rs_clamp": 10.0,
    "model_vto": 0.75,
    "vg_cutoff": 0.75,
    "vg_cutoff_epochs": 4,
    "vg_init": {
      "mode": "random",
      "lo": 0.75,
      "hi": 3.0,
      "fixed": 2.0
    },
    "epochs": 100,
    "device_include_path": "/home/ma-lab/Desktop/pyclln-final/device_model/nmos_lvl1_ald1106.lib",
    "device_subckt": "NMOSWRAP"
  },
  "train": {
    "acc": 0.9846903270702854,
    "hinge": 0.0033697335421016042,
    "n_free": 1437,
    "n_clamp": 203,
    "hinge_active": 203,
    "hinge_active_frac": 0.14126652748782184,
    "skipped": 1234,
    "reload_free": 0,
    "reload_clamp": 0,
    "nonfinite_free": 0,
    "nonfinite_clamp": 0
  },
  "val": {
    "acc": 0.9611111111111111,
    "hinge": 0.00684243277777778,
    "test_gap_mean": 0.09395462666666667,
    "test_gap_median": 0.09412259999999995,
    "test_gap_std": 0.05578799990135334,
    "test_satisfy_frac": 0.8111111111111111,
    "test_hinge_mean": 0.006842432777777778,
    "val_reloads": 0.0,
    "val_nonfinite": 0.0
  },
  "timing_s": {
    "epoch_total": 27.446000576019287,
    "train_free": 17.261325120925903,
    "train_clamp": 2.417511463165283,
    "train_update": 0.2996821403503418
  },
  "vg_stats": {
    "vg_unique_min": 0.6402300713167232,
    "vg_unique_max": 7.8886076714273,
    "vg_unique_sat_lo": 0.0,
    "vg_unique_sat_hi": 0.0
  }
}