{
  "epoch": 58,
  "config": {
    "seed": 0,
    "gamma": 3.0,
    "margin": 0.05,
    "delta": 0.02,
    "input_vmin": 0.0,
    "input_vmax": 1.0,
    "rails": [
      0.0,
      0.45
    ],
    "solver": "klu",
    "body_tie": "floating",
    "body_res": 10.0,
    "rs_clamp": 10.0,
    "model_vto": 0.75,
    "vg_cutoff": 0.75,
    "vg_cutoff_epochs": 4,
    "vg_init": {
      "mode": "random",
      "lo": 0.75,
      "hi": 3.0,
      "fixed": 2.0
    },
    "epochs": 100,
    "device_include_path": "/home/ma-lab/Desktop/pyclln-final/device_model/nmos_lvl1_ald1106.lib",
    "device_subckt": "NMOSWRAP"
  },
  "train": {
    "acc": 0.9798190675017397,
    "hinge": 0.003527784759916492,
    "n_free": 1437,
    "n_clamp": 206,
    "hinge_active": 206,
    "hinge_active_frac": 0.14335421016005567,
    "skipped": 1231,
    "reload_free": 0,
    "reload_clamp": 0,
    "nonfinite_free": 0,
    "nonfinite_clamp": 0
  },
  "val": {
    "acc": 0.9611111111111111,
    "hinge": 0.006742432222222224,
    "test_gap_mean": 0.09312523833333333,
    "test_gap_median": 0.09242340000000002,
    "test_gap_std": 0.05527718259088241,
    "test_satisfy_frac": 0.8083333333333333,
    "test_hinge_mean": 0.006742432222222221,
    "val_reloads": 0.0,
    "val_nonfinite": 0.0
  },
  "timing_s": {
    "epoch_total": 37.75317168235779,
    "train_free": 23.675302267074585,
    "train_clamp": 3.3820223808288574,
    "train_update": 0.3244035243988037
  },
  "vg_stats": {
    "vg_unique_min": 0.635489651943175,
    "vg_unique_max": 7.684154231363188,
    "vg_unique_sat_lo": 0.0,
    "vg_unique_sat_hi": 0.0
  }
}