{
  "epoch": 22,
  "config": {
    "seed": 0,
    "gamma": 3.0,
    "margin": 0.05,
    "delta": 0.02,
    "input_vmin": 0.0,
    "input_vmax": 1.0,
    "rails": [
      0.0,
      0.45
    ],
    "solver": "klu",
    "body_tie": "floating",
    "body_res": 10.0,
    "rs_clamp": 10.0,
    "model_vto": 0.75,
    "vg_cutoff": 0.75,
    "vg_cutoff_epochs": 4,
    "vg_init": {
      "mode": "random",
      "lo": 0.75,
      "hi": 3.0,
      "fixed": 2.0
    },
    "epochs": 100,
    "device_include_path": "/home/ma-lab/Desktop/pyclln-final/device_model/nmos_lvl1_ald1106.lib",
    "device_subckt": "NMOSWRAP"
  },
  "train": {
    "acc": 0.9749478079331941,
    "hinge": 0.004748487404314549,
    "n_free": 1437,
    "n_clamp": 267,
    "hinge_active": 267,
    "hinge_active_frac": 0.18580375782881003,
    "skipped": 1170,
    "reload_free": 0,
    "reload_clamp": 0,
    "nonfinite_free": 0,
    "nonfinite_clamp": 0
  },
  "val": {
    "acc": 0.9583333333333334,
    "hinge": 0.007365520555555555,
    "test_gap_mean": 0.08052228416666667,
    "test_gap_median": 0.0827281,
    "test_gap_std": 0.046382306800409105,
    "test_satisfy_frac": 0.7972222222222223,
    "test_hinge_mean": 0.007365520555555555,
    "val_reloads": 0.0,
    "val_nonfinite": 0.0
  },
  "timing_s": {
    "epoch_total": 54.65606379508972,
    "train_free": 35.053231716156006,
    "train_clamp": 6.531406402587891,
    "train_update": 0.403564453125
  },
  "vg_stats": {
    "vg_unique_min": 0.5001703093453532,
    "vg_unique_max": 7.11326089780355,
    "vg_unique_sat_lo": 0.0,
    "vg_unique_sat_hi": 0.0
  }
}