{
  "epoch": 7,
  "config": {
    "seed": 0,
    "gamma": 3.0,
    "margin": 0.05,
    "delta": 0.02,
    "input_vmin": 0.0,
    "input_vmax": 1.0,
    "rails": [
      0.0,
      0.45
    ],
    "solver": "klu",
    "body_tie": "floating",
    "body_res": 10.0,
    "rs_clamp": 10.0,
    "model_vto": 0.75,
    "vg_cutoff": 0.75,
    "vg_cutoff_epochs": 4,
    "vg_init": {
      "mode": "random",
      "lo": 0.75,
      "hi": 3.0,
      "fixed": 2.0
    },
    "epochs": 100,
    "device_include_path": "/home/ma-lab/Desktop/pyclln-final/device_model/nmos_lvl1_ald1106.lib",
    "device_subckt": "NMOSWRAP"
  },
  "train": {
    "acc": 0.9561586638830898,
    "hinge": 0.0076694418928322915,
    "n_free": 1437,
    "n_clamp": 417,
    "hinge_active": 417,
    "hinge_active_frac": 0.29018789144050106,
    "skipped": 1020,
    "reload_free": 0,
    "reload_clamp": 0,
    "nonfinite_free": 0,
    "nonfinite_clamp": 0
  },
  "val": {
    "acc": 0.9416666666666667,
    "hinge": 0.00932404361111111,
    "test_gap_mean": 0.06418069750000001,
    "test_gap_median": 0.06703529999999999,
    "test_gap_std": 0.0387182849526841,
    "test_satisfy_frac": 0.6861111111111111,
    "test_hinge_mean": 0.009324043611111112,
    "val_reloads": 0.0,
    "val_nonfinite": 0.0
  },
  "timing_s": {
    "epoch_total": 98.86469459533691,
    "train_free": 58.7865207195282,
    "train_clamp": 16.909019470214844,
    "train_update": 0.8187639713287354
  },
  "vg_stats": {
    "vg_unique_min": 0.4,
    "vg_unique_max": 6.018919697722812,
    "vg_unique_sat_lo": 2.0,
    "vg_unique_sat_hi": 0.0
  }
}