{
  "epoch": 53,
  "config": {
    "seed": 0,
    "gamma": 3.0,
    "margin": 0.05,
    "delta": 0.02,
    "input_vmin": 0.0,
    "input_vmax": 1.0,
    "rails": [
      0.0,
      0.45
    ],
    "solver": "klu",
    "body_tie": "floating",
    "body_res": 10.0,
    "rs_clamp": 10.0,
    "model_vto": 0.75,
    "vg_cutoff": 0.75,
    "vg_cutoff_epochs": 4,
    "vg_init": {
      "mode": "random",
      "lo": 0.75,
      "hi": 3.0,
      "fixed": 2.0
    },
    "epochs": 100,
    "device_include_path": "/home/ma-lab/Desktop/pyclln-final/device_model/nmos_lvl1_ald1106.lib",
    "device_subckt": "NMOSWRAP"
  },
  "train": {
    "acc": 0.9791231732776617,
    "hinge": 0.003584874530271401,
    "n_free": 1437,
    "n_clamp": 203,
    "hinge_active": 203,
    "hinge_active_frac": 0.14126652748782184,
    "skipped": 1234,
    "reload_free": 0,
    "reload_clamp": 0,
    "nonfinite_free": 0,
    "nonfinite_clamp": 0
  },
  "val": {
    "acc": 0.9583333333333334,
    "hinge": 0.006957182500000003,
    "test_gap_mean": 0.09351096805555556,
    "test_gap_median": 0.09522259999999999,
    "test_gap_std": 0.05539759437437601,
    "test_satisfy_frac": 0.8194444444444444,
    "test_hinge_mean": 0.006957182500000001,
    "val_reloads": 0.0,
    "val_nonfinite": 0.0
  },
  "timing_s": {
    "epoch_total": 37.50072479248047,
    "train_free": 24.34592628479004,
    "train_clamp": 3.3999266624450684,
    "train_update": 0.266953706741333
  },
  "vg_stats": {
    "vg_unique_min": 0.6121231678925222,
    "vg_unique_max": 7.566868915334159,
    "vg_unique_sat_lo": 0.0,
    "vg_unique_sat_hi": 0.0
  }
}