{
  "test_gap_mean": 0.03409685333333333,
  "test_gap_median": 0.03569765,
  "test_gap_std": 0.018753859606171444,
  "test_satisfy_frac": 0.7861111111111111,
  "test_hinge_mean": 0.0027073066666666664,
  "val_reloads": 0.0,
  "val_nonfinite": 0.0
}