{
  "test_gap_mean": 0.027161924444444444,
  "test_gap_median": 0.028557150000000003,
  "test_gap_std": 0.01456449400572663,
  "test_satisfy_frac": 0.7166666666666667,
  "test_hinge_mean": 0.003047996111111112,
  "val_reloads": 0.0,
  "val_nonfinite": 0.0
}