{
  "test_gap_mean": 0.03098167361111111,
  "test_gap_median": 0.03223129999999999,
  "test_gap_std": 0.016533678669214284,
  "test_satisfy_frac": 0.775,
  "test_hinge_mean": 0.0026812825000000003,
  "val_reloads": 0.0,
  "val_nonfinite": 0.0
}