{
  "test_gap_mean": 0.028703600000000003,
  "test_gap_median": 0.03005225000000003,
  "test_gap_std": 0.015337571120257092,
  "test_satisfy_frac": 0.7333333333333333,
  "test_hinge_mean": 0.0028596724999999995,
  "val_reloads": 0.0,
  "val_nonfinite": 0.0
}