{
  "test_gap_mean": 0.03179843527777778,
  "test_gap_median": 0.03358240000000001,
  "test_gap_std": 0.01701433462488828,
  "test_satisfy_frac": 0.7861111111111111,
  "test_hinge_mean": 0.002654845555555556,
  "val_reloads": 0.0,
  "val_nonfinite": 0.0
}