{
  "test_gap_mean": 0.023303341944444445,
  "test_gap_median": 0.02492430000000001,
  "test_gap_std": 0.012782913520678972,
  "test_satisfy_frac": 0.6333333333333333,
  "test_hinge_mean": 0.0036752022222222218,
  "val_reloads": 0.0,
  "val_nonfinite": 0.0
}