{
  "epoch": 54,
  "config": {
    "seed": 0,
    "gamma": 0.3,
    "margin": 0.02,
    "delta": 0.1,
    "input_vmin": 0.0,
    "input_vmax": 1.0,
    "rails": [
      0.0,
      0.45
    ],
    "solver": "klu",
    "body_tie": "ground",
    "body_res": 10.0,
    "rs_clamp": 10.0,
    "model_vto": 0.75,
    "vg_cutoff": 0.75,
    "vg_cutoff_epochs": 4,
    "vg_init": {
      "mode": "fixed",
      "lo": 1.0,
      "hi": 3.0,
      "fixed": 4.0
    },
    "epochs": 100,
    "device_include_path": "/home/ma-lab/Desktop/pyclln-final/device_model/nmos_lvl1_ald1106.lib",
    "device_subckt": "NMOSWRAP"
  },
  "train": {
    "acc": 0.9826026443980515,
    "hinge": 0.0013479425887265128,
    "n_free": 1437,
    "n_clamp": 195,
    "hinge_active": 195,
    "hinge_active_frac": 0.13569937369519833,
    "skipped": 1242,
    "reload_free": 0,
    "reload_clamp": 0,
    "nonfinite_free": 0,
    "nonfinite_clamp": 0
  },
  "val": {
    "acc": 0.9555555555555556,
    "hinge": 0.0026911191666666653,
    "test_gap_mean": 0.03286915555555556,
    "test_gap_median": 0.03441204999999997,
    "test_gap_std": 0.017806796093490142,
    "test_satisfy_frac": 0.7805555555555556,
    "test_hinge_mean": 0.0026911191666666653,
    "val_reloads": 0.0,
    "val_nonfinite": 0.0
  },
  "timing_s": {
    "epoch_total": 59.13112282752991,
    "train_free": 38.773557901382446,
    "train_clamp": 5.235527038574219,
    "train_update": 0.4380815029144287
  },
  "vg_stats": {
    "vg_unique_min": 0.6776785476592208,
    "vg_unique_max": 7.99232680137559,
    "vg_unique_sat_lo": 0.0,
    "vg_unique_sat_hi": 0.0
  }
}