{
  "epoch": 20,
  "config": {
    "seed": 0,
    "gamma": 0.3,
    "margin": 0.02,
    "delta": 0.1,
    "input_vmin": 0.0,
    "input_vmax": 1.0,
    "rails": [
      0.0,
      0.45
    ],
    "solver": "klu",
    "body_tie": "ground",
    "body_res": 10.0,
    "rs_clamp": 10.0,
    "model_vto": 0.75,
    "vg_cutoff": 0.75,
    "vg_cutoff_epochs": 4,
    "vg_init": {
      "mode": "fixed",
      "lo": 1.0,
      "hi": 3.0,
      "fixed": 4.0
    },
    "epochs": 100,
    "device_include_path": "/home/ma-lab/Desktop/pyclln-final/device_model/nmos_lvl1_ald1106.lib",
    "device_subckt": "NMOSWRAP"
  },
  "train": {
    "acc": 0.9700765483646486,
    "hinge": 0.0021846227557411253,
    "n_free": 1437,
    "n_clamp": 319,
    "hinge_active": 319,
    "hinge_active_frac": 0.2219902574808629,
    "skipped": 1118,
    "reload_free": 0,
    "reload_clamp": 0,
    "nonfinite_free": 0,
    "nonfinite_clamp": 0
  },
  "val": {
    "acc": 0.9666666666666667,
    "hinge": 0.0031062469444444445,
    "test_gap_mean": 0.02680792638888889,
    "test_gap_median": 0.027698149999999977,
    "test_gap_std": 0.01443893767011996,
    "test_satisfy_frac": 0.7138888888888889,
    "test_hinge_mean": 0.003106246944444445,
    "val_reloads": 0.0,
    "val_nonfinite": 0.0
  },
  "timing_s": {
    "epoch_total": 67.39322352409363,
    "train_free": 39.81046390533447,
    "train_clamp": 8.910021781921387,
    "train_update": 0.7682628631591797
  },
  "vg_stats": {
    "vg_unique_min": 0.5854607837711562,
    "vg_unique_max": 7.537774103968596,
    "vg_unique_sat_lo": 0.0,
    "vg_unique_sat_hi": 0.0
  }
}