{
  "epoch": 22,
  "config": {
    "seed": 0,
    "gamma": 0.3,
    "margin": 0.02,
    "delta": 0.1,
    "input_vmin": 0.0,
    "input_vmax": 1.0,
    "rails": [
      0.0,
      0.45
    ],
    "solver": "klu",
    "body_tie": "ground",
    "body_res": 10.0,
    "rs_clamp": 10.0,
    "model_vto": 0.75,
    "vg_cutoff": 0.75,
    "vg_cutoff_epochs": 4,
    "vg_init": {
      "mode": "fixed",
      "lo": 1.0,
      "hi": 3.0,
      "fixed": 4.0
    },
    "epochs": 100,
    "device_include_path": "/home/ma-lab/Desktop/pyclln-final/device_model/nmos_lvl1_ald1106.lib",
    "device_subckt": "NMOSWRAP"
  },
  "train": {
    "acc": 0.9700765483646486,
    "hinge": 0.0021046290883785647,
    "n_free": 1437,
    "n_clamp": 304,
    "hinge_active": 304,
    "hinge_active_frac": 0.2115518441196938,
    "skipped": 1133,
    "reload_free": 0,
    "reload_clamp": 0,
    "nonfinite_free": 0,
    "nonfinite_clamp": 0
  },
  "val": {
    "acc": 0.9611111111111111,
    "hinge": 0.0029910775000000006,
    "test_gap_mean": 0.027601906666666665,
    "test_gap_median": 0.029051349999999976,
    "test_gap_std": 0.014773943106354135,
    "test_satisfy_frac": 0.7194444444444444,
    "test_hinge_mean": 0.0029910775,
    "val_reloads": 0.0,
    "val_nonfinite": 0.0
  },
  "timing_s": {
    "epoch_total": 67.2947244644165,
    "train_free": 40.25774836540222,
    "train_clamp": 8.50063443183899,
    "train_update": 0.9096074104309082
  },
  "vg_stats": {
    "vg_unique_min": 0.42628990541475037,
    "vg_unique_max": 7.669702466247886,
    "vg_unique_sat_lo": 0.0,
    "vg_unique_sat_hi": 0.0
  }
}