{
  "epoch": 62,
  "config": {
    "seed": 0,
    "gamma": 0.3,
    "margin": 0.02,
    "delta": 0.1,
    "input_vmin": 0.0,
    "input_vmax": 1.0,
    "rails": [
      0.0,
      0.45
    ],
    "solver": "klu",
    "body_tie": "ground",
    "body_res": 10.0,
    "rs_clamp": 10.0,
    "model_vto": 0.75,
    "vg_cutoff": 0.75,
    "vg_cutoff_epochs": 4,
    "vg_init": {
      "mode": "fixed",
      "lo": 1.0,
      "hi": 3.0,
      "fixed": 4.0
    },
    "epochs": 100,
    "device_include_path": "/home/ma-lab/Desktop/pyclln-final/device_model/nmos_lvl1_ald1106.lib",
    "device_subckt": "NMOSWRAP"
  },
  "train": {
    "acc": 0.9846903270702854,
    "hinge": 0.0012517453723034093,
    "n_free": 1437,
    "n_clamp": 192,
    "hinge_active": 192,
    "hinge_active_frac": 0.1336116910229645,
    "skipped": 1245,
    "reload_free": 0,
    "reload_clamp": 0,
    "nonfinite_free": 0,
    "nonfinite_clamp": 0
  },
  "val": {
    "acc": 0.9555555555555556,
    "hinge": 0.002750533611111112,
    "test_gap_mean": 0.033706268888888884,
    "test_gap_median": 0.0357556,
    "test_gap_std": 0.018467712790172744,
    "test_satisfy_frac": 0.7805555555555556,
    "test_hinge_mean": 0.0027505336111111126,
    "val_reloads": 0.0,
    "val_nonfinite": 0.0
  },
  "timing_s": {
    "epoch_total": 64.08388876914978,
    "train_free": 39.92171096801758,
    "train_clamp": 5.34424352645874,
    "train_update": 0.5095417499542236
  },
  "vg_stats": {
    "vg_unique_min": 0.6942271528003326,
    "vg_unique_max": 7.9938799360145,
    "vg_unique_sat_lo": 0.0,
    "vg_unique_sat_hi": 0.0
  }
}