{
  "test_gap_mean": 0.030819198333333332,
  "test_gap_median": 0.027391899999999997,
  "test_gap_std": 0.02520858094392105,
  "test_satisfy_frac": 0.0,
  "test_hinge_mean": 0.06918080166666668,
  "val_reloads": 0.0,
  "val_nonfinite": 0.0
}