{
  "test_gap_mean": 0.04648995138888888,
  "test_gap_median": 0.04283210000000001,
  "test_gap_std": 0.03710355606770129,
  "test_satisfy_frac": 0.06111111111111111,
  "test_hinge_mean": 0.05407198361111112,
  "val_reloads": 0.0,
  "val_nonfinite": 0.0
}