{
  "test_gap_mean": 0.06594939055555556,
  "test_gap_median": 0.06956100000000001,
  "test_gap_std": 0.0460079642901841,
  "test_satisfy_frac": 0.2972222222222222,
  "test_hinge_mean": 0.039719021388888893,
  "val_reloads": 0.0,
  "val_nonfinite": 0.0
}