{
  "test_gap_mean": 0.034610843333333335,
  "test_gap_median": 0.031242850000000016,
  "test_gap_std": 0.028126433988257184,
  "test_satisfy_frac": 0.0,
  "test_hinge_mean": 0.06538915666666667,
  "val_reloads": 0.0,
  "val_nonfinite": 0.0
}