{
  "test_gap_mean": 0.007387807222222223,
  "test_gap_median": 0.006570450000000019,
  "test_gap_std": 0.005834736638234749,
  "test_satisfy_frac": 0.0,
  "test_hinge_mean": 0.0926121927777778,
  "val_reloads": 0.0,
  "val_nonfinite": 0.0
}