{
  "test_gap_mean": 0.059919445833333335,
  "test_gap_median": 0.061029099999999975,
  "test_gap_std": 0.04343203336789864,
  "test_satisfy_frac": 0.23055555555555557,
  "test_hinge_mean": 0.04365349500000001,
  "val_reloads": 0.0,
  "val_nonfinite": 0.0
}