{
  "test_gap_mean": 0.052067988333333336,
  "test_gap_median": 0.04914125,
  "test_gap_std": 0.040107026695531615,
  "test_satisfy_frac": 0.13055555555555556,
  "test_hinge_mean": 0.0493978975,
  "val_reloads": 0.0,
  "val_nonfinite": 0.0
}