{
  "test_gap_mean": 0.01290373777777778,
  "test_gap_median": 0.011599949999999998,
  "test_gap_std": 0.010338504439293678,
  "test_satisfy_frac": 0.0,
  "test_hinge_mean": 0.08709626222222223,
  "val_reloads": 0.0,
  "val_nonfinite": 0.0
}