{
  "test_gap_mean": 0.03338378972222222,
  "test_gap_median": 0.030014100000000016,
  "test_gap_std": 0.02723640767826077,
  "test_satisfy_frac": 0.0,
  "test_hinge_mean": 0.06661621027777778,
  "val_reloads": 0.0,
  "val_nonfinite": 0.0
}