{
  "test_gap_mean": 0.059019700277777774,
  "test_gap_median": 0.059776199999999974,
  "test_gap_std": 0.04314340703584159,
  "test_satisfy_frac": 0.225,
  "test_hinge_mean": 0.044290608333333335,
  "val_reloads": 0.0,
  "val_nonfinite": 0.0
}