{
  "test_gap_mean": 0.016425979444444443,
  "test_gap_median": 0.014521200000000012,
  "test_gap_std": 0.013233597213956762,
  "test_satisfy_frac": 0.0,
  "test_hinge_mean": 0.08357402055555557,
  "val_reloads": 0.0,
  "val_nonfinite": 0.0
}