{
  "test_gap_mean": 0.054410926666666665,
  "test_gap_median": 0.05174575000000002,
  "test_gap_std": 0.04109997625801031,
  "test_satisfy_frac": 0.1638888888888889,
  "test_hinge_mean": 0.04760644666666668,
  "val_reloads": 0.0,
  "val_nonfinite": 0.0
}