{
  "epoch": 41,
  "config": {
    "seed": 2,
    "gamma": 0.3,
    "margin": 0.1,
    "delta": 0.02,
    "input_vmin": 0.0,
    "input_vmax": 1.0,
    "rails": [
      0.0,
      0.45
    ],
    "solver": "klu",
    "body_tie": "ground",
    "body_res": 10.0,
    "rs_clamp": 10.0,
    "model_vto": 0.75,
    "vg_cutoff": 0.75,
    "vg_cutoff_epochs": 4,
    "vg_init": {
      "mode": "fixed",
      "lo": 1.0,
      "hi": 3.0,
      "fixed": 4.0
    },
    "epochs": 100,
    "device_include_path": "/home/ma-lab/Desktop/pyclln-final/device_model/nmos_lvl1_ald1106.lib",
    "device_subckt": "NMOSWRAP"
  },
  "train": {
    "acc": 0.907446068197634,
    "hinge": 0.05392132115518438,
    "n_free": 1437,
    "n_clamp": 1336,
    "hinge_active": 1336,
    "hinge_active_frac": 0.929714683368128,
    "skipped": 101,
    "reload_free": 0,
    "reload_clamp": 0,
    "nonfinite_free": 0,
    "nonfinite_clamp": 0
  },
  "val": {
    "acc": 0.8861111111111111,
    "hinge": 0.05407198361111109,
    "test_gap_mean": 0.04648995138888888,
    "test_gap_median": 0.04283210000000001,
    "test_gap_std": 0.03710355606770129,
    "test_satisfy_frac": 0.06111111111111111,
    "test_hinge_mean": 0.05407198361111112,
    "val_reloads": 0.0,
    "val_nonfinite": 0.0
  },
  "timing_s": {
    "epoch_total": 102.47795629501343,
    "train_free": 40.42898678779602,
    "train_clamp": 37.5124945640564,
    "train_update": 3.643693208694458
  },
  "vg_stats": {
    "vg_unique_min": 0.40088591791425404,
    "vg_unique_max": 8.0,
    "vg_unique_sat_lo": 0.0,
    "vg_unique_sat_hi": 1.0
  }
}