{
  "epoch": 63,
  "config": {
    "seed": 2,
    "gamma": 0.3,
    "margin": 0.1,
    "delta": 0.02,
    "input_vmin": 0.0,
    "input_vmax": 1.0,
    "rails": [
      0.0,
      0.45
    ],
    "solver": "klu",
    "body_tie": "ground",
    "body_res": 10.0,
    "rs_clamp": 10.0,
    "model_vto": 0.75,
    "vg_cutoff": 0.75,
    "vg_cutoff_epochs": 4,
    "vg_init": {
      "mode": "fixed",
      "lo": 1.0,
      "hi": 3.0,
      "fixed": 4.0
    },
    "epochs": 100,
    "device_include_path": "/home/ma-lab/Desktop/pyclln-final/device_model/nmos_lvl1_ald1106.lib",
    "device_subckt": "NMOSWRAP"
  },
  "train": {
    "acc": 0.9213639526791928,
    "hinge": 0.04335273667362556,
    "n_free": 1437,
    "n_clamp": 1154,
    "hinge_active": 1154,
    "hinge_active_frac": 0.8030619345859429,
    "skipped": 283,
    "reload_free": 0,
    "reload_clamp": 0,
    "nonfinite_free": 0,
    "nonfinite_clamp": 0
  },
  "val": {
    "acc": 0.9166666666666666,
    "hinge": 0.043974442222222215,
    "test_gap_mean": 0.059466438611111117,
    "test_gap_median": 0.060479649999999996,
    "test_gap_std": 0.04329375007357469,
    "test_satisfy_frac": 0.22777777777777777,
    "test_hinge_mean": 0.04397444222222223,
    "val_reloads": 0.0,
    "val_nonfinite": 0.0
  },
  "timing_s": {
    "epoch_total": 88.1150062084198,
    "train_free": 36.75090146064758,
    "train_clamp": 29.143455028533936,
    "train_update": 3.1862261295318604
  },
  "vg_stats": {
    "vg_unique_min": 0.5341331789243772,
    "vg_unique_max": 8.0,
    "vg_unique_sat_lo": 0.0,
    "vg_unique_sat_hi": 1.0
  }
}