{
  "epoch": 70,
  "config": {
    "seed": 2,
    "gamma": 0.3,
    "margin": 0.1,
    "delta": 0.02,
    "input_vmin": 0.0,
    "input_vmax": 1.0,
    "rails": [
      0.0,
      0.45
    ],
    "solver": "klu",
    "body_tie": "ground",
    "body_res": 10.0,
    "rs_clamp": 10.0,
    "model_vto": 0.75,
    "vg_cutoff": 0.75,
    "vg_cutoff_epochs": 4,
    "vg_init": {
      "mode": "fixed",
      "lo": 1.0,
      "hi": 3.0,
      "fixed": 4.0
    },
    "epochs": 100,
    "device_include_path": "/home/ma-lab/Desktop/pyclln-final/device_model/nmos_lvl1_ald1106.lib",
    "device_subckt": "NMOSWRAP"
  },
  "train": {
    "acc": 0.9206680584551148,
    "hinge": 0.04091973980514952,
    "n_free": 1437,
    "n_clamp": 1122,
    "hinge_active": 1122,
    "hinge_active_frac": 0.7807933194154488,
    "skipped": 315,
    "reload_free": 0,
    "reload_clamp": 0,
    "nonfinite_free": 0,
    "nonfinite_clamp": 0
  },
  "val": {
    "acc": 0.9138888888888889,
    "hinge": 0.04183962999999998,
    "test_gap_mean": 0.0626040936111111,
    "test_gap_median": 0.06523564999999998,
    "test_gap_std": 0.044463337566257116,
    "test_satisfy_frac": 0.2611111111111111,
    "test_hinge_mean": 0.04183963,
    "val_reloads": 0.0,
    "val_nonfinite": 0.0
  },
  "timing_s": {
    "epoch_total": 92.43318772315979,
    "train_free": 39.19083881378174,
    "train_clamp": 30.60092258453369,
    "train_update": 3.019676923751831
  },
  "vg_stats": {
    "vg_unique_min": 0.6050206024957683,
    "vg_unique_max": 8.0,
    "vg_unique_sat_lo": 0.0,
    "vg_unique_sat_hi": 4.0
  }
}