{
  "epoch": 24,
  "config": {
    "seed": 2,
    "gamma": 0.3,
    "margin": 0.1,
    "delta": 0.02,
    "input_vmin": 0.0,
    "input_vmax": 1.0,
    "rails": [
      0.0,
      0.45
    ],
    "solver": "klu",
    "body_tie": "ground",
    "body_res": 10.0,
    "rs_clamp": 10.0,
    "model_vto": 0.75,
    "vg_cutoff": 0.75,
    "vg_cutoff_epochs": 4,
    "vg_init": {
      "mode": "fixed",
      "lo": 1.0,
      "hi": 3.0,
      "fixed": 4.0
    },
    "epochs": 100,
    "device_include_path": "/home/ma-lab/Desktop/pyclln-final/device_model/nmos_lvl1_ald1106.lib",
    "device_subckt": "NMOSWRAP"
  },
  "train": {
    "acc": 0.8921363952679193,
    "hinge": 0.07231026812804447,
    "n_free": 1437,
    "n_clamp": 1437,
    "hinge_active": 1437,
    "hinge_active_frac": 1.0,
    "skipped": 0,
    "reload_free": 0,
    "reload_clamp": 0,
    "nonfinite_free": 0,
    "nonfinite_clamp": 0
  },
  "val": {
    "acc": 0.8888888888888888,
    "hinge": 0.07185971833333334,
    "test_gap_mean": 0.028140281666666666,
    "test_gap_median": 0.02511280000000002,
    "test_gap_std": 0.022945470405251557,
    "test_satisfy_frac": 0.0,
    "test_hinge_mean": 0.07185971833333334,
    "val_reloads": 0.0,
    "val_nonfinite": 0.0
  },
  "timing_s": {
    "epoch_total": 89.01422214508057,
    "train_free": 32.25519323348999,
    "train_clamp": 33.081510066986084,
    "train_update": 3.9009945392608643
  },
  "vg_stats": {
    "vg_unique_min": 0.8219037546421666,
    "vg_unique_max": 6.659324591739678,
    "vg_unique_sat_lo": 0.0,
    "vg_unique_sat_hi": 0.0
  }
}