{
  "epoch": 44,
  "config": {
    "seed": 2,
    "gamma": 0.3,
    "margin": 0.1,
    "delta": 0.02,
    "input_vmin": 0.0,
    "input_vmax": 1.0,
    "rails": [
      0.0,
      0.45
    ],
    "solver": "klu",
    "body_tie": "ground",
    "body_res": 10.0,
    "rs_clamp": 10.0,
    "model_vto": 0.75,
    "vg_cutoff": 0.75,
    "vg_cutoff_epochs": 4,
    "vg_init": {
      "mode": "fixed",
      "lo": 1.0,
      "hi": 3.0,
      "fixed": 4.0
    },
    "epochs": 100,
    "device_include_path": "/home/ma-lab/Desktop/pyclln-final/device_model/nmos_lvl1_ald1106.lib",
    "device_subckt": "NMOSWRAP"
  },
  "train": {
    "acc": 0.9053583855254002,
    "hinge": 0.05196612379958258,
    "n_free": 1437,
    "n_clamp": 1302,
    "hinge_active": 1302,
    "hinge_active_frac": 0.906054279749478,
    "skipped": 135,
    "reload_free": 0,
    "reload_clamp": 0,
    "nonfinite_free": 0,
    "nonfinite_clamp": 0
  },
  "val": {
    "acc": 0.8916666666666667,
    "hinge": 0.052135032777777784,
    "test_gap_mean": 0.048729514999999994,
    "test_gap_median": 0.045779050000000016,
    "test_gap_std": 0.038340021155356965,
    "test_satisfy_frac": 0.09166666666666666,
    "test_hinge_mean": 0.052135032777777784,
    "val_reloads": 0.0,
    "val_nonfinite": 0.0
  },
  "timing_s": {
    "epoch_total": 103.01766753196716,
    "train_free": 41.458473443984985,
    "train_clamp": 37.283965826034546,
    "train_update": 3.6352365016937256
  },
  "vg_stats": {
    "vg_unique_min": 0.484139439719933,
    "vg_unique_max": 8.0,
    "vg_unique_sat_lo": 0.0,
    "vg_unique_sat_hi": 1.0
  }
}