{
  "epoch": 93,
  "config": {
    "seed": 2,
    "gamma": 0.3,
    "margin": 0.1,
    "delta": 0.02,
    "input_vmin": 0.0,
    "input_vmax": 1.0,
    "rails": [
      0.0,
      0.45
    ],
    "solver": "klu",
    "body_tie": "ground",
    "body_res": 10.0,
    "rs_clamp": 10.0,
    "model_vto": 0.75,
    "vg_cutoff": 0.75,
    "vg_cutoff_epochs": 4,
    "vg_init": {
      "mode": "fixed",
      "lo": 1.0,
      "hi": 3.0,
      "fixed": 4.0
    },
    "epochs": 100,
    "device_include_path": "/home/ma-lab/Desktop/pyclln-final/device_model/nmos_lvl1_ald1106.lib",
    "device_subckt": "NMOSWRAP"
  },
  "train": {
    "acc": 0.9262352122477383,
    "hinge": 0.03473173228949201,
    "n_free": 1437,
    "n_clamp": 981,
    "hinge_active": 981,
    "hinge_active_frac": 0.6826722338204593,
    "skipped": 456,
    "reload_free": 0,
    "reload_clamp": 0,
    "nonfinite_free": 0,
    "nonfinite_clamp": 0
  },
  "val": {
    "acc": 0.9194444444444444,
    "hinge": 0.036360018888888894,
    "test_gap_mean": 0.0715485288888889,
    "test_gap_median": 0.07457799999999998,
    "test_gap_std": 0.047997810291351355,
    "test_satisfy_frac": 0.33611111111111114,
    "test_hinge_mean": 0.03636001888888889,
    "val_reloads": 0.0,
    "val_nonfinite": 0.0
  },
  "timing_s": {
    "epoch_total": 80.35867357254028,
    "train_free": 35.51409149169922,
    "train_clamp": 24.0265109539032,
    "train_update": 2.74704647064209
  },
  "vg_stats": {
    "vg_unique_min": 0.6155835084091834,
    "vg_unique_max": 8.0,
    "vg_unique_sat_lo": 0.0,
    "vg_unique_sat_hi": 7.0
  }
}