{
  "test_gap_mean": 0.14248279944444445,
  "test_gap_median": 0.15056375,
  "test_gap_std": 0.08245708131524916,
  "test_satisfy_frac": 0.7083333333333334,
  "test_hinge_mean": 0.016734667222222225,
  "val_reloads": 0.0,
  "val_nonfinite": 0.0
}