{
  "test_gap_mean": 0.14249342888888886,
  "test_gap_median": 0.14829074999999997,
  "test_gap_std": 0.08231352054808323,
  "test_satisfy_frac": 0.7083333333333334,
  "test_hinge_mean": 0.016697388055555554,
  "val_reloads": 0.0,
  "val_nonfinite": 0.0
}