{
  "test_gap_mean": 0.08464456555555556,
  "test_gap_median": 0.08821960000000001,
  "test_gap_std": 0.04940799098905327,
  "test_satisfy_frac": 0.4222222222222222,
  "test_hinge_mean": 0.02789031888888889,
  "val_reloads": 0.0,
  "val_nonfinite": 0.0
}