{
  "test_gap_mean": 0.13352771694444446,
  "test_gap_median": 0.1392427,
  "test_gap_std": 0.07664018650405222,
  "test_satisfy_frac": 0.7111111111111111,
  "test_hinge_mean": 0.017242975833333334,
  "val_reloads": 0.0,
  "val_nonfinite": 0.0
}