{
  "test_gap_mean": 0.14342936472222223,
  "test_gap_median": 0.15037534999999996,
  "test_gap_std": 0.08297285840599726,
  "test_satisfy_frac": 0.7166666666666667,
  "test_hinge_mean": 0.01663831888888889,
  "val_reloads": 0.0,
  "val_nonfinite": 0.0
}