{
  "test_gap_mean": 0.14282814305555555,
  "test_gap_median": 0.14901375,
  "test_gap_std": 0.08244398376235532,
  "test_satisfy_frac": 0.7111111111111111,
  "test_hinge_mean": 0.01663403527777778,
  "val_reloads": 0.0,
  "val_nonfinite": 0.0
}