{
  "test_gap_mean": 0.14088428611111112,
  "test_gap_median": 0.14932585000000004,
  "test_gap_std": 0.08135660260181049,
  "test_satisfy_frac": 0.7027777777777777,
  "test_hinge_mean": 0.01692161027777778,
  "val_reloads": 0.0,
  "val_nonfinite": 0.0
}