{
  "test_gap_mean": 0.14333481944444446,
  "test_gap_median": 0.15057610000000002,
  "test_gap_std": 0.08304753135293541,
  "test_satisfy_frac": 0.7138888888888889,
  "test_hinge_mean": 0.016774347222222225,
  "val_reloads": 0.0,
  "val_nonfinite": 0.0
}