{
  "test_gap_mean": 0.13958764083333333,
  "test_gap_median": 0.14586505000000005,
  "test_gap_std": 0.07967113549058351,
  "test_satisfy_frac": 0.725,
  "test_hinge_mean": 0.016699289444444446,
  "val_reloads": 0.0,
  "val_nonfinite": 0.0
}