{
  "test_gap_mean": 0.14062922388888888,
  "test_gap_median": 0.14893954999999995,
  "test_gap_std": 0.08022821248974381,
  "test_satisfy_frac": 0.7222222222222222,
  "test_hinge_mean": 0.016541229166666668,
  "val_reloads": 0.0,
  "val_nonfinite": 0.0
}