{
  "test_gap_mean": 0.12460738777777779,
  "test_gap_median": 0.13559710000000003,
  "test_gap_std": 0.07047351215392297,
  "test_satisfy_frac": 0.6666666666666666,
  "test_hinge_mean": 0.0182898625,
  "val_reloads": 0.0,
  "val_nonfinite": 0.0
}