{
  "test_gap_mean": 0.14284771138888888,
  "test_gap_median": 0.15175160000000004,
  "test_gap_std": 0.0831501105700311,
  "test_satisfy_frac": 0.7194444444444444,
  "test_hinge_mean": 0.016909295555555558,
  "val_reloads": 0.0,
  "val_nonfinite": 0.0
}