{
  "test_gap_mean": 0.1380535013888889,
  "test_gap_median": 0.14232660000000003,
  "test_gap_std": 0.07889497455387534,
  "test_satisfy_frac": 0.7222222222222222,
  "test_hinge_mean": 0.01694447527777778,
  "val_reloads": 0.0,
  "val_nonfinite": 0.0
}