{
  "epoch": 91,
  "config": {
    "seed": 1,
    "gamma": 0.3,
    "margin": 0.1,
    "delta": 0.05,
    "input_vmin": 0.0,
    "input_vmax": 1.0,
    "rails": [
      0.0,
      0.45
    ],
    "solver": "klu",
    "body_tie": "ground",
    "body_res": 10.0,
    "rs_clamp": 10.0,
    "model_vto": 0.75,
    "vg_cutoff": 0.75,
    "vg_cutoff_epochs": 4,
    "vg_init": {
      "mode": "random",
      "lo": 1.5,
      "hi": 2.5,
      "fixed": 2.0
    },
    "epochs": 100,
    "device_include_path": "/home/ma-lab/Desktop/pyclln-final/device_model/nmos_lvl1_ald1106.lib",
    "device_subckt": "NMOSWRAP"
  },
  "train": {
    "acc": 0.9561586638830898,
    "hinge": 0.014794650243562977,
    "n_free": 1437,
    "n_clamp": 393,
    "hinge_active": 393,
    "hinge_active_frac": 0.27348643006263046,
    "skipped": 1044,
    "reload_free": 0,
    "reload_clamp": 0,
    "nonfinite_free": 0,
    "nonfinite_clamp": 0
  },
  "val": {
    "acc": 0.9416666666666667,
    "hinge": 0.016582341388888897,
    "test_gap_mean": 0.1438057722222222,
    "test_gap_median": 0.15225194999999997,
    "test_gap_std": 0.08320822244145176,
    "test_satisfy_frac": 0.7138888888888889,
    "test_hinge_mean": 0.01658234138888889,
    "val_reloads": 0.0,
    "val_nonfinite": 0.0
  },
  "timing_s": {
    "epoch_total": 14.721659421920776,
    "train_free": 7.15538215637207,
    "train_clamp": 1.9790289402008057,
    "train_update": 0.35393667221069336
  },
  "vg_stats": {
    "vg_unique_min": 0.6564320839554336,
    "vg_unique_max": 4.487085975616313,
    "vg_unique_sat_lo": 0.0,
    "vg_unique_sat_hi": 0.0
  }
}