{
  "epoch": 16,
  "config": {
    "seed": 1,
    "gamma": 0.3,
    "margin": 0.1,
    "delta": 0.05,
    "input_vmin": 0.0,
    "input_vmax": 1.0,
    "rails": [
      0.0,
      0.45
    ],
    "solver": "klu",
    "body_tie": "ground",
    "body_res": 10.0,
    "rs_clamp": 10.0,
    "model_vto": 0.75,
    "vg_cutoff": 0.75,
    "vg_cutoff_epochs": 4,
    "vg_init": {
      "mode": "random",
      "lo": 1.5,
      "hi": 2.5,
      "fixed": 2.0
    },
    "epochs": 100,
    "device_include_path": "/home/ma-lab/Desktop/pyclln-final/device_model/nmos_lvl1_ald1106.lib",
    "device_subckt": "NMOSWRAP"
  },
  "train": {
    "acc": 0.942240779401531,
    "hinge": 0.01950613395963815,
    "n_free": 1437,
    "n_clamp": 517,
    "hinge_active": 517,
    "hinge_active_frac": 0.35977731384829503,
    "skipped": 920,
    "reload_free": 0,
    "reload_clamp": 0,
    "nonfinite_free": 0,
    "nonfinite_clamp": 0
  },
  "val": {
    "acc": 0.9416666666666667,
    "hinge": 0.01953492944444444,
    "test_gap_mean": 0.11500048888888888,
    "test_gap_median": 0.12051910000000002,
    "test_gap_std": 0.06495984433806044,
    "test_satisfy_frac": 0.6222222222222222,
    "test_hinge_mean": 0.019534929444444446,
    "val_reloads": 0.0,
    "val_nonfinite": 0.0
  },
  "timing_s": {
    "epoch_total": 54.684972047805786,
    "train_free": 28.858273029327393,
    "train_clamp": 10.35254955291748,
    "train_update": 1.1177597045898438
  },
  "vg_stats": {
    "vg_unique_min": 0.40666528332699986,
    "vg_unique_max": 5.396830811827968,
    "vg_unique_sat_lo": 0.0,
    "vg_unique_sat_hi": 0.0
  }
}