{
  "test_gap_mean": 0.09250070027777776,
  "test_gap_median": 0.09776235000000003,
  "test_gap_std": 0.05517422113406037,
  "test_satisfy_frac": 0.8138888888888889,
  "test_hinge_mean": 0.008048036944444446,
  "val_reloads": 0.0,
  "val_nonfinite": 0.0
}