{
  "test_gap_mean": 0.0976695311111111,
  "test_gap_median": 0.10163619999999998,
  "test_gap_std": 0.06078834690903648,
  "test_satisfy_frac": 0.8083333333333333,
  "test_hinge_mean": 0.008171807500000001,
  "val_reloads": 0.0,
  "val_nonfinite": 0.0
}