{
  "test_gap_mean": 0.04969757694444444,
  "test_gap_median": 0.05441775,
  "test_gap_std": 0.03008311725236703,
  "test_satisfy_frac": 0.5583333333333333,
  "test_hinge_mean": 0.012362027777777777,
  "val_reloads": 0.0,
  "val_nonfinite": 0.0
}