{
  "test_gap_mean": 0.08274970083333333,
  "test_gap_median": 0.08767794999999998,
  "test_gap_std": 0.04896257143094582,
  "test_satisfy_frac": 0.7805555555555556,
  "test_hinge_mean": 0.008414475277777778,
  "val_reloads": 0.0,
  "val_nonfinite": 0.0
}