{
  "test_gap_mean": 0.09925779055555554,
  "test_gap_median": 0.10171745000000001,
  "test_gap_std": 0.06592228163345262,
  "test_satisfy_frac": 0.8055555555555556,
  "test_hinge_mean": 0.00894926861111111,
  "val_reloads": 0.0,
  "val_nonfinite": 0.0
}