{
  "epoch": 76,
  "config": {
    "seed": 2,
    "gamma": 0.3,
    "margin": 0.05,
    "delta": 0.1,
    "input_vmin": 0.0,
    "input_vmax": 1.0,
    "rails": [
      0.0,
      0.45
    ],
    "solver": "klu",
    "body_tie": "source",
    "body_res": 10.0,
    "rs_clamp": 10.0,
    "model_vto": 0.75,
    "vg_cutoff": 0.75,
    "vg_cutoff_epochs": 4,
    "vg_init": {
      "mode": "fixed",
      "lo": 1.0,
      "hi": 3.0,
      "fixed": 2.0
    },
    "epochs": 100,
    "device_include_path": "/home/ma-lab/Desktop/pyclln-final/device_model/nmos_lvl1_ald1106.lib",
    "device_subckt": "NMOSWRAP"
  },
  "train": {
    "acc": 0.9603340292275574,
    "hinge": 0.005442556158663886,
    "n_free": 1437,
    "n_clamp": 231,
    "hinge_active": 231,
    "hinge_active_frac": 0.16075156576200417,
    "skipped": 1206,
    "reload_free": 0,
    "reload_clamp": 0,
    "nonfinite_free": 0,
    "nonfinite_clamp": 0
  },
  "val": {
    "acc": 0.9361111111111111,
    "hinge": 0.008987392222222224,
    "test_gap_mean": 0.09759872055555555,
    "test_gap_median": 0.09608605,
    "test_gap_std": 0.0658792815344241,
    "test_satisfy_frac": 0.7861111111111111,
    "test_hinge_mean": 0.008987392222222224,
    "val_reloads": 0.0,
    "val_nonfinite": 0.0
  },
  "timing_s": {
    "epoch_total": 16.35094976425171,
    "train_free": 8.979794263839722,
    "train_clamp": 1.4274663925170898,
    "train_update": 0.23788142204284668
  },
  "vg_stats": {
    "vg_unique_min": 0.564887872344286,
    "vg_unique_max": 4.264321722189003,
    "vg_unique_sat_lo": 0.0,
    "vg_unique_sat_hi": 0.0
  }
}