{
  "epoch": 15,
  "config": {
    "seed": 2,
    "gamma": 0.3,
    "margin": 0.05,
    "delta": 0.1,
    "input_vmin": 0.0,
    "input_vmax": 1.0,
    "rails": [
      0.0,
      0.45
    ],
    "solver": "klu",
    "body_tie": "source",
    "body_res": 10.0,
    "rs_clamp": 10.0,
    "model_vto": 0.75,
    "vg_cutoff": 0.75,
    "vg_cutoff_epochs": 4,
    "vg_init": {
      "mode": "fixed",
      "lo": 1.0,
      "hi": 3.0,
      "fixed": 2.0
    },
    "epochs": 100,
    "device_include_path": "/home/ma-lab/Desktop/pyclln-final/device_model/nmos_lvl1_ald1106.lib",
    "device_subckt": "NMOSWRAP"
  },
  "train": {
    "acc": 0.9575504523312457,
    "hinge": 0.006400356367432148,
    "n_free": 1437,
    "n_clamp": 307,
    "hinge_active": 307,
    "hinge_active_frac": 0.21363952679192763,
    "skipped": 1130,
    "reload_free": 0,
    "reload_clamp": 0,
    "nonfinite_free": 0,
    "nonfinite_clamp": 0
  },
  "val": {
    "acc": 0.9388888888888889,
    "hinge": 0.008535324166666667,
    "test_gap_mean": 0.07672579472222221,
    "test_gap_median": 0.08348269999999999,
    "test_gap_std": 0.04473141590262436,
    "test_satisfy_frac": 0.7583333333333333,
    "test_hinge_mean": 0.008535324166666667,
    "val_reloads": 0.0,
    "val_nonfinite": 0.0
  },
  "timing_s": {
    "epoch_total": 44.83882784843445,
    "train_free": 27.3010516166687,
    "train_clamp": 5.789888143539429,
    "train_update": 0.5627024173736572
  },
  "vg_stats": {
    "vg_unique_min": 0.40622784992137606,
    "vg_unique_max": 4.182002315487479,
    "vg_unique_sat_lo": 0.0,
    "vg_unique_sat_hi": 0.0
  }
}