{
  "epoch": 58,
  "config": {
    "seed": 2,
    "gamma": 0.3,
    "margin": 0.05,
    "delta": 0.1,
    "input_vmin": 0.0,
    "input_vmax": 1.0,
    "rails": [
      0.0,
      0.45
    ],
    "solver": "klu",
    "body_tie": "source",
    "body_res": 10.0,
    "rs_clamp": 10.0,
    "model_vto": 0.75,
    "vg_cutoff": 0.75,
    "vg_cutoff_epochs": 4,
    "vg_init": {
      "mode": "fixed",
      "lo": 1.0,
      "hi": 3.0,
      "fixed": 2.0
    },
    "epochs": 100,
    "device_include_path": "/home/ma-lab/Desktop/pyclln-final/device_model/nmos_lvl1_ald1106.lib",
    "device_subckt": "NMOSWRAP"
  },
  "train": {
    "acc": 0.965205288796103,
    "hinge": 0.005199135351426586,
    "n_free": 1437,
    "n_clamp": 228,
    "hinge_active": 228,
    "hinge_active_frac": 0.15866388308977036,
    "skipped": 1209,
    "reload_free": 0,
    "reload_clamp": 0,
    "nonfinite_free": 0,
    "nonfinite_clamp": 0
  },
  "val": {
    "acc": 0.9361111111111111,
    "hinge": 0.008525211666666668,
    "test_gap_mean": 0.09805129,
    "test_gap_median": 0.10342374999999998,
    "test_gap_std": 0.06212731538575095,
    "test_satisfy_frac": 0.8111111111111111,
    "test_hinge_mean": 0.008525211666666668,
    "val_reloads": 0.0,
    "val_nonfinite": 0.0
  },
  "timing_s": {
    "epoch_total": 18.02925443649292,
    "train_free": 10.053276300430298,
    "train_clamp": 1.5827748775482178,
    "train_update": 0.24521160125732422
  },
  "vg_stats": {
    "vg_unique_min": 0.6943078358835336,
    "vg_unique_max": 4.590754570773914,
    "vg_unique_sat_lo": 0.0,
    "vg_unique_sat_hi": 0.0
  }
}