{
  "epoch": 1,
  "config": {
    "seed": 2,
    "gamma": 0.3,
    "margin": 0.05,
    "delta": 0.1,
    "input_vmin": 0.0,
    "input_vmax": 1.0,
    "rails": [
      0.0,
      0.45
    ],
    "solver": "klu",
    "body_tie": "source",
    "body_res": 10.0,
    "rs_clamp": 10.0,
    "model_vto": 0.75,
    "vg_cutoff": 0.75,
    "vg_cutoff_epochs": 4,
    "vg_init": {
      "mode": "fixed",
      "lo": 1.0,
      "hi": 3.0,
      "fixed": 2.0
    },
    "epochs": 100,
    "device_include_path": "/home/ma-lab/Desktop/pyclln-final/device_model/nmos_lvl1_ald1106.lib",
    "device_subckt": "NMOSWRAP"
  },
  "train": {
    "acc": 0.8239387613082811,
    "hinge": 0.03709886158663887,
    "n_free": 1437,
    "n_clamp": 1410,
    "hinge_active": 1410,
    "hinge_active_frac": 0.9812108559498957,
    "skipped": 27,
    "reload_free": 0,
    "reload_clamp": 0,
    "nonfinite_free": 0,
    "nonfinite_clamp": 0
  },
  "val": {
    "acc": 0.9,
    "hinge": 0.02463946916666668,
    "test_gap_mean": 0.026050751666666667,
    "test_gap_median": 0.024519,
    "test_gap_std": 0.020168965606669004,
    "test_satisfy_frac": 0.12222222222222222,
    "test_hinge_mean": 0.024639469166666667,
    "val_reloads": 0.0,
    "val_nonfinite": 0.0
  },
  "timing_s": {
    "epoch_total": 72.13544654846191,
    "train_free": 27.195984840393066,
    "train_clamp": 26.86956548690796,
    "train_update": 3.216066837310791
  },
  "vg_stats": {
    "vg_unique_min": 0.8025244117502551,
    "vg_unique_max": 2.7325904750895775,
    "vg_unique_sat_lo": 0.0,
    "vg_unique_sat_hi": 0.0
  }
}