{
  "epoch": 56,
  "config": {
    "seed": 2,
    "gamma": 0.3,
    "margin": 0.05,
    "delta": 0.1,
    "input_vmin": 0.0,
    "input_vmax": 1.0,
    "rails": [
      0.0,
      0.45
    ],
    "solver": "klu",
    "body_tie": "source",
    "body_res": 10.0,
    "rs_clamp": 10.0,
    "model_vto": 0.75,
    "vg_cutoff": 0.75,
    "vg_cutoff_epochs": 4,
    "vg_init": {
      "mode": "fixed",
      "lo": 1.0,
      "hi": 3.0,
      "fixed": 2.0
    },
    "epochs": 100,
    "device_include_path": "/home/ma-lab/Desktop/pyclln-final/device_model/nmos_lvl1_ald1106.lib",
    "device_subckt": "NMOSWRAP"
  },
  "train": {
    "acc": 0.9659011830201809,
    "hinge": 0.005241447807933198,
    "n_free": 1437,
    "n_clamp": 234,
    "hinge_active": 234,
    "hinge_active_frac": 0.162839248434238,
    "skipped": 1203,
    "reload_free": 0,
    "reload_clamp": 0,
    "nonfinite_free": 0,
    "nonfinite_clamp": 0
  },
  "val": {
    "acc": 0.9361111111111111,
    "hinge": 0.008387209166666668,
    "test_gap_mean": 0.09802002916666666,
    "test_gap_median": 0.099605,
    "test_gap_std": 0.06275467197797671,
    "test_satisfy_frac": 0.8055555555555556,
    "test_hinge_mean": 0.008387209166666668,
    "val_reloads": 0.0,
    "val_nonfinite": 0.0
  },
  "timing_s": {
    "epoch_total": 15.204493522644043,
    "train_free": 8.676265001296997,
    "train_clamp": 1.414815902709961,
    "train_update": 0.2868649959564209
  },
  "vg_stats": {
    "vg_unique_min": 0.643634074124932,
    "vg_unique_max": 4.6156118928749335,
    "vg_unique_sat_lo": 0.0,
    "vg_unique_sat_hi": 0.0
  }
}