{
  "epoch": 46,
  "config": {
    "seed": 2,
    "gamma": 0.3,
    "margin": 0.05,
    "delta": 0.1,
    "input_vmin": 0.0,
    "input_vmax": 1.0,
    "rails": [
      0.0,
      0.45
    ],
    "solver": "klu",
    "body_tie": "source",
    "body_res": 10.0,
    "rs_clamp": 10.0,
    "model_vto": 0.75,
    "vg_cutoff": 0.75,
    "vg_cutoff_epochs": 4,
    "vg_init": {
      "mode": "fixed",
      "lo": 1.0,
      "hi": 3.0,
      "fixed": 2.0
    },
    "epochs": 100,
    "device_include_path": "/home/ma-lab/Desktop/pyclln-final/device_model/nmos_lvl1_ald1106.lib",
    "device_subckt": "NMOSWRAP"
  },
  "train": {
    "acc": 0.9665970772442589,
    "hinge": 0.005196715031315238,
    "n_free": 1437,
    "n_clamp": 224,
    "hinge_active": 224,
    "hinge_active_frac": 0.1558803061934586,
    "skipped": 1213,
    "reload_free": 0,
    "reload_clamp": 0,
    "nonfinite_free": 0,
    "nonfinite_clamp": 0
  },
  "val": {
    "acc": 0.9444444444444444,
    "hinge": 0.008370978055555561,
    "test_gap_mean": 0.09763296944444444,
    "test_gap_median": 0.10066049999999999,
    "test_gap_std": 0.0609441564240914,
    "test_satisfy_frac": 0.8138888888888889,
    "test_hinge_mean": 0.008370978055555558,
    "val_reloads": 0.0,
    "val_nonfinite": 0.0
  },
  "timing_s": {
    "epoch_total": 19.65802526473999,
    "train_free": 10.962258338928223,
    "train_clamp": 1.6945011615753174,
    "train_update": 0.2870306968688965
  },
  "vg_stats": {
    "vg_unique_min": 0.6525975579294059,
    "vg_unique_max": 4.6566188863968305,
    "vg_unique_sat_lo": 0.0,
    "vg_unique_sat_hi": 0.0
  }
}