{
  "epoch": 88,
  "config": {
    "seed": 2,
    "gamma": 0.3,
    "margin": 0.05,
    "delta": 0.1,
    "input_vmin": 0.0,
    "input_vmax": 1.0,
    "rails": [
      0.0,
      0.45
    ],
    "solver": "klu",
    "body_tie": "source",
    "body_res": 10.0,
    "rs_clamp": 10.0,
    "model_vto": 0.75,
    "vg_cutoff": 0.75,
    "vg_cutoff_epochs": 4,
    "vg_init": {
      "mode": "fixed",
      "lo": 1.0,
      "hi": 3.0,
      "fixed": 2.0
    },
    "epochs": 100,
    "device_include_path": "/home/ma-lab/Desktop/pyclln-final/device_model/nmos_lvl1_ald1106.lib",
    "device_subckt": "NMOSWRAP"
  },
  "train": {
    "acc": 0.9568545581071677,
    "hinge": 0.005690023869171888,
    "n_free": 1437,
    "n_clamp": 237,
    "hinge_active": 237,
    "hinge_active_frac": 0.1649269311064718,
    "skipped": 1200,
    "reload_free": 0,
    "reload_clamp": 0,
    "nonfinite_free": 0,
    "nonfinite_clamp": 0
  },
  "val": {
    "acc": 0.9333333333333333,
    "hinge": 0.00913269416666667,
    "test_gap_mean": 0.10176926472222221,
    "test_gap_median": 0.09982789999999997,
    "test_gap_std": 0.07075269747024848,
    "test_satisfy_frac": 0.7861111111111111,
    "test_hinge_mean": 0.009132694166666669,
    "val_reloads": 0.0,
    "val_nonfinite": 0.0
  },
  "timing_s": {
    "epoch_total": 13.294791460037231,
    "train_free": 6.897448778152466,
    "train_clamp": 1.143585443496704,
    "train_update": 0.303178071975708
  },
  "vg_stats": {
    "vg_unique_min": 0.6895137267694447,
    "vg_unique_max": 3.985132293078666,
    "vg_unique_sat_lo": 0.0,
    "vg_unique_sat_hi": 0.0
  }
}