{
  "test_gap_mean": 0.041617265,
  "test_gap_median": 0.04259250000000003,
  "test_gap_std": 0.021589270249900053,
  "test_satisfy_frac": 0.8472222222222222,
  "test_hinge_mean": 0.0020084288888888887,
  "val_reloads": 0.0,
  "val_nonfinite": 0.0
}