{
  "test_gap_mean": 0.04320666388888889,
  "test_gap_median": 0.04323025,
  "test_gap_std": 0.022864330326204767,
  "test_satisfy_frac": 0.8333333333333334,
  "test_hinge_mean": 0.0019941780555555563,
  "val_reloads": 0.0,
  "val_nonfinite": 0.0
}