{
  "test_gap_mean": 0.04177432361111111,
  "test_gap_median": 0.04275319999999999,
  "test_gap_std": 0.02144357115366523,
  "test_satisfy_frac": 0.8555555555555555,
  "test_hinge_mean": 0.0020180622222222225,
  "val_reloads": 0.0,
  "val_nonfinite": 0.0
}