{
  "test_gap_mean": 0.04195880138888889,
  "test_gap_median": 0.0422438,
  "test_gap_std": 0.022127101154388158,
  "test_satisfy_frac": 0.8444444444444444,
  "test_hinge_mean": 0.0020375455555555547,
  "val_reloads": 0.0,
  "val_nonfinite": 0.0
}