{
  "test_gap_mean": 0.03774688472222222,
  "test_gap_median": 0.03836614999999999,
  "test_gap_std": 0.018990326888148577,
  "test_satisfy_frac": 0.8361111111111111,
  "test_hinge_mean": 0.0019779600000000004,
  "val_reloads": 0.0,
  "val_nonfinite": 0.0
}