{
  "test_gap_mean": 0.04108461305555556,
  "test_gap_median": 0.041290450000000006,
  "test_gap_std": 0.021023844506706916,
  "test_satisfy_frac": 0.8583333333333333,
  "test_hinge_mean": 0.002009288888888889,
  "val_reloads": 0.0,
  "val_nonfinite": 0.0
}