{
  "epoch": 52,
  "config": {
    "seed": 1,
    "gamma": 0.3,
    "margin": 0.02,
    "delta": 0.05,
    "input_vmin": 0.0,
    "input_vmax": 1.0,
    "rails": [
      0.0,
      0.45
    ],
    "solver": "klu",
    "body_tie": "floating",
    "body_res": 10.0,
    "rs_clamp": 10.0,
    "model_vto": 0.75,
    "vg_cutoff": 0.75,
    "vg_cutoff_epochs": 4,
    "vg_init": {
      "mode": "random",
      "lo": 1.5,
      "hi": 2.5,
      "fixed": 2.0
    },
    "epochs": 100,
    "device_include_path": "/home/ma-lab/Desktop/pyclln-final/device_model/nmos_lvl1_ald1106.lib",
    "device_subckt": "NMOSWRAP"
  },
  "train": {
    "acc": 0.9832985386221295,
    "hinge": 0.0011896166318719546,
    "n_free": 1437,
    "n_clamp": 179,
    "hinge_active": 179,
    "hinge_active_frac": 0.12456506610995129,
    "skipped": 1258,
    "reload_free": 0,
    "reload_clamp": 0,
    "nonfinite_free": 0,
    "nonfinite_clamp": 0
  },
  "val": {
    "acc": 0.9611111111111111,
    "hinge": 0.0020878444444444454,
    "test_gap_mean": 0.03876154055555556,
    "test_gap_median": 0.03887609999999997,
    "test_gap_std": 0.019915621324219052,
    "test_satisfy_frac": 0.8472222222222222,
    "test_hinge_mean": 0.0020878444444444445,
    "val_reloads": 0.0,
    "val_nonfinite": 0.0
  },
  "timing_s": {
    "epoch_total": 123.30649828910828,
    "train_free": 84.8704264163971,
    "train_clamp": 10.543890237808228,
    "train_update": 0.3805539608001709
  },
  "vg_stats": {
    "vg_unique_min": 0.7061822004038107,
    "vg_unique_max": 4.550385630280324,
    "vg_unique_sat_lo": 0.0,
    "vg_unique_sat_hi": 0.0
  }
}