{
  "epoch": 42,
  "config": {
    "seed": 1,
    "gamma": 0.3,
    "margin": 0.02,
    "delta": 0.05,
    "input_vmin": 0.0,
    "input_vmax": 1.0,
    "rails": [
      0.0,
      0.45
    ],
    "solver": "klu",
    "body_tie": "floating",
    "body_res": 10.0,
    "rs_clamp": 10.0,
    "model_vto": 0.75,
    "vg_cutoff": 0.75,
    "vg_cutoff_epochs": 4,
    "vg_init": {
      "mode": "random",
      "lo": 1.5,
      "hi": 2.5,
      "fixed": 2.0
    },
    "epochs": 100,
    "device_include_path": "/home/ma-lab/Desktop/pyclln-final/device_model/nmos_lvl1_ald1106.lib",
    "device_subckt": "NMOSWRAP"
  },
  "train": {
    "acc": 0.9798190675017397,
    "hinge": 0.0013313358385525398,
    "n_free": 1437,
    "n_clamp": 199,
    "hinge_active": 199,
    "hinge_active_frac": 0.13848295059151008,
    "skipped": 1238,
    "reload_free": 0,
    "reload_clamp": 0,
    "nonfinite_free": 0,
    "nonfinite_clamp": 0
  },
  "val": {
    "acc": 0.9638888888888889,
    "hinge": 0.0020742055555555564,
    "test_gap_mean": 0.03718175333333333,
    "test_gap_median": 0.03787560000000001,
    "test_gap_std": 0.018650956725069986,
    "test_satisfy_frac": 0.8388888888888889,
    "test_hinge_mean": 0.0020742055555555564,
    "val_reloads": 0.0,
    "val_nonfinite": 0.0
  },
  "timing_s": {
    "epoch_total": 133.13542580604553,
    "train_free": 89.66995334625244,
    "train_clamp": 12.043367147445679,
    "train_update": 0.4847450256347656
  },
  "vg_stats": {
    "vg_unique_min": 0.674980610317188,
    "vg_unique_max": 4.4550420994362705,
    "vg_unique_sat_lo": 0.0,
    "vg_unique_sat_hi": 0.0
  }
}