{
  "epoch": 18,
  "config": {
    "seed": 1,
    "gamma": 0.3,
    "margin": 0.02,
    "delta": 0.05,
    "input_vmin": 0.0,
    "input_vmax": 1.0,
    "rails": [
      0.0,
      0.45
    ],
    "solver": "klu",
    "body_tie": "floating",
    "body_res": 10.0,
    "rs_clamp": 10.0,
    "model_vto": 0.75,
    "vg_cutoff": 0.75,
    "vg_cutoff_epochs": 4,
    "vg_init": {
      "mode": "random",
      "lo": 1.5,
      "hi": 2.5,
      "fixed": 2.0
    },
    "epochs": 100,
    "device_include_path": "/home/ma-lab/Desktop/pyclln-final/device_model/nmos_lvl1_ald1106.lib",
    "device_subckt": "NMOSWRAP"
  },
  "train": {
    "acc": 0.97633959638135,
    "hinge": 0.0019083651356993749,
    "n_free": 1437,
    "n_clamp": 260,
    "hinge_active": 260,
    "hinge_active_frac": 0.18093249826026445,
    "skipped": 1177,
    "reload_free": 0,
    "reload_clamp": 0,
    "nonfinite_free": 0,
    "nonfinite_clamp": 0
  },
  "val": {
    "acc": 0.9611111111111111,
    "hinge": 0.0023237677777777797,
    "test_gap_mean": 0.03189282833333333,
    "test_gap_median": 0.03329944999999998,
    "test_gap_std": 0.015752933276651736,
    "test_satisfy_frac": 0.7916666666666666,
    "test_hinge_mean": 0.002323767777777779,
    "val_reloads": 0.0,
    "val_nonfinite": 0.0
  },
  "timing_s": {
    "epoch_total": 159.93306946754456,
    "train_free": 102.98806357383728,
    "train_clamp": 18.79129457473755,
    "train_update": 0.7132089138031006
  },
  "vg_stats": {
    "vg_unique_min": 0.6227274624682443,
    "vg_unique_max": 3.8158498406506243,
    "vg_unique_sat_lo": 0.0,
    "vg_unique_sat_hi": 0.0
  }
}