{
  "epoch": 54,
  "config": {
    "seed": 1,
    "gamma": 0.3,
    "margin": 0.02,
    "delta": 0.05,
    "input_vmin": 0.0,
    "input_vmax": 1.0,
    "rails": [
      0.0,
      0.45
    ],
    "solver": "klu",
    "body_tie": "floating",
    "body_res": 10.0,
    "rs_clamp": 10.0,
    "model_vto": 0.75,
    "vg_cutoff": 0.75,
    "vg_cutoff_epochs": 4,
    "vg_init": {
      "mode": "random",
      "lo": 1.5,
      "hi": 2.5,
      "fixed": 2.0
    },
    "epochs": 100,
    "device_include_path": "/home/ma-lab/Desktop/pyclln-final/device_model/nmos_lvl1_ald1106.lib",
    "device_subckt": "NMOSWRAP"
  },
  "train": {
    "acc": 0.9826026443980515,
    "hinge": 0.001171281002087682,
    "n_free": 1437,
    "n_clamp": 171,
    "hinge_active": 171,
    "hinge_active_frac": 0.11899791231732777,
    "skipped": 1266,
    "reload_free": 0,
    "reload_clamp": 0,
    "nonfinite_free": 0,
    "nonfinite_clamp": 0
  },
  "val": {
    "acc": 0.9638888888888889,
    "hinge": 0.0020045383333333337,
    "test_gap_mean": 0.038855069444444446,
    "test_gap_median": 0.039673650000000005,
    "test_gap_std": 0.019470934648229445,
    "test_satisfy_frac": 0.8472222222222222,
    "test_hinge_mean": 0.0020045383333333337,
    "val_reloads": 0.0,
    "val_nonfinite": 0.0
  },
  "timing_s": {
    "epoch_total": 126.94363236427307,
    "train_free": 89.22141790390015,
    "train_clamp": 10.472580194473267,
    "train_update": 0.43004918098449707
  },
  "vg_stats": {
    "vg_unique_min": 0.7059790660333009,
    "vg_unique_max": 4.585165340815487,
    "vg_unique_sat_lo": 0.0,
    "vg_unique_sat_hi": 0.0
  }
}