{
  "test_gap_mean": -0.010004684444444446,
  "test_gap_median": -0.006169900000000034,
  "test_gap_std": 0.022157505234894324,
  "test_satisfy_frac": 0.058333333333333334,
  "test_hinge_mean": 0.030224108055555563,
  "val_reloads": 0.0,
  "val_nonfinite": 0.0
}