{
  "test_gap_mean": -0.011879445555555557,
  "test_gap_median": -0.007582300000000014,
  "test_gap_std": 0.023264912935269003,
  "test_satisfy_frac": 0.058333333333333334,
  "test_hinge_mean": 0.0320811888888889,
  "val_reloads": 0.0,
  "val_nonfinite": 0.0
}