{
  "test_gap_mean": -0.018542301111111107,
  "test_gap_median": -0.014540249999999977,
  "test_gap_std": 0.027276271926333272,
  "test_satisfy_frac": 0.03611111111111111,
  "test_hinge_mean": 0.03867270750000001,
  "val_reloads": 0.0,
  "val_nonfinite": 0.0
}