{
  "epoch": 14,
  "config": {
    "seed": 0,
    "gamma": 0.03,
    "margin": 0.02,
    "delta": 0.02,
    "input_vmin": 0.0,
    "input_vmax": 1.0,
    "rails": [
      0.0,
      0.45
    ],
    "solver": "klu",
    "body_tie": "floating",
    "body_res": 10.0,
    "rs_clamp": 10.0,
    "model_vto": 0.75,
    "vg_cutoff": 0.75,
    "vg_cutoff_epochs": 4,
    "vg_init": {
      "mode": "random",
      "lo": 1.0,
      "hi": 6.0,
      "fixed": 2.0
    },
    "epochs": 100,
    "device_include_path": "/home/ma-lab/Desktop/pyclln-final/device_model/nmos_lvl1_ald1106.lib",
    "device_subckt": "NMOSWRAP"
  },
  "train": {
    "acc": 0.3173277661795407,
    "hinge": 0.03323352331245653,
    "n_free": 1437,
    "n_clamp": 1382,
    "hinge_active": 1382,
    "hinge_active_frac": 0.9617258176757133,
    "skipped": 55,
    "reload_free": 0,
    "reload_clamp": 0,
    "nonfinite_free": 0,
    "nonfinite_clamp": 0
  },
  "val": {
    "acc": 0.3333333333333333,
    "hinge": 0.03208118888888889,
    "test_gap_mean": -0.011879445555555557,
    "test_gap_median": -0.007582300000000014,
    "test_gap_std": 0.023264912935269003,
    "test_satisfy_frac": 0.058333333333333334,
    "test_hinge_mean": 0.0320811888888889,
    "val_reloads": 0.0,
    "val_nonfinite": 0.0
  },
  "timing_s": {
    "epoch_total": 288.64353466033936,
    "train_free": 123.17957067489624,
    "train_clamp": 118.2817223072052,
    "train_update": 3.3655853271484375
  },
  "vg_stats": {
    "vg_unique_min": 0.8047443867316959,
    "vg_unique_max": 6.225389835993907,
    "vg_unique_sat_lo": 0.0,
    "vg_unique_sat_hi": 0.0
  }
}