{
  "epoch": 3,
  "config": {
    "seed": 0,
    "gamma": 0.03,
    "margin": 0.02,
    "delta": 0.02,
    "input_vmin": 0.0,
    "input_vmax": 1.0,
    "rails": [
      0.0,
      0.45
    ],
    "solver": "klu",
    "body_tie": "floating",
    "body_res": 10.0,
    "rs_clamp": 10.0,
    "model_vto": 0.75,
    "vg_cutoff": 0.75,
    "vg_cutoff_epochs": 4,
    "vg_init": {
      "mode": "random",
      "lo": 1.0,
      "hi": 6.0,
      "fixed": 2.0
    },
    "epochs": 100,
    "device_include_path": "/home/ma-lab/Desktop/pyclln-final/device_model/nmos_lvl1_ald1106.lib",
    "device_subckt": "NMOSWRAP"
  },
  "train": {
    "acc": 0.22129436325678498,
    "hinge": 0.044433377940153104,
    "n_free": 1437,
    "n_clamp": 1418,
    "hinge_active": 1418,
    "hinge_active_frac": 0.9867780097425192,
    "skipped": 19,
    "reload_free": 0,
    "reload_clamp": 0,
    "nonfinite_free": 0,
    "nonfinite_clamp": 0
  },
  "val": {
    "acc": 0.25,
    "hinge": 0.04262738416666668,
    "test_gap_mean": -0.022542044722222224,
    "test_gap_median": -0.019087049999999994,
    "test_gap_std": 0.02910718709752083,
    "test_satisfy_frac": 0.022222222222222223,
    "test_hinge_mean": 0.04262738416666667,
    "val_reloads": 0.0,
    "val_nonfinite": 0.0
  },
  "timing_s": {
    "epoch_total": 293.3912808895111,
    "train_free": 124.16773390769958,
    "train_clamp": 122.38828015327454,
    "train_update": 3.5646729469299316
  },
  "vg_stats": {
    "vg_unique_min": 1.000066861488528,
    "vg_unique_max": 6.08981446782513,
    "vg_unique_sat_lo": 0.0,
    "vg_unique_sat_hi": 0.0
  }
}