{
  "epoch": 22,
  "config": {
    "seed": 0,
    "gamma": 0.03,
    "margin": 0.02,
    "delta": 0.02,
    "input_vmin": 0.0,
    "input_vmax": 1.0,
    "rails": [
      0.0,
      0.45
    ],
    "solver": "klu",
    "body_tie": "floating",
    "body_res": 10.0,
    "rs_clamp": 10.0,
    "model_vto": 0.75,
    "vg_cutoff": 0.75,
    "vg_cutoff_epochs": 4,
    "vg_init": {
      "mode": "random",
      "lo": 1.0,
      "hi": 6.0,
      "fixed": 2.0
    },
    "epochs": 100,
    "device_include_path": "/home/ma-lab/Desktop/pyclln-final/device_model/nmos_lvl1_ald1106.lib",
    "device_subckt": "NMOSWRAP"
  },
  "train": {
    "acc": 0.39944328462073764,
    "hinge": 0.02846320563674319,
    "n_free": 1437,
    "n_clamp": 1361,
    "hinge_active": 1361,
    "hinge_active_frac": 0.9471120389700766,
    "skipped": 76,
    "reload_free": 0,
    "reload_clamp": 0,
    "nonfinite_free": 0,
    "nonfinite_clamp": 0
  },
  "val": {
    "acc": 0.41388888888888886,
    "hinge": 0.027562310833333336,
    "test_gap_mean": -0.007289312777777776,
    "test_gap_median": -0.0035706500000000085,
    "test_gap_std": 0.020661150789994545,
    "test_satisfy_frac": 0.06388888888888888,
    "test_hinge_mean": 0.027562310833333336,
    "val_reloads": 0.0,
    "val_nonfinite": 0.0
  },
  "timing_s": {
    "epoch_total": 280.6019458770752,
    "train_free": 123.62737107276917,
    "train_clamp": 117.0315408706665,
    "train_update": 3.186288595199585
  },
  "vg_stats": {
    "vg_unique_min": 0.707528374039474,
    "vg_unique_max": 6.284982931223657,
    "vg_unique_sat_lo": 0.0,
    "vg_unique_sat_hi": 0.0
  }
}