{
  "epoch": 17,
  "config": {
    "seed": 0,
    "gamma": 0.03,
    "margin": 0.02,
    "delta": 0.02,
    "input_vmin": 0.0,
    "input_vmax": 1.0,
    "rails": [
      0.0,
      0.45
    ],
    "solver": "klu",
    "body_tie": "floating",
    "body_res": 10.0,
    "rs_clamp": 10.0,
    "model_vto": 0.75,
    "vg_cutoff": 0.75,
    "vg_cutoff_epochs": 4,
    "vg_init": {
      "mode": "random",
      "lo": 1.0,
      "hi": 6.0,
      "fixed": 2.0
    },
    "epochs": 100,
    "device_include_path": "/home/ma-lab/Desktop/pyclln-final/device_model/nmos_lvl1_ald1106.lib",
    "device_subckt": "NMOSWRAP"
  },
  "train": {
    "acc": 0.35490605427974947,
    "hinge": 0.03127127466945027,
    "n_free": 1437,
    "n_clamp": 1371,
    "hinge_active": 1371,
    "hinge_active_frac": 0.954070981210856,
    "skipped": 66,
    "reload_free": 0,
    "reload_clamp": 0,
    "nonfinite_free": 0,
    "nonfinite_clamp": 0
  },
  "val": {
    "acc": 0.375,
    "hinge": 0.030224108055555553,
    "test_gap_mean": -0.010004684444444446,
    "test_gap_median": -0.006169900000000034,
    "test_gap_std": 0.022157505234894324,
    "test_satisfy_frac": 0.058333333333333334,
    "test_hinge_mean": 0.030224108055555563,
    "val_reloads": 0.0,
    "val_nonfinite": 0.0
  },
  "timing_s": {
    "epoch_total": 259.5736472606659,
    "train_free": 111.30372071266174,
    "train_clamp": 106.13766312599182,
    "train_update": 3.0976040363311768
  },
  "vg_stats": {
    "vg_unique_min": 0.7659453173720332,
    "vg_unique_max": 6.242654675656347,
    "vg_unique_sat_lo": 0.0,
    "vg_unique_sat_hi": 0.0
  }
}