{
  "test_gap_mean": 0.00833716388888889,
  "test_gap_median": 0.009328049999999977,
  "test_gap_std": 0.019294823135929676,
  "test_satisfy_frac": 0.008333333333333333,
  "test_hinge_mean": 0.04169060694444444,
  "val_reloads": 0.0,
  "val_nonfinite": 0.0
}