{
  "test_gap_mean": 0.05488791361111111,
  "test_gap_median": 0.05858605000000003,
  "test_gap_std": 0.028728370337185047,
  "test_satisfy_frac": 0.6055555555555555,
  "test_hinge_mean": 0.009374853333333334,
  "val_reloads": 0.0,
  "val_nonfinite": 0.0
}