{
  "test_gap_mean": 0.056224178888888886,
  "test_gap_median": 0.06018109999999999,
  "test_gap_std": 0.02920385155436406,
  "test_satisfy_frac": 0.6333333333333333,
  "test_hinge_mean": 0.009068916111111113,
  "val_reloads": 0.0,
  "val_nonfinite": 0.0
}