{
  "test_gap_mean": 0.04840005777777778,
  "test_gap_median": 0.053381349999999994,
  "test_gap_std": 0.026243578743037222,
  "test_satisfy_frac": 0.5361111111111111,
  "test_hinge_mean": 0.011240949444444445,
  "val_reloads": 0.0,
  "val_nonfinite": 0.0
}