{
  "test_gap_mean": 0.0612047775,
  "test_gap_median": 0.0640725,
  "test_gap_std": 0.031251827304861875,
  "test_satisfy_frac": 0.6805555555555556,
  "test_hinge_mean": 0.008000805555555556,
  "val_reloads": 0.0,
  "val_nonfinite": 0.0
}