{
  "test_gap_mean": 0.04004307083333333,
  "test_gap_median": 0.044809700000000036,
  "test_gap_std": 0.023796519931313473,
  "test_satisfy_frac": 0.38333333333333336,
  "test_hinge_mean": 0.014833144722222222,
  "val_reloads": 0.0,
  "val_nonfinite": 0.0
}