{
  "epoch": 7,
  "config": {
    "seed": 1,
    "gamma": 0.3,
    "margin": 0.05,
    "delta": 0.05,
    "input_vmin": 0.0,
    "input_vmax": 1.0,
    "rails": [
      0.0,
      0.45
    ],
    "solver": "klu",
    "body_tie": "floating",
    "body_res": 10.0,
    "rs_clamp": 10.0,
    "model_vto": 0.75,
    "vg_cutoff": 0.75,
    "vg_cutoff_epochs": 4,
    "vg_init": {
      "mode": "random",
      "lo": 1.0,
      "hi": 6.0,
      "fixed": 2.0
    },
    "epochs": 100,
    "device_include_path": "/home/ma-lab/Desktop/pyclln-final/device_model/nmos_lvl1_ald1106.lib",
    "device_subckt": "NMOSWRAP"
  },
  "train": {
    "acc": 0.8413361169102297,
    "hinge": 0.027201218789144062,
    "n_free": 1437,
    "n_clamp": 1225,
    "hinge_active": 1225,
    "hinge_active_frac": 0.8524704244954767,
    "skipped": 212,
    "reload_free": 0,
    "reload_clamp": 0,
    "nonfinite_free": 0,
    "nonfinite_clamp": 0
  },
  "val": {
    "acc": 0.8555555555555555,
    "hinge": 0.02537143027777778,
    "test_gap_mean": 0.025450423888888886,
    "test_gap_median": 0.027140850000000022,
    "test_gap_std": 0.021754235014060708,
    "test_satisfy_frac": 0.11666666666666667,
    "test_hinge_mean": 0.025371430277777777,
    "val_reloads": 0.0,
    "val_nonfinite": 0.0
  },
  "timing_s": {
    "epoch_total": 285.3013515472412,
    "train_free": 131.1312484741211,
    "train_clamp": 111.48981261253357,
    "train_update": 3.599874496459961
  },
  "vg_stats": {
    "vg_unique_min": 0.4,
    "vg_unique_max": 7.163076667798133,
    "vg_unique_sat_lo": 3.0,
    "vg_unique_sat_hi": 0.0
  }
}