{
  "epoch": 88,
  "config": {
    "seed": 1,
    "gamma": 0.3,
    "margin": 0.05,
    "delta": 0.05,
    "input_vmin": 0.0,
    "input_vmax": 1.0,
    "rails": [
      0.0,
      0.45
    ],
    "solver": "klu",
    "body_tie": "floating",
    "body_res": 10.0,
    "rs_clamp": 10.0,
    "model_vto": 0.75,
    "vg_cutoff": 0.75,
    "vg_cutoff_epochs": 4,
    "vg_init": {
      "mode": "random",
      "lo": 1.0,
      "hi": 6.0,
      "fixed": 2.0
    },
    "epochs": 100,
    "device_include_path": "/home/ma-lab/Desktop/pyclln-final/device_model/nmos_lvl1_ald1106.lib",
    "device_subckt": "NMOSWRAP"
  },
  "train": {
    "acc": 0.9603340292275574,
    "hinge": 0.007332129227557416,
    "n_free": 1437,
    "n_clamp": 401,
    "hinge_active": 401,
    "hinge_active_frac": 0.27905358385525403,
    "skipped": 1036,
    "reload_free": 0,
    "reload_clamp": 0,
    "nonfinite_free": 0,
    "nonfinite_clamp": 0
  },
  "val": {
    "acc": 0.9527777777777777,
    "hinge": 0.007922646111111115,
    "test_gap_mean": 0.06143285111111111,
    "test_gap_median": 0.0639063,
    "test_gap_std": 0.03136708405020653,
    "test_satisfy_frac": 0.6722222222222223,
    "test_hinge_mean": 0.007922646111111112,
    "val_reloads": 0.0,
    "val_nonfinite": 0.0
  },
  "timing_s": {
    "epoch_total": 109.68520712852478,
    "train_free": 65.87454104423523,
    "train_clamp": 18.32768702507019,
    "train_update": 0.6706712245941162
  },
  "vg_stats": {
    "vg_unique_min": 0.7161802347073188,
    "vg_unique_max": 8.0,
    "vg_unique_sat_lo": 0.0,
    "vg_unique_sat_hi": 3.0
  }
}