{
  "epoch": 81,
  "config": {
    "seed": 1,
    "gamma": 0.3,
    "margin": 0.05,
    "delta": 0.05,
    "input_vmin": 0.0,
    "input_vmax": 1.0,
    "rails": [
      0.0,
      0.45
    ],
    "solver": "klu",
    "body_tie": "floating",
    "body_res": 10.0,
    "rs_clamp": 10.0,
    "model_vto": 0.75,
    "vg_cutoff": 0.75,
    "vg_cutoff_epochs": 4,
    "vg_init": {
      "mode": "random",
      "lo": 1.0,
      "hi": 6.0,
      "fixed": 2.0
    },
    "epochs": 100,
    "device_include_path": "/home/ma-lab/Desktop/pyclln-final/device_model/nmos_lvl1_ald1106.lib",
    "device_subckt": "NMOSWRAP"
  },
  "train": {
    "acc": 0.9582463465553236,
    "hinge": 0.007543432428670843,
    "n_free": 1437,
    "n_clamp": 409,
    "hinge_active": 409,
    "hinge_active_frac": 0.28462073764787754,
    "skipped": 1028,
    "reload_free": 0,
    "reload_clamp": 0,
    "nonfinite_free": 0,
    "nonfinite_clamp": 0
  },
  "val": {
    "acc": 0.9527777777777777,
    "hinge": 0.008151368333333343,
    "test_gap_mean": 0.06047602333333334,
    "test_gap_median": 0.0629557,
    "test_gap_std": 0.031031867910561988,
    "test_satisfy_frac": 0.6666666666666666,
    "test_hinge_mean": 0.008151368333333334,
    "val_reloads": 0.0,
    "val_nonfinite": 0.0
  },
  "timing_s": {
    "epoch_total": 124.17768502235413,
    "train_free": 76.45037508010864,
    "train_clamp": 21.84526753425598,
    "train_update": 0.8448750972747803
  },
  "vg_stats": {
    "vg_unique_min": 0.673316312073731,
    "vg_unique_max": 8.0,
    "vg_unique_sat_lo": 0.0,
    "vg_unique_sat_hi": 1.0
  }
}