{
  "epoch": 41,
  "config": {
    "seed": 1,
    "gamma": 0.3,
    "margin": 0.05,
    "delta": 0.05,
    "input_vmin": 0.0,
    "input_vmax": 1.0,
    "rails": [
      0.0,
      0.45
    ],
    "solver": "klu",
    "body_tie": "floating",
    "body_res": 10.0,
    "rs_clamp": 10.0,
    "model_vto": 0.75,
    "vg_cutoff": 0.75,
    "vg_cutoff_epochs": 4,
    "vg_init": {
      "mode": "random",
      "lo": 1.0,
      "hi": 6.0,
      "fixed": 2.0
    },
    "epochs": 100,
    "device_include_path": "/home/ma-lab/Desktop/pyclln-final/device_model/nmos_lvl1_ald1106.lib",
    "device_subckt": "NMOSWRAP"
  },
  "train": {
    "acc": 0.9505915100904663,
    "hinge": 0.009775611134307596,
    "n_free": 1437,
    "n_clamp": 561,
    "hinge_active": 561,
    "hinge_active_frac": 0.3903966597077244,
    "skipped": 876,
    "reload_free": 0,
    "reload_clamp": 0,
    "nonfinite_free": 0,
    "nonfinite_clamp": 0
  },
  "val": {
    "acc": 0.95,
    "hinge": 0.009938076388888897,
    "test_gap_mean": 0.05261155666666666,
    "test_gap_median": 0.056798249999999995,
    "test_gap_std": 0.027737780082271464,
    "test_satisfy_frac": 0.5888888888888889,
    "test_hinge_mean": 0.00993807638888889,
    "val_reloads": 0.0,
    "val_nonfinite": 0.0
  },
  "timing_s": {
    "epoch_total": 176.20531177520752,
    "train_free": 101.32656073570251,
    "train_clamp": 39.61222839355469,
    "train_update": 1.3656861782073975
  },
  "vg_stats": {
    "vg_unique_min": 0.6712188653587724,
    "vg_unique_max": 8.0,
    "vg_unique_sat_lo": 0.0,
    "vg_unique_sat_hi": 2.0
  }
}