{
  "epoch": 77,
  "config": {
    "seed": 1,
    "gamma": 0.3,
    "margin": 0.05,
    "delta": 0.05,
    "input_vmin": 0.0,
    "input_vmax": 1.0,
    "rails": [
      0.0,
      0.45
    ],
    "solver": "klu",
    "body_tie": "floating",
    "body_res": 10.0,
    "rs_clamp": 10.0,
    "model_vto": 0.75,
    "vg_cutoff": 0.75,
    "vg_cutoff_epochs": 4,
    "vg_init": {
      "mode": "random",
      "lo": 1.0,
      "hi": 6.0,
      "fixed": 2.0
    },
    "epochs": 100,
    "device_include_path": "/home/ma-lab/Desktop/pyclln-final/device_model/nmos_lvl1_ald1106.lib",
    "device_subckt": "NMOSWRAP"
  },
  "train": {
    "acc": 0.9582463465553236,
    "hinge": 0.007692392136395266,
    "n_free": 1437,
    "n_clamp": 424,
    "hinge_active": 424,
    "hinge_active_frac": 0.2950591510090466,
    "skipped": 1013,
    "reload_free": 0,
    "reload_clamp": 0,
    "nonfinite_free": 0,
    "nonfinite_clamp": 0
  },
  "val": {
    "acc": 0.9527777777777777,
    "hinge": 0.008208748611111115,
    "test_gap_mean": 0.06002349416666667,
    "test_gap_median": 0.06280994999999998,
    "test_gap_std": 0.030795824043253806,
    "test_satisfy_frac": 0.6722222222222223,
    "test_hinge_mean": 0.008208748611111111,
    "val_reloads": 0.0,
    "val_nonfinite": 0.0
  },
  "timing_s": {
    "epoch_total": 124.44727635383606,
    "train_free": 74.55856895446777,
    "train_clamp": 21.903756618499756,
    "train_update": 0.8512470722198486
  },
  "vg_stats": {
    "vg_unique_min": 0.7157064424725246,
    "vg_unique_max": 8.0,
    "vg_unique_sat_lo": 0.0,
    "vg_unique_sat_hi": 4.0
  }
}