{
  "epoch": 64,
  "config": {
    "seed": 1,
    "gamma": 0.3,
    "margin": 0.05,
    "delta": 0.05,
    "input_vmin": 0.0,
    "input_vmax": 1.0,
    "rails": [
      0.0,
      0.45
    ],
    "solver": "klu",
    "body_tie": "floating",
    "body_res": 10.0,
    "rs_clamp": 10.0,
    "model_vto": 0.75,
    "vg_cutoff": 0.75,
    "vg_cutoff_epochs": 4,
    "vg_init": {
      "mode": "random",
      "lo": 1.0,
      "hi": 6.0,
      "fixed": 2.0
    },
    "epochs": 100,
    "device_include_path": "/home/ma-lab/Desktop/pyclln-final/device_model/nmos_lvl1_ald1106.lib",
    "device_subckt": "NMOSWRAP"
  },
  "train": {
    "acc": 0.9582463465553236,
    "hinge": 0.008186301948503828,
    "n_free": 1437,
    "n_clamp": 463,
    "hinge_active": 463,
    "hinge_active_frac": 0.3221990257480863,
    "skipped": 974,
    "reload_free": 0,
    "reload_clamp": 0,
    "nonfinite_free": 0,
    "nonfinite_clamp": 0
  },
  "val": {
    "acc": 0.9555555555555556,
    "hinge": 0.008768709166666673,
    "test_gap_mean": 0.057637979444444445,
    "test_gap_median": 0.06046004999999999,
    "test_gap_std": 0.029802412052259943,
    "test_satisfy_frac": 0.6361111111111111,
    "test_hinge_mean": 0.00876870916666667,
    "val_reloads": 0.0,
    "val_nonfinite": 0.0
  },
  "timing_s": {
    "epoch_total": 125.80391192436218,
    "train_free": 75.76030969619751,
    "train_clamp": 24.420855283737183,
    "train_update": 0.9011495113372803
  },
  "vg_stats": {
    "vg_unique_min": 0.7033768507201094,
    "vg_unique_max": 8.0,
    "vg_unique_sat_lo": 0.0,
    "vg_unique_sat_hi": 2.0
  }
}