{
  "epoch": 15,
  "config": {
    "seed": 1,
    "gamma": 0.3,
    "margin": 0.05,
    "delta": 0.05,
    "input_vmin": 0.0,
    "input_vmax": 1.0,
    "rails": [
      0.0,
      0.45
    ],
    "solver": "klu",
    "body_tie": "floating",
    "body_res": 10.0,
    "rs_clamp": 10.0,
    "model_vto": 0.75,
    "vg_cutoff": 0.75,
    "vg_cutoff_epochs": 4,
    "vg_init": {
      "mode": "random",
      "lo": 1.0,
      "hi": 6.0,
      "fixed": 2.0
    },
    "epochs": 100,
    "device_include_path": "/home/ma-lab/Desktop/pyclln-final/device_model/nmos_lvl1_ald1106.lib",
    "device_subckt": "NMOSWRAP"
  },
  "train": {
    "acc": 0.918580375782881,
    "hinge": 0.01663609749478079,
    "n_free": 1437,
    "n_clamp": 893,
    "hinge_active": 893,
    "hinge_active_frac": 0.6214335421016005,
    "skipped": 544,
    "reload_free": 0,
    "reload_clamp": 0,
    "nonfinite_free": 0,
    "nonfinite_clamp": 0
  },
  "val": {
    "acc": 0.9277777777777778,
    "hinge": 0.015380041944444452,
    "test_gap_mean": 0.039102611111111116,
    "test_gap_median": 0.04369490000000001,
    "test_gap_std": 0.02368266121227696,
    "test_satisfy_frac": 0.36666666666666664,
    "test_hinge_mean": 0.015380041944444445,
    "val_reloads": 0.0,
    "val_nonfinite": 0.0
  },
  "timing_s": {
    "epoch_total": 255.12433075904846,
    "train_free": 130.08674550056458,
    "train_clamp": 80.69112133979797,
    "train_update": 2.4475531578063965
  },
  "vg_stats": {
    "vg_unique_min": 0.4,
    "vg_unique_max": 7.986937435689013,
    "vg_unique_sat_lo": 2.0,
    "vg_unique_sat_hi": 0.0
  }
}