{
  "test_gap_mean": 0.09031763194444445,
  "test_gap_median": 0.09084685000000003,
  "test_gap_std": 0.06234538695504849,
  "test_satisfy_frac": 0.8972222222222223,
  "test_hinge_mean": 0.003792888888888889,
  "val_reloads": 0.0,
  "val_nonfinite": 0.0
}