{
  "test_gap_mean": 0.06995983611111112,
  "test_gap_median": 0.07387175000000001,
  "test_gap_std": 0.04831404044676036,
  "test_satisfy_frac": 0.8611111111111112,
  "test_hinge_mean": 0.004049026944444444,
  "val_reloads": 0.0,
  "val_nonfinite": 0.0
}