{
  "test_gap_mean": 0.0800810725,
  "test_gap_median": 0.08044800000000002,
  "test_gap_std": 0.052766967430277756,
  "test_satisfy_frac": 0.8666666666666667,
  "test_hinge_mean": 0.004020588611111111,
  "val_reloads": 0.0,
  "val_nonfinite": 0.0
}