{
  "test_gap_mean": 0.08051768833333334,
  "test_gap_median": 0.08198015,
  "test_gap_std": 0.04687146541585092,
  "test_satisfy_frac": 0.9,
  "test_hinge_mean": 0.0030947074999999997,
  "val_reloads": 0.0,
  "val_nonfinite": 0.0
}