{
  "test_gap_mean": 0.06676838888888889,
  "test_gap_median": 0.06979065000000001,
  "test_gap_std": 0.044237447511396306,
  "test_satisfy_frac": 0.8555555555555555,
  "test_hinge_mean": 0.003954571388888889,
  "val_reloads": 0.0,
  "val_nonfinite": 0.0
}