{
  "test_gap_mean": 0.07743130444444445,
  "test_gap_median": 0.0778143,
  "test_gap_std": 0.05074779137273948,
  "test_satisfy_frac": 0.8805555555555555,
  "test_hinge_mean": 0.003881049444444445,
  "val_reloads": 0.0,
  "val_nonfinite": 0.0
}