{
  "test_gap_mean": 0.07902678611111111,
  "test_gap_median": 0.08294444999999998,
  "test_gap_std": 0.0491811363680135,
  "test_satisfy_frac": 0.8833333333333333,
  "test_hinge_mean": 0.0036652841666666666,
  "val_reloads": 0.0,
  "val_nonfinite": 0.0
}