{
  "test_gap_mean": 0.08539495,
  "test_gap_median": 0.08449435,
  "test_gap_std": 0.05583306895487058,
  "test_satisfy_frac": 0.8916666666666667,
  "test_hinge_mean": 0.003894129722222222,
  "val_reloads": 0.0,
  "val_nonfinite": 0.0
}