{
  "test_gap_mean": 0.08633294916666666,
  "test_gap_median": 0.08705625000000003,
  "test_gap_std": 0.05777244111134266,
  "test_satisfy_frac": 0.8805555555555555,
  "test_hinge_mean": 0.004139520277777777,
  "val_reloads": 0.0,
  "val_nonfinite": 0.0
}