{
  "test_gap_mean": 0.09275251027777778,
  "test_gap_median": 0.09404935,
  "test_gap_std": 0.06618675243852412,
  "test_satisfy_frac": 0.8777777777777778,
  "test_hinge_mean": 0.004751949722222222,
  "val_reloads": 0.0,
  "val_nonfinite": 0.0
}