{
  "epoch": 46,
  "config": {
    "seed": 2,
    "gamma": 3.0,
    "margin": 0.02,
    "delta": 0.1,
    "input_vmin": 0.0,
    "input_vmax": 1.0,
    "rails": [
      0.0,
      0.45
    ],
    "solver": "klu",
    "body_tie": "source",
    "body_res": 10.0,
    "rs_clamp": 10.0,
    "model_vto": 0.75,
    "vg_cutoff": 0.75,
    "vg_cutoff_epochs": 4,
    "vg_init": {
      "mode": "fixed",
      "lo": 1.0,
      "hi": 3.0,
      "fixed": 2.0
    },
    "epochs": 100,
    "device_include_path": "/home/ma-lab/Desktop/pyclln-final/device_model/nmos_lvl1_ald1106.lib",
    "device_subckt": "NMOSWRAP"
  },
  "train": {
    "acc": 0.9665970772442589,
    "hinge": 0.0018750810020876823,
    "n_free": 1437,
    "n_clamp": 114,
    "hinge_active": 114,
    "hinge_active_frac": 0.07933194154488518,
    "skipped": 1323,
    "reload_free": 0,
    "reload_clamp": 0,
    "nonfinite_free": 0,
    "nonfinite_clamp": 0
  },
  "val": {
    "acc": 0.9138888888888889,
    "hinge": 0.004964341666666668,
    "test_gap_mean": 0.08474751666666666,
    "test_gap_median": 0.0861211,
    "test_gap_std": 0.05958551481942804,
    "test_satisfy_frac": 0.8527777777777777,
    "test_hinge_mean": 0.004964341666666668,
    "val_reloads": 0.0,
    "val_nonfinite": 0.0
  },
  "timing_s": {
    "epoch_total": 18.352455377578735,
    "train_free": 10.916733741760254,
    "train_clamp": 0.8631289005279541,
    "train_update": 0.12877845764160156
  },
  "vg_stats": {
    "vg_unique_min": 0.4437906338231503,
    "vg_unique_max": 6.599692260190681,
    "vg_unique_sat_lo": 0.0,
    "vg_unique_sat_hi": 0.0
  }
}