{
  "epoch": 3,
  "config": {
    "seed": 2,
    "gamma": 3.0,
    "margin": 0.02,
    "delta": 0.1,
    "input_vmin": 0.0,
    "input_vmax": 1.0,
    "rails": [
      0.0,
      0.45
    ],
    "solver": "klu",
    "body_tie": "source",
    "body_res": 10.0,
    "rs_clamp": 10.0,
    "model_vto": 0.75,
    "vg_cutoff": 0.75,
    "vg_cutoff_epochs": 4,
    "vg_init": {
      "mode": "fixed",
      "lo": 1.0,
      "hi": 3.0,
      "fixed": 2.0
    },
    "epochs": 100,
    "device_include_path": "/home/ma-lab/Desktop/pyclln-final/device_model/nmos_lvl1_ald1106.lib",
    "device_subckt": "NMOSWRAP"
  },
  "train": {
    "acc": 0.9352818371607515,
    "hinge": 0.003464135699373696,
    "n_free": 1437,
    "n_clamp": 234,
    "hinge_active": 234,
    "hinge_active_frac": 0.162839248434238,
    "skipped": 1203,
    "reload_free": 0,
    "reload_clamp": 0,
    "nonfinite_free": 0,
    "nonfinite_clamp": 0
  },
  "val": {
    "acc": 0.925,
    "hinge": 0.004330436111111108,
    "test_gap_mean": 0.053121630277777776,
    "test_gap_median": 0.056758050000000004,
    "test_gap_std": 0.03663550465935788,
    "test_satisfy_frac": 0.8222222222222222,
    "test_hinge_mean": 0.004330436111111111,
    "val_reloads": 0.0,
    "val_nonfinite": 0.0
  },
  "timing_s": {
    "epoch_total": 50.888376235961914,
    "train_free": 30.78031873703003,
    "train_clamp": 5.007703542709351,
    "train_update": 0.5571486949920654
  },
  "vg_stats": {
    "vg_unique_min": 0.4,
    "vg_unique_max": 4.9599903936020455,
    "vg_unique_sat_lo": 18.0,
    "vg_unique_sat_hi": 0.0
  }
}