{
  "epoch": 29,
  "config": {
    "seed": 2,
    "gamma": 3.0,
    "margin": 0.02,
    "delta": 0.1,
    "input_vmin": 0.0,
    "input_vmax": 1.0,
    "rails": [
      0.0,
      0.45
    ],
    "solver": "klu",
    "body_tie": "source",
    "body_res": 10.0,
    "rs_clamp": 10.0,
    "model_vto": 0.75,
    "vg_cutoff": 0.75,
    "vg_cutoff_epochs": 4,
    "vg_init": {
      "mode": "fixed",
      "lo": 1.0,
      "hi": 3.0,
      "fixed": 2.0
    },
    "epochs": 100,
    "device_include_path": "/home/ma-lab/Desktop/pyclln-final/device_model/nmos_lvl1_ald1106.lib",
    "device_subckt": "NMOSWRAP"
  },
  "train": {
    "acc": 0.9624217118997912,
    "hinge": 0.00211500521920668,
    "n_free": 1437,
    "n_clamp": 126,
    "hinge_active": 126,
    "hinge_active_frac": 0.08768267223382047,
    "skipped": 1311,
    "reload_free": 0,
    "reload_clamp": 0,
    "nonfinite_free": 0,
    "nonfinite_clamp": 0
  },
  "val": {
    "acc": 0.9361111111111111,
    "hinge": 0.0035840013888888893,
    "test_gap_mean": 0.07998958638888888,
    "test_gap_median": 0.078681,
    "test_gap_std": 0.0526223347624367,
    "test_satisfy_frac": 0.8805555555555555,
    "test_hinge_mean": 0.0035840013888888893,
    "val_reloads": 0.0,
    "val_nonfinite": 0.0
  },
  "timing_s": {
    "epoch_total": 21.399824619293213,
    "train_free": 13.092185735702515,
    "train_clamp": 1.1532621383666992,
    "train_update": 0.16082096099853516
  },
  "vg_stats": {
    "vg_unique_min": 0.4461899889565601,
    "vg_unique_max": 6.940033442225355,
    "vg_unique_sat_lo": 0.0,
    "vg_unique_sat_hi": 0.0
  }
}