{
  "epoch": 100,
  "config": {
    "seed": 2,
    "gamma": 3.0,
    "margin": 0.02,
    "delta": 0.1,
    "input_vmin": 0.0,
    "input_vmax": 1.0,
    "rails": [
      0.0,
      0.45
    ],
    "solver": "klu",
    "body_tie": "source",
    "body_res": 10.0,
    "rs_clamp": 10.0,
    "model_vto": 0.75,
    "vg_cutoff": 0.75,
    "vg_cutoff_epochs": 4,
    "vg_init": {
      "mode": "fixed",
      "lo": 1.0,
      "hi": 3.0,
      "fixed": 2.0
    },
    "epochs": 100,
    "device_include_path": "/home/ma-lab/Desktop/pyclln-final/device_model/nmos_lvl1_ald1106.lib",
    "device_subckt": "NMOSWRAP"
  },
  "train": {
    "acc": 0.9631176061238692,
    "hinge": 0.002390478983994433,
    "n_free": 1437,
    "n_clamp": 125,
    "hinge_active": 125,
    "hinge_active_frac": 0.08698677800974251,
    "skipped": 1312,
    "reload_free": 0,
    "reload_clamp": 0,
    "nonfinite_free": 0,
    "nonfinite_clamp": 0
  },
  "val": {
    "acc": 0.925,
    "hinge": 0.004323858333333333,
    "test_gap_mean": 0.09593619611111112,
    "test_gap_median": 0.09100905000000001,
    "test_gap_std": 0.06740032048518997,
    "test_satisfy_frac": 0.8805555555555555,
    "test_hinge_mean": 0.004323858333333333,
    "val_reloads": 0.0,
    "val_nonfinite": 0.0
  },
  "timing_s": {
    "epoch_total": 13.359482049942017,
    "train_free": 7.574418306350708,
    "train_clamp": 0.6522033214569092,
    "train_update": 0.11945319175720215
  },
  "vg_stats": {
    "vg_unique_min": 0.5220658964620309,
    "vg_unique_max": 5.396074709222233,
    "vg_unique_sat_lo": 0.0,
    "vg_unique_sat_hi": 0.0
  }
}