{
  "test_gap_mean": 0.12648720722222223,
  "test_gap_median": 0.13138505,
  "test_gap_std": 0.09650018833021809,
  "test_satisfy_frac": 0.6166666666666667,
  "test_hinge_mean": 0.02621764416666667,
  "val_reloads": 0.0,
  "val_nonfinite": 0.0
}