{
  "test_gap_mean": 0.08205501816666667,
  "test_gap_median": 0.09511855000000001,
  "test_gap_std": 0.14266063494512027,
  "test_satisfy_frac": 0.48055555555555557,
  "test_hinge_mean": 0.06165991766666667,
  "val_reloads": 0.0,
  "val_nonfinite": 0.0
}