{
  "test_gap_mean": -0.030098386805555558,
  "test_gap_median": -0.07474895,
  "test_gap_std": 0.17713789331754895,
  "test_satisfy_frac": 0.1638888888888889,
  "test_hinge_mean": 0.15927706263888888,
  "val_reloads": 0.0,
  "val_nonfinite": 0.0
}