{
  "test_gap_mean": 0.07826986605555555,
  "test_gap_median": 0.10351740000000001,
  "test_gap_std": 0.16554478620305746,
  "test_satisfy_frac": 0.5166666666666667,
  "test_hinge_mean": 0.06924340505555555,
  "val_reloads": 0.0,
  "val_nonfinite": 0.0
}