{
  "test_gap_mean": 0.0751848137222222,
  "test_gap_median": 0.09972919999999996,
  "test_gap_std": 0.16496060718704775,
  "test_satisfy_frac": 0.5,
  "test_hinge_mean": 0.06958760683333334,
  "val_reloads": 0.0,
  "val_nonfinite": 0.0
}