{
  "test_gap_mean": 0.08613448844444443,
  "test_gap_median": 0.0926324,
  "test_gap_std": 0.14257341623450567,
  "test_satisfy_frac": 0.4722222222222222,
  "test_hinge_mean": 0.05871392016666667,
  "val_reloads": 0.0,
  "val_nonfinite": 0.0
}