{
  "epoch": 8,
  "config": {
    "seed": 1,
    "gamma": 0.3,
    "margin": 0.1,
    "delta": 0.1,
    "input_vmin": 0.0,
    "input_vmax": 1.0,
    "rails": [
      0.0,
      0.45
    ],
    "solver": "klu",
    "body_tie": "floating",
    "body_res": 10.0,
    "rs_clamp": 10.0,
    "model_vto": 0.75,
    "vg_cutoff": 0.75,
    "vg_cutoff_epochs": 4,
    "vg_init": {
      "mode": "fixed",
      "lo": 1.0,
      "hi": 3.0,
      "fixed": 0.75
    },
    "epochs": 100,
    "device_include_path": "/home/ma-lab/Desktop/pyclln-final/device_model/nmos_lvl1_ald1106.lib",
    "device_subckt": "NMOSWRAP"
  },
  "train": {
    "acc": 0.9102296450939458,
    "hinge": 0.025455322059846908,
    "n_free": 1437,
    "n_clamp": 526,
    "hinge_active": 526,
    "hinge_active_frac": 0.3660403618649965,
    "skipped": 911,
    "reload_free": 0,
    "reload_clamp": 0,
    "nonfinite_free": 0,
    "nonfinite_clamp": 0
  },
  "val": {
    "acc": 0.9111111111111111,
    "hinge": 0.02776126833333334,
    "test_gap_mean": 0.1292910011111111,
    "test_gap_median": 0.12661705,
    "test_gap_std": 0.10699043391834487,
    "test_satisfy_frac": 0.6166666666666667,
    "test_hinge_mean": 0.027761268333333335,
    "val_reloads": 0.0,
    "val_nonfinite": 0.0
  },
  "timing_s": {
    "epoch_total": 11.543885469436646,
    "train_free": 5.078449964523315,
    "train_clamp": 1.8174774646759033,
    "train_update": 0.4081990718841553
  },
  "vg_stats": {
    "vg_unique_min": 0.4330673104495781,
    "vg_unique_max": 1.7172550484684095,
    "vg_unique_sat_lo": 0.0,
    "vg_unique_sat_hi": 0.0
  }
}