{
  "epoch": 22,
  "config": {
    "seed": 1,
    "gamma": 0.3,
    "margin": 0.1,
    "delta": 0.1,
    "input_vmin": 0.0,
    "input_vmax": 1.0,
    "rails": [
      0.0,
      0.45
    ],
    "solver": "klu",
    "body_tie": "floating",
    "body_res": 10.0,
    "rs_clamp": 10.0,
    "model_vto": 0.75,
    "vg_cutoff": 0.75,
    "vg_cutoff_epochs": 4,
    "vg_init": {
      "mode": "fixed",
      "lo": 1.0,
      "hi": 3.0,
      "fixed": 0.75
    },
    "epochs": 100,
    "device_include_path": "/home/ma-lab/Desktop/pyclln-final/device_model/nmos_lvl1_ald1106.lib",
    "device_subckt": "NMOSWRAP"
  },
  "train": {
    "acc": 0.8086290883785665,
    "hinge": 0.06667020338204593,
    "n_free": 1437,
    "n_clamp": 684,
    "hinge_active": 684,
    "hinge_active_frac": 0.4759916492693111,
    "skipped": 753,
    "reload_free": 0,
    "reload_clamp": 0,
    "nonfinite_free": 0,
    "nonfinite_clamp": 0
  },
  "val": {
    "acc": 0.8138888888888889,
    "hinge": 0.06958760683333333,
    "test_gap_mean": 0.0751848137222222,
    "test_gap_median": 0.09972919999999996,
    "test_gap_std": 0.16496060718704775,
    "test_satisfy_frac": 0.5,
    "test_hinge_mean": 0.06958760683333334,
    "val_reloads": 0.0,
    "val_nonfinite": 0.0
  },
  "timing_s": {
    "epoch_total": 7.430483818054199,
    "train_free": 2.8503503799438477,
    "train_clamp": 1.3167469501495361,
    "train_update": 0.3419971466064453
  },
  "vg_stats": {
    "vg_unique_min": 0.4,
    "vg_unique_max": 1.952381908432627,
    "vg_unique_sat_lo": 1.0,
    "vg_unique_sat_hi": 0.0
  }
}