{
  "epoch": 38,
  "config": {
    "seed": 1,
    "gamma": 0.3,
    "margin": 0.1,
    "delta": 0.1,
    "input_vmin": 0.0,
    "input_vmax": 1.0,
    "rails": [
      0.0,
      0.45
    ],
    "solver": "klu",
    "body_tie": "floating",
    "body_res": 10.0,
    "rs_clamp": 10.0,
    "model_vto": 0.75,
    "vg_cutoff": 0.75,
    "vg_cutoff_epochs": 4,
    "vg_init": {
      "mode": "fixed",
      "lo": 1.0,
      "hi": 3.0,
      "fixed": 0.75
    },
    "epochs": 100,
    "device_include_path": "/home/ma-lab/Desktop/pyclln-final/device_model/nmos_lvl1_ald1106.lib",
    "device_subckt": "NMOSWRAP"
  },
  "train": {
    "acc": 0.4244954766875435,
    "hinge": 0.15093080710062606,
    "n_free": 1437,
    "n_clamp": 1130,
    "hinge_active": 1130,
    "hinge_active_frac": 0.7863604732080723,
    "skipped": 307,
    "reload_free": 0,
    "reload_clamp": 0,
    "nonfinite_free": 0,
    "nonfinite_clamp": 0
  },
  "val": {
    "acc": 0.35833333333333334,
    "hinge": 0.16936673952777775,
    "test_gap_mean": -0.03305511447222223,
    "test_gap_median": -0.06654170499999999,
    "test_gap_std": 0.20113291757565446,
    "test_satisfy_frac": 0.24166666666666667,
    "test_hinge_mean": 0.16936673952777778,
    "val_reloads": 0.0,
    "val_nonfinite": 0.0
  },
  "timing_s": {
    "epoch_total": 4.6528284549713135,
    "train_free": 1.209456443786621,
    "train_clamp": 0.8849315643310547,
    "train_update": 0.2884032726287842
  },
  "vg_stats": {
    "vg_unique_min": 0.4,
    "vg_unique_max": 1.1933699415451806,
    "vg_unique_sat_lo": 2.0,
    "vg_unique_sat_hi": 0.0
  }
}