{
  "epoch": 11,
  "config": {
    "seed": 1,
    "gamma": 0.3,
    "margin": 0.1,
    "delta": 0.1,
    "input_vmin": 0.0,
    "input_vmax": 1.0,
    "rails": [
      0.0,
      0.45
    ],
    "solver": "klu",
    "body_tie": "floating",
    "body_res": 10.0,
    "rs_clamp": 10.0,
    "model_vto": 0.75,
    "vg_cutoff": 0.75,
    "vg_cutoff_epochs": 4,
    "vg_init": {
      "mode": "fixed",
      "lo": 1.0,
      "hi": 3.0,
      "fixed": 0.75
    },
    "epochs": 100,
    "device_include_path": "/home/ma-lab/Desktop/pyclln-final/device_model/nmos_lvl1_ald1106.lib",
    "device_subckt": "NMOSWRAP"
  },
  "train": {
    "acc": 0.9018789144050104,
    "hinge": 0.02448363263743911,
    "n_free": 1437,
    "n_clamp": 462,
    "hinge_active": 462,
    "hinge_active_frac": 0.32150313152400833,
    "skipped": 975,
    "reload_free": 0,
    "reload_clamp": 0,
    "nonfinite_free": 0,
    "nonfinite_clamp": 0
  },
  "val": {
    "acc": 0.9083333333333333,
    "hinge": 0.025132922777777785,
    "test_gap_mean": 0.1398821063888889,
    "test_gap_median": 0.1460933,
    "test_gap_std": 0.1042388821244303,
    "test_satisfy_frac": 0.6555555555555556,
    "test_hinge_mean": 0.02513292277777778,
    "val_reloads": 0.0,
    "val_nonfinite": 0.0
  },
  "timing_s": {
    "epoch_total": 10.473345041275024,
    "train_free": 4.808448076248169,
    "train_clamp": 1.5345399379730225,
    "train_update": 0.2789328098297119
  },
  "vg_stats": {
    "vg_unique_min": 0.4,
    "vg_unique_max": 1.9142253553258526,
    "vg_unique_sat_lo": 5.0,
    "vg_unique_sat_hi": 0.0
  }
}