{
  "test_gap_mean": 0.11881473222222222,
  "test_gap_median": 0.12423345000000005,
  "test_gap_std": 0.0753307181251754,
  "test_satisfy_frac": 0.6194444444444445,
  "test_hinge_mean": 0.021712436388888895,
  "val_reloads": 0.0,
  "val_nonfinite": 0.0
}