{
  "test_gap_mean": 0.1333076013888889,
  "test_gap_median": 0.13869584999999998,
  "test_gap_std": 0.0813570450242443,
  "test_satisfy_frac": 0.6916666666666667,
  "test_hinge_mean": 0.019029187222222226,
  "val_reloads": 0.0,
  "val_nonfinite": 0.0
}