{
  "test_gap_mean": 0.1310800022222222,
  "test_gap_median": 0.13399154999999996,
  "test_gap_std": 0.08029036055658235,
  "test_satisfy_frac": 0.6638888888888889,
  "test_hinge_mean": 0.019020842500000003,
  "val_reloads": 0.0,
  "val_nonfinite": 0.0
}