{
  "test_gap_mean": 0.12883224333333335,
  "test_gap_median": 0.13345384999999996,
  "test_gap_std": 0.08103120991094358,
  "test_satisfy_frac": 0.6833333333333333,
  "test_hinge_mean": 0.02005953888888889,
  "val_reloads": 0.0,
  "val_nonfinite": 0.0
}