{
  "test_gap_mean": 0.13631803388888888,
  "test_gap_median": 0.14075545000000003,
  "test_gap_std": 0.08944989603370279,
  "test_satisfy_frac": 0.6833333333333333,
  "test_hinge_mean": 0.020700486944444447,
  "val_reloads": 0.0,
  "val_nonfinite": 0.0
}