{
  "test_gap_mean": 0.06484858916666666,
  "test_gap_median": 0.06850600000000001,
  "test_gap_std": 0.048517285884483355,
  "test_satisfy_frac": 0.2611111111111111,
  "test_hinge_mean": 0.04090268194444445,
  "val_reloads": 0.0,
  "val_nonfinite": 0.0
}