{
  "test_gap_mean": 0.12315083361111111,
  "test_gap_median": 0.12899734999999998,
  "test_gap_std": 0.0769668683375632,
  "test_satisfy_frac": 0.6694444444444444,
  "test_hinge_mean": 0.020651034166666672,
  "val_reloads": 0.0,
  "val_nonfinite": 0.0
}