{
  "test_gap_mean": 0.13131380944444443,
  "test_gap_median": 0.13639525000000002,
  "test_gap_std": 0.08123661850471997,
  "test_satisfy_frac": 0.6833333333333333,
  "test_hinge_mean": 0.01941133138888889,
  "val_reloads": 0.0,
  "val_nonfinite": 0.0
}