{
  "test_gap_mean": 0.1328755363888889,
  "test_gap_median": 0.13494025,
  "test_gap_std": 0.08387158229736554,
  "test_satisfy_frac": 0.6916666666666667,
  "test_hinge_mean": 0.019646571666666668,
  "val_reloads": 0.0,
  "val_nonfinite": 0.0
}