{
  "epoch": 19,
  "config": {
    "seed": 0,
    "gamma": 3.0,
    "margin": 0.1,
    "delta": 0.05,
    "input_vmin": 0.0,
    "input_vmax": 1.0,
    "rails": [
      0.0,
      0.45
    ],
    "solver": "klu",
    "body_tie": "ground",
    "body_res": 10.0,
    "rs_clamp": 10.0,
    "model_vto": 0.75,
    "vg_cutoff": 0.75,
    "vg_cutoff_epochs": 4,
    "vg_init": {
      "mode": "fixed",
      "lo": 1.0,
      "hi": 3.0,
      "fixed": 4.0
    },
    "epochs": 100,
    "device_include_path": "/home/ma-lab/Desktop/pyclln-final/device_model/nmos_lvl1_ald1106.lib",
    "device_subckt": "NMOSWRAP"
  },
  "train": {
    "acc": 0.954070981210856,
    "hinge": 0.01587258044537231,
    "n_free": 1437,
    "n_clamp": 427,
    "hinge_active": 427,
    "hinge_active_frac": 0.2971468336812804,
    "skipped": 1010,
    "reload_free": 0,
    "reload_clamp": 0,
    "nonfinite_free": 0,
    "nonfinite_clamp": 0
  },
  "val": {
    "acc": 0.9361111111111111,
    "hinge": 0.021095082777777784,
    "test_gap_mean": 0.12115484055555557,
    "test_gap_median": 0.12786635000000002,
    "test_gap_std": 0.07655912446389879,
    "test_satisfy_frac": 0.6444444444444445,
    "test_hinge_mean": 0.02109508277777778,
    "val_reloads": 0.0,
    "val_nonfinite": 0.0
  },
  "timing_s": {
    "epoch_total": 20.442620277404785,
    "train_free": 10.050363540649414,
    "train_clamp": 2.9614081382751465,
    "train_update": 0.5451397895812988
  },
  "vg_stats": {
    "vg_unique_min": 0.4,
    "vg_unique_max": 8.0,
    "vg_unique_sat_lo": 4.0,
    "vg_unique_sat_hi": 1.0
  }
}