{
  "epoch": 52,
  "config": {
    "seed": 0,
    "gamma": 3.0,
    "margin": 0.1,
    "delta": 0.05,
    "input_vmin": 0.0,
    "input_vmax": 1.0,
    "rails": [
      0.0,
      0.45
    ],
    "solver": "klu",
    "body_tie": "ground",
    "body_res": 10.0,
    "rs_clamp": 10.0,
    "model_vto": 0.75,
    "vg_cutoff": 0.75,
    "vg_cutoff_epochs": 4,
    "vg_init": {
      "mode": "fixed",
      "lo": 1.0,
      "hi": 3.0,
      "fixed": 4.0
    },
    "epochs": 100,
    "device_include_path": "/home/ma-lab/Desktop/pyclln-final/device_model/nmos_lvl1_ald1106.lib",
    "device_subckt": "NMOSWRAP"
  },
  "train": {
    "acc": 0.9512874043145442,
    "hinge": 0.015725632776617975,
    "n_free": 1437,
    "n_clamp": 402,
    "hinge_active": 402,
    "hinge_active_frac": 0.2797494780793319,
    "skipped": 1035,
    "reload_free": 0,
    "reload_clamp": 0,
    "nonfinite_free": 0,
    "nonfinite_clamp": 0
  },
  "val": {
    "acc": 0.9527777777777777,
    "hinge": 0.017508466388888897,
    "test_gap_mean": 0.1312417886111111,
    "test_gap_median": 0.1337462,
    "test_gap_std": 0.0769441395111953,
    "test_satisfy_frac": 0.6916666666666667,
    "test_hinge_mean": 0.01750846638888889,
    "val_reloads": 0.0,
    "val_nonfinite": 0.0
  },
  "timing_s": {
    "epoch_total": 15.523858308792114,
    "train_free": 7.567302465438843,
    "train_clamp": 2.0695183277130127,
    "train_update": 0.44180941581726074
  },
  "vg_stats": {
    "vg_unique_min": 0.5257134730791532,
    "vg_unique_max": 7.9199105795433224,
    "vg_unique_sat_lo": 0.0,
    "vg_unique_sat_hi": 0.0
  }
}