{
  "epoch": 89,
  "config": {
    "seed": 0,
    "gamma": 3.0,
    "margin": 0.1,
    "delta": 0.05,
    "input_vmin": 0.0,
    "input_vmax": 1.0,
    "rails": [
      0.0,
      0.45
    ],
    "solver": "klu",
    "body_tie": "ground",
    "body_res": 10.0,
    "rs_clamp": 10.0,
    "model_vto": 0.75,
    "vg_cutoff": 0.75,
    "vg_cutoff_epochs": 4,
    "vg_init": {
      "mode": "fixed",
      "lo": 1.0,
      "hi": 3.0,
      "fixed": 4.0
    },
    "epochs": 100,
    "device_include_path": "/home/ma-lab/Desktop/pyclln-final/device_model/nmos_lvl1_ald1106.lib",
    "device_subckt": "NMOSWRAP"
  },
  "train": {
    "acc": 0.9519832985386222,
    "hinge": 0.01626208002783576,
    "n_free": 1437,
    "n_clamp": 402,
    "hinge_active": 402,
    "hinge_active_frac": 0.2797494780793319,
    "skipped": 1035,
    "reload_free": 0,
    "reload_clamp": 0,
    "nonfinite_free": 0,
    "nonfinite_clamp": 0
  },
  "val": {
    "acc": 0.9361111111111111,
    "hinge": 0.019140348333333345,
    "test_gap_mean": 0.13742601083333333,
    "test_gap_median": 0.14501074999999997,
    "test_gap_std": 0.086749971061466,
    "test_satisfy_frac": 0.6944444444444444,
    "test_hinge_mean": 0.019140348333333335,
    "val_reloads": 0.0,
    "val_nonfinite": 0.0
  },
  "timing_s": {
    "epoch_total": 12.383483409881592,
    "train_free": 5.851041555404663,
    "train_clamp": 1.5968916416168213,
    "train_update": 0.3782839775085449
  },
  "vg_stats": {
    "vg_unique_min": 0.6375679093064496,
    "vg_unique_max": 6.803029197496108,
    "vg_unique_sat_lo": 0.0,
    "vg_unique_sat_hi": 0.0
  }
}