{
  "epoch": 64,
  "config": {
    "seed": 0,
    "gamma": 3.0,
    "margin": 0.1,
    "delta": 0.05,
    "input_vmin": 0.0,
    "input_vmax": 1.0,
    "rails": [
      0.0,
      0.45
    ],
    "solver": "klu",
    "body_tie": "ground",
    "body_res": 10.0,
    "rs_clamp": 10.0,
    "model_vto": 0.75,
    "vg_cutoff": 0.75,
    "vg_cutoff_epochs": 4,
    "vg_init": {
      "mode": "fixed",
      "lo": 1.0,
      "hi": 3.0,
      "fixed": 4.0
    },
    "epochs": 100,
    "device_include_path": "/home/ma-lab/Desktop/pyclln-final/device_model/nmos_lvl1_ald1106.lib",
    "device_subckt": "NMOSWRAP"
  },
  "train": {
    "acc": 0.9505915100904663,
    "hinge": 0.01613204676409187,
    "n_free": 1437,
    "n_clamp": 407,
    "hinge_active": 407,
    "hinge_active_frac": 0.28322894919972164,
    "skipped": 1030,
    "reload_free": 0,
    "reload_clamp": 0,
    "nonfinite_free": 0,
    "nonfinite_clamp": 0
  },
  "val": {
    "acc": 0.9388888888888889,
    "hinge": 0.01993008555555556,
    "test_gap_mean": 0.1317352261111111,
    "test_gap_median": 0.13988965,
    "test_gap_std": 0.08190912728621333,
    "test_satisfy_frac": 0.6805555555555556,
    "test_hinge_mean": 0.019930085555555557,
    "val_reloads": 0.0,
    "val_nonfinite": 0.0
  },
  "timing_s": {
    "epoch_total": 11.776593208312988,
    "train_free": 5.717676401138306,
    "train_clamp": 1.6668803691864014,
    "train_update": 0.29271411895751953
  },
  "vg_stats": {
    "vg_unique_min": 0.45385817555415997,
    "vg_unique_max": 7.872948296561539,
    "vg_unique_sat_lo": 0.0,
    "vg_unique_sat_hi": 0.0
  }
}