{
  "epoch": 87,
  "config": {
    "seed": 0,
    "gamma": 3.0,
    "margin": 0.1,
    "delta": 0.05,
    "input_vmin": 0.0,
    "input_vmax": 1.0,
    "rails": [
      0.0,
      0.45
    ],
    "solver": "klu",
    "body_tie": "ground",
    "body_res": 10.0,
    "rs_clamp": 10.0,
    "model_vto": 0.75,
    "vg_cutoff": 0.75,
    "vg_cutoff_epochs": 4,
    "vg_init": {
      "mode": "fixed",
      "lo": 1.0,
      "hi": 3.0,
      "fixed": 4.0
    },
    "epochs": 100,
    "device_include_path": "/home/ma-lab/Desktop/pyclln-final/device_model/nmos_lvl1_ald1106.lib",
    "device_subckt": "NMOSWRAP"
  },
  "train": {
    "acc": 0.9464161447459986,
    "hinge": 0.016238101113430777,
    "n_free": 1437,
    "n_clamp": 408,
    "hinge_active": 408,
    "hinge_active_frac": 0.2839248434237996,
    "skipped": 1029,
    "reload_free": 0,
    "reload_clamp": 0,
    "nonfinite_free": 0,
    "nonfinite_clamp": 0
  },
  "val": {
    "acc": 0.9472222222222222,
    "hinge": 0.019123165833333344,
    "test_gap_mean": 0.13588263833333333,
    "test_gap_median": 0.14335474999999998,
    "test_gap_std": 0.08358372764807406,
    "test_satisfy_frac": 0.6861111111111111,
    "test_hinge_mean": 0.019123165833333337,
    "val_reloads": 0.0,
    "val_nonfinite": 0.0
  },
  "timing_s": {
    "epoch_total": 12.729168891906738,
    "train_free": 5.983978271484375,
    "train_clamp": 1.6566543579101562,
    "train_update": 0.3262207508087158
  },
  "vg_stats": {
    "vg_unique_min": 0.6035030175191797,
    "vg_unique_max": 7.091837607050036,
    "vg_unique_sat_lo": 0.0,
    "vg_unique_sat_hi": 0.0
  }
}