{
  "test_gap_mean": 0.09940493111111112,
  "test_gap_median": 0.100852,
  "test_gap_std": 0.06611896156464984,
  "test_satisfy_frac": 0.7944444444444444,
  "test_hinge_mean": 0.009028179166666667,
  "val_reloads": 0.0,
  "val_nonfinite": 0.0
}