{
  "test_gap_mean": 0.08594270166666666,
  "test_gap_median": 0.0906575,
  "test_gap_std": 0.05026079668309749,
  "test_satisfy_frac": 0.7805555555555556,
  "test_hinge_mean": 0.007922677500000003,
  "val_reloads": 0.0,
  "val_nonfinite": 0.0
}