{
  "test_gap_mean": 0.10118771583333333,
  "test_gap_median": 0.09785360000000001,
  "test_gap_std": 0.07053440915957536,
  "test_satisfy_frac": 0.7861111111111111,
  "test_hinge_mean": 0.00932187388888889,
  "val_reloads": 0.0,
  "val_nonfinite": 0.0
}