{
  "test_gap_mean": 0.09760584472222222,
  "test_gap_median": 0.10314625000000002,
  "test_gap_std": 0.06093660500183526,
  "test_satisfy_frac": 0.8083333333333333,
  "test_hinge_mean": 0.008424587777777777,
  "val_reloads": 0.0,
  "val_nonfinite": 0.0
}