{
  "test_gap_mean": 0.07522758111111111,
  "test_gap_median": 0.0809821,
  "test_gap_std": 0.04559484604022304,
  "test_satisfy_frac": 0.7416666666666667,
  "test_hinge_mean": 0.00901686388888889,
  "val_reloads": 0.0,
  "val_nonfinite": 0.0
}