{
  "test_gap_mean": 0.09615927416666668,
  "test_gap_median": 0.1000134,
  "test_gap_std": 0.058725530414979125,
  "test_satisfy_frac": 0.8194444444444444,
  "test_hinge_mean": 0.008165073333333333,
  "val_reloads": 0.0,
  "val_nonfinite": 0.0
}