{
  "epoch": 78,
  "config": {
    "seed": 2,
    "gamma": 0.3,
    "margin": 0.05,
    "delta": 0.1,
    "input_vmin": 0.0,
    "input_vmax": 1.0,
    "rails": [
      0.0,
      0.45
    ],
    "solver": "klu",
    "body_tie": "source",
    "body_res": 10.0,
    "rs_clamp": 10.0,
    "model_vto": 0.75,
    "vg_cutoff": 0.75,
    "vg_cutoff_epochs": 4,
    "vg_init": {
      "mode": "random",
      "lo": 1.5,
      "hi": 2.5,
      "fixed": 2.0
    },
    "epochs": 100,
    "device_include_path": "/home/ma-lab/Desktop/pyclln-final/device_model/nmos_lvl1_ald1106.lib",
    "device_subckt": "NMOSWRAP"
  },
  "train": {
    "acc": 0.9610299234516354,
    "hinge": 0.005611310995128748,
    "n_free": 1437,
    "n_clamp": 239,
    "hinge_active": 239,
    "hinge_active_frac": 0.1663187195546277,
    "skipped": 1198,
    "reload_free": 0,
    "reload_clamp": 0,
    "nonfinite_free": 0,
    "nonfinite_clamp": 0
  },
  "val": {
    "acc": 0.9305555555555556,
    "hinge": 0.008833590555555557,
    "test_gap_mean": 0.09952975138888889,
    "test_gap_median": 0.09986685000000001,
    "test_gap_std": 0.06536704275005484,
    "test_satisfy_frac": 0.7916666666666666,
    "test_hinge_mean": 0.008833590555555555,
    "val_reloads": 0.0,
    "val_nonfinite": 0.0
  },
  "timing_s": {
    "epoch_total": 14.410542964935303,
    "train_free": 7.450507879257202,
    "train_clamp": 1.238940715789795,
    "train_update": 0.33437252044677734
  },
  "vg_stats": {
    "vg_unique_min": 0.6622523298496613,
    "vg_unique_max": 4.608749992381225,
    "vg_unique_sat_lo": 0.0,
    "vg_unique_sat_hi": 0.0
  }
}