{
  "epoch": 44,
  "config": {
    "seed": 2,
    "gamma": 0.3,
    "margin": 0.05,
    "delta": 0.1,
    "input_vmin": 0.0,
    "input_vmax": 1.0,
    "rails": [
      0.0,
      0.45
    ],
    "solver": "klu",
    "body_tie": "source",
    "body_res": 10.0,
    "rs_clamp": 10.0,
    "model_vto": 0.75,
    "vg_cutoff": 0.75,
    "vg_cutoff_epochs": 4,
    "vg_init": {
      "mode": "random",
      "lo": 1.5,
      "hi": 2.5,
      "fixed": 2.0
    },
    "epochs": 100,
    "device_include_path": "/home/ma-lab/Desktop/pyclln-final/device_model/nmos_lvl1_ald1106.lib",
    "device_subckt": "NMOSWRAP"
  },
  "train": {
    "acc": 0.9665970772442589,
    "hinge": 0.005127973416840643,
    "n_free": 1437,
    "n_clamp": 217,
    "hinge_active": 217,
    "hinge_active_frac": 0.15100904662491302,
    "skipped": 1220,
    "reload_free": 0,
    "reload_clamp": 0,
    "nonfinite_free": 0,
    "nonfinite_clamp": 0
  },
  "val": {
    "acc": 0.9444444444444444,
    "hinge": 0.00799367138888889,
    "test_gap_mean": 0.09593801083333335,
    "test_gap_median": 0.096752,
    "test_gap_std": 0.05895852694460526,
    "test_satisfy_frac": 0.8111111111111111,
    "test_hinge_mean": 0.007993671388888889,
    "val_reloads": 0.0,
    "val_nonfinite": 0.0
  },
  "timing_s": {
    "epoch_total": 20.084561347961426,
    "train_free": 11.327915906906128,
    "train_clamp": 1.7107865810394287,
    "train_update": 0.24583148956298828
  },
  "vg_stats": {
    "vg_unique_min": 0.6030688145825921,
    "vg_unique_max": 4.918693414336455,
    "vg_unique_sat_lo": 0.0,
    "vg_unique_sat_hi": 0.0
  }
}