{
  "epoch": 46,
  "config": {
    "seed": 2,
    "gamma": 0.3,
    "margin": 0.05,
    "delta": 0.1,
    "input_vmin": 0.0,
    "input_vmax": 1.0,
    "rails": [
      0.0,
      0.45
    ],
    "solver": "klu",
    "body_tie": "source",
    "body_res": 10.0,
    "rs_clamp": 10.0,
    "model_vto": 0.75,
    "vg_cutoff": 0.75,
    "vg_cutoff_epochs": 4,
    "vg_init": {
      "mode": "random",
      "lo": 1.5,
      "hi": 2.5,
      "fixed": 2.0
    },
    "epochs": 100,
    "device_include_path": "/home/ma-lab/Desktop/pyclln-final/device_model/nmos_lvl1_ald1106.lib",
    "device_subckt": "NMOSWRAP"
  },
  "train": {
    "acc": 0.9672929714683368,
    "hinge": 0.005168024147529579,
    "n_free": 1437,
    "n_clamp": 229,
    "hinge_active": 229,
    "hinge_active_frac": 0.1593597773138483,
    "skipped": 1208,
    "reload_free": 0,
    "reload_clamp": 0,
    "nonfinite_free": 0,
    "nonfinite_clamp": 0
  },
  "val": {
    "acc": 0.9361111111111111,
    "hinge": 0.0079265525,
    "test_gap_mean": 0.09702998138888891,
    "test_gap_median": 0.10171765000000002,
    "test_gap_std": 0.05912632652643935,
    "test_satisfy_frac": 0.8083333333333333,
    "test_hinge_mean": 0.0079265525,
    "val_reloads": 0.0,
    "val_nonfinite": 0.0
  },
  "timing_s": {
    "epoch_total": 19.68709397315979,
    "train_free": 11.105500936508179,
    "train_clamp": 1.758920669555664,
    "train_update": 0.3098170757293701
  },
  "vg_stats": {
    "vg_unique_min": 0.6527614499976665,
    "vg_unique_max": 4.931508978832227,
    "vg_unique_sat_lo": 0.0,
    "vg_unique_sat_hi": 0.0
  }
}