{
  "epoch": 71,
  "config": {
    "seed": 2,
    "gamma": 0.3,
    "margin": 0.05,
    "delta": 0.1,
    "input_vmin": 0.0,
    "input_vmax": 1.0,
    "rails": [
      0.0,
      0.45
    ],
    "solver": "klu",
    "body_tie": "source",
    "body_res": 10.0,
    "rs_clamp": 10.0,
    "model_vto": 0.75,
    "vg_cutoff": 0.75,
    "vg_cutoff_epochs": 4,
    "vg_init": {
      "mode": "random",
      "lo": 1.5,
      "hi": 2.5,
      "fixed": 2.0
    },
    "epochs": 100,
    "device_include_path": "/home/ma-lab/Desktop/pyclln-final/device_model/nmos_lvl1_ald1106.lib",
    "device_subckt": "NMOSWRAP"
  },
  "train": {
    "acc": 0.9659011830201809,
    "hinge": 0.005563302574808635,
    "n_free": 1437,
    "n_clamp": 243,
    "hinge_active": 243,
    "hinge_active_frac": 0.16910229645093947,
    "skipped": 1194,
    "reload_free": 0,
    "reload_clamp": 0,
    "nonfinite_free": 0,
    "nonfinite_clamp": 0
  },
  "val": {
    "acc": 0.9388888888888889,
    "hinge": 0.008440096666666667,
    "test_gap_mean": 0.09890768055555554,
    "test_gap_median": 0.10015805,
    "test_gap_std": 0.0632790921109467,
    "test_satisfy_frac": 0.8055555555555556,
    "test_hinge_mean": 0.008440096666666667,
    "val_reloads": 0.0,
    "val_nonfinite": 0.0
  },
  "timing_s": {
    "epoch_total": 16.103026628494263,
    "train_free": 8.521218061447144,
    "train_clamp": 1.4315905570983887,
    "train_update": 0.32230353355407715
  },
  "vg_stats": {
    "vg_unique_min": 0.6745130674299002,
    "vg_unique_max": 4.740150235631032,
    "vg_unique_sat_lo": 0.0,
    "vg_unique_sat_hi": 0.0
  }
}