{
  "epoch": 22,
  "config": {
    "seed": 2,
    "gamma": 0.3,
    "margin": 0.05,
    "delta": 0.1,
    "input_vmin": 0.0,
    "input_vmax": 1.0,
    "rails": [
      0.0,
      0.45
    ],
    "solver": "klu",
    "body_tie": "source",
    "body_res": 10.0,
    "rs_clamp": 10.0,
    "model_vto": 0.75,
    "vg_cutoff": 0.75,
    "vg_cutoff_epochs": 4,
    "vg_init": {
      "mode": "random",
      "lo": 1.5,
      "hi": 2.5,
      "fixed": 2.0
    },
    "epochs": 100,
    "device_include_path": "/home/ma-lab/Desktop/pyclln-final/device_model/nmos_lvl1_ald1106.lib",
    "device_subckt": "NMOSWRAP"
  },
  "train": {
    "acc": 0.9659011830201809,
    "hinge": 0.005331582463465553,
    "n_free": 1437,
    "n_clamp": 247,
    "hinge_active": 247,
    "hinge_active_frac": 0.17188587334725122,
    "skipped": 1190,
    "reload_free": 0,
    "reload_clamp": 0,
    "nonfinite_free": 0,
    "nonfinite_clamp": 0
  },
  "val": {
    "acc": 0.9333333333333333,
    "hinge": 0.008801677222222228,
    "test_gap_mean": 0.0850661536111111,
    "test_gap_median": 0.09222070000000002,
    "test_gap_std": 0.05208171928896014,
    "test_satisfy_frac": 0.7722222222222223,
    "test_hinge_mean": 0.00880167722222222,
    "val_reloads": 0.0,
    "val_nonfinite": 0.0
  },
  "timing_s": {
    "epoch_total": 33.82604622840881,
    "train_free": 20.490687131881714,
    "train_clamp": 3.527862787246704,
    "train_update": 0.3753235340118408
  },
  "vg_stats": {
    "vg_unique_min": 0.5434347137646633,
    "vg_unique_max": 4.572591407650822,
    "vg_unique_sat_lo": 0.0,
    "vg_unique_sat_hi": 0.0
  }
}