{
  "test_gap_mean": 0.07013553416666667,
  "test_gap_median": 0.07530125000000004,
  "test_gap_std": 0.03991194952855145,
  "test_satisfy_frac": 0.7222222222222222,
  "test_hinge_mean": 0.008549158888888889,
  "val_reloads": 0.0,
  "val_nonfinite": 0.0
}