{
  "test_gap_mean": 0.05610495916666666,
  "test_gap_median": 0.059869300000000014,
  "test_gap_std": 0.03173748551471858,
  "test_satisfy_frac": 0.6222222222222222,
  "test_hinge_mean": 0.010178502499999999,
  "val_reloads": 0.0,
  "val_nonfinite": 0.0
}