{
  "test_gap_mean": 0.03377489,
  "test_gap_median": 0.03431875000000001,
  "test_gap_std": 0.022694798003221158,
  "test_satisfy_frac": 0.3,
  "test_hinge_mean": 0.019289935,
  "val_reloads": 0.0,
  "val_nonfinite": 0.0
}