{
  "test_gap_mean": 0.0529944075,
  "test_gap_median": 0.056653850000000006,
  "test_gap_std": 0.030062778554882714,
  "test_satisfy_frac": 0.5777777777777777,
  "test_hinge_mean": 0.010807945833333334,
  "val_reloads": 0.0,
  "val_nonfinite": 0.0
}