{
  "test_gap_mean": 0.044668735,
  "test_gap_median": 0.04792225,
  "test_gap_std": 0.02635568494604569,
  "test_satisfy_frac": 0.4638888888888889,
  "test_hinge_mean": 0.013498138611111113,
  "val_reloads": 0.0,
  "val_nonfinite": 0.0
}