{
  "test_gap_mean": 0.07297057972222222,
  "test_gap_median": 0.07753109999999999,
  "test_gap_std": 0.041289045405761816,
  "test_satisfy_frac": 0.7444444444444445,
  "test_hinge_mean": 0.008243519444444444,
  "val_reloads": 0.0,
  "val_nonfinite": 0.0
}