{
  "test_gap_mean": 0.030322092222222225,
  "test_gap_median": 0.02937079999999999,
  "test_gap_std": 0.021707502858413972,
  "test_satisfy_frac": 0.24444444444444444,
  "test_hinge_mean": 0.02148891861111111,
  "val_reloads": 0.0,
  "val_nonfinite": 0.0
}