{
  "epoch": 38,
  "config": {
    "seed": 2,
    "gamma": 0.3,
    "margin": 0.05,
    "delta": 0.1,
    "input_vmin": 0.0,
    "input_vmax": 1.0,
    "rails": [
      0.0,
      0.45
    ],
    "solver": "klu",
    "body_tie": "source",
    "body_res": 10.0,
    "rs_clamp": 10.0,
    "model_vto": 0.75,
    "vg_cutoff": 0.75,
    "vg_cutoff_epochs": 4,
    "vg_init": {
      "mode": "fixed",
      "lo": 1.0,
      "hi": 3.0,
      "fixed": 4.0
    },
    "epochs": 100,
    "device_include_path": "/home/ma-lab/Desktop/pyclln-final/device_model/nmos_lvl1_ald1106.lib",
    "device_subckt": "NMOSWRAP"
  },
  "train": {
    "acc": 0.9624217118997912,
    "hinge": 0.0075934902574808704,
    "n_free": 1437,
    "n_clamp": 436,
    "hinge_active": 436,
    "hinge_active_frac": 0.3034098816979819,
    "skipped": 1001,
    "reload_free": 0,
    "reload_clamp": 0,
    "nonfinite_free": 0,
    "nonfinite_clamp": 0
  },
  "val": {
    "acc": 0.95,
    "hinge": 0.009700819722222228,
    "test_gap_mean": 0.05941060194444444,
    "test_gap_median": 0.06298345,
    "test_gap_std": 0.03361013522537215,
    "test_satisfy_frac": 0.6583333333333333,
    "test_hinge_mean": 0.009700819722222222,
    "val_reloads": 0.0,
    "val_nonfinite": 0.0
  },
  "timing_s": {
    "epoch_total": 64.08391976356506,
    "train_free": 35.64657115936279,
    "train_clamp": 10.828500270843506,
    "train_update": 1.024479627609253
  },
  "vg_stats": {
    "vg_unique_min": 0.4768785114957822,
    "vg_unique_max": 8.0,
    "vg_unique_sat_lo": 0.0,
    "vg_unique_sat_hi": 3.0
  }
}