{
  "epoch": 65,
  "config": {
    "seed": 2,
    "gamma": 0.3,
    "margin": 0.05,
    "delta": 0.1,
    "input_vmin": 0.0,
    "input_vmax": 1.0,
    "rails": [
      0.0,
      0.45
    ],
    "solver": "klu",
    "body_tie": "source",
    "body_res": 10.0,
    "rs_clamp": 10.0,
    "model_vto": 0.75,
    "vg_cutoff": 0.75,
    "vg_cutoff_epochs": 4,
    "vg_init": {
      "mode": "fixed",
      "lo": 1.0,
      "hi": 3.0,
      "fixed": 4.0
    },
    "epochs": 100,
    "device_include_path": "/home/ma-lab/Desktop/pyclln-final/device_model/nmos_lvl1_ald1106.lib",
    "device_subckt": "NMOSWRAP"
  },
  "train": {
    "acc": 0.965205288796103,
    "hinge": 0.005736073416840643,
    "n_free": 1437,
    "n_clamp": 312,
    "hinge_active": 312,
    "hinge_active_frac": 0.21711899791231734,
    "skipped": 1125,
    "reload_free": 0,
    "reload_clamp": 0,
    "nonfinite_free": 0,
    "nonfinite_clamp": 0
  },
  "val": {
    "acc": 0.9416666666666667,
    "hinge": 0.00839344416666667,
    "test_gap_mean": 0.07084037861111112,
    "test_gap_median": 0.07537005,
    "test_gap_std": 0.0399719742273274,
    "test_satisfy_frac": 0.7444444444444445,
    "test_hinge_mean": 0.008393444166666668,
    "val_reloads": 0.0,
    "val_nonfinite": 0.0
  },
  "timing_s": {
    "epoch_total": 52.991321086883545,
    "train_free": 31.381603002548218,
    "train_clamp": 6.806571006774902,
    "train_update": 0.6911976337432861
  },
  "vg_stats": {
    "vg_unique_min": 0.629354451428785,
    "vg_unique_max": 8.0,
    "vg_unique_sat_lo": 0.0,
    "vg_unique_sat_hi": 1.0
  }
}