{
  "epoch": 7,
  "config": {
    "seed": 2,
    "gamma": 0.3,
    "margin": 0.05,
    "delta": 0.1,
    "input_vmin": 0.0,
    "input_vmax": 1.0,
    "rails": [
      0.0,
      0.45
    ],
    "solver": "klu",
    "body_tie": "source",
    "body_res": 10.0,
    "rs_clamp": 10.0,
    "model_vto": 0.75,
    "vg_cutoff": 0.75,
    "vg_cutoff_epochs": 4,
    "vg_init": {
      "mode": "fixed",
      "lo": 1.0,
      "hi": 3.0,
      "fixed": 4.0
    },
    "epochs": 100,
    "device_include_path": "/home/ma-lab/Desktop/pyclln-final/device_model/nmos_lvl1_ald1106.lib",
    "device_subckt": "NMOSWRAP"
  },
  "train": {
    "acc": 0.9241475295755045,
    "hinge": 0.01985247787056366,
    "n_free": 1437,
    "n_clamp": 1082,
    "hinge_active": 1082,
    "hinge_active_frac": 0.7529575504523313,
    "skipped": 355,
    "reload_free": 0,
    "reload_clamp": 0,
    "nonfinite_free": 0,
    "nonfinite_clamp": 0
  },
  "val": {
    "acc": 0.9305555555555556,
    "hinge": 0.019289935000000025,
    "test_gap_mean": 0.03377489,
    "test_gap_median": 0.03431875000000001,
    "test_gap_std": 0.022694798003221158,
    "test_satisfy_frac": 0.3,
    "test_hinge_mean": 0.019289935,
    "val_reloads": 0.0,
    "val_nonfinite": 0.0
  },
  "timing_s": {
    "epoch_total": 70.48933744430542,
    "train_free": 30.300506353378296,
    "train_clamp": 22.713794231414795,
    "train_update": 2.5231800079345703
  },
  "vg_stats": {
    "vg_unique_min": 0.4,
    "vg_unique_max": 7.127752805958737,
    "vg_unique_sat_lo": 1.0,
    "vg_unique_sat_hi": 0.0
  }
}