{
  "test_gap_mean": 0.0985812261111111,
  "test_gap_median": 0.10403124999999999,
  "test_gap_std": 0.05788801582808576,
  "test_satisfy_frac": 0.5361111111111111,
  "test_hinge_mean": 0.023656882222222227,
  "val_reloads": 0.0,
  "val_nonfinite": 0.0
}