{
  "test_gap_mean": 0.09068673333333331,
  "test_gap_median": 0.09693895,
  "test_gap_std": 0.05368845647066406,
  "test_satisfy_frac": 0.4722222222222222,
  "test_hinge_mean": 0.026008301111111118,
  "val_reloads": 0.0,
  "val_nonfinite": 0.0
}