{
  "test_gap_mean": 0.09971820305555555,
  "test_gap_median": 0.10495980000000002,
  "test_gap_std": 0.058494991890995496,
  "test_satisfy_frac": 0.5527777777777778,
  "test_hinge_mean": 0.023386601388888886,
  "val_reloads": 0.0,
  "val_nonfinite": 0.0
}