{
  "test_gap_mean": 0.12053160916666666,
  "test_gap_median": 0.12958915000000004,
  "test_gap_std": 0.07015434942846142,
  "test_satisfy_frac": 0.6472222222222223,
  "test_hinge_mean": 0.01929486805555556,
  "val_reloads": 0.0,
  "val_nonfinite": 0.0
}