{
  "test_gap_mean": 0.08742649805555555,
  "test_gap_median": 0.09244835000000001,
  "test_gap_std": 0.0521467982191271,
  "test_satisfy_frac": 0.4444444444444444,
  "test_hinge_mean": 0.027199102222222226,
  "val_reloads": 0.0,
  "val_nonfinite": 0.0
}