{
  "test_gap_mean": 0.129535925,
  "test_gap_median": 0.13711435,
  "test_gap_std": 0.07563571614363435,
  "test_satisfy_frac": 0.6888888888888889,
  "test_hinge_mean": 0.018156133055555558,
  "val_reloads": 0.0,
  "val_nonfinite": 0.0
}