{
  "test_gap_mean": 0.10626424194444443,
  "test_gap_median": 0.11215865,
  "test_gap_std": 0.06210188329966502,
  "test_satisfy_frac": 0.5833333333333334,
  "test_hinge_mean": 0.021892177222222226,
  "val_reloads": 0.0,
  "val_nonfinite": 0.0
}