{
  "test_gap_mean": 0.09576106777777778,
  "test_gap_median": 0.10090145000000003,
  "test_gap_std": 0.05652241545253888,
  "test_satisfy_frac": 0.5111111111111111,
  "test_hinge_mean": 0.02449274277777778,
  "val_reloads": 0.0,
  "val_nonfinite": 0.0
}