{
  "test_gap_mean": 0.06930223694444443,
  "test_gap_median": 0.07247835,
  "test_gap_std": 0.0452617343411984,
  "test_satisfy_frac": 0.26944444444444443,
  "test_hinge_mean": 0.03671441472222223,
  "val_reloads": 0.0,
  "val_nonfinite": 0.0
}