{
  "epoch": 16,
  "config": {
    "seed": 1,
    "gamma": 0.03,
    "margin": 0.1,
    "delta": 0.1,
    "input_vmin": 0.0,
    "input_vmax": 1.0,
    "rails": [
      0.0,
      0.45
    ],
    "solver": "klu",
    "body_tie": "ground",
    "body_res": 10.0,
    "rs_clamp": 10.0,
    "model_vto": 0.75,
    "vg_cutoff": 0.75,
    "vg_cutoff_epochs": 4,
    "vg_init": {
      "mode": "random",
      "lo": 0.75,
      "hi": 3.0,
      "fixed": 2.0
    },
    "epochs": 100,
    "device_include_path": "/home/ma-lab/Desktop/pyclln-final/device_model/nmos_lvl1_ald1106.lib",
    "device_subckt": "NMOSWRAP"
  },
  "train": {
    "acc": 0.872651356993737,
    "hinge": 0.05355025017397361,
    "n_free": 1437,
    "n_clamp": 1250,
    "hinge_active": 1250,
    "hinge_active_frac": 0.8698677800974252,
    "skipped": 187,
    "reload_free": 0,
    "reload_clamp": 0,
    "nonfinite_free": 0,
    "nonfinite_clamp": 0
  },
  "val": {
    "acc": 0.875,
    "hinge": 0.052699771111111106,
    "test_gap_mean": 0.04832666916666667,
    "test_gap_median": 0.04973750000000002,
    "test_gap_std": 0.03888526335637418,
    "test_satisfy_frac": 0.07222222222222222,
    "test_hinge_mean": 0.05269977111111111,
    "val_reloads": 0.0,
    "val_nonfinite": 0.0
  },
  "timing_s": {
    "epoch_total": 84.32282757759094,
    "train_free": 34.91965293884277,
    "train_clamp": 30.153963804244995,
    "train_update": 2.9599146842956543
  },
  "vg_stats": {
    "vg_unique_min": 0.4879585317551913,
    "vg_unique_max": 3.7175229959944662,
    "vg_unique_sat_lo": 0.0,
    "vg_unique_sat_hi": 0.0
  }
}