{
  "epoch": 7,
  "config": {
    "seed": 1,
    "gamma": 0.03,
    "margin": 0.1,
    "delta": 0.1,
    "input_vmin": 0.0,
    "input_vmax": 1.0,
    "rails": [
      0.0,
      0.45
    ],
    "solver": "klu",
    "body_tie": "ground",
    "body_res": 10.0,
    "rs_clamp": 10.0,
    "model_vto": 0.75,
    "vg_cutoff": 0.75,
    "vg_cutoff_epochs": 4,
    "vg_init": {
      "mode": "random",
      "lo": 0.75,
      "hi": 3.0,
      "fixed": 2.0
    },
    "epochs": 100,
    "device_include_path": "/home/ma-lab/Desktop/pyclln-final/device_model/nmos_lvl1_ald1106.lib",
    "device_subckt": "NMOSWRAP"
  },
  "train": {
    "acc": 0.7453027139874739,
    "hinge": 0.08101326089074477,
    "n_free": 1437,
    "n_clamp": 1435,
    "hinge_active": 1435,
    "hinge_active_frac": 0.9986082115518441,
    "skipped": 2,
    "reload_free": 0,
    "reload_clamp": 0,
    "nonfinite_free": 0,
    "nonfinite_clamp": 0
  },
  "val": {
    "acc": 0.7722222222222223,
    "hinge": 0.07905803222222228,
    "test_gap_mean": 0.02094196777777778,
    "test_gap_median": 0.02239769999999998,
    "test_gap_std": 0.02744102534771342,
    "test_satisfy_frac": 0.0,
    "test_hinge_mean": 0.07905803222222223,
    "val_reloads": 0.0,
    "val_nonfinite": 0.0
  },
  "timing_s": {
    "epoch_total": 95.86564326286316,
    "train_free": 37.66977572441101,
    "train_clamp": 37.837087869644165,
    "train_update": 3.3144407272338867
  },
  "vg_stats": {
    "vg_unique_min": 0.4,
    "vg_unique_max": 3.346970101452117,
    "vg_unique_sat_lo": 1.0,
    "vg_unique_sat_hi": 0.0
  }
}