{
  "epoch": 77,
  "config": {
    "seed": 1,
    "gamma": 0.03,
    "margin": 0.1,
    "delta": 0.1,
    "input_vmin": 0.0,
    "input_vmax": 1.0,
    "rails": [
      0.0,
      0.45
    ],
    "solver": "klu",
    "body_tie": "ground",
    "body_res": 10.0,
    "rs_clamp": 10.0,
    "model_vto": 0.75,
    "vg_cutoff": 0.75,
    "vg_cutoff_epochs": 4,
    "vg_init": {
      "mode": "random",
      "lo": 0.75,
      "hi": 3.0,
      "fixed": 2.0
    },
    "epochs": 100,
    "device_include_path": "/home/ma-lab/Desktop/pyclln-final/device_model/nmos_lvl1_ald1106.lib",
    "device_subckt": "NMOSWRAP"
  },
  "train": {
    "acc": 0.941544885177453,
    "hinge": 0.019185345511482266,
    "n_free": 1437,
    "n_clamp": 494,
    "hinge_active": 494,
    "hinge_active_frac": 0.34377174669450244,
    "skipped": 943,
    "reload_free": 0,
    "reload_clamp": 0,
    "nonfinite_free": 0,
    "nonfinite_clamp": 0
  },
  "val": {
    "acc": 0.9416666666666667,
    "hinge": 0.020134342222222233,
    "test_gap_mean": 0.11571553305555556,
    "test_gap_median": 0.1232184,
    "test_gap_std": 0.06752139347779991,
    "test_satisfy_frac": 0.6277777777777778,
    "test_hinge_mean": 0.020134342222222226,
    "val_reloads": 0.0,
    "val_nonfinite": 0.0
  },
  "timing_s": {
    "epoch_total": 32.50724649429321,
    "train_free": 16.634294033050537,
    "train_clamp": 5.684863567352295,
    "train_update": 0.7248947620391846
  },
  "vg_stats": {
    "vg_unique_min": 0.6943570714941497,
    "vg_unique_max": 5.054154309609113,
    "vg_unique_sat_lo": 0.0,
    "vg_unique_sat_hi": 0.0
  }
}