{
  "epoch": 4,
  "config": {
    "seed": 1,
    "gamma": 0.03,
    "margin": 0.1,
    "delta": 0.1,
    "input_vmin": 0.0,
    "input_vmax": 1.0,
    "rails": [
      0.0,
      0.45
    ],
    "solver": "klu",
    "body_tie": "ground",
    "body_res": 10.0,
    "rs_clamp": 10.0,
    "model_vto": 0.75,
    "vg_cutoff": 0.75,
    "vg_cutoff_epochs": 4,
    "vg_init": {
      "mode": "random",
      "lo": 0.75,
      "hi": 3.0,
      "fixed": 2.0
    },
    "epochs": 100,
    "device_include_path": "/home/ma-lab/Desktop/pyclln-final/device_model/nmos_lvl1_ald1106.lib",
    "device_subckt": "NMOSWRAP"
  },
  "train": {
    "acc": 0.5727209464161448,
    "hinge": 0.09670973263743898,
    "n_free": 1437,
    "n_clamp": 1437,
    "hinge_active": 1437,
    "hinge_active_frac": 1.0,
    "skipped": 0,
    "reload_free": 0,
    "reload_clamp": 0,
    "nonfinite_free": 0,
    "nonfinite_clamp": 0
  },
  "val": {
    "acc": 0.6277777777777778,
    "hinge": 0.09364345111111119,
    "test_gap_mean": 0.00635654888888889,
    "test_gap_median": 0.00791760000000001,
    "test_gap_std": 0.023846856824427005,
    "test_satisfy_frac": 0.0,
    "test_hinge_mean": 0.09364345111111112,
    "val_reloads": 0.0,
    "val_nonfinite": 0.0
  },
  "timing_s": {
    "epoch_total": 81.70993137359619,
    "train_free": 29.454157829284668,
    "train_clamp": 30.19899582862854,
    "train_update": 3.7868247032165527
  },
  "vg_stats": {
    "vg_unique_min": 0.4,
    "vg_unique_max": 3.2041202995959424,
    "vg_unique_sat_lo": 1.0,
    "vg_unique_sat_hi": 0.0
  }
}