{
  "epoch": 72,
  "config": {
    "seed": 1,
    "gamma": 0.03,
    "margin": 0.1,
    "delta": 0.1,
    "input_vmin": 0.0,
    "input_vmax": 1.0,
    "rails": [
      0.0,
      0.45
    ],
    "solver": "klu",
    "body_tie": "ground",
    "body_res": 10.0,
    "rs_clamp": 10.0,
    "model_vto": 0.75,
    "vg_cutoff": 0.75,
    "vg_cutoff_epochs": 4,
    "vg_init": {
      "mode": "random",
      "lo": 0.75,
      "hi": 3.0,
      "fixed": 2.0
    },
    "epochs": 100,
    "device_include_path": "/home/ma-lab/Desktop/pyclln-final/device_model/nmos_lvl1_ald1106.lib",
    "device_subckt": "NMOSWRAP"
  },
  "train": {
    "acc": 0.9401530967292971,
    "hinge": 0.01986145441892833,
    "n_free": 1437,
    "n_clamp": 517,
    "hinge_active": 517,
    "hinge_active_frac": 0.35977731384829503,
    "skipped": 920,
    "reload_free": 0,
    "reload_clamp": 0,
    "nonfinite_free": 0,
    "nonfinite_clamp": 0
  },
  "val": {
    "acc": 0.9416666666666667,
    "hinge": 0.02073238222222222,
    "test_gap_mean": 0.11213419888888888,
    "test_gap_median": 0.11790184999999997,
    "test_gap_std": 0.06537474535482293,
    "test_satisfy_frac": 0.6194444444444445,
    "test_hinge_mean": 0.020732382222222224,
    "val_reloads": 0.0,
    "val_nonfinite": 0.0
  },
  "timing_s": {
    "epoch_total": 34.82798910140991,
    "train_free": 17.629279375076294,
    "train_clamp": 6.335446119308472,
    "train_update": 0.9072391986846924
  },
  "vg_stats": {
    "vg_unique_min": 0.6755868939784306,
    "vg_unique_max": 5.025404474577925,
    "vg_unique_sat_lo": 0.0,
    "vg_unique_sat_hi": 0.0
  }
}