{
  "epoch": 71,
  "config": {
    "seed": 1,
    "gamma": 0.03,
    "margin": 0.1,
    "delta": 0.1,
    "input_vmin": 0.0,
    "input_vmax": 1.0,
    "rails": [
      0.0,
      0.45
    ],
    "solver": "klu",
    "body_tie": "ground",
    "body_res": 10.0,
    "rs_clamp": 10.0,
    "model_vto": 0.75,
    "vg_cutoff": 0.75,
    "vg_cutoff_epochs": 4,
    "vg_init": {
      "mode": "random",
      "lo": 0.75,
      "hi": 3.0,
      "fixed": 2.0
    },
    "epochs": 100,
    "device_include_path": "/home/ma-lab/Desktop/pyclln-final/device_model/nmos_lvl1_ald1106.lib",
    "device_subckt": "NMOSWRAP"
  },
  "train": {
    "acc": 0.9401530967292971,
    "hinge": 0.019986453166318714,
    "n_free": 1437,
    "n_clamp": 521,
    "hinge_active": 521,
    "hinge_active_frac": 0.36256089074460685,
    "skipped": 916,
    "reload_free": 0,
    "reload_clamp": 0,
    "nonfinite_free": 0,
    "nonfinite_clamp": 0
  },
  "val": {
    "acc": 0.9416666666666667,
    "hinge": 0.020916176944444444,
    "test_gap_mean": 0.11122177583333333,
    "test_gap_median": 0.11849605000000002,
    "test_gap_std": 0.06485898394618854,
    "test_satisfy_frac": 0.6166666666666667,
    "test_hinge_mean": 0.020916176944444448,
    "val_reloads": 0.0,
    "val_nonfinite": 0.0
  },
  "timing_s": {
    "epoch_total": 29.120052099227905,
    "train_free": 15.250727891921997,
    "train_clamp": 5.521744012832642,
    "train_update": 0.7534646987915039
  },
  "vg_stats": {
    "vg_unique_min": 0.69341841085772,
    "vg_unique_max": 5.017462958627236,
    "vg_unique_sat_lo": 0.0,
    "vg_unique_sat_hi": 0.0
  }
}