{
  "epoch": 91,
  "config": {
    "seed": 1,
    "gamma": 0.03,
    "margin": 0.1,
    "delta": 0.1,
    "input_vmin": 0.0,
    "input_vmax": 1.0,
    "rails": [
      0.0,
      0.45
    ],
    "solver": "klu",
    "body_tie": "ground",
    "body_res": 10.0,
    "rs_clamp": 10.0,
    "model_vto": 0.75,
    "vg_cutoff": 0.75,
    "vg_cutoff_epochs": 4,
    "vg_init": {
      "mode": "random",
      "lo": 0.75,
      "hi": 3.0,
      "fixed": 2.0
    },
    "epochs": 100,
    "device_include_path": "/home/ma-lab/Desktop/pyclln-final/device_model/nmos_lvl1_ald1106.lib",
    "device_subckt": "NMOSWRAP"
  },
  "train": {
    "acc": 0.9450243562978428,
    "hinge": 0.01773602414752959,
    "n_free": 1437,
    "n_clamp": 453,
    "hinge_active": 453,
    "hinge_active_frac": 0.31524008350730687,
    "skipped": 984,
    "reload_free": 0,
    "reload_clamp": 0,
    "nonfinite_free": 0,
    "nonfinite_clamp": 0
  },
  "val": {
    "acc": 0.9361111111111111,
    "hinge": 0.0186068163888889,
    "test_gap_mean": 0.12492911805555555,
    "test_gap_median": 0.1312124,
    "test_gap_std": 0.07249902583918882,
    "test_satisfy_frac": 0.6722222222222223,
    "test_hinge_mean": 0.01860681638888889,
    "val_reloads": 0.0,
    "val_nonfinite": 0.0
  },
  "timing_s": {
    "epoch_total": 28.139628171920776,
    "train_free": 14.38323974609375,
    "train_clamp": 4.5151214599609375,
    "train_update": 0.7297940254211426
  },
  "vg_stats": {
    "vg_unique_min": 0.6821743644510635,
    "vg_unique_max": 5.103305215177691,
    "vg_unique_sat_lo": 0.0,
    "vg_unique_sat_hi": 0.0
  }
}