{
  "test_gap_mean": 0.06779263888888888,
  "test_gap_median": 0.06655999999999998,
  "test_gap_std": 0.041334570144561246,
  "test_satisfy_frac": 0.8888888888888888,
  "test_hinge_mean": 0.0030376258333333337,
  "val_reloads": 0.0,
  "val_nonfinite": 0.0
}