{
  "test_gap_mean": 0.07439624138888888,
  "test_gap_median": 0.0715152,
  "test_gap_std": 0.04710930797481338,
  "test_satisfy_frac": 0.9027777777777778,
  "test_hinge_mean": 0.002788361111111112,
  "val_reloads": 0.0,
  "val_nonfinite": 0.0
}