{
  "test_gap_mean": 0.07724691305555555,
  "test_gap_median": 0.07678795,
  "test_gap_std": 0.04757375765651014,
  "test_satisfy_frac": 0.8916666666666667,
  "test_hinge_mean": 0.0028844738888888894,
  "val_reloads": 0.0,
  "val_nonfinite": 0.0
}