{
  "test_gap_mean": 0.037389076111111114,
  "test_gap_median": 0.03769834999999999,
  "test_gap_std": 0.026059101517472344,
  "test_satisfy_frac": 0.7888888888888889,
  "test_hinge_mean": 0.003964741388888889,
  "val_reloads": 0.0,
  "val_nonfinite": 0.0
}