{
  "test_gap_mean": 0.07456078138888889,
  "test_gap_median": 0.07354990000000003,
  "test_gap_std": 0.04641903562668868,
  "test_satisfy_frac": 0.8972222222222223,
  "test_hinge_mean": 0.0027911575000000004,
  "val_reloads": 0.0,
  "val_nonfinite": 0.0
}