{
  "test_gap_mean": 0.07610723638888889,
  "test_gap_median": 0.07333915000000002,
  "test_gap_std": 0.04765837453724259,
  "test_satisfy_frac": 0.8972222222222223,
  "test_hinge_mean": 0.0029313500000000005,
  "val_reloads": 0.0,
  "val_nonfinite": 0.0
}