{
  "test_gap_mean": 0.06251010055555556,
  "test_gap_median": 0.06163875000000002,
  "test_gap_std": 0.03797865938263955,
  "test_satisfy_frac": 0.8861111111111111,
  "test_hinge_mean": 0.0030969275,
  "val_reloads": 0.0,
  "val_nonfinite": 0.0
}