{
  "test_gap_mean": 0.05269981527777778,
  "test_gap_median": 0.05308660000000001,
  "test_gap_std": 0.030510415506747945,
  "test_satisfy_frac": 0.875,
  "test_hinge_mean": 0.002613876388888889,
  "val_reloads": 0.0,
  "val_nonfinite": 0.0
}