{
  "test_gap_mean": 0.05849680166666667,
  "test_gap_median": 0.060280999999999973,
  "test_gap_std": 0.03501227116268742,
  "test_satisfy_frac": 0.8805555555555555,
  "test_hinge_mean": 0.0031121158333333337,
  "val_reloads": 0.0,
  "val_nonfinite": 0.0
}