{
  "test_gap_mean": 0.06426189333333333,
  "test_gap_median": 0.0663175,
  "test_gap_std": 0.040799887610852285,
  "test_satisfy_frac": 0.8722222222222222,
  "test_hinge_mean": 0.0032016775,
  "val_reloads": 0.0,
  "val_nonfinite": 0.0
}