{
  "test_gap_mean": 0.06687163194444445,
  "test_gap_median": 0.06966639999999999,
  "test_gap_std": 0.04197685352018693,
  "test_satisfy_frac": 0.8833333333333333,
  "test_hinge_mean": 0.00346940138888889,
  "val_reloads": 0.0,
  "val_nonfinite": 0.0
}