{
  "test_gap_mean": 0.07340418638888889,
  "test_gap_median": 0.07503284999999998,
  "test_gap_std": 0.045625106864405233,
  "test_satisfy_frac": 0.8972222222222223,
  "test_hinge_mean": 0.0033310097222222224,
  "val_reloads": 0.0,
  "val_nonfinite": 0.0
}