{
  "epoch": 43,
  "config": {
    "seed": 0,
    "gamma": 3.0,
    "margin": 0.02,
    "delta": 0.05,
    "input_vmin": 0.0,
    "input_vmax": 1.0,
    "rails": [
      0.0,
      0.45
    ],
    "solver": "klu",
    "body_tie": "floating",
    "body_res": 10.0,
    "rs_clamp": 10.0,
    "model_vto": 0.75,
    "vg_cutoff": 0.75,
    "vg_cutoff_epochs": 4,
    "vg_init": {
      "mode": "random",
      "lo": 0.75,
      "hi": 3.0,
      "fixed": 2.0
    },
    "epochs": 100,
    "device_include_path": "/home/ma-lab/Desktop/pyclln-final/device_model/nmos_lvl1_ald1106.lib",
    "device_subckt": "NMOSWRAP"
  },
  "train": {
    "acc": 0.9874739039665971,
    "hinge": 0.0007616146833681281,
    "n_free": 1437,
    "n_clamp": 101,
    "hinge_active": 101,
    "hinge_active_frac": 0.07028531663187196,
    "skipped": 1336,
    "reload_free": 0,
    "reload_clamp": 0,
    "nonfinite_free": 0,
    "nonfinite_clamp": 0
  },
  "val": {
    "acc": 0.95,
    "hinge": 0.0028682024999999996,
    "test_gap_mean": 0.06908407138888888,
    "test_gap_median": 0.07055354999999999,
    "test_gap_std": 0.04203301068248539,
    "test_satisfy_frac": 0.8972222222222223,
    "test_hinge_mean": 0.0028682024999999996,
    "val_reloads": 0.0,
    "val_nonfinite": 0.0
  },
  "timing_s": {
    "epoch_total": 48.23581671714783,
    "train_free": 32.626394510269165,
    "train_clamp": 2.3271915912628174,
    "train_update": 0.15866827964782715
  },
  "vg_stats": {
    "vg_unique_min": 0.525883915056941,
    "vg_unique_max": 7.004708946320557,
    "vg_unique_sat_lo": 0.0,
    "vg_unique_sat_hi": 0.0
  }
}