{
  "epoch": 54,
  "config": {
    "seed": 0,
    "gamma": 3.0,
    "margin": 0.02,
    "delta": 0.05,
    "input_vmin": 0.0,
    "input_vmax": 1.0,
    "rails": [
      0.0,
      0.45
    ],
    "solver": "klu",
    "body_tie": "floating",
    "body_res": 10.0,
    "rs_clamp": 10.0,
    "model_vto": 0.75,
    "vg_cutoff": 0.75,
    "vg_cutoff_epochs": 4,
    "vg_init": {
      "mode": "random",
      "lo": 0.75,
      "hi": 3.0,
      "fixed": 2.0
    },
    "epochs": 100,
    "device_include_path": "/home/ma-lab/Desktop/pyclln-final/device_model/nmos_lvl1_ald1106.lib",
    "device_subckt": "NMOSWRAP"
  },
  "train": {
    "acc": 0.9916492693110647,
    "hinge": 0.0007543898399443279,
    "n_free": 1437,
    "n_clamp": 89,
    "hinge_active": 89,
    "hinge_active_frac": 0.061934585942936674,
    "skipped": 1348,
    "reload_free": 0,
    "reload_clamp": 0,
    "nonfinite_free": 0,
    "nonfinite_clamp": 0
  },
  "val": {
    "acc": 0.9416666666666667,
    "hinge": 0.002962722222222223,
    "test_gap_mean": 0.07156067916666667,
    "test_gap_median": 0.07194129999999999,
    "test_gap_std": 0.04420690034578042,
    "test_satisfy_frac": 0.8944444444444445,
    "test_hinge_mean": 0.002962722222222224,
    "val_reloads": 0.0,
    "val_nonfinite": 0.0
  },
  "timing_s": {
    "epoch_total": 42.344456911087036,
    "train_free": 28.541672229766846,
    "train_clamp": 1.799072027206421,
    "train_update": 0.13247299194335938
  },
  "vg_stats": {
    "vg_unique_min": 0.44965216553116005,
    "vg_unique_max": 7.219679288977803,
    "vg_unique_sat_lo": 0.0,
    "vg_unique_sat_hi": 0.0
  }
}