{
  "epoch": 72,
  "config": {
    "seed": 0,
    "gamma": 3.0,
    "margin": 0.02,
    "delta": 0.05,
    "input_vmin": 0.0,
    "input_vmax": 1.0,
    "rails": [
      0.0,
      0.45
    ],
    "solver": "klu",
    "body_tie": "floating",
    "body_res": 10.0,
    "rs_clamp": 10.0,
    "model_vto": 0.75,
    "vg_cutoff": 0.75,
    "vg_cutoff_epochs": 4,
    "vg_init": {
      "mode": "random",
      "lo": 0.75,
      "hi": 3.0,
      "fixed": 2.0
    },
    "epochs": 100,
    "device_include_path": "/home/ma-lab/Desktop/pyclln-final/device_model/nmos_lvl1_ald1106.lib",
    "device_subckt": "NMOSWRAP"
  },
  "train": {
    "acc": 0.9937369519832986,
    "hinge": 0.0006890095337508702,
    "n_free": 1437,
    "n_clamp": 92,
    "hinge_active": 92,
    "hinge_active_frac": 0.06402226861517049,
    "skipped": 1345,
    "reload_free": 0,
    "reload_clamp": 0,
    "nonfinite_free": 0,
    "nonfinite_clamp": 0
  },
  "val": {
    "acc": 0.9583333333333334,
    "hinge": 0.0026548452777777785,
    "test_gap_mean": 0.07326102444444445,
    "test_gap_median": 0.06994380000000003,
    "test_gap_std": 0.04677531139461242,
    "test_satisfy_frac": 0.9027777777777778,
    "test_hinge_mean": 0.002654845277777778,
    "val_reloads": 0.0,
    "val_nonfinite": 0.0
  },
  "timing_s": {
    "epoch_total": 36.53342270851135,
    "train_free": 24.630422353744507,
    "train_clamp": 1.567415714263916,
    "train_update": 0.12405586242675781
  },
  "vg_stats": {
    "vg_unique_min": 0.6438284286422191,
    "vg_unique_max": 7.182601192083043,
    "vg_unique_sat_lo": 0.0,
    "vg_unique_sat_hi": 0.0
  }
}