{
  "epoch": 15,
  "config": {
    "seed": 0,
    "gamma": 3.0,
    "margin": 0.02,
    "delta": 0.05,
    "input_vmin": 0.0,
    "input_vmax": 1.0,
    "rails": [
      0.0,
      0.45
    ],
    "solver": "klu",
    "body_tie": "floating",
    "body_res": 10.0,
    "rs_clamp": 10.0,
    "model_vto": 0.75,
    "vg_cutoff": 0.75,
    "vg_cutoff_epochs": 4,
    "vg_init": {
      "mode": "random",
      "lo": 0.75,
      "hi": 3.0,
      "fixed": 2.0
    },
    "epochs": 100,
    "device_include_path": "/home/ma-lab/Desktop/pyclln-final/device_model/nmos_lvl1_ald1106.lib",
    "device_subckt": "NMOSWRAP"
  },
  "train": {
    "acc": 0.9798190675017397,
    "hinge": 0.0013121859429366734,
    "n_free": 1437,
    "n_clamp": 132,
    "hinge_active": 132,
    "hinge_active_frac": 0.0918580375782881,
    "skipped": 1305,
    "reload_free": 0,
    "reload_clamp": 0,
    "nonfinite_free": 0,
    "nonfinite_clamp": 0
  },
  "val": {
    "acc": 0.9416666666666667,
    "hinge": 0.0033918958333333336,
    "test_gap_mean": 0.05237286583333333,
    "test_gap_median": 0.054752050000000024,
    "test_gap_std": 0.03459545244650058,
    "test_satisfy_frac": 0.8444444444444444,
    "test_hinge_mean": 0.0033918958333333336,
    "val_reloads": 0.0,
    "val_nonfinite": 0.0
  },
  "timing_s": {
    "epoch_total": 75.81367254257202,
    "train_free": 54.23785376548767,
    "train_clamp": 4.959251642227173,
    "train_update": 0.2382676601409912
  },
  "vg_stats": {
    "vg_unique_min": 0.4681266306219375,
    "vg_unique_max": 5.442786506735942,
    "vg_unique_sat_lo": 0.0,
    "vg_unique_sat_hi": 0.0
  }
}