{
  "epoch": 31,
  "config": {
    "seed": 0,
    "gamma": 3.0,
    "margin": 0.02,
    "delta": 0.05,
    "input_vmin": 0.0,
    "input_vmax": 1.0,
    "rails": [
      0.0,
      0.45
    ],
    "solver": "klu",
    "body_tie": "floating",
    "body_res": 10.0,
    "rs_clamp": 10.0,
    "model_vto": 0.75,
    "vg_cutoff": 0.75,
    "vg_cutoff_epochs": 4,
    "vg_init": {
      "mode": "random",
      "lo": 0.75,
      "hi": 3.0,
      "fixed": 2.0
    },
    "epochs": 100,
    "device_include_path": "/home/ma-lab/Desktop/pyclln-final/device_model/nmos_lvl1_ald1106.lib",
    "device_subckt": "NMOSWRAP"
  },
  "train": {
    "acc": 0.9867780097425192,
    "hinge": 0.000889654210160056,
    "n_free": 1437,
    "n_clamp": 91,
    "hinge_active": 91,
    "hinge_active_frac": 0.06332637439109255,
    "skipped": 1346,
    "reload_free": 0,
    "reload_clamp": 0,
    "nonfinite_free": 0,
    "nonfinite_clamp": 0
  },
  "val": {
    "acc": 0.9444444444444444,
    "hinge": 0.0031642694444444447,
    "test_gap_mean": 0.06450089416666666,
    "test_gap_median": 0.06466819999999998,
    "test_gap_std": 0.03983171733507307,
    "test_satisfy_frac": 0.8722222222222222,
    "test_hinge_mean": 0.0031642694444444447,
    "val_reloads": 0.0,
    "val_nonfinite": 0.0
  },
  "timing_s": {
    "epoch_total": 58.62411022186279,
    "train_free": 40.38188672065735,
    "train_clamp": 2.5632922649383545,
    "train_update": 0.1777350902557373
  },
  "vg_stats": {
    "vg_unique_min": 0.4890755634788162,
    "vg_unique_max": 6.505658610239214,
    "vg_unique_sat_lo": 0.0,
    "vg_unique_sat_hi": 0.0
  }
}