{
  "epoch": 70,
  "config": {
    "seed": 0,
    "gamma": 3.0,
    "margin": 0.02,
    "delta": 0.05,
    "input_vmin": 0.0,
    "input_vmax": 1.0,
    "rails": [
      0.0,
      0.45
    ],
    "solver": "klu",
    "body_tie": "floating",
    "body_res": 10.0,
    "rs_clamp": 10.0,
    "model_vto": 0.75,
    "vg_cutoff": 0.75,
    "vg_cutoff_epochs": 4,
    "vg_init": {
      "mode": "random",
      "lo": 0.75,
      "hi": 3.0,
      "fixed": 2.0
    },
    "epochs": 100,
    "device_include_path": "/home/ma-lab/Desktop/pyclln-final/device_model/nmos_lvl1_ald1106.lib",
    "device_subckt": "NMOSWRAP"
  },
  "train": {
    "acc": 0.9916492693110647,
    "hinge": 0.0007088702157272092,
    "n_free": 1437,
    "n_clamp": 85,
    "hinge_active": 85,
    "hinge_active_frac": 0.05915100904662491,
    "skipped": 1352,
    "reload_free": 0,
    "reload_clamp": 0,
    "nonfinite_free": 0,
    "nonfinite_clamp": 0
  },
  "val": {
    "acc": 0.9416666666666667,
    "hinge": 0.003142611388888889,
    "test_gap_mean": 0.07367276611111111,
    "test_gap_median": 0.07169724999999996,
    "test_gap_std": 0.04652167411813631,
    "test_satisfy_frac": 0.8888888888888888,
    "test_hinge_mean": 0.003142611388888889,
    "val_reloads": 0.0,
    "val_nonfinite": 0.0
  },
  "timing_s": {
    "epoch_total": 37.67321586608887,
    "train_free": 25.199942588806152,
    "train_clamp": 1.4745738506317139,
    "train_update": 0.16988253593444824
  },
  "vg_stats": {
    "vg_unique_min": 0.5265053949067001,
    "vg_unique_max": 7.184252021355706,
    "vg_unique_sat_lo": 0.0,
    "vg_unique_sat_hi": 0.0
  }
}