{
  "epoch": 98,
  "config": {
    "seed": 0,
    "gamma": 3.0,
    "margin": 0.02,
    "delta": 0.05,
    "input_vmin": 0.0,
    "input_vmax": 1.0,
    "rails": [
      0.0,
      0.45
    ],
    "solver": "klu",
    "body_tie": "floating",
    "body_res": 10.0,
    "rs_clamp": 10.0,
    "model_vto": 0.75,
    "vg_cutoff": 0.75,
    "vg_cutoff_epochs": 4,
    "vg_init": {
      "mode": "random",
      "lo": 0.75,
      "hi": 3.0,
      "fixed": 2.0
    },
    "epochs": 100,
    "device_include_path": "/home/ma-lab/Desktop/pyclln-final/device_model/nmos_lvl1_ald1106.lib",
    "device_subckt": "NMOSWRAP"
  },
  "train": {
    "acc": 0.9916492693110647,
    "hinge": 0.0006663643006263054,
    "n_free": 1437,
    "n_clamp": 91,
    "hinge_active": 91,
    "hinge_active_frac": 0.06332637439109255,
    "skipped": 1346,
    "reload_free": 0,
    "reload_clamp": 0,
    "nonfinite_free": 0,
    "nonfinite_clamp": 0
  },
  "val": {
    "acc": 0.9472222222222222,
    "hinge": 0.0030075355555555564,
    "test_gap_mean": 0.07525264972222222,
    "test_gap_median": 0.07382939999999999,
    "test_gap_std": 0.04858506333596892,
    "test_satisfy_frac": 0.8972222222222223,
    "test_hinge_mean": 0.0030075355555555564,
    "val_reloads": 0.0,
    "val_nonfinite": 0.0
  },
  "timing_s": {
    "epoch_total": 31.83281707763672,
    "train_free": 20.967079401016235,
    "train_clamp": 1.425290822982788,
    "train_update": 0.11269330978393555
  },
  "vg_stats": {
    "vg_unique_min": 0.6547802601868697,
    "vg_unique_max": 7.4561115632297605,
    "vg_unique_sat_lo": 0.0,
    "vg_unique_sat_hi": 0.0
  }
}