{
  "epoch": 50,
  "config": {
    "seed": 0,
    "gamma": 3.0,
    "margin": 0.02,
    "delta": 0.05,
    "input_vmin": 0.0,
    "input_vmax": 1.0,
    "rails": [
      0.0,
      0.45
    ],
    "solver": "klu",
    "body_tie": "floating",
    "body_res": 10.0,
    "rs_clamp": 10.0,
    "model_vto": 0.75,
    "vg_cutoff": 0.75,
    "vg_cutoff_epochs": 4,
    "vg_init": {
      "mode": "random",
      "lo": 0.75,
      "hi": 3.0,
      "fixed": 2.0
    },
    "epochs": 100,
    "device_include_path": "/home/ma-lab/Desktop/pyclln-final/device_model/nmos_lvl1_ald1106.lib",
    "device_subckt": "NMOSWRAP"
  },
  "train": {
    "acc": 0.988865692414753,
    "hinge": 0.0007579052192066808,
    "n_free": 1437,
    "n_clamp": 86,
    "hinge_active": 86,
    "hinge_active_frac": 0.059846903270702856,
    "skipped": 1351,
    "reload_free": 0,
    "reload_clamp": 0,
    "nonfinite_free": 0,
    "nonfinite_clamp": 0
  },
  "val": {
    "acc": 0.9472222222222222,
    "hinge": 0.00288421,
    "test_gap_mean": 0.07153281305555555,
    "test_gap_median": 0.07098874999999996,
    "test_gap_std": 0.043904541203249776,
    "test_satisfy_frac": 0.8916666666666667,
    "test_hinge_mean": 0.00288421,
    "val_reloads": 0.0,
    "val_nonfinite": 0.0
  },
  "timing_s": {
    "epoch_total": 46.369240283966064,
    "train_free": 31.781631469726562,
    "train_clamp": 1.8831801414489746,
    "train_update": 0.128248929977417
  },
  "vg_stats": {
    "vg_unique_min": 0.5531883035628836,
    "vg_unique_max": 6.999390336413918,
    "vg_unique_sat_lo": 0.0,
    "vg_unique_sat_hi": 0.0
  }
}