{
  "epoch": 47,
  "config": {
    "seed": 0,
    "gamma": 3.0,
    "margin": 0.02,
    "delta": 0.05,
    "input_vmin": 0.0,
    "input_vmax": 1.0,
    "rails": [
      0.0,
      0.45
    ],
    "solver": "klu",
    "body_tie": "floating",
    "body_res": 10.0,
    "rs_clamp": 10.0,
    "model_vto": 0.75,
    "vg_cutoff": 0.75,
    "vg_cutoff_epochs": 4,
    "vg_init": {
      "mode": "random",
      "lo": 0.75,
      "hi": 3.0,
      "fixed": 2.0
    },
    "epochs": 100,
    "device_include_path": "/home/ma-lab/Desktop/pyclln-final/device_model/nmos_lvl1_ald1106.lib",
    "device_subckt": "NMOSWRAP"
  },
  "train": {
    "acc": 0.9916492693110647,
    "hinge": 0.0007184551844119695,
    "n_free": 1437,
    "n_clamp": 88,
    "hinge_active": 88,
    "hinge_active_frac": 0.061238691718858734,
    "skipped": 1349,
    "reload_free": 0,
    "reload_clamp": 0,
    "nonfinite_free": 0,
    "nonfinite_clamp": 0
  },
  "val": {
    "acc": 0.9416666666666667,
    "hinge": 0.0032476977777777766,
    "test_gap_mean": 0.06858612611111112,
    "test_gap_median": 0.07145564999999998,
    "test_gap_std": 0.04190548421466503,
    "test_satisfy_frac": 0.8861111111111111,
    "test_hinge_mean": 0.003247697777777778,
    "val_reloads": 0.0,
    "val_nonfinite": 0.0
  },
  "timing_s": {
    "epoch_total": 46.91616773605347,
    "train_free": 31.916394472122192,
    "train_clamp": 1.9629883766174316,
    "train_update": 0.13876962661743164
  },
  "vg_stats": {
    "vg_unique_min": 0.5705392549864526,
    "vg_unique_max": 6.93108781330624,
    "vg_unique_sat_lo": 0.0,
    "vg_unique_sat_hi": 0.0
  }
}