{
  "epoch": 81,
  "config": {
    "seed": 0,
    "gamma": 3.0,
    "margin": 0.02,
    "delta": 0.05,
    "input_vmin": 0.0,
    "input_vmax": 1.0,
    "rails": [
      0.0,
      0.45
    ],
    "solver": "klu",
    "body_tie": "floating",
    "body_res": 10.0,
    "rs_clamp": 10.0,
    "model_vto": 0.75,
    "vg_cutoff": 0.75,
    "vg_cutoff_epochs": 4,
    "vg_init": {
      "mode": "random",
      "lo": 0.75,
      "hi": 3.0,
      "fixed": 2.0
    },
    "epochs": 100,
    "device_include_path": "/home/ma-lab/Desktop/pyclln-final/device_model/nmos_lvl1_ald1106.lib",
    "device_subckt": "NMOSWRAP"
  },
  "train": {
    "acc": 0.9944328462073765,
    "hinge": 0.0006060162143354214,
    "n_free": 1437,
    "n_clamp": 86,
    "hinge_active": 86,
    "hinge_active_frac": 0.059846903270702856,
    "skipped": 1351,
    "reload_free": 0,
    "reload_clamp": 0,
    "nonfinite_free": 0,
    "nonfinite_clamp": 0
  },
  "val": {
    "acc": 0.95,
    "hinge": 0.0029313500000000005,
    "test_gap_mean": 0.07610723638888889,
    "test_gap_median": 0.07333915000000002,
    "test_gap_std": 0.04765837453724259,
    "test_satisfy_frac": 0.8972222222222223,
    "test_hinge_mean": 0.0029313500000000005,
    "val_reloads": 0.0,
    "val_nonfinite": 0.0
  },
  "timing_s": {
    "epoch_total": 30.965168476104736,
    "train_free": 21.56279468536377,
    "train_clamp": 1.248575210571289,
    "train_update": 0.15674972534179688
  },
  "vg_stats": {
    "vg_unique_min": 0.6552086297704491,
    "vg_unique_max": 7.265051784161678,
    "vg_unique_sat_lo": 0.0,
    "vg_unique_sat_hi": 0.0
  }
}