{
  "epoch": 28,
  "config": {
    "seed": 0,
    "gamma": 3.0,
    "margin": 0.02,
    "delta": 0.05,
    "input_vmin": 0.0,
    "input_vmax": 1.0,
    "rails": [
      0.0,
      0.45
    ],
    "solver": "klu",
    "body_tie": "floating",
    "body_res": 10.0,
    "rs_clamp": 10.0,
    "model_vto": 0.75,
    "vg_cutoff": 0.75,
    "vg_cutoff_epochs": 4,
    "vg_init": {
      "mode": "random",
      "lo": 0.75,
      "hi": 3.0,
      "fixed": 2.0
    },
    "epochs": 100,
    "device_include_path": "/home/ma-lab/Desktop/pyclln-final/device_model/nmos_lvl1_ald1106.lib",
    "device_subckt": "NMOSWRAP"
  },
  "train": {
    "acc": 0.9826026443980515,
    "hinge": 0.000995437439109255,
    "n_free": 1437,
    "n_clamp": 109,
    "hinge_active": 109,
    "hinge_active_frac": 0.07585247042449547,
    "skipped": 1328,
    "reload_free": 0,
    "reload_clamp": 0,
    "nonfinite_free": 0,
    "nonfinite_clamp": 0
  },
  "val": {
    "acc": 0.9555555555555556,
    "hinge": 0.00289836638888889,
    "test_gap_mean": 0.06434667499999999,
    "test_gap_median": 0.06265890000000002,
    "test_gap_std": 0.03933943314860686,
    "test_satisfy_frac": 0.8861111111111111,
    "test_hinge_mean": 0.0028983663888888893,
    "val_reloads": 0.0,
    "val_nonfinite": 0.0
  },
  "timing_s": {
    "epoch_total": 61.94788908958435,
    "train_free": 41.95833659172058,
    "train_clamp": 3.16658091545105,
    "train_update": 0.21538901329040527
  },
  "vg_stats": {
    "vg_unique_min": 0.580852354274501,
    "vg_unique_max": 6.641046813448587,
    "vg_unique_sat_lo": 0.0,
    "vg_unique_sat_hi": 0.0
  }
}