{
  "test_gap_mean": 0.10572757305555555,
  "test_gap_median": 0.11610405000000001,
  "test_gap_std": 0.06593508766420511,
  "test_satisfy_frac": 0.6027777777777777,
  "test_hinge_mean": 0.023986134444444446,
  "val_reloads": 0.0,
  "val_nonfinite": 0.0
}