{
  "test_gap_mean": 0.12280276472222222,
  "test_gap_median": 0.12931695000000004,
  "test_gap_std": 0.08068799107546547,
  "test_satisfy_frac": 0.6583333333333333,
  "test_hinge_mean": 0.021964882777777778,
  "val_reloads": 0.0,
  "val_nonfinite": 0.0
}