{
  "test_gap_mean": 0.12453905555555556,
  "test_gap_median": 0.13076535,
  "test_gap_std": 0.08199419132885621,
  "test_satisfy_frac": 0.6555555555555556,
  "test_hinge_mean": 0.022140190833333333,
  "val_reloads": 0.0,
  "val_nonfinite": 0.0
}