{
  "test_gap_mean": 0.1247112725,
  "test_gap_median": 0.13148299999999996,
  "test_gap_std": 0.08305139876840924,
  "test_satisfy_frac": 0.6666666666666666,
  "test_hinge_mean": 0.02185408222222222,
  "val_reloads": 0.0,
  "val_nonfinite": 0.0
}