{
  "test_gap_mean": 0.12516447333333333,
  "test_gap_median": 0.13074184999999997,
  "test_gap_std": 0.07773129264592728,
  "test_satisfy_frac": 0.6611111111111111,
  "test_hinge_mean": 0.019983457500000003,
  "val_reloads": 0.0,
  "val_nonfinite": 0.0
}