{
  "test_gap_mean": 0.11382476361111113,
  "test_gap_median": 0.12392170000000002,
  "test_gap_std": 0.06741865570765865,
  "test_satisfy_frac": 0.6388888888888888,
  "test_hinge_mean": 0.021023217222222224,
  "val_reloads": 0.0,
  "val_nonfinite": 0.0
}