{
  "test_gap_mean": 0.09029294583333333,
  "test_gap_median": 0.09852890000000003,
  "test_gap_std": 0.0574211318336448,
  "test_satisfy_frac": 0.49444444444444446,
  "test_hinge_mean": 0.02813407722222222,
  "val_reloads": 0.0,
  "val_nonfinite": 0.0
}