{
  "test_gap_mean": 0.10950004694444444,
  "test_gap_median": 0.11590710000000001,
  "test_gap_std": 0.06611826968272495,
  "test_satisfy_frac": 0.5972222222222222,
  "test_hinge_mean": 0.02202502916666667,
  "val_reloads": 0.0,
  "val_nonfinite": 0.0
}