{
  "test_gap_mean": 0.12053002805555554,
  "test_gap_median": 0.12550404999999995,
  "test_gap_std": 0.08321562739748477,
  "test_satisfy_frac": 0.6277777777777778,
  "test_hinge_mean": 0.023331456944444447,
  "val_reloads": 0.0,
  "val_nonfinite": 0.0
}