{
  "test_gap_mean": 0.12360713583333333,
  "test_gap_median": 0.13201125000000002,
  "test_gap_std": 0.08070741331864281,
  "test_satisfy_frac": 0.6444444444444445,
  "test_hinge_mean": 0.02169941888888889,
  "val_reloads": 0.0,
  "val_nonfinite": 0.0
}