{
  "test_gap_mean": 0.12155621805555555,
  "test_gap_median": 0.12725519999999998,
  "test_gap_std": 0.07956771972428218,
  "test_satisfy_frac": 0.6305555555555555,
  "test_hinge_mean": 0.021756491388888893,
  "val_reloads": 0.0,
  "val_nonfinite": 0.0
}