{
  "test_gap_mean": 0.12635177805555556,
  "test_gap_median": 0.13262370000000004,
  "test_gap_std": 0.0822085252425004,
  "test_satisfy_frac": 0.6805555555555556,
  "test_hinge_mean": 0.020856086944444453,
  "val_reloads": 0.0,
  "val_nonfinite": 0.0
}