{
  "epoch": 31,
  "config": {
    "seed": 2,
    "gamma": 3.0,
    "margin": 0.1,
    "delta": 0.05,
    "input_vmin": 0.0,
    "input_vmax": 1.0,
    "rails": [
      0.0,
      0.45
    ],
    "solver": "klu",
    "body_tie": "source",
    "body_res": 10.0,
    "rs_clamp": 10.0,
    "model_vto": 0.75,
    "vg_cutoff": 0.75,
    "vg_cutoff_epochs": 4,
    "vg_init": {
      "mode": "fixed",
      "lo": 1.0,
      "hi": 3.0,
      "fixed": 4.0
    },
    "epochs": 100,
    "device_include_path": "/home/ma-lab/Desktop/pyclln-final/device_model/nmos_lvl1_ald1106.lib",
    "device_subckt": "NMOSWRAP"
  },
  "train": {
    "acc": 0.9547668754349339,
    "hinge": 0.01790242818371608,
    "n_free": 1437,
    "n_clamp": 494,
    "hinge_active": 494,
    "hinge_active_frac": 0.34377174669450244,
    "skipped": 943,
    "reload_free": 0,
    "reload_clamp": 0,
    "nonfinite_free": 0,
    "nonfinite_clamp": 0
  },
  "val": {
    "acc": 0.9305555555555556,
    "hinge": 0.020947179166666666,
    "test_gap_mean": 0.11797126666666667,
    "test_gap_median": 0.12738835,
    "test_gap_std": 0.07168485920989871,
    "test_satisfy_frac": 0.6416666666666667,
    "test_hinge_mean": 0.020947179166666666,
    "val_reloads": 0.0,
    "val_nonfinite": 0.0
  },
  "timing_s": {
    "epoch_total": 17.221761226654053,
    "train_free": 8.587919473648071,
    "train_clamp": 2.8852884769439697,
    "train_update": 0.5083396434783936
  },
  "vg_stats": {
    "vg_unique_min": 0.5010023558437301,
    "vg_unique_max": 8.0,
    "vg_unique_sat_lo": 0.0,
    "vg_unique_sat_hi": 3.0
  }
}