{
  "epoch": 5,
  "config": {
    "seed": 2,
    "gamma": 3.0,
    "margin": 0.1,
    "delta": 0.05,
    "input_vmin": 0.0,
    "input_vmax": 1.0,
    "rails": [
      0.0,
      0.45
    ],
    "solver": "klu",
    "body_tie": "source",
    "body_res": 10.0,
    "rs_clamp": 10.0,
    "model_vto": 0.75,
    "vg_cutoff": 0.75,
    "vg_cutoff_epochs": 4,
    "vg_init": {
      "mode": "fixed",
      "lo": 1.0,
      "hi": 3.0,
      "fixed": 4.0
    },
    "epochs": 100,
    "device_include_path": "/home/ma-lab/Desktop/pyclln-final/device_model/nmos_lvl1_ald1106.lib",
    "device_subckt": "NMOSWRAP"
  },
  "train": {
    "acc": 0.9248434237995825,
    "hinge": 0.034137670911621426,
    "n_free": 1437,
    "n_clamp": 964,
    "hinge_active": 964,
    "hinge_active_frac": 0.6708420320111343,
    "skipped": 473,
    "reload_free": 0,
    "reload_clamp": 0,
    "nonfinite_free": 0,
    "nonfinite_clamp": 0
  },
  "val": {
    "acc": 0.9194444444444444,
    "hinge": 0.03315226222222222,
    "test_gap_mean": 0.0782842911111111,
    "test_gap_median": 0.08411179999999999,
    "test_gap_std": 0.0519509746884356,
    "test_satisfy_frac": 0.3888888888888889,
    "test_hinge_mean": 0.03315226222222222,
    "val_reloads": 0.0,
    "val_nonfinite": 0.0
  },
  "timing_s": {
    "epoch_total": 74.71322202682495,
    "train_free": 33.448291540145874,
    "train_clamp": 22.388444662094116,
    "train_update": 2.514237403869629
  },
  "vg_stats": {
    "vg_unique_min": 0.4,
    "vg_unique_max": 8.0,
    "vg_unique_sat_lo": 38.0,
    "vg_unique_sat_hi": 6.0
  }
}