{
  "epoch": 24,
  "config": {
    "seed": 2,
    "gamma": 3.0,
    "margin": 0.1,
    "delta": 0.05,
    "input_vmin": 0.0,
    "input_vmax": 1.0,
    "rails": [
      0.0,
      0.45
    ],
    "solver": "klu",
    "body_tie": "source",
    "body_res": 10.0,
    "rs_clamp": 10.0,
    "model_vto": 0.75,
    "vg_cutoff": 0.75,
    "vg_cutoff_epochs": 4,
    "vg_init": {
      "mode": "fixed",
      "lo": 1.0,
      "hi": 3.0,
      "fixed": 4.0
    },
    "epochs": 100,
    "device_include_path": "/home/ma-lab/Desktop/pyclln-final/device_model/nmos_lvl1_ald1106.lib",
    "device_subckt": "NMOSWRAP"
  },
  "train": {
    "acc": 0.9471120389700766,
    "hinge": 0.019201417954070987,
    "n_free": 1437,
    "n_clamp": 524,
    "hinge_active": 524,
    "hinge_active_frac": 0.36464857341684065,
    "skipped": 913,
    "reload_free": 0,
    "reload_clamp": 0,
    "nonfinite_free": 0,
    "nonfinite_clamp": 0
  },
  "val": {
    "acc": 0.925,
    "hinge": 0.021560633055555552,
    "test_gap_mean": 0.11124721583333333,
    "test_gap_median": 0.11843109999999998,
    "test_gap_std": 0.06658942125508875,
    "test_satisfy_frac": 0.6305555555555555,
    "test_hinge_mean": 0.021560633055555556,
    "val_reloads": 0.0,
    "val_nonfinite": 0.0
  },
  "timing_s": {
    "epoch_total": 21.834020376205444,
    "train_free": 10.591459035873413,
    "train_clamp": 3.8333091735839844,
    "train_update": 0.6154398918151855
  },
  "vg_stats": {
    "vg_unique_min": 0.4,
    "vg_unique_max": 7.993644074989368,
    "vg_unique_sat_lo": 1.0,
    "vg_unique_sat_hi": 0.0
  }
}