{
  "epoch": 80,
  "config": {
    "seed": 2,
    "gamma": 3.0,
    "margin": 0.1,
    "delta": 0.05,
    "input_vmin": 0.0,
    "input_vmax": 1.0,
    "rails": [
      0.0,
      0.45
    ],
    "solver": "klu",
    "body_tie": "source",
    "body_res": 10.0,
    "rs_clamp": 10.0,
    "model_vto": 0.75,
    "vg_cutoff": 0.75,
    "vg_cutoff_epochs": 4,
    "vg_init": {
      "mode": "fixed",
      "lo": 1.0,
      "hi": 3.0,
      "fixed": 4.0
    },
    "epochs": 100,
    "device_include_path": "/home/ma-lab/Desktop/pyclln-final/device_model/nmos_lvl1_ald1106.lib",
    "device_subckt": "NMOSWRAP"
  },
  "train": {
    "acc": 0.9498956158663883,
    "hinge": 0.01768038733472512,
    "n_free": 1437,
    "n_clamp": 466,
    "hinge_active": 466,
    "hinge_active_frac": 0.3242867084203201,
    "skipped": 971,
    "reload_free": 0,
    "reload_clamp": 0,
    "nonfinite_free": 0,
    "nonfinite_clamp": 0
  },
  "val": {
    "acc": 0.9277777777777778,
    "hinge": 0.02070158472222222,
    "test_gap_mean": 0.12497546611111111,
    "test_gap_median": 0.1298676,
    "test_gap_std": 0.07970467444715605,
    "test_satisfy_frac": 0.6694444444444444,
    "test_hinge_mean": 0.020701584722222225,
    "val_reloads": 0.0,
    "val_nonfinite": 0.0
  },
  "timing_s": {
    "epoch_total": 10.250864028930664,
    "train_free": 4.960279941558838,
    "train_clamp": 1.5666494369506836,
    "train_update": 0.3039662837982178
  },
  "vg_stats": {
    "vg_unique_min": 0.40466851525048064,
    "vg_unique_max": 7.9983984088916,
    "vg_unique_sat_lo": 0.0,
    "vg_unique_sat_hi": 0.0
  }
}