{
  "epoch": 84,
  "config": {
    "seed": 2,
    "gamma": 3.0,
    "margin": 0.1,
    "delta": 0.05,
    "input_vmin": 0.0,
    "input_vmax": 1.0,
    "rails": [
      0.0,
      0.45
    ],
    "solver": "klu",
    "body_tie": "source",
    "body_res": 10.0,
    "rs_clamp": 10.0,
    "model_vto": 0.75,
    "vg_cutoff": 0.75,
    "vg_cutoff_epochs": 4,
    "vg_init": {
      "mode": "fixed",
      "lo": 1.0,
      "hi": 3.0,
      "fixed": 4.0
    },
    "epochs": 100,
    "device_include_path": "/home/ma-lab/Desktop/pyclln-final/device_model/nmos_lvl1_ald1106.lib",
    "device_subckt": "NMOSWRAP"
  },
  "train": {
    "acc": 0.9478079331941545,
    "hinge": 0.01803671997216423,
    "n_free": 1437,
    "n_clamp": 470,
    "hinge_active": 470,
    "hinge_active_frac": 0.32707028531663185,
    "skipped": 967,
    "reload_free": 0,
    "reload_clamp": 0,
    "nonfinite_free": 0,
    "nonfinite_clamp": 0
  },
  "val": {
    "acc": 0.925,
    "hinge": 0.021264263055555562,
    "test_gap_mean": 0.12482787027777778,
    "test_gap_median": 0.1316574,
    "test_gap_std": 0.08116434033148548,
    "test_satisfy_frac": 0.6555555555555556,
    "test_hinge_mean": 0.02126426305555556,
    "val_reloads": 0.0,
    "val_nonfinite": 0.0
  },
  "timing_s": {
    "epoch_total": 13.210140228271484,
    "train_free": 5.99395227432251,
    "train_clamp": 1.932971477508545,
    "train_update": 0.3780357837677002
  },
  "vg_stats": {
    "vg_unique_min": 0.6562489831196834,
    "vg_unique_max": 7.96580536702706,
    "vg_unique_sat_lo": 0.0,
    "vg_unique_sat_hi": 0.0
  }
}