{
  "test_gap_mean": 0.11761670305555556,
  "test_gap_median": 0.10523629999999998,
  "test_gap_std": 0.09853888796452995,
  "test_satisfy_frac": 0.5388888888888889,
  "test_hinge_mean": 0.03025756111111112,
  "val_reloads": 0.0,
  "val_nonfinite": 0.0
}