{
  "test_gap_mean": 0.1239673875,
  "test_gap_median": 0.11572134999999997,
  "test_gap_std": 0.10048103412174461,
  "test_satisfy_frac": 0.5611111111111111,
  "test_hinge_mean": 0.02833927388888889,
  "val_reloads": 0.0,
  "val_nonfinite": 0.0
}