{
  "test_gap_mean": 0.11106220944444443,
  "test_gap_median": 0.10341535000000002,
  "test_gap_std": 0.09555958657321194,
  "test_satisfy_frac": 0.5111111111111111,
  "test_hinge_mean": 0.032240619444444445,
  "val_reloads": 0.0,
  "val_nonfinite": 0.0
}