{
  "test_gap_mean": 0.1253077386111111,
  "test_gap_median": 0.11637505000000001,
  "test_gap_std": 0.10050615918621512,
  "test_satisfy_frac": 0.5611111111111111,
  "test_hinge_mean": 0.027860141388888888,
  "val_reloads": 0.0,
  "val_nonfinite": 0.0
}