{
  "test_gap_mean": 0.035621723277777774,
  "test_gap_median": 0.02953937000000001,
  "test_gap_std": 0.04348314481285789,
  "test_satisfy_frac": 0.08888888888888889,
  "test_hinge_mean": 0.0654223346388889,
  "val_reloads": 0.0,
  "val_nonfinite": 0.0
}