{
  "test_gap_mean": 0.12448966833333333,
  "test_gap_median": 0.11468659999999997,
  "test_gap_std": 0.10022421419159115,
  "test_satisfy_frac": 0.5638888888888889,
  "test_hinge_mean": 0.028093783611111107,
  "val_reloads": 0.0,
  "val_nonfinite": 0.0
}