{
  "test_gap_mean": 0.08501255944444445,
  "test_gap_median": 0.07667324999999998,
  "test_gap_std": 0.07843758161673571,
  "test_satisfy_frac": 0.3888888888888889,
  "test_hinge_mean": 0.0402071425,
  "val_reloads": 0.0,
  "val_nonfinite": 0.0
}