{
  "test_gap_mean": 0.018075097916666664,
  "test_gap_median": 0.016324975000000002,
  "test_gap_std": 0.023636468196745253,
  "test_satisfy_frac": 0.0,
  "test_hinge_mean": 0.08192490208333333,
  "val_reloads": 0.0,
  "val_nonfinite": 0.0
}