{
  "test_gap_mean": 0.11223904722222224,
  "test_gap_median": 0.102946,
  "test_gap_std": 0.09613853242920542,
  "test_satisfy_frac": 0.5138888888888888,
  "test_hinge_mean": 0.03191240916666667,
  "val_reloads": 0.0,
  "val_nonfinite": 0.0
}