{
  "test_gap_mean": 0.10005429694444443,
  "test_gap_median": 0.0910128,
  "test_gap_std": 0.08811312499327888,
  "test_satisfy_frac": 0.4638888888888889,
  "test_hinge_mean": 0.03521658638888889,
  "val_reloads": 0.0,
  "val_nonfinite": 0.0
}