{
  "test_gap_mean": 0.11847971,
  "test_gap_median": 0.10701295000000002,
  "test_gap_std": 0.09877104071135291,
  "test_satisfy_frac": 0.55,
  "test_hinge_mean": 0.029955728611111117,
  "val_reloads": 0.0,
  "val_nonfinite": 0.0
}