{
  "test_gap_mean": 0.12283796972222222,
  "test_gap_median": 0.11270715,
  "test_gap_std": 0.09999712969034717,
  "test_satisfy_frac": 0.5555555555555556,
  "test_hinge_mean": 0.028630830277777776,
  "val_reloads": 0.0,
  "val_nonfinite": 0.0
}