{
  "test_gap_mean": 0.12549460111111113,
  "test_gap_median": 0.1166217,
  "test_gap_std": 0.10036858142178783,
  "test_satisfy_frac": 0.5638888888888889,
  "test_hinge_mean": 0.027765165555555558,
  "val_reloads": 0.0,
  "val_nonfinite": 0.0
}