{
  "test_gap_mean": 0.12618084416666667,
  "test_gap_median": 0.11843814999999999,
  "test_gap_std": 0.10042839625356062,
  "test_satisfy_frac": 0.5722222222222222,
  "test_hinge_mean": 0.02756175694444445,
  "val_reloads": 0.0,
  "val_nonfinite": 0.0
}