{
  "test_gap_mean": 0.0984113238888889,
  "test_gap_median": 0.09009415,
  "test_gap_std": 0.08723780894968354,
  "test_satisfy_frac": 0.4527777777777778,
  "test_hinge_mean": 0.03576204611111111,
  "val_reloads": 0.0,
  "val_nonfinite": 0.0
}