{
  "test_gap_mean": 0.12141142305555555,
  "test_gap_median": 0.11099434999999999,
  "test_gap_std": 0.099676747303705,
  "test_satisfy_frac": 0.5444444444444444,
  "test_hinge_mean": 0.029077363333333335,
  "val_reloads": 0.0,
  "val_nonfinite": 0.0
}