{
  "epoch": 16,
  "config": {
    "seed": 1,
    "gamma": 0.03,
    "margin": 0.1,
    "delta": 0.05,
    "input_vmin": 0.0,
    "input_vmax": 1.0,
    "rails": [
      0.0,
      0.45
    ],
    "solver": "klu",
    "body_tie": "ground",
    "body_res": 10.0,
    "rs_clamp": 10.0,
    "model_vto": 0.75,
    "vg_cutoff": 0.75,
    "vg_cutoff_epochs": 4,
    "vg_init": {
      "mode": "fixed",
      "lo": 1.0,
      "hi": 3.0,
      "fixed": 0.75
    },
    "epochs": 100,
    "device_include_path": "/home/ma-lab/Desktop/pyclln-final/device_model/nmos_lvl1_ald1106.lib",
    "device_subckt": "NMOSWRAP"
  },
  "train": {
    "acc": 0.8434237995824635,
    "hinge": 0.04459431357689634,
    "n_free": 1437,
    "n_clamp": 956,
    "hinge_active": 956,
    "hinge_active_frac": 0.6652748782185108,
    "skipped": 481,
    "reload_free": 0,
    "reload_clamp": 0,
    "nonfinite_free": 0,
    "nonfinite_clamp": 0
  },
  "val": {
    "acc": 0.8722222222222222,
    "hinge": 0.04597809027777776,
    "test_gap_mean": 0.07048354194444444,
    "test_gap_median": 0.06247825,
    "test_gap_std": 0.06888171262197401,
    "test_satisfy_frac": 0.325,
    "test_hinge_mean": 0.04597809027777778,
    "val_reloads": 0.0,
    "val_nonfinite": 0.0
  },
  "timing_s": {
    "epoch_total": 17.45207405090332,
    "train_free": 6.691646099090576,
    "train_clamp": 4.218258857727051,
    "train_update": 0.8873081207275391
  },
  "vg_stats": {
    "vg_unique_min": 0.7190557396922597,
    "vg_unique_max": 1.3761621892954246,
    "vg_unique_sat_lo": 0.0,
    "vg_unique_sat_hi": 0.0
  }
}