{
  "epoch": 28,
  "config": {
    "seed": 1,
    "gamma": 0.03,
    "margin": 0.1,
    "delta": 0.05,
    "input_vmin": 0.0,
    "input_vmax": 1.0,
    "rails": [
      0.0,
      0.45
    ],
    "solver": "klu",
    "body_tie": "ground",
    "body_res": 10.0,
    "rs_clamp": 10.0,
    "model_vto": 0.75,
    "vg_cutoff": 0.75,
    "vg_cutoff_epochs": 4,
    "vg_init": {
      "mode": "fixed",
      "lo": 1.0,
      "hi": 3.0,
      "fixed": 0.75
    },
    "epochs": 100,
    "device_include_path": "/home/ma-lab/Desktop/pyclln-final/device_model/nmos_lvl1_ald1106.lib",
    "device_subckt": "NMOSWRAP"
  },
  "train": {
    "acc": 0.8754349338900487,
    "hinge": 0.036433795059150974,
    "n_free": 1437,
    "n_clamp": 770,
    "hinge_active": 770,
    "hinge_active_frac": 0.5358385525400139,
    "skipped": 667,
    "reload_free": 0,
    "reload_clamp": 0,
    "nonfinite_free": 0,
    "nonfinite_clamp": 0
  },
  "val": {
    "acc": 0.8944444444444445,
    "hinge": 0.037751983888888896,
    "test_gap_mean": 0.0926086625,
    "test_gap_median": 0.08248085000000001,
    "test_gap_std": 0.08374323786770627,
    "test_satisfy_frac": 0.42777777777777776,
    "test_hinge_mean": 0.03775198388888889,
    "val_reloads": 0.0,
    "val_nonfinite": 0.0
  },
  "timing_s": {
    "epoch_total": 14.11368179321289,
    "train_free": 5.517974853515625,
    "train_clamp": 2.8291823863983154,
    "train_update": 0.5766990184783936
  },
  "vg_stats": {
    "vg_unique_min": 0.7465309379722253,
    "vg_unique_max": 1.5936488205944952,
    "vg_unique_sat_lo": 0.0,
    "vg_unique_sat_hi": 0.0
  }
}