{
  "epoch": 98,
  "config": {
    "seed": 1,
    "gamma": 0.03,
    "margin": 0.1,
    "delta": 0.05,
    "input_vmin": 0.0,
    "input_vmax": 1.0,
    "rails": [
      0.0,
      0.45
    ],
    "solver": "klu",
    "body_tie": "ground",
    "body_res": 10.0,
    "rs_clamp": 10.0,
    "model_vto": 0.75,
    "vg_cutoff": 0.75,
    "vg_cutoff_epochs": 4,
    "vg_init": {
      "mode": "fixed",
      "lo": 1.0,
      "hi": 3.0,
      "fixed": 0.75
    },
    "epochs": 100,
    "device_include_path": "/home/ma-lab/Desktop/pyclln-final/device_model/nmos_lvl1_ald1106.lib",
    "device_subckt": "NMOSWRAP"
  },
  "train": {
    "acc": 0.9116214335421016,
    "hinge": 0.025859560960334028,
    "n_free": 1437,
    "n_clamp": 541,
    "hinge_active": 541,
    "hinge_active_frac": 0.37647877522616563,
    "skipped": 896,
    "reload_free": 0,
    "reload_clamp": 0,
    "nonfinite_free": 0,
    "nonfinite_clamp": 0
  },
  "val": {
    "acc": 0.9166666666666666,
    "hinge": 0.027353557222222227,
    "test_gap_mean": 0.12669191583333334,
    "test_gap_median": 0.11913510000000002,
    "test_gap_std": 0.10054255512038174,
    "test_satisfy_frac": 0.5722222222222222,
    "test_hinge_mean": 0.027353557222222227,
    "val_reloads": 0.0,
    "val_nonfinite": 0.0
  },
  "timing_s": {
    "epoch_total": 10.405143737792969,
    "train_free": 4.352115154266357,
    "train_clamp": 1.5461986064910889,
    "train_update": 0.4562222957611084
  },
  "vg_stats": {
    "vg_unique_min": 0.742660614833344,
    "vg_unique_max": 1.9636915061281273,
    "vg_unique_sat_lo": 0.0,
    "vg_unique_sat_hi": 0.0
  }
}