{
  "epoch": 56,
  "config": {
    "seed": 1,
    "gamma": 0.03,
    "margin": 0.1,
    "delta": 0.05,
    "input_vmin": 0.0,
    "input_vmax": 1.0,
    "rails": [
      0.0,
      0.45
    ],
    "solver": "klu",
    "body_tie": "ground",
    "body_res": 10.0,
    "rs_clamp": 10.0,
    "model_vto": 0.75,
    "vg_cutoff": 0.75,
    "vg_cutoff_epochs": 4,
    "vg_init": {
      "mode": "fixed",
      "lo": 1.0,
      "hi": 3.0,
      "fixed": 0.75
    },
    "epochs": 100,
    "device_include_path": "/home/ma-lab/Desktop/pyclln-final/device_model/nmos_lvl1_ald1106.lib",
    "device_subckt": "NMOSWRAP"
  },
  "train": {
    "acc": 0.8977035490605428,
    "hinge": 0.029632226583159352,
    "n_free": 1437,
    "n_clamp": 629,
    "hinge_active": 629,
    "hinge_active_frac": 0.43771746694502434,
    "skipped": 808,
    "reload_free": 0,
    "reload_clamp": 0,
    "nonfinite_free": 0,
    "nonfinite_clamp": 0
  },
  "val": {
    "acc": 0.9055555555555556,
    "hinge": 0.031103012500000006,
    "test_gap_mean": 0.11475583749999999,
    "test_gap_median": 0.1048962,
    "test_gap_std": 0.09714712739389736,
    "test_satisfy_frac": 0.5111111111111111,
    "test_hinge_mean": 0.031103012500000003,
    "val_reloads": 0.0,
    "val_nonfinite": 0.0
  },
  "timing_s": {
    "epoch_total": 13.04978322982788,
    "train_free": 5.466040372848511,
    "train_clamp": 2.3111841678619385,
    "train_update": 0.46404218673706055
  },
  "vg_stats": {
    "vg_unique_min": 0.7697065969437852,
    "vg_unique_max": 1.8316996406489496,
    "vg_unique_sat_lo": 0.0,
    "vg_unique_sat_hi": 0.0
  }
}