{
  "epoch": 15,
  "config": {
    "seed": 1,
    "gamma": 0.03,
    "margin": 0.1,
    "delta": 0.05,
    "input_vmin": 0.0,
    "input_vmax": 1.0,
    "rails": [
      0.0,
      0.45
    ],
    "solver": "klu",
    "body_tie": "ground",
    "body_res": 10.0,
    "rs_clamp": 10.0,
    "model_vto": 0.75,
    "vg_cutoff": 0.75,
    "vg_cutoff_epochs": 4,
    "vg_init": {
      "mode": "fixed",
      "lo": 1.0,
      "hi": 3.0,
      "fixed": 0.75
    },
    "epochs": 100,
    "device_include_path": "/home/ma-lab/Desktop/pyclln-final/device_model/nmos_lvl1_ald1106.lib",
    "device_subckt": "NMOSWRAP"
  },
  "train": {
    "acc": 0.848295059151009,
    "hinge": 0.04558986444676404,
    "n_free": 1437,
    "n_clamp": 973,
    "hinge_active": 973,
    "hinge_active_frac": 0.6771050800278358,
    "skipped": 464,
    "reload_free": 0,
    "reload_clamp": 0,
    "nonfinite_free": 0,
    "nonfinite_clamp": 0
  },
  "val": {
    "acc": 0.8666666666666667,
    "hinge": 0.047353053055555566,
    "test_gap_mean": 0.06756056500000002,
    "test_gap_median": 0.059503150000000005,
    "test_gap_std": 0.06703248123804856,
    "test_satisfy_frac": 0.2972222222222222,
    "test_hinge_mean": 0.04735305305555556,
    "val_reloads": 0.0,
    "val_nonfinite": 0.0
  },
  "timing_s": {
    "epoch_total": 17.804038763046265,
    "train_free": 6.738091945648193,
    "train_clamp": 4.304154634475708,
    "train_update": 0.8863070011138916
  },
  "vg_stats": {
    "vg_unique_min": 0.7361795721640176,
    "vg_unique_max": 1.3537932056156317,
    "vg_unique_sat_lo": 0.0,
    "vg_unique_sat_hi": 0.0
  }
}