{
  "epoch": 31,
  "config": {
    "seed": 1,
    "gamma": 0.03,
    "margin": 0.1,
    "delta": 0.05,
    "input_vmin": 0.0,
    "input_vmax": 1.0,
    "rails": [
      0.0,
      0.45
    ],
    "solver": "klu",
    "body_tie": "ground",
    "body_res": 10.0,
    "rs_clamp": 10.0,
    "model_vto": 0.75,
    "vg_cutoff": 0.75,
    "vg_cutoff_epochs": 4,
    "vg_init": {
      "mode": "fixed",
      "lo": 1.0,
      "hi": 3.0,
      "fixed": 0.75
    },
    "epochs": 100,
    "device_include_path": "/home/ma-lab/Desktop/pyclln-final/device_model/nmos_lvl1_ald1106.lib",
    "device_subckt": "NMOSWRAP"
  },
  "train": {
    "acc": 0.8810020876826722,
    "hinge": 0.03514927501739733,
    "n_free": 1437,
    "n_clamp": 752,
    "hinge_active": 752,
    "hinge_active_frac": 0.523312456506611,
    "skipped": 685,
    "reload_free": 0,
    "reload_clamp": 0,
    "nonfinite_free": 0,
    "nonfinite_clamp": 0
  },
  "val": {
    "acc": 0.8972222222222223,
    "hinge": 0.03651928972222223,
    "test_gap_mean": 0.09625406583333333,
    "test_gap_median": 0.08560149999999998,
    "test_gap_std": 0.08589611537332287,
    "test_satisfy_frac": 0.44166666666666665,
    "test_hinge_mean": 0.03651928972222222,
    "val_reloads": 0.0,
    "val_nonfinite": 0.0
  },
  "timing_s": {
    "epoch_total": 13.350768804550171,
    "train_free": 5.38042950630188,
    "train_clamp": 2.6219584941864014,
    "train_update": 0.619229793548584
  },
  "vg_stats": {
    "vg_unique_min": 0.7280145720416736,
    "vg_unique_max": 1.6305996257046156,
    "vg_unique_sat_lo": 0.0,
    "vg_unique_sat_hi": 0.0
  }
}