{
  "epoch": 10,
  "config": {
    "seed": 1,
    "gamma": 0.03,
    "margin": 0.1,
    "delta": 0.05,
    "input_vmin": 0.0,
    "input_vmax": 1.0,
    "rails": [
      0.0,
      0.45
    ],
    "solver": "klu",
    "body_tie": "ground",
    "body_res": 10.0,
    "rs_clamp": 10.0,
    "model_vto": 0.75,
    "vg_cutoff": 0.75,
    "vg_cutoff_epochs": 4,
    "vg_init": {
      "mode": "fixed",
      "lo": 1.0,
      "hi": 3.0,
      "fixed": 0.75
    },
    "epochs": 100,
    "device_include_path": "/home/ma-lab/Desktop/pyclln-final/device_model/nmos_lvl1_ald1106.lib",
    "device_subckt": "NMOSWRAP"
  },
  "train": {
    "acc": 0.8218510786360473,
    "hinge": 0.053256315567153795,
    "n_free": 1437,
    "n_clamp": 1090,
    "hinge_active": 1090,
    "hinge_active_frac": 0.7585247042449548,
    "skipped": 347,
    "reload_free": 0,
    "reload_clamp": 0,
    "nonfinite_free": 0,
    "nonfinite_clamp": 0
  },
  "val": {
    "acc": 0.8277777777777777,
    "hinge": 0.05501666472222227,
    "test_gap_mean": 0.05169401666666667,
    "test_gap_median": 0.04706499999999998,
    "test_gap_std": 0.05587315673313279,
    "test_satisfy_frac": 0.2222222222222222,
    "test_hinge_mean": 0.05501666472222223,
    "val_reloads": 0.0,
    "val_nonfinite": 0.0
  },
  "timing_s": {
    "epoch_total": 18.32107925415039,
    "train_free": 6.65203070640564,
    "train_clamp": 4.7909955978393555,
    "train_update": 1.0231094360351562
  },
  "vg_stats": {
    "vg_unique_min": 0.7071742782196094,
    "vg_unique_max": 1.243238708219576,
    "vg_unique_sat_lo": 0.0,
    "vg_unique_sat_hi": 0.0
  }
}