{
  "test_gap_mean": 0.05393944305555556,
  "test_gap_median": 0.057491249999999994,
  "test_gap_std": 0.030226299316309276,
  "test_satisfy_frac": 0.8722222222222222,
  "test_hinge_mean": 0.0023906913888888893,
  "val_reloads": 0.0,
  "val_nonfinite": 0.0
}