{
  "test_gap_mean": 0.043046312499999996,
  "test_gap_median": 0.04502300000000001,
  "test_gap_std": 0.024856311142847365,
  "test_satisfy_frac": 0.8222222222222222,
  "test_hinge_mean": 0.0028984172222222223,
  "val_reloads": 0.0,
  "val_nonfinite": 0.0
}