{
  "test_gap_mean": 0.08896317333333334,
  "test_gap_median": 0.08547574999999999,
  "test_gap_std": 0.058160743317047715,
  "test_satisfy_frac": 0.8777777777777778,
  "test_hinge_mean": 0.0032231774999999995,
  "val_reloads": 0.0,
  "val_nonfinite": 0.0
}