{
  "test_gap_mean": 0.08874596805555555,
  "test_gap_median": 0.09088779999999996,
  "test_gap_std": 0.052706350917582946,
  "test_satisfy_frac": 0.9,
  "test_hinge_mean": 0.002569365555555556,
  "val_reloads": 0.0,
  "val_nonfinite": 0.0
}