{
  "test_gap_mean": 0.03958429777777778,
  "test_gap_median": 0.04160280000000002,
  "test_gap_std": 0.02106717644159183,
  "test_satisfy_frac": 0.8305555555555556,
  "test_hinge_mean": 0.002419986666666667,
  "val_reloads": 0.0,
  "val_nonfinite": 0.0
}