{
  "test_gap_mean": 0.09076136694444445,
  "test_gap_median": 0.08931449999999996,
  "test_gap_std": 0.05824222825983348,
  "test_satisfy_frac": 0.9055555555555556,
  "test_hinge_mean": 0.003199707777777778,
  "val_reloads": 0.0,
  "val_nonfinite": 0.0
}