{
  "epoch": 96,
  "config": {
    "seed": 2,
    "gamma": 3.0,
    "margin": 0.02,
    "delta": 0.1,
    "input_vmin": 0.0,
    "input_vmax": 1.0,
    "rails": [
      0.0,
      0.45
    ],
    "solver": "klu",
    "body_tie": "ground",
    "body_res": 10.0,
    "rs_clamp": 10.0,
    "model_vto": 0.75,
    "vg_cutoff": 0.75,
    "vg_cutoff_epochs": 4,
    "vg_init": {
      "mode": "fixed",
      "lo": 1.0,
      "hi": 3.0,
      "fixed": 4.0
    },
    "epochs": 100,
    "device_include_path": "/home/ma-lab/Desktop/pyclln-final/device_model/nmos_lvl1_ald1106.lib",
    "device_subckt": "NMOSWRAP"
  },
  "train": {
    "acc": 0.9721642310368824,
    "hinge": 0.0017410726513569922,
    "n_free": 1437,
    "n_clamp": 116,
    "hinge_active": 116,
    "hinge_active_frac": 0.08072372999304106,
    "skipped": 1321,
    "reload_free": 0,
    "reload_clamp": 0,
    "nonfinite_free": 0,
    "nonfinite_clamp": 0
  },
  "val": {
    "acc": 0.925,
    "hinge": 0.0036334916666666654,
    "test_gap_mean": 0.08728246083333334,
    "test_gap_median": 0.08806985,
    "test_gap_std": 0.0575409399933275,
    "test_satisfy_frac": 0.875,
    "test_hinge_mean": 0.0036334916666666667,
    "val_reloads": 0.0,
    "val_nonfinite": 0.0
  },
  "timing_s": {
    "epoch_total": 20.823137760162354,
    "train_free": 12.416323184967041,
    "train_clamp": 1.0015616416931152,
    "train_update": 0.14189434051513672
  },
  "vg_stats": {
    "vg_unique_min": 0.5157571280383895,
    "vg_unique_max": 7.89996533503373,
    "vg_unique_sat_lo": 0.0,
    "vg_unique_sat_hi": 0.0
  }
}