{
  "epoch": 94,
  "config": {
    "seed": 2,
    "gamma": 3.0,
    "margin": 0.02,
    "delta": 0.1,
    "input_vmin": 0.0,
    "input_vmax": 1.0,
    "rails": [
      0.0,
      0.45
    ],
    "solver": "klu",
    "body_tie": "ground",
    "body_res": 10.0,
    "rs_clamp": 10.0,
    "model_vto": 0.75,
    "vg_cutoff": 0.75,
    "vg_cutoff_epochs": 4,
    "vg_init": {
      "mode": "fixed",
      "lo": 1.0,
      "hi": 3.0,
      "fixed": 4.0
    },
    "epochs": 100,
    "device_include_path": "/home/ma-lab/Desktop/pyclln-final/device_model/nmos_lvl1_ald1106.lib",
    "device_subckt": "NMOSWRAP"
  },
  "train": {
    "acc": 0.9679888656924147,
    "hinge": 0.0015505792623521219,
    "n_free": 1437,
    "n_clamp": 110,
    "hinge_active": 110,
    "hinge_active_frac": 0.07654836464857341,
    "skipped": 1327,
    "reload_free": 0,
    "reload_clamp": 0,
    "nonfinite_free": 0,
    "nonfinite_clamp": 0
  },
  "val": {
    "acc": 0.9388888888888889,
    "hinge": 0.003659426944444444,
    "test_gap_mean": 0.0919262313888889,
    "test_gap_median": 0.09572484999999997,
    "test_gap_std": 0.059748473569007865,
    "test_satisfy_frac": 0.8972222222222223,
    "test_hinge_mean": 0.003659426944444444,
    "val_reloads": 0.0,
    "val_nonfinite": 0.0
  },
  "timing_s": {
    "epoch_total": 19.288594245910645,
    "train_free": 11.877997398376465,
    "train_clamp": 0.8929812908172607,
    "train_update": 0.12534785270690918
  },
  "vg_stats": {
    "vg_unique_min": 0.44588011457848004,
    "vg_unique_max": 7.954603256481439,
    "vg_unique_sat_lo": 0.0,
    "vg_unique_sat_hi": 0.0
  }
}