{
  "epoch": 48,
  "config": {
    "seed": 2,
    "gamma": 3.0,
    "margin": 0.02,
    "delta": 0.1,
    "input_vmin": 0.0,
    "input_vmax": 1.0,
    "rails": [
      0.0,
      0.45
    ],
    "solver": "klu",
    "body_tie": "ground",
    "body_res": 10.0,
    "rs_clamp": 10.0,
    "model_vto": 0.75,
    "vg_cutoff": 0.75,
    "vg_cutoff_epochs": 4,
    "vg_init": {
      "mode": "fixed",
      "lo": 1.0,
      "hi": 3.0,
      "fixed": 4.0
    },
    "epochs": 100,
    "device_include_path": "/home/ma-lab/Desktop/pyclln-final/device_model/nmos_lvl1_ald1106.lib",
    "device_subckt": "NMOSWRAP"
  },
  "train": {
    "acc": 0.9742519137091162,
    "hinge": 0.0013844818371607512,
    "n_free": 1437,
    "n_clamp": 88,
    "hinge_active": 88,
    "hinge_active_frac": 0.061238691718858734,
    "skipped": 1349,
    "reload_free": 0,
    "reload_clamp": 0,
    "nonfinite_free": 0,
    "nonfinite_clamp": 0
  },
  "val": {
    "acc": 0.9361111111111111,
    "hinge": 0.0032313566666666658,
    "test_gap_mean": 0.08052792333333335,
    "test_gap_median": 0.0793171,
    "test_gap_std": 0.051468310098666106,
    "test_satisfy_frac": 0.8888888888888888,
    "test_hinge_mean": 0.003231356666666667,
    "val_reloads": 0.0,
    "val_nonfinite": 0.0
  },
  "timing_s": {
    "epoch_total": 30.0796115398407,
    "train_free": 19.270374059677124,
    "train_clamp": 1.1799354553222656,
    "train_update": 0.13337349891662598
  },
  "vg_stats": {
    "vg_unique_min": 0.49291906673124986,
    "vg_unique_max": 7.93806281673125,
    "vg_unique_sat_lo": 0.0,
    "vg_unique_sat_hi": 0.0
  }
}