{
  "epoch": 39,
  "config": {
    "seed": 2,
    "gamma": 3.0,
    "margin": 0.02,
    "delta": 0.1,
    "input_vmin": 0.0,
    "input_vmax": 1.0,
    "rails": [
      0.0,
      0.45
    ],
    "solver": "klu",
    "body_tie": "ground",
    "body_res": 10.0,
    "rs_clamp": 10.0,
    "model_vto": 0.75,
    "vg_cutoff": 0.75,
    "vg_cutoff_epochs": 4,
    "vg_init": {
      "mode": "fixed",
      "lo": 1.0,
      "hi": 3.0,
      "fixed": 4.0
    },
    "epochs": 100,
    "device_include_path": "/home/ma-lab/Desktop/pyclln-final/device_model/nmos_lvl1_ald1106.lib",
    "device_subckt": "NMOSWRAP"
  },
  "train": {
    "acc": 0.9798190675017397,
    "hinge": 0.0013378598469032698,
    "n_free": 1437,
    "n_clamp": 113,
    "hinge_active": 113,
    "hinge_active_frac": 0.07863604732080724,
    "skipped": 1324,
    "reload_free": 0,
    "reload_clamp": 0,
    "nonfinite_free": 0,
    "nonfinite_clamp": 0
  },
  "val": {
    "acc": 0.9444444444444444,
    "hinge": 0.003044570277777777,
    "test_gap_mean": 0.07825309583333333,
    "test_gap_median": 0.08028590000000005,
    "test_gap_std": 0.04641532948081508,
    "test_satisfy_frac": 0.8944444444444445,
    "test_hinge_mean": 0.0030445702777777773,
    "val_reloads": 0.0,
    "val_nonfinite": 0.0
  },
  "timing_s": {
    "epoch_total": 40.95273566246033,
    "train_free": 26.112456798553467,
    "train_clamp": 2.085303783416748,
    "train_update": 0.2292935848236084
  },
  "vg_stats": {
    "vg_unique_min": 0.4,
    "vg_unique_max": 8.0,
    "vg_unique_sat_lo": 2.0,
    "vg_unique_sat_hi": 1.0
  }
}