{
  "epoch": 83,
  "config": {
    "seed": 2,
    "gamma": 3.0,
    "margin": 0.02,
    "delta": 0.1,
    "input_vmin": 0.0,
    "input_vmax": 1.0,
    "rails": [
      0.0,
      0.45
    ],
    "solver": "klu",
    "body_tie": "ground",
    "body_res": 10.0,
    "rs_clamp": 10.0,
    "model_vto": 0.75,
    "vg_cutoff": 0.75,
    "vg_cutoff_epochs": 4,
    "vg_init": {
      "mode": "fixed",
      "lo": 1.0,
      "hi": 3.0,
      "fixed": 4.0
    },
    "epochs": 100,
    "device_include_path": "/home/ma-lab/Desktop/pyclln-final/device_model/nmos_lvl1_ald1106.lib",
    "device_subckt": "NMOSWRAP"
  },
  "train": {
    "acc": 0.9721642310368824,
    "hinge": 0.0016298041057759215,
    "n_free": 1437,
    "n_clamp": 102,
    "hinge_active": 102,
    "hinge_active_frac": 0.0709812108559499,
    "skipped": 1335,
    "reload_free": 0,
    "reload_clamp": 0,
    "nonfinite_free": 0,
    "nonfinite_clamp": 0
  },
  "val": {
    "acc": 0.9388888888888889,
    "hinge": 0.003590557222222222,
    "test_gap_mean": 0.08511573694444444,
    "test_gap_median": 0.08871439999999997,
    "test_gap_std": 0.05375371194391805,
    "test_satisfy_frac": 0.8805555555555555,
    "test_hinge_mean": 0.0035905572222222227,
    "val_reloads": 0.0,
    "val_nonfinite": 0.0
  },
  "timing_s": {
    "epoch_total": 22.083362102508545,
    "train_free": 13.582264184951782,
    "train_clamp": 0.9719758033752441,
    "train_update": 0.14118552207946777
  },
  "vg_stats": {
    "vg_unique_min": 0.5642571268102001,
    "vg_unique_max": 8.0,
    "vg_unique_sat_lo": 0.0,
    "vg_unique_sat_hi": 1.0
  }
}