{
  "epoch": 1,
  "config": {
    "seed": 2,
    "gamma": 3.0,
    "margin": 0.02,
    "delta": 0.1,
    "input_vmin": 0.0,
    "input_vmax": 1.0,
    "rails": [
      0.0,
      0.45
    ],
    "solver": "klu",
    "body_tie": "ground",
    "body_res": 10.0,
    "rs_clamp": 10.0,
    "model_vto": 0.75,
    "vg_cutoff": 0.75,
    "vg_cutoff_epochs": 4,
    "vg_init": {
      "mode": "fixed",
      "lo": 1.0,
      "hi": 3.0,
      "fixed": 4.0
    },
    "epochs": 100,
    "device_include_path": "/home/ma-lab/Desktop/pyclln-final/device_model/nmos_lvl1_ald1106.lib",
    "device_subckt": "NMOSWRAP"
  },
  "train": {
    "acc": 0.8629088378566457,
    "hinge": 0.0077275168406402165,
    "n_free": 1437,
    "n_clamp": 845,
    "hinge_active": 845,
    "hinge_active_frac": 0.5880306193458594,
    "skipped": 592,
    "reload_free": 0,
    "reload_clamp": 0,
    "nonfinite_free": 0,
    "nonfinite_clamp": 0
  },
  "val": {
    "acc": 0.95,
    "hinge": 0.0035795494444444426,
    "test_gap_mean": 0.025449581666666665,
    "test_gap_median": 0.02694455000000001,
    "test_gap_std": 0.014140692234385426,
    "test_satisfy_frac": 0.6805555555555556,
    "test_hinge_mean": 0.0035795494444444452,
    "val_reloads": 0.0,
    "val_nonfinite": 0.0
  },
  "timing_s": {
    "epoch_total": 72.19149255752563,
    "train_free": 33.200037479400635,
    "train_clamp": 19.259776830673218,
    "train_update": 2.427232265472412
  },
  "vg_stats": {
    "vg_unique_min": 0.8101135661691116,
    "vg_unique_max": 6.941168674967317,
    "vg_unique_sat_lo": 0.0,
    "vg_unique_sat_hi": 0.0
  }
}