{
  "epoch": 2,
  "config": {
    "seed": 2,
    "gamma": 3.0,
    "margin": 0.02,
    "delta": 0.1,
    "input_vmin": 0.0,
    "input_vmax": 1.0,
    "rails": [
      0.0,
      0.45
    ],
    "solver": "klu",
    "body_tie": "ground",
    "body_res": 10.0,
    "rs_clamp": 10.0,
    "model_vto": 0.75,
    "vg_cutoff": 0.75,
    "vg_cutoff_epochs": 4,
    "vg_init": {
      "mode": "fixed",
      "lo": 1.0,
      "hi": 3.0,
      "fixed": 4.0
    },
    "epochs": 100,
    "device_include_path": "/home/ma-lab/Desktop/pyclln-final/device_model/nmos_lvl1_ald1106.lib",
    "device_subckt": "NMOSWRAP"
  },
  "train": {
    "acc": 0.9526791927627001,
    "hinge": 0.003222746833681279,
    "n_free": 1437,
    "n_clamp": 398,
    "hinge_active": 398,
    "hinge_active_frac": 0.27696590118302017,
    "skipped": 1039,
    "reload_free": 0,
    "reload_clamp": 0,
    "nonfinite_free": 0,
    "nonfinite_clamp": 0
  },
  "val": {
    "acc": 0.9527777777777777,
    "hinge": 0.0030597197222222224,
    "test_gap_mean": 0.03101717,
    "test_gap_median": 0.032658450000000006,
    "test_gap_std": 0.017134362670371557,
    "test_satisfy_frac": 0.7444444444444445,
    "test_hinge_mean": 0.003059719722222223,
    "val_reloads": 0.0,
    "val_nonfinite": 0.0
  },
  "timing_s": {
    "epoch_total": 61.29538559913635,
    "train_free": 34.33892822265625,
    "train_clamp": 9.449570178985596,
    "train_update": 1.1250977516174316
  },
  "vg_stats": {
    "vg_unique_min": 0.4,
    "vg_unique_max": 7.755856078877869,
    "vg_unique_sat_lo": 2.0,
    "vg_unique_sat_hi": 0.0
  }
}