{
  "epoch": 68,
  "config": {
    "seed": 2,
    "gamma": 3.0,
    "margin": 0.02,
    "delta": 0.1,
    "input_vmin": 0.0,
    "input_vmax": 1.0,
    "rails": [
      0.0,
      0.45
    ],
    "solver": "klu",
    "body_tie": "ground",
    "body_res": 10.0,
    "rs_clamp": 10.0,
    "model_vto": 0.75,
    "vg_cutoff": 0.75,
    "vg_cutoff_epochs": 4,
    "vg_init": {
      "mode": "fixed",
      "lo": 1.0,
      "hi": 3.0,
      "fixed": 4.0
    },
    "epochs": 100,
    "device_include_path": "/home/ma-lab/Desktop/pyclln-final/device_model/nmos_lvl1_ald1106.lib",
    "device_subckt": "NMOSWRAP"
  },
  "train": {
    "acc": 0.9756437021572721,
    "hinge": 0.0013531900487125945,
    "n_free": 1437,
    "n_clamp": 95,
    "hinge_active": 95,
    "hinge_active_frac": 0.06610995128740431,
    "skipped": 1342,
    "reload_free": 0,
    "reload_clamp": 0,
    "nonfinite_free": 0,
    "nonfinite_clamp": 0
  },
  "val": {
    "acc": 0.9472222222222222,
    "hinge": 0.003157090555555555,
    "test_gap_mean": 0.08630927388888888,
    "test_gap_median": 0.08781894999999998,
    "test_gap_std": 0.053647933405572695,
    "test_satisfy_frac": 0.8888888888888888,
    "test_hinge_mean": 0.003157090555555555,
    "val_reloads": 0.0,
    "val_nonfinite": 0.0
  },
  "timing_s": {
    "epoch_total": 24.6996591091156,
    "train_free": 15.42360782623291,
    "train_clamp": 1.0162739753723145,
    "train_update": 0.13441014289855957
  },
  "vg_stats": {
    "vg_unique_min": 0.4448622533269637,
    "vg_unique_max": 7.964772735358641,
    "vg_unique_sat_lo": 0.0,
    "vg_unique_sat_hi": 0.0
  }
}