{
  "epoch": 50,
  "config": {
    "seed": 2,
    "gamma": 3.0,
    "margin": 0.02,
    "delta": 0.1,
    "input_vmin": 0.0,
    "input_vmax": 1.0,
    "rails": [
      0.0,
      0.45
    ],
    "solver": "klu",
    "body_tie": "ground",
    "body_res": 10.0,
    "rs_clamp": 10.0,
    "model_vto": 0.75,
    "vg_cutoff": 0.75,
    "vg_cutoff_epochs": 4,
    "vg_init": {
      "mode": "fixed",
      "lo": 1.0,
      "hi": 3.0,
      "fixed": 4.0
    },
    "epochs": 100,
    "device_include_path": "/home/ma-lab/Desktop/pyclln-final/device_model/nmos_lvl1_ald1106.lib",
    "device_subckt": "NMOSWRAP"
  },
  "train": {
    "acc": 0.9735560194850382,
    "hinge": 0.0013684823242867072,
    "n_free": 1437,
    "n_clamp": 104,
    "hinge_active": 104,
    "hinge_active_frac": 0.07237299930410578,
    "skipped": 1333,
    "reload_free": 0,
    "reload_clamp": 0,
    "nonfinite_free": 0,
    "nonfinite_clamp": 0
  },
  "val": {
    "acc": 0.9416666666666667,
    "hinge": 0.0030333683333333326,
    "test_gap_mean": 0.08003450305555557,
    "test_gap_median": 0.0798953,
    "test_gap_std": 0.04911553888833018,
    "test_satisfy_frac": 0.8916666666666667,
    "test_hinge_mean": 0.003033368333333333,
    "val_reloads": 0.0,
    "val_nonfinite": 0.0
  },
  "timing_s": {
    "epoch_total": 30.60888385772705,
    "train_free": 19.32365083694458,
    "train_clamp": 1.386291742324829,
    "train_update": 0.22452163696289062
  },
  "vg_stats": {
    "vg_unique_min": 0.42848342434372,
    "vg_unique_max": 7.94450285763263,
    "vg_unique_sat_lo": 0.0,
    "vg_unique_sat_hi": 0.0
  }
}