{
  "epoch": 66,
  "config": {
    "seed": 2,
    "gamma": 3.0,
    "margin": 0.02,
    "delta": 0.1,
    "input_vmin": 0.0,
    "input_vmax": 1.0,
    "rails": [
      0.0,
      0.45
    ],
    "solver": "klu",
    "body_tie": "ground",
    "body_res": 10.0,
    "rs_clamp": 10.0,
    "model_vto": 0.75,
    "vg_cutoff": 0.75,
    "vg_cutoff_epochs": 4,
    "vg_init": {
      "mode": "fixed",
      "lo": 1.0,
      "hi": 3.0,
      "fixed": 4.0
    },
    "epochs": 100,
    "device_include_path": "/home/ma-lab/Desktop/pyclln-final/device_model/nmos_lvl1_ald1106.lib",
    "device_subckt": "NMOSWRAP"
  },
  "train": {
    "acc": 0.9756437021572721,
    "hinge": 0.0015071929018789143,
    "n_free": 1437,
    "n_clamp": 105,
    "hinge_active": 105,
    "hinge_active_frac": 0.07306889352818371,
    "skipped": 1332,
    "reload_free": 0,
    "reload_clamp": 0,
    "nonfinite_free": 0,
    "nonfinite_clamp": 0
  },
  "val": {
    "acc": 0.9361111111111111,
    "hinge": 0.002835145555555556,
    "test_gap_mean": 0.08801079277777778,
    "test_gap_median": 0.08983635000000001,
    "test_gap_std": 0.052013980350995304,
    "test_satisfy_frac": 0.9027777777777778,
    "test_hinge_mean": 0.002835145555555556,
    "val_reloads": 0.0,
    "val_nonfinite": 0.0
  },
  "timing_s": {
    "epoch_total": 26.17489457130432,
    "train_free": 16.159219980239868,
    "train_clamp": 1.1737968921661377,
    "train_update": 0.15376043319702148
  },
  "vg_stats": {
    "vg_unique_min": 0.5185723647397036,
    "vg_unique_max": 7.9996128948326,
    "vg_unique_sat_lo": 0.0,
    "vg_unique_sat_hi": 0.0
  }
}