{
  "epoch": 76,
  "config": {
    "seed": 2,
    "gamma": 3.0,
    "margin": 0.02,
    "delta": 0.1,
    "input_vmin": 0.0,
    "input_vmax": 1.0,
    "rails": [
      0.0,
      0.45
    ],
    "solver": "klu",
    "body_tie": "ground",
    "body_res": 10.0,
    "rs_clamp": 10.0,
    "model_vto": 0.75,
    "vg_cutoff": 0.75,
    "vg_cutoff_epochs": 4,
    "vg_init": {
      "mode": "fixed",
      "lo": 1.0,
      "hi": 3.0,
      "fixed": 4.0
    },
    "epochs": 100,
    "device_include_path": "/home/ma-lab/Desktop/pyclln-final/device_model/nmos_lvl1_ald1106.lib",
    "device_subckt": "NMOSWRAP"
  },
  "train": {
    "acc": 0.9735560194850382,
    "hinge": 0.0014776364648573413,
    "n_free": 1437,
    "n_clamp": 89,
    "hinge_active": 89,
    "hinge_active_frac": 0.061934585942936674,
    "skipped": 1348,
    "reload_free": 0,
    "reload_clamp": 0,
    "nonfinite_free": 0,
    "nonfinite_clamp": 0
  },
  "val": {
    "acc": 0.9388888888888889,
    "hinge": 0.003199553333333334,
    "test_gap_mean": 0.08960438444444445,
    "test_gap_median": 0.09352685,
    "test_gap_std": 0.05698542825452868,
    "test_satisfy_frac": 0.8666666666666667,
    "test_hinge_mean": 0.0031995533333333327,
    "val_reloads": 0.0,
    "val_nonfinite": 0.0
  },
  "timing_s": {
    "epoch_total": 20.867887258529663,
    "train_free": 13.326973915100098,
    "train_clamp": 0.8303437232971191,
    "train_update": 0.1081688404083252
  },
  "vg_stats": {
    "vg_unique_min": 0.534737124621206,
    "vg_unique_max": 7.959282872058502,
    "vg_unique_sat_lo": 0.0,
    "vg_unique_sat_hi": 0.0
  }
}