{
  "test_gap_mean": 0.0093503525,
  "test_gap_median": 0.008787849999999986,
  "test_gap_std": 0.02037362597829318,
  "test_satisfy_frac": 0.011111111111111112,
  "test_hinge_mean": 0.040685066111111105,
  "val_reloads": 0.0,
  "val_nonfinite": 0.0
}