{
  "test_gap_mean": -0.0004920711111111117,
  "test_gap_median": 0.0005760000000000209,
  "test_gap_std": 0.019343950638810083,
  "test_satisfy_frac": 0.0,
  "test_hinge_mean": 0.050492071111111106,
  "val_reloads": 0.0,
  "val_nonfinite": 0.0
}