{
  "test_gap_mean": -0.019791983333333332,
  "test_gap_median": -0.016363899999999987,
  "test_gap_std": 0.027972336929823285,
  "test_satisfy_frac": 0.0,
  "test_hinge_mean": 0.06979198333333334,
  "val_reloads": 0.0,
  "val_nonfinite": 0.0
}