{
  "test_gap_mean": 0.0013353913888888888,
  "test_gap_median": 0.0016155499999999656,
  "test_gap_std": 0.019255573878099654,
  "test_satisfy_frac": 0.0,
  "test_hinge_mean": 0.04866460861111111,
  "val_reloads": 0.0,
  "val_nonfinite": 0.0
}