{
  "test_gap_mean": 0.0020183227777777796,
  "test_gap_median": 0.0024368000000000167,
  "test_gap_std": 0.01926079557007311,
  "test_satisfy_frac": 0.0,
  "test_hinge_mean": 0.04798167722222221,
  "val_reloads": 0.0,
  "val_nonfinite": 0.0
}