{
  "test_gap_mean": -0.0062192625,
  "test_gap_median": -0.0029346999999999845,
  "test_gap_std": 0.020829491121990135,
  "test_satisfy_frac": 0.0,
  "test_hinge_mean": 0.0562192625,
  "val_reloads": 0.0,
  "val_nonfinite": 0.0
}