{
  "test_gap_mean": 0.008835416111111112,
  "test_gap_median": 0.008245000000000002,
  "test_gap_std": 0.02024674761491107,
  "test_satisfy_frac": 0.011111111111111112,
  "test_hinge_mean": 0.041191547777777775,
  "val_reloads": 0.0,
  "val_nonfinite": 0.0
}