{
  "test_gap_mean": 0.013504975,
  "test_gap_median": 0.012322650000000018,
  "test_gap_std": 0.021480137182860033,
  "test_satisfy_frac": 0.03333333333333333,
  "test_hinge_mean": 0.036648340555555554,
  "val_reloads": 0.0,
  "val_nonfinite": 0.0
}