{
  "test_gap_mean": 0.0016800352777777774,
  "test_gap_median": 0.0019842999999999944,
  "test_gap_std": 0.019254266429921302,
  "test_satisfy_frac": 0.0,
  "test_hinge_mean": 0.04831996472222222,
  "val_reloads": 0.0,
  "val_nonfinite": 0.0
}