{
  "test_gap_mean": -0.00830802361111111,
  "test_gap_median": -0.004629700000000014,
  "test_gap_std": 0.02174707574610443,
  "test_satisfy_frac": 0.0,
  "test_hinge_mean": 0.058308023611111114,
  "val_reloads": 0.0,
  "val_nonfinite": 0.0
}