{
  "test_gap_mean": -0.007765158611111112,
  "test_gap_median": -0.0043536500000000145,
  "test_gap_std": 0.021499203845100952,
  "test_satisfy_frac": 0.0,
  "test_hinge_mean": 0.05776515861111111,
  "val_reloads": 0.0,
  "val_nonfinite": 0.0
}