{
  "test_gap_mean": 0.008046528888888889,
  "test_gap_median": 0.007223699999999972,
  "test_gap_std": 0.02004845077450843,
  "test_satisfy_frac": 0.008333333333333333,
  "test_hinge_mean": 0.041967849722222214,
  "val_reloads": 0.0,
  "val_nonfinite": 0.0
}