{
  "epoch": 46,
  "config": {
    "seed": 0,
    "gamma": 0.03,
    "margin": 0.05,
    "delta": 0.02,
    "input_vmin": 0.0,
    "input_vmax": 1.0,
    "rails": [
      0.0,
      0.45
    ],
    "solver": "klu",
    "body_tie": "source",
    "body_res": 10.0,
    "rs_clamp": 10.0,
    "model_vto": 0.75,
    "vg_cutoff": 0.75,
    "vg_cutoff_epochs": 4,
    "vg_init": {
      "mode": "random",
      "lo": 1.0,
      "hi": 6.0,
      "fixed": 2.0
    },
    "epochs": 100,
    "device_include_path": "/home/ma-lab/Desktop/pyclln-final/device_model/nmos_lvl1_ald1106.lib",
    "device_subckt": "NMOSWRAP"
  },
  "train": {
    "acc": 0.5455810716771051,
    "hinge": 0.048008294989561585,
    "n_free": 1437,
    "n_clamp": 1436,
    "hinge_active": 1436,
    "hinge_active_frac": 0.9993041057759221,
    "skipped": 1,
    "reload_free": 0,
    "reload_clamp": 0,
    "nonfinite_free": 0,
    "nonfinite_clamp": 0
  },
  "val": {
    "acc": 0.5527777777777778,
    "hinge": 0.047315875833333354,
    "test_gap_mean": 0.0026841241666666652,
    "test_gap_median": 0.0029982999999999815,
    "test_gap_std": 0.019280994641471268,
    "test_satisfy_frac": 0.0,
    "test_hinge_mean": 0.047315875833333326,
    "val_reloads": 0.0,
    "val_nonfinite": 0.0
  },
  "timing_s": {
    "epoch_total": 128.96930027008057,
    "train_free": 50.15511775016785,
    "train_clamp": 50.86373996734619,
    "train_update": 4.536398410797119
  },
  "vg_stats": {
    "vg_unique_min": 0.8211777179332916,
    "vg_unique_max": 6.726300875160101,
    "vg_unique_sat_lo": 0.0,
    "vg_unique_sat_hi": 0.0
  }
}