{
  "epoch": 47,
  "config": {
    "seed": 0,
    "gamma": 0.03,
    "margin": 0.05,
    "delta": 0.02,
    "input_vmin": 0.0,
    "input_vmax": 1.0,
    "rails": [
      0.0,
      0.45
    ],
    "solver": "klu",
    "body_tie": "source",
    "body_res": 10.0,
    "rs_clamp": 10.0,
    "model_vto": 0.75,
    "vg_cutoff": 0.75,
    "vg_cutoff_epochs": 4,
    "vg_init": {
      "mode": "random",
      "lo": 1.0,
      "hi": 6.0,
      "fixed": 2.0
    },
    "epochs": 100,
    "device_include_path": "/home/ma-lab/Desktop/pyclln-final/device_model/nmos_lvl1_ald1106.lib",
    "device_subckt": "NMOSWRAP"
  },
  "train": {
    "acc": 0.5490605427974948,
    "hinge": 0.047669490675017356,
    "n_free": 1437,
    "n_clamp": 1436,
    "hinge_active": 1436,
    "hinge_active_frac": 0.9993041057759221,
    "skipped": 1,
    "reload_free": 0,
    "reload_clamp": 0,
    "nonfinite_free": 0,
    "nonfinite_clamp": 0
  },
  "val": {
    "acc": 0.5638888888888889,
    "hinge": 0.04699143944444447,
    "test_gap_mean": 0.0030085605555555573,
    "test_gap_median": 0.0032722500000000043,
    "test_gap_std": 0.019297304652589,
    "test_satisfy_frac": 0.0,
    "test_hinge_mean": 0.046991439444444436,
    "val_reloads": 0.0,
    "val_nonfinite": 0.0
  },
  "timing_s": {
    "epoch_total": 119.34278893470764,
    "train_free": 45.902108669281006,
    "train_clamp": 46.85397171974182,
    "train_update": 3.932663917541504
  },
  "vg_stats": {
    "vg_unique_min": 0.8195188445238936,
    "vg_unique_max": 6.743143757090445,
    "vg_unique_sat_lo": 0.0,
    "vg_unique_sat_hi": 0.0
  }
}