{
  "test_gap_mean": 0.039638229722222224,
  "test_gap_median": 0.04095869999999999,
  "test_gap_std": 0.021972919877226906,
  "test_satisfy_frac": 0.8111111111111111,
  "test_hinge_mean": 0.0024721952777777786,
  "val_reloads": 0.0,
  "val_nonfinite": 0.0
}