{
  "test_gap_mean": 0.04362401694444445,
  "test_gap_median": 0.04482470000000002,
  "test_gap_std": 0.02421072444849634,
  "test_satisfy_frac": 0.8472222222222222,
  "test_hinge_mean": 0.002343706666666667,
  "val_reloads": 0.0,
  "val_nonfinite": 0.0
}