{
  "test_gap_mean": 0.04271311611111111,
  "test_gap_median": 0.04347395000000001,
  "test_gap_std": 0.02352337987980295,
  "test_satisfy_frac": 0.8416666666666667,
  "test_hinge_mean": 0.0023557663888888894,
  "val_reloads": 0.0,
  "val_nonfinite": 0.0
}