{
  "test_gap_mean": 0.03347064083333333,
  "test_gap_median": 0.03505340000000001,
  "test_gap_std": 0.019109355231304737,
  "test_satisfy_frac": 0.7722222222222223,
  "test_hinge_mean": 0.0030158616666666675,
  "val_reloads": 0.0,
  "val_nonfinite": 0.0
}