{
  "test_gap_mean": 0.043556872777777776,
  "test_gap_median": 0.043977499999999975,
  "test_gap_std": 0.02408535068053085,
  "test_satisfy_frac": 0.8444444444444444,
  "test_hinge_mean": 0.0023606347222222225,
  "val_reloads": 0.0,
  "val_nonfinite": 0.0
}