{
  "test_gap_mean": 0.03395669944444444,
  "test_gap_median": 0.03512085000000001,
  "test_gap_std": 0.019391983832885394,
  "test_satisfy_frac": 0.7611111111111111,
  "test_hinge_mean": 0.003000869444444444,
  "val_reloads": 0.0,
  "val_nonfinite": 0.0
}