{
  "test_gap_mean": 0.03828053638888889,
  "test_gap_median": 0.03963995000000001,
  "test_gap_std": 0.0214192396077655,
  "test_satisfy_frac": 0.7916666666666666,
  "test_hinge_mean": 0.0026152908333333335,
  "val_reloads": 0.0,
  "val_nonfinite": 0.0
}