{
  "test_gap_mean": 0.007942463055555555,
  "test_gap_median": 0.008309050000000012,
  "test_gap_std": 0.01713668984932448,
  "test_satisfy_frac": 0.25833333333333336,
  "test_hinge_mean": 0.014316751388888889,
  "val_reloads": 0.0,
  "val_nonfinite": 0.0
}