{
  "test_gap_mean": 0.041881657777777775,
  "test_gap_median": 0.04254885,
  "test_gap_std": 0.023054962124716367,
  "test_satisfy_frac": 0.8333333333333334,
  "test_hinge_mean": 0.002376195277777778,
  "val_reloads": 0.0,
  "val_nonfinite": 0.0
}