{
  "test_gap_mean": 0.042833793611111115,
  "test_gap_median": 0.04344010000000001,
  "test_gap_std": 0.023754603179716987,
  "test_satisfy_frac": 0.8305555555555556,
  "test_hinge_mean": 0.002371173055555556,
  "val_reloads": 0.0,
  "val_nonfinite": 0.0
}