{
  "test_gap_mean": 0.03306219083333333,
  "test_gap_median": 0.03499949999999999,
  "test_gap_std": 0.019098371036498824,
  "test_satisfy_frac": 0.7583333333333333,
  "test_hinge_mean": 0.0030944669444444455,
  "val_reloads": 0.0,
  "val_nonfinite": 0.0
}