{
  "epoch": 93,
  "config": {
    "seed": 2,
    "gamma": 3.0,
    "margin": 0.02,
    "delta": 0.02,
    "input_vmin": 0.0,
    "input_vmax": 1.0,
    "rails": [
      0.0,
      0.45
    ],
    "solver": "klu",
    "body_tie": "ground",
    "body_res": 10.0,
    "rs_clamp": 10.0,
    "model_vto": 0.75,
    "vg_cutoff": 0.75,
    "vg_cutoff_epochs": 4,
    "vg_init": {
      "mode": "random",
      "lo": 1.0,
      "hi": 6.0,
      "fixed": 2.0
    },
    "epochs": 100,
    "device_include_path": "/home/ma-lab/Desktop/pyclln-final/device_model/nmos_lvl1_ald1106.lib",
    "device_subckt": "NMOSWRAP"
  },
  "train": {
    "acc": 0.9860821155184412,
    "hinge": 0.0008515176061238687,
    "n_free": 1437,
    "n_clamp": 138,
    "hinge_active": 138,
    "hinge_active_frac": 0.09603340292275574,
    "skipped": 1299,
    "reload_free": 0,
    "reload_clamp": 0,
    "nonfinite_free": 0,
    "nonfinite_clamp": 0
  },
  "val": {
    "acc": 0.9583333333333334,
    "hinge": 0.002360634722222222,
    "test_gap_mean": 0.043556872777777776,
    "test_gap_median": 0.043977499999999975,
    "test_gap_std": 0.02408535068053085,
    "test_satisfy_frac": 0.8444444444444444,
    "test_hinge_mean": 0.0023606347222222225,
    "val_reloads": 0.0,
    "val_nonfinite": 0.0
  },
  "timing_s": {
    "epoch_total": 54.81233358383179,
    "train_free": 35.999852418899536,
    "train_clamp": 3.432929277420044,
    "train_update": 0.35199904441833496
  },
  "vg_stats": {
    "vg_unique_min": 0.7295930962747472,
    "vg_unique_max": 8.0,
    "vg_unique_sat_lo": 0.0,
    "vg_unique_sat_hi": 1.0
  }
}