{
  "epoch": 21,
  "config": {
    "seed": 2,
    "gamma": 3.0,
    "margin": 0.02,
    "delta": 0.02,
    "input_vmin": 0.0,
    "input_vmax": 1.0,
    "rails": [
      0.0,
      0.45
    ],
    "solver": "klu",
    "body_tie": "ground",
    "body_res": 10.0,
    "rs_clamp": 10.0,
    "model_vto": 0.75,
    "vg_cutoff": 0.75,
    "vg_cutoff_epochs": 4,
    "vg_init": {
      "mode": "random",
      "lo": 1.0,
      "hi": 6.0,
      "fixed": 2.0
    },
    "epochs": 100,
    "device_include_path": "/home/ma-lab/Desktop/pyclln-final/device_model/nmos_lvl1_ald1106.lib",
    "device_subckt": "NMOSWRAP"
  },
  "train": {
    "acc": 0.9742519137091162,
    "hinge": 0.0017621348643006237,
    "n_free": 1437,
    "n_clamp": 233,
    "hinge_active": 233,
    "hinge_active_frac": 0.16214335421016005,
    "skipped": 1204,
    "reload_free": 0,
    "reload_clamp": 0,
    "nonfinite_free": 0,
    "nonfinite_clamp": 0
  },
  "val": {
    "acc": 0.9472222222222222,
    "hinge": 0.002967048888888888,
    "test_gap_mean": 0.03501840944444445,
    "test_gap_median": 0.03758050000000002,
    "test_gap_std": 0.020004052371985357,
    "test_satisfy_frac": 0.7611111111111111,
    "test_hinge_mean": 0.0029670488888888895,
    "val_reloads": 0.0,
    "val_nonfinite": 0.0
  },
  "timing_s": {
    "epoch_total": 65.3539047241211,
    "train_free": 40.619576930999756,
    "train_clamp": 6.59852147102356,
    "train_update": 0.6013393402099609
  },
  "vg_stats": {
    "vg_unique_min": 0.6584522596926116,
    "vg_unique_max": 7.98585934135712,
    "vg_unique_sat_lo": 0.0,
    "vg_unique_sat_hi": 0.0
  }
}