{
  "epoch": 78,
  "config": {
    "seed": 2,
    "gamma": 3.0,
    "margin": 0.02,
    "delta": 0.02,
    "input_vmin": 0.0,
    "input_vmax": 1.0,
    "rails": [
      0.0,
      0.45
    ],
    "solver": "klu",
    "body_tie": "ground",
    "body_res": 10.0,
    "rs_clamp": 10.0,
    "model_vto": 0.75,
    "vg_cutoff": 0.75,
    "vg_cutoff_epochs": 4,
    "vg_init": {
      "mode": "random",
      "lo": 1.0,
      "hi": 6.0,
      "fixed": 2.0
    },
    "epochs": 100,
    "device_include_path": "/home/ma-lab/Desktop/pyclln-final/device_model/nmos_lvl1_ald1106.lib",
    "device_subckt": "NMOSWRAP"
  },
  "train": {
    "acc": 0.9867780097425192,
    "hinge": 0.0009298091162143344,
    "n_free": 1437,
    "n_clamp": 157,
    "hinge_active": 157,
    "hinge_active_frac": 0.10925539318023661,
    "skipped": 1280,
    "reload_free": 0,
    "reload_clamp": 0,
    "nonfinite_free": 0,
    "nonfinite_clamp": 0
  },
  "val": {
    "acc": 0.9611111111111111,
    "hinge": 0.0023835238888888876,
    "test_gap_mean": 0.042356604166666666,
    "test_gap_median": 0.04299185,
    "test_gap_std": 0.023373504493578702,
    "test_satisfy_frac": 0.8277777777777777,
    "test_hinge_mean": 0.002383523888888889,
    "val_reloads": 0.0,
    "val_nonfinite": 0.0
  },
  "timing_s": {
    "epoch_total": 47.63859224319458,
    "train_free": 31.52273201942444,
    "train_clamp": 3.439614772796631,
    "train_update": 0.28078484535217285
  },
  "vg_stats": {
    "vg_unique_min": 0.6974856504712548,
    "vg_unique_max": 8.0,
    "vg_unique_sat_lo": 0.0,
    "vg_unique_sat_hi": 2.0
  }
}