{
  "epoch": 5,
  "config": {
    "seed": 2,
    "gamma": 3.0,
    "margin": 0.02,
    "delta": 0.02,
    "input_vmin": 0.0,
    "input_vmax": 1.0,
    "rails": [
      0.0,
      0.45
    ],
    "solver": "klu",
    "body_tie": "ground",
    "body_res": 10.0,
    "rs_clamp": 10.0,
    "model_vto": 0.75,
    "vg_cutoff": 0.75,
    "vg_cutoff_epochs": 4,
    "vg_init": {
      "mode": "random",
      "lo": 1.0,
      "hi": 6.0,
      "fixed": 2.0
    },
    "epochs": 100,
    "device_include_path": "/home/ma-lab/Desktop/pyclln-final/device_model/nmos_lvl1_ald1106.lib",
    "device_subckt": "NMOSWRAP"
  },
  "train": {
    "acc": 0.942240779401531,
    "hinge": 0.003800100765483647,
    "n_free": 1437,
    "n_clamp": 450,
    "hinge_active": 450,
    "hinge_active_frac": 0.31315240083507306,
    "skipped": 987,
    "reload_free": 0,
    "reload_clamp": 0,
    "nonfinite_free": 0,
    "nonfinite_clamp": 0
  },
  "val": {
    "acc": 0.9277777777777778,
    "hinge": 0.004154537499999999,
    "test_gap_mean": 0.026665481944444444,
    "test_gap_median": 0.028126599999999974,
    "test_gap_std": 0.017136429427309127,
    "test_satisfy_frac": 0.6638888888888889,
    "test_hinge_mean": 0.0041545375,
    "val_reloads": 0.0,
    "val_nonfinite": 0.0
  },
  "timing_s": {
    "epoch_total": 58.391568422317505,
    "train_free": 32.96006989479065,
    "train_clamp": 10.298454284667969,
    "train_update": 1.131962776184082
  },
  "vg_stats": {
    "vg_unique_min": 0.4,
    "vg_unique_max": 7.478097626369042,
    "vg_unique_sat_lo": 1.0,
    "vg_unique_sat_hi": 0.0
  }
}