{
  "epoch": 90,
  "config": {
    "seed": 2,
    "gamma": 3.0,
    "margin": 0.02,
    "delta": 0.02,
    "input_vmin": 0.0,
    "input_vmax": 1.0,
    "rails": [
      0.0,
      0.45
    ],
    "solver": "klu",
    "body_tie": "ground",
    "body_res": 10.0,
    "rs_clamp": 10.0,
    "model_vto": 0.75,
    "vg_cutoff": 0.75,
    "vg_cutoff_epochs": 4,
    "vg_init": {
      "mode": "random",
      "lo": 1.0,
      "hi": 6.0,
      "fixed": 2.0
    },
    "epochs": 100,
    "device_include_path": "/home/ma-lab/Desktop/pyclln-final/device_model/nmos_lvl1_ald1106.lib",
    "device_subckt": "NMOSWRAP"
  },
  "train": {
    "acc": 0.9874739039665971,
    "hinge": 0.0008783004175365343,
    "n_free": 1437,
    "n_clamp": 136,
    "hinge_active": 136,
    "hinge_active_frac": 0.09464161447459986,
    "skipped": 1301,
    "reload_free": 0,
    "reload_clamp": 0,
    "nonfinite_free": 0,
    "nonfinite_clamp": 0
  },
  "val": {
    "acc": 0.9583333333333334,
    "hinge": 0.0023353675,
    "test_gap_mean": 0.043211983611111116,
    "test_gap_median": 0.04374605000000001,
    "test_gap_std": 0.02369834223272879,
    "test_satisfy_frac": 0.8388888888888889,
    "test_hinge_mean": 0.0023353675000000003,
    "val_reloads": 0.0,
    "val_nonfinite": 0.0
  },
  "timing_s": {
    "epoch_total": 53.605040073394775,
    "train_free": 34.6697735786438,
    "train_clamp": 3.295403242111206,
    "train_update": 0.31244993209838867
  },
  "vg_stats": {
    "vg_unique_min": 0.6881549528922342,
    "vg_unique_max": 8.0,
    "vg_unique_sat_lo": 0.0,
    "vg_unique_sat_hi": 3.0
  }
}