{
  "epoch": 53,
  "config": {
    "seed": 2,
    "gamma": 3.0,
    "margin": 0.02,
    "delta": 0.02,
    "input_vmin": 0.0,
    "input_vmax": 1.0,
    "rails": [
      0.0,
      0.45
    ],
    "solver": "klu",
    "body_tie": "ground",
    "body_res": 10.0,
    "rs_clamp": 10.0,
    "model_vto": 0.75,
    "vg_cutoff": 0.75,
    "vg_cutoff_epochs": 4,
    "vg_init": {
      "mode": "random",
      "lo": 1.0,
      "hi": 6.0,
      "fixed": 2.0
    },
    "epochs": 100,
    "device_include_path": "/home/ma-lab/Desktop/pyclln-final/device_model/nmos_lvl1_ald1106.lib",
    "device_subckt": "NMOSWRAP"
  },
  "train": {
    "acc": 0.9832985386221295,
    "hinge": 0.0011325233124565063,
    "n_free": 1437,
    "n_clamp": 174,
    "hinge_active": 174,
    "hinge_active_frac": 0.12108559498956159,
    "skipped": 1263,
    "reload_free": 0,
    "reload_clamp": 0,
    "nonfinite_free": 0,
    "nonfinite_clamp": 0
  },
  "val": {
    "acc": 0.9555555555555556,
    "hinge": 0.0024477111111111116,
    "test_gap_mean": 0.03990273055555555,
    "test_gap_median": 0.040235949999999965,
    "test_gap_std": 0.022023273942752265,
    "test_satisfy_frac": 0.8138888888888889,
    "test_hinge_mean": 0.0024477111111111116,
    "val_reloads": 0.0,
    "val_nonfinite": 0.0
  },
  "timing_s": {
    "epoch_total": 51.375062465667725,
    "train_free": 33.629886627197266,
    "train_clamp": 4.078434228897095,
    "train_update": 0.3315572738647461
  },
  "vg_stats": {
    "vg_unique_min": 0.7115046332513167,
    "vg_unique_max": 8.0,
    "vg_unique_sat_lo": 0.0,
    "vg_unique_sat_hi": 3.0
  }
}