{
  "test_gap_mean": 0.10813945694444445,
  "test_gap_median": 0.11169099999999998,
  "test_gap_std": 0.06326893835865807,
  "test_satisfy_frac": 0.8111111111111111,
  "test_hinge_mean": 0.006734329166666666,
  "val_reloads": 0.0,
  "val_nonfinite": 0.0
}