{
  "test_gap_mean": -0.0160393325,
  "test_gap_median": -0.015585700000000008,
  "test_gap_std": 0.013162271396730646,
  "test_satisfy_frac": 0.0,
  "test_hinge_mean": 0.0660393325,
  "val_reloads": 0.0,
  "val_nonfinite": 0.0
}