{
  "test_gap_mean": 0.10592101055555556,
  "test_gap_median": 0.10494619999999999,
  "test_gap_std": 0.060724366147911886,
  "test_satisfy_frac": 0.8222222222222222,
  "test_hinge_mean": 0.006285095555555555,
  "val_reloads": 0.0,
  "val_nonfinite": 0.0
}