{
  "test_gap_mean": 0.10666767277777779,
  "test_gap_median": 0.10690325000000003,
  "test_gap_std": 0.06385360624832949,
  "test_satisfy_frac": 0.8,
  "test_hinge_mean": 0.0063843625,
  "val_reloads": 0.0,
  "val_nonfinite": 0.0
}