{
  "test_gap_mean": 0.10304485333333334,
  "test_gap_median": 0.1063723,
  "test_gap_std": 0.06660523463564708,
  "test_satisfy_frac": 0.7805555555555556,
  "test_hinge_mean": 0.008404323055555555,
  "val_reloads": 0.0,
  "val_nonfinite": 0.0
}