{
  "test_gap_mean": 0.1113671763888889,
  "test_gap_median": 0.11225120000000005,
  "test_gap_std": 0.0651416277481814,
  "test_satisfy_frac": 0.8388888888888889,
  "test_hinge_mean": 0.005903420833333334,
  "val_reloads": 0.0,
  "val_nonfinite": 0.0
}