{
  "test_gap_mean": 0.10830511055555556,
  "test_gap_median": 0.10849905000000001,
  "test_gap_std": 0.05935252487442954,
  "test_satisfy_frac": 0.8472222222222222,
  "test_hinge_mean": 0.005568045555555556,
  "val_reloads": 0.0,
  "val_nonfinite": 0.0
}