{
  "epoch": 61,
  "config": {
    "seed": 1,
    "gamma": 3.0,
    "margin": 0.05,
    "delta": 0.05,
    "input_vmin": 0.0,
    "input_vmax": 1.0,
    "rails": [
      0.0,
      0.45
    ],
    "solver": "klu",
    "body_tie": "ground",
    "body_res": 10.0,
    "rs_clamp": 10.0,
    "model_vto": 0.75,
    "vg_cutoff": 0.75,
    "vg_cutoff_epochs": 4,
    "vg_init": {
      "mode": "random",
      "lo": 1.5,
      "hi": 2.5,
      "fixed": 2.0
    },
    "epochs": 100,
    "device_include_path": "/home/ma-lab/Desktop/pyclln-final/device_model/nmos_lvl1_ald1106.lib",
    "device_subckt": "NMOSWRAP"
  },
  "train": {
    "acc": 0.9665970772442589,
    "hinge": 0.004625133750869871,
    "n_free": 1437,
    "n_clamp": 205,
    "hinge_active": 205,
    "hinge_active_frac": 0.14265831593597772,
    "skipped": 1232,
    "reload_free": 0,
    "reload_clamp": 0,
    "nonfinite_free": 0,
    "nonfinite_clamp": 0
  },
  "val": {
    "acc": 0.9611111111111111,
    "hinge": 0.006444238611111112,
    "test_gap_mean": 0.10776807972222222,
    "test_gap_median": 0.10748935000000001,
    "test_gap_std": 0.06480921506408299,
    "test_satisfy_frac": 0.8138888888888889,
    "test_hinge_mean": 0.006444238611111112,
    "val_reloads": 0.0,
    "val_nonfinite": 0.0
  },
  "timing_s": {
    "epoch_total": 15.639979124069214,
    "train_free": 8.94224762916565,
    "train_clamp": 1.2629423141479492,
    "train_update": 0.2135636806488037
  },
  "vg_stats": {
    "vg_unique_min": 0.6118211274399123,
    "vg_unique_max": 6.9334459308456475,
    "vg_unique_sat_lo": 0.0,
    "vg_unique_sat_hi": 0.0
  }
}