{
  "epoch": 47,
  "config": {
    "seed": 1,
    "gamma": 3.0,
    "margin": 0.05,
    "delta": 0.05,
    "input_vmin": 0.0,
    "input_vmax": 1.0,
    "rails": [
      0.0,
      0.45
    ],
    "solver": "klu",
    "body_tie": "ground",
    "body_res": 10.0,
    "rs_clamp": 10.0,
    "model_vto": 0.75,
    "vg_cutoff": 0.75,
    "vg_cutoff_epochs": 4,
    "vg_init": {
      "mode": "random",
      "lo": 1.5,
      "hi": 2.5,
      "fixed": 2.0
    },
    "epochs": 100,
    "device_include_path": "/home/ma-lab/Desktop/pyclln-final/device_model/nmos_lvl1_ald1106.lib",
    "device_subckt": "NMOSWRAP"
  },
  "train": {
    "acc": 0.97633959638135,
    "hinge": 0.004287491092553934,
    "n_free": 1437,
    "n_clamp": 210,
    "hinge_active": 210,
    "hinge_active_frac": 0.14613778705636743,
    "skipped": 1227,
    "reload_free": 0,
    "reload_clamp": 0,
    "nonfinite_free": 0,
    "nonfinite_clamp": 0
  },
  "val": {
    "acc": 0.9555555555555556,
    "hinge": 0.006636020277777779,
    "test_gap_mean": 0.11065002694444444,
    "test_gap_median": 0.11630375000000004,
    "test_gap_std": 0.06376491155828155,
    "test_satisfy_frac": 0.8277777777777777,
    "test_hinge_mean": 0.006636020277777779,
    "val_reloads": 0.0,
    "val_nonfinite": 0.0
  },
  "timing_s": {
    "epoch_total": 15.842085123062134,
    "train_free": 8.737270832061768,
    "train_clamp": 1.2775800228118896,
    "train_update": 0.22003984451293945
  },
  "vg_stats": {
    "vg_unique_min": 0.5067460476711064,
    "vg_unique_max": 7.053088551812997,
    "vg_unique_sat_lo": 0.0,
    "vg_unique_sat_hi": 0.0
  }
}