{
  "epoch": 53,
  "config": {
    "seed": 1,
    "gamma": 3.0,
    "margin": 0.05,
    "delta": 0.05,
    "input_vmin": 0.0,
    "input_vmax": 1.0,
    "rails": [
      0.0,
      0.45
    ],
    "solver": "klu",
    "body_tie": "ground",
    "body_res": 10.0,
    "rs_clamp": 10.0,
    "model_vto": 0.75,
    "vg_cutoff": 0.75,
    "vg_cutoff_epochs": 4,
    "vg_init": {
      "mode": "random",
      "lo": 1.5,
      "hi": 2.5,
      "fixed": 2.0
    },
    "epochs": 100,
    "device_include_path": "/home/ma-lab/Desktop/pyclln-final/device_model/nmos_lvl1_ald1106.lib",
    "device_subckt": "NMOSWRAP"
  },
  "train": {
    "acc": 0.9721642310368824,
    "hinge": 0.004501350104384133,
    "n_free": 1437,
    "n_clamp": 213,
    "hinge_active": 213,
    "hinge_active_frac": 0.14822546972860126,
    "skipped": 1224,
    "reload_free": 0,
    "reload_clamp": 0,
    "nonfinite_free": 0,
    "nonfinite_clamp": 0
  },
  "val": {
    "acc": 0.9527777777777777,
    "hinge": 0.006098607500000002,
    "test_gap_mean": 0.11149995805555556,
    "test_gap_median": 0.11159150000000001,
    "test_gap_std": 0.06555520977426832,
    "test_satisfy_frac": 0.8305555555555556,
    "test_hinge_mean": 0.006098607500000002,
    "val_reloads": 0.0,
    "val_nonfinite": 0.0
  },
  "timing_s": {
    "epoch_total": 15.689907789230347,
    "train_free": 8.565453290939331,
    "train_clamp": 1.257798671722412,
    "train_update": 0.20782804489135742
  },
  "vg_stats": {
    "vg_unique_min": 0.655748644357462,
    "vg_unique_max": 7.131790043192299,
    "vg_unique_sat_lo": 0.0,
    "vg_unique_sat_hi": 0.0
  }
}