{
  "epoch": 77,
  "config": {
    "seed": 1,
    "gamma": 3.0,
    "margin": 0.05,
    "delta": 0.05,
    "input_vmin": 0.0,
    "input_vmax": 1.0,
    "rails": [
      0.0,
      0.45
    ],
    "solver": "klu",
    "body_tie": "ground",
    "body_res": 10.0,
    "rs_clamp": 10.0,
    "model_vto": 0.75,
    "vg_cutoff": 0.75,
    "vg_cutoff_epochs": 4,
    "vg_init": {
      "mode": "random",
      "lo": 1.5,
      "hi": 2.5,
      "fixed": 2.0
    },
    "epochs": 100,
    "device_include_path": "/home/ma-lab/Desktop/pyclln-final/device_model/nmos_lvl1_ald1106.lib",
    "device_subckt": "NMOSWRAP"
  },
  "train": {
    "acc": 0.9735560194850382,
    "hinge": 0.0046945817675713335,
    "n_free": 1437,
    "n_clamp": 220,
    "hinge_active": 220,
    "hinge_active_frac": 0.15309672929714682,
    "skipped": 1217,
    "reload_free": 0,
    "reload_clamp": 0,
    "nonfinite_free": 0,
    "nonfinite_clamp": 0
  },
  "val": {
    "acc": 0.9611111111111111,
    "hinge": 0.006212622499999999,
    "test_gap_mean": 0.11326557416666667,
    "test_gap_median": 0.1185332,
    "test_gap_std": 0.06604995814253382,
    "test_satisfy_frac": 0.8416666666666667,
    "test_hinge_mean": 0.006212622499999999,
    "val_reloads": 0.0,
    "val_nonfinite": 0.0
  },
  "timing_s": {
    "epoch_total": 14.301576614379883,
    "train_free": 7.694720029830933,
    "train_clamp": 1.1689198017120361,
    "train_update": 0.20734381675720215
  },
  "vg_stats": {
    "vg_unique_min": 0.576016035182843,
    "vg_unique_max": 6.76395246902161,
    "vg_unique_sat_lo": 0.0,
    "vg_unique_sat_hi": 0.0
  }
}