{
  "epoch": 1,
  "config": {
    "seed": 1,
    "gamma": 3.0,
    "margin": 0.05,
    "delta": 0.05,
    "input_vmin": 0.0,
    "input_vmax": 1.0,
    "rails": [
      0.0,
      0.45
    ],
    "solver": "klu",
    "body_tie": "ground",
    "body_res": 10.0,
    "rs_clamp": 10.0,
    "model_vto": 0.75,
    "vg_cutoff": 0.75,
    "vg_cutoff_epochs": 4,
    "vg_init": {
      "mode": "random",
      "lo": 1.5,
      "hi": 2.5,
      "fixed": 2.0
    },
    "epochs": 100,
    "device_include_path": "/home/ma-lab/Desktop/pyclln-final/device_model/nmos_lvl1_ald1106.lib",
    "device_subckt": "NMOSWRAP"
  },
  "train": {
    "acc": 0.837160751565762,
    "hinge": 0.021892396590118338,
    "n_free": 1437,
    "n_clamp": 917,
    "hinge_active": 917,
    "hinge_active_frac": 0.6381350034794712,
    "skipped": 520,
    "reload_free": 0,
    "reload_clamp": 0,
    "nonfinite_free": 0,
    "nonfinite_clamp": 0
  },
  "val": {
    "acc": 0.9361111111111111,
    "hinge": 0.010574274444444445,
    "test_gap_mean": 0.057060838055555556,
    "test_gap_median": 0.05831870000000003,
    "test_gap_std": 0.03488977689184695,
    "test_satisfy_frac": 0.6027777777777777,
    "test_hinge_mean": 0.010574274444444445,
    "val_reloads": 0.0,
    "val_nonfinite": 0.0
  },
  "timing_s": {
    "epoch_total": 65.41180634498596,
    "train_free": 28.82962441444397,
    "train_clamp": 18.20647668838501,
    "train_update": 2.3696227073669434
  },
  "vg_stats": {
    "vg_unique_min": 0.4,
    "vg_unique_max": 4.498518725990637,
    "vg_unique_sat_lo": 21.0,
    "vg_unique_sat_hi": 0.0
  }
}