{
  "test_gap_mean": 0.05053904305555556,
  "test_gap_median": 0.049318200000000006,
  "test_gap_std": 0.039741006933783934,
  "test_satisfy_frac": 0.13055555555555556,
  "test_hinge_mean": 0.050902791388888896,
  "val_reloads": 0.0,
  "val_nonfinite": 0.0
}