{
  "test_gap_mean": 0.020908894166666667,
  "test_gap_median": 0.02072555000000001,
  "test_gap_std": 0.01864487137094108,
  "test_satisfy_frac": 0.0,
  "test_hinge_mean": 0.07909110583333334,
  "val_reloads": 0.0,
  "val_nonfinite": 0.0
}