{
  "test_gap_mean": 0.051208298888888885,
  "test_gap_median": 0.05030510000000002,
  "test_gap_std": 0.040077770352821514,
  "test_satisfy_frac": 0.13333333333333333,
  "test_hinge_mean": 0.05037223277777778,
  "val_reloads": 0.0,
  "val_nonfinite": 0.0
}