{
  "test_gap_mean": 0.05152679916666667,
  "test_gap_median": 0.05078585000000002,
  "test_gap_std": 0.04028631116668297,
  "test_satisfy_frac": 0.13333333333333333,
  "test_hinge_mean": 0.05013013527777778,
  "val_reloads": 0.0,
  "val_nonfinite": 0.0
}