{
  "test_gap_mean": 0.040245545277777774,
  "test_gap_median": 0.036446950000000006,
  "test_gap_std": 0.03332884793298075,
  "test_satisfy_frac": 0.013888888888888888,
  "test_hinge_mean": 0.05992857583333334,
  "val_reloads": 0.0,
  "val_nonfinite": 0.0
}