{
  "test_gap_mean": 0.04813400583333333,
  "test_gap_median": 0.04546374999999998,
  "test_gap_std": 0.03839709888018877,
  "test_satisfy_frac": 0.10833333333333334,
  "test_hinge_mean": 0.052823328333333336,
  "val_reloads": 0.0,
  "val_nonfinite": 0.0
}