{
  "test_gap_mean": -0.007604823333333334,
  "test_gap_median": -0.0070516500000000065,
  "test_gap_std": 0.00982515736378134,
  "test_satisfy_frac": 0.0,
  "test_hinge_mean": 0.10760482333333334,
  "val_reloads": 0.0,
  "val_nonfinite": 0.0
}