{
  "test_gap_mean": 0.04700281277777777,
  "test_gap_median": 0.04413854999999997,
  "test_gap_std": 0.03779319589408336,
  "test_satisfy_frac": 0.08611111111111111,
  "test_hinge_mean": 0.05376153861111111,
  "val_reloads": 0.0,
  "val_nonfinite": 0.0
}