{
  "test_gap_mean": 0.0378884725,
  "test_gap_median": 0.03407035,
  "test_gap_std": 0.03147136251453665,
  "test_satisfy_frac": 0.011111111111111112,
  "test_hinge_mean": 0.06220311777777779,
  "val_reloads": 0.0,
  "val_nonfinite": 0.0
}