{
  "epoch": 85,
  "config": {
    "seed": 2,
    "gamma": 0.03,
    "margin": 0.1,
    "delta": 0.02,
    "input_vmin": 0.0,
    "input_vmax": 1.0,
    "rails": [
      0.0,
      0.45
    ],
    "solver": "klu",
    "body_tie": "ground",
    "body_res": 10.0,
    "rs_clamp": 10.0,
    "model_vto": 0.75,
    "vg_cutoff": 0.75,
    "vg_cutoff_epochs": 4,
    "vg_init": {
      "mode": "random",
      "lo": 1.5,
      "hi": 2.5,
      "fixed": 2.0
    },
    "epochs": 100,
    "device_include_path": "/home/ma-lab/Desktop/pyclln-final/device_model/nmos_lvl1_ald1106.lib",
    "device_subckt": "NMOSWRAP"
  },
  "train": {
    "acc": 0.9053583855254002,
    "hinge": 0.05357423632567855,
    "n_free": 1437,
    "n_clamp": 1339,
    "hinge_active": 1339,
    "hinge_active_frac": 0.9318023660403618,
    "skipped": 98,
    "reload_free": 0,
    "reload_clamp": 0,
    "nonfinite_free": 0,
    "nonfinite_clamp": 0
  },
  "val": {
    "acc": 0.9027777777777778,
    "hinge": 0.05409143361111109,
    "test_gap_mean": 0.046614564722222224,
    "test_gap_median": 0.0438018,
    "test_gap_std": 0.03758811013311338,
    "test_satisfy_frac": 0.08055555555555556,
    "test_hinge_mean": 0.05409143361111111,
    "val_reloads": 0.0,
    "val_nonfinite": 0.0
  },
  "timing_s": {
    "epoch_total": 96.19880056381226,
    "train_free": 38.75946497917175,
    "train_clamp": 35.94489145278931,
    "train_update": 3.0709168910980225
  },
  "vg_stats": {
    "vg_unique_min": 0.682782164670171,
    "vg_unique_max": 3.58604455787631,
    "vg_unique_sat_lo": 0.0,
    "vg_unique_sat_hi": 0.0
  }
}