{
  "epoch": 84,
  "config": {
    "seed": 2,
    "gamma": 0.03,
    "margin": 0.1,
    "delta": 0.02,
    "input_vmin": 0.0,
    "input_vmax": 1.0,
    "rails": [
      0.0,
      0.45
    ],
    "solver": "klu",
    "body_tie": "ground",
    "body_res": 10.0,
    "rs_clamp": 10.0,
    "model_vto": 0.75,
    "vg_cutoff": 0.75,
    "vg_cutoff_epochs": 4,
    "vg_init": {
      "mode": "random",
      "lo": 1.5,
      "hi": 2.5,
      "fixed": 2.0
    },
    "epochs": 100,
    "device_include_path": "/home/ma-lab/Desktop/pyclln-final/device_model/nmos_lvl1_ald1106.lib",
    "device_subckt": "NMOSWRAP"
  },
  "train": {
    "acc": 0.9081419624217119,
    "hinge": 0.053922541892832264,
    "n_free": 1437,
    "n_clamp": 1347,
    "hinge_active": 1347,
    "hinge_active_frac": 0.9373695198329853,
    "skipped": 90,
    "reload_free": 0,
    "reload_clamp": 0,
    "nonfinite_free": 0,
    "nonfinite_clamp": 0
  },
  "val": {
    "acc": 0.9027777777777778,
    "hinge": 0.05443138194444444,
    "test_gap_mean": 0.04622040444444444,
    "test_gap_median": 0.04325670000000001,
    "test_gap_std": 0.037372468256381706,
    "test_satisfy_frac": 0.07222222222222222,
    "test_hinge_mean": 0.05443138194444445,
    "val_reloads": 0.0,
    "val_nonfinite": 0.0
  },
  "timing_s": {
    "epoch_total": 98.83108687400818,
    "train_free": 39.67192006111145,
    "train_clamp": 37.02267146110535,
    "train_update": 3.3298258781433105
  },
  "vg_stats": {
    "vg_unique_min": 0.7006601268302864,
    "vg_unique_max": 3.579712821575044,
    "vg_unique_sat_lo": 0.0,
    "vg_unique_sat_hi": 0.0
  }
}