{
  "epoch": 30,
  "config": {
    "seed": 2,
    "gamma": 0.03,
    "margin": 0.1,
    "delta": 0.02,
    "input_vmin": 0.0,
    "input_vmax": 1.0,
    "rails": [
      0.0,
      0.45
    ],
    "solver": "klu",
    "body_tie": "ground",
    "body_res": 10.0,
    "rs_clamp": 10.0,
    "model_vto": 0.75,
    "vg_cutoff": 0.75,
    "vg_cutoff_epochs": 4,
    "vg_init": {
      "mode": "random",
      "lo": 1.5,
      "hi": 2.5,
      "fixed": 2.0
    },
    "epochs": 100,
    "device_include_path": "/home/ma-lab/Desktop/pyclln-final/device_model/nmos_lvl1_ald1106.lib",
    "device_subckt": "NMOSWRAP"
  },
  "train": {
    "acc": 0.8622129436325678,
    "hinge": 0.08223156784968688,
    "n_free": 1437,
    "n_clamp": 1437,
    "hinge_active": 1437,
    "hinge_active_frac": 1.0,
    "skipped": 0,
    "reload_free": 0,
    "reload_clamp": 0,
    "nonfinite_free": 0,
    "nonfinite_clamp": 0
  },
  "val": {
    "acc": 0.85,
    "hinge": 0.08232882249999994,
    "test_gap_mean": 0.0176711775,
    "test_gap_median": 0.017849099999999993,
    "test_gap_std": 0.016396415889341296,
    "test_satisfy_frac": 0.0,
    "test_hinge_mean": 0.08232882250000001,
    "val_reloads": 0.0,
    "val_nonfinite": 0.0
  },
  "timing_s": {
    "epoch_total": 75.20818042755127,
    "train_free": 27.978195667266846,
    "train_clamp": 28.57077193260193,
    "train_update": 3.1992156505584717
  },
  "vg_stats": {
    "vg_unique_min": 0.9709445249525595,
    "vg_unique_max": 2.911493603809079,
    "vg_unique_sat_lo": 0.0,
    "vg_unique_sat_hi": 0.0
  }
}