{
  "epoch": 42,
  "config": {
    "seed": 2,
    "gamma": 0.03,
    "margin": 0.1,
    "delta": 0.02,
    "input_vmin": 0.0,
    "input_vmax": 1.0,
    "rails": [
      0.0,
      0.45
    ],
    "solver": "klu",
    "body_tie": "ground",
    "body_res": 10.0,
    "rs_clamp": 10.0,
    "model_vto": 0.75,
    "vg_cutoff": 0.75,
    "vg_cutoff_epochs": 4,
    "vg_init": {
      "mode": "random",
      "lo": 1.5,
      "hi": 2.5,
      "fixed": 2.0
    },
    "epochs": 100,
    "device_include_path": "/home/ma-lab/Desktop/pyclln-final/device_model/nmos_lvl1_ald1106.lib",
    "device_subckt": "NMOSWRAP"
  },
  "train": {
    "acc": 0.8851774530271399,
    "hinge": 0.07464093869171876,
    "n_free": 1437,
    "n_clamp": 1437,
    "hinge_active": 1437,
    "hinge_active_frac": 1.0,
    "skipped": 0,
    "reload_free": 0,
    "reload_clamp": 0,
    "nonfinite_free": 0,
    "nonfinite_clamp": 0
  },
  "val": {
    "acc": 0.8777777777777778,
    "hinge": 0.07485844694444445,
    "test_gap_mean": 0.025141553055555557,
    "test_gap_median": 0.023898950000000002,
    "test_gap_std": 0.02170251796024911,
    "test_satisfy_frac": 0.0,
    "test_hinge_mean": 0.07485844694444445,
    "val_reloads": 0.0,
    "val_nonfinite": 0.0
  },
  "timing_s": {
    "epoch_total": 89.00256204605103,
    "train_free": 32.14871001243591,
    "train_clamp": 32.99587345123291,
    "train_update": 4.064764499664307
  },
  "vg_stats": {
    "vg_unique_min": 0.6979211374783633,
    "vg_unique_max": 3.090402365950259,
    "vg_unique_sat_lo": 0.0,
    "vg_unique_sat_hi": 0.0
  }
}