{
  "test_gap_mean": 0.0029189063888888896,
  "test_gap_median": 0.002703000000000011,
  "test_gap_std": 0.002361374319940795,
  "test_satisfy_frac": 0.0,
  "test_hinge_mean": 0.01708109361111111,
  "val_reloads": 0.0,
  "val_nonfinite": 0.0
}