{
  "test_gap_mean": 0.005361443055555555,
  "test_gap_median": 0.005008600000000002,
  "test_gap_std": 0.004344445316858528,
  "test_satisfy_frac": 0.0,
  "test_hinge_mean": 0.014638556944444445,
  "val_reloads": 0.0,
  "val_nonfinite": 0.0
}