{
  "test_gap_mean": 0.0026176333333333343,
  "test_gap_median": 0.002428249999999993,
  "test_gap_std": 0.0021164955174638165,
  "test_satisfy_frac": 0.0,
  "test_hinge_mean": 0.017382366666666663,
  "val_reloads": 0.0,
  "val_nonfinite": 0.0
}