{
  "test_gap_mean": 0.005981010833333333,
  "test_gap_median": 0.005570500000000006,
  "test_gap_std": 0.004841065824303956,
  "test_satisfy_frac": 0.0,
  "test_hinge_mean": 0.014018989166666664,
  "val_reloads": 0.0,
  "val_nonfinite": 0.0
}