{
  "test_gap_mean": 0.00010487583333333347,
  "test_gap_median": 0.00010190000000001587,
  "test_gap_std": 8.432270222435184e-05,
  "test_satisfy_frac": 0.0,
  "test_hinge_mean": 0.019895124166666663,
  "val_reloads": 0.0,
  "val_nonfinite": 0.0
}