{
  "epoch": 71,
  "config": {
    "seed": 0,
    "gamma": 0.03,
    "margin": 0.02,
    "delta": 0.02,
    "input_vmin": 0.0,
    "input_vmax": 1.0,
    "rails": [
      0.0,
      0.45
    ],
    "solver": "klu",
    "body_tie": "ground",
    "body_res": 10.0,
    "rs_clamp": 10.0,
    "model_vto": 0.75,
    "vg_cutoff": 0.75,
    "vg_cutoff_epochs": 4,
    "vg_init": {
      "mode": "fixed",
      "lo": 1.0,
      "hi": 3.0,
      "fixed": 4.0
    },
    "epochs": 100,
    "device_include_path": "/home/ma-lab/Desktop/pyclln-final/device_model/nmos_lvl1_ald1106.lib",
    "device_subckt": "NMOSWRAP"
  },
  "train": {
    "acc": 0.8983994432846207,
    "hinge": 0.012451127000695898,
    "n_free": 1437,
    "n_clamp": 1433,
    "hinge_active": 1433,
    "hinge_active_frac": 0.9972164231036882,
    "skipped": 4,
    "reload_free": 0,
    "reload_clamp": 0,
    "nonfinite_free": 0,
    "nonfinite_clamp": 0
  },
  "val": {
    "acc": 0.9166666666666666,
    "hinge": 0.012779343611111112,
    "test_gap_mean": 0.0072224391666666655,
    "test_gap_median": 0.0067353,
    "test_gap_std": 0.00584973557338225,
    "test_satisfy_frac": 0.002777777777777778,
    "test_hinge_mean": 0.012779343611111112,
    "val_reloads": 0.0,
    "val_nonfinite": 0.0
  },
  "timing_s": {
    "epoch_total": 84.1927604675293,
    "train_free": 30.716887950897217,
    "train_clamp": 30.829355001449585,
    "train_update": 4.1596879959106445
  },
  "vg_stats": {
    "vg_unique_min": 3.0842492159995003,
    "vg_unique_max": 4.841486058405216,
    "vg_unique_sat_lo": 0.0,
    "vg_unique_sat_hi": 0.0
  }
}