{
  "epoch": 99,
  "config": {
    "seed": 0,
    "gamma": 0.03,
    "margin": 0.02,
    "delta": 0.02,
    "input_vmin": 0.0,
    "input_vmax": 1.0,
    "rails": [
      0.0,
      0.45
    ],
    "solver": "klu",
    "body_tie": "ground",
    "body_res": 10.0,
    "rs_clamp": 10.0,
    "model_vto": 0.75,
    "vg_cutoff": 0.75,
    "vg_cutoff_epochs": 4,
    "vg_init": {
      "mode": "fixed",
      "lo": 1.0,
      "hi": 3.0,
      "fixed": 4.0
    },
    "epochs": 100,
    "device_include_path": "/home/ma-lab/Desktop/pyclln-final/device_model/nmos_lvl1_ald1106.lib",
    "device_subckt": "NMOSWRAP"
  },
  "train": {
    "acc": 0.9109255393180237,
    "hinge": 0.00991412971468337,
    "n_free": 1437,
    "n_clamp": 1283,
    "hinge_active": 1283,
    "hinge_active_frac": 0.8928322894919972,
    "skipped": 154,
    "reload_free": 0,
    "reload_clamp": 0,
    "nonfinite_free": 0,
    "nonfinite_clamp": 0
  },
  "val": {
    "acc": 0.9222222222222223,
    "hinge": 0.01040517972222222,
    "test_gap_mean": 0.009816723055555553,
    "test_gap_median": 0.009422199999999978,
    "test_gap_std": 0.007581842227720899,
    "test_satisfy_frac": 0.09444444444444444,
    "test_hinge_mean": 0.010405179722222225,
    "val_reloads": 0.0,
    "val_nonfinite": 0.0
  },
  "timing_s": {
    "epoch_total": 78.0988392829895,
    "train_free": 30.42556881904602,
    "train_clamp": 26.930078983306885,
    "train_update": 3.1336143016815186
  },
  "vg_stats": {
    "vg_unique_min": 2.8071987156772313,
    "vg_unique_max": 5.074112323680597,
    "vg_unique_sat_lo": 0.0,
    "vg_unique_sat_hi": 0.0
  }
}