{
  "epoch": 81,
  "config": {
    "seed": 0,
    "gamma": 0.03,
    "margin": 0.02,
    "delta": 0.02,
    "input_vmin": 0.0,
    "input_vmax": 1.0,
    "rails": [
      0.0,
      0.45
    ],
    "solver": "klu",
    "body_tie": "ground",
    "body_res": 10.0,
    "rs_clamp": 10.0,
    "model_vto": 0.75,
    "vg_cutoff": 0.75,
    "vg_cutoff_epochs": 4,
    "vg_init": {
      "mode": "fixed",
      "lo": 1.0,
      "hi": 3.0,
      "fixed": 4.0
    },
    "epochs": 100,
    "device_include_path": "/home/ma-lab/Desktop/pyclln-final/device_model/nmos_lvl1_ald1106.lib",
    "device_subckt": "NMOSWRAP"
  },
  "train": {
    "acc": 0.9018789144050104,
    "hinge": 0.011423770285316626,
    "n_free": 1437,
    "n_clamp": 1400,
    "hinge_active": 1400,
    "hinge_active_frac": 0.9742519137091162,
    "skipped": 37,
    "reload_free": 0,
    "reload_clamp": 0,
    "nonfinite_free": 0,
    "nonfinite_clamp": 0
  },
  "val": {
    "acc": 0.9166666666666666,
    "hinge": 0.011812184166666668,
    "test_gap_mean": 0.008223590833333332,
    "test_gap_median": 0.007731450000000001,
    "test_gap_std": 0.006585873368890027,
    "test_satisfy_frac": 0.030555555555555555,
    "test_hinge_mean": 0.01181218416666667,
    "val_reloads": 0.0,
    "val_nonfinite": 0.0
  },
  "timing_s": {
    "epoch_total": 81.18787670135498,
    "train_free": 29.99538278579712,
    "train_clamp": 29.023430109024048,
    "train_update": 3.55838680267334
  },
  "vg_stats": {
    "vg_unique_min": 2.9639814344350097,
    "vg_unique_max": 4.941827110913656,
    "vg_unique_sat_lo": 0.0,
    "vg_unique_sat_hi": 0.0
  }
}