{
  "epoch": 69,
  "config": {
    "seed": 0,
    "gamma": 0.03,
    "margin": 0.02,
    "delta": 0.02,
    "input_vmin": 0.0,
    "input_vmax": 1.0,
    "rails": [
      0.0,
      0.45
    ],
    "solver": "klu",
    "body_tie": "ground",
    "body_res": 10.0,
    "rs_clamp": 10.0,
    "model_vto": 0.75,
    "vg_cutoff": 0.75,
    "vg_cutoff_epochs": 4,
    "vg_init": {
      "mode": "fixed",
      "lo": 1.0,
      "hi": 3.0,
      "fixed": 4.0
    },
    "epochs": 100,
    "device_include_path": "/home/ma-lab/Desktop/pyclln-final/device_model/nmos_lvl1_ald1106.lib",
    "device_subckt": "NMOSWRAP"
  },
  "train": {
    "acc": 0.8983994432846207,
    "hinge": 0.012668433472512165,
    "n_free": 1437,
    "n_clamp": 1435,
    "hinge_active": 1435,
    "hinge_active_frac": 0.9986082115518441,
    "skipped": 2,
    "reload_free": 0,
    "reload_clamp": 0,
    "nonfinite_free": 0,
    "nonfinite_clamp": 0
  },
  "val": {
    "acc": 0.9166666666666666,
    "hinge": 0.012983926666666673,
    "test_gap_mean": 0.007016362499999998,
    "test_gap_median": 0.006524449999999987,
    "test_gap_std": 0.0056896364713065395,
    "test_satisfy_frac": 0.002777777777777778,
    "test_hinge_mean": 0.012983926666666666,
    "val_reloads": 0.0,
    "val_nonfinite": 0.0
  },
  "timing_s": {
    "epoch_total": 80.20795583724976,
    "train_free": 29.515321969985962,
    "train_clamp": 29.81495499610901,
    "train_update": 3.410501718521118
  },
  "vg_stats": {
    "vg_unique_min": 3.109870320116771,
    "vg_unique_max": 4.818804005154914,
    "vg_unique_sat_lo": 0.0,
    "vg_unique_sat_hi": 0.0
  }
}