{
  "epoch": 79,
  "config": {
    "seed": 0,
    "gamma": 0.03,
    "margin": 0.02,
    "delta": 0.02,
    "input_vmin": 0.0,
    "input_vmax": 1.0,
    "rails": [
      0.0,
      0.45
    ],
    "solver": "klu",
    "body_tie": "ground",
    "body_res": 10.0,
    "rs_clamp": 10.0,
    "model_vto": 0.75,
    "vg_cutoff": 0.75,
    "vg_cutoff_epochs": 4,
    "vg_init": {
      "mode": "fixed",
      "lo": 1.0,
      "hi": 3.0,
      "fixed": 4.0
    },
    "epochs": 100,
    "device_include_path": "/home/ma-lab/Desktop/pyclln-final/device_model/nmos_lvl1_ald1106.lib",
    "device_subckt": "NMOSWRAP"
  },
  "train": {
    "acc": 0.9025748086290883,
    "hinge": 0.011621495755045211,
    "n_free": 1437,
    "n_clamp": 1408,
    "hinge_active": 1408,
    "hinge_active_frac": 0.9798190675017397,
    "skipped": 29,
    "reload_free": 0,
    "reload_clamp": 0,
    "nonfinite_free": 0,
    "nonfinite_clamp": 0
  },
  "val": {
    "acc": 0.9194444444444444,
    "hinge": 0.0119953675,
    "test_gap_mean": 0.008029063333333336,
    "test_gap_median": 0.007518600000000014,
    "test_gap_std": 0.006446795621908264,
    "test_satisfy_frac": 0.025,
    "test_hinge_mean": 0.0119953675,
    "val_reloads": 0.0,
    "val_nonfinite": 0.0
  },
  "timing_s": {
    "epoch_total": 79.97970843315125,
    "train_free": 29.827081441879272,
    "train_clamp": 29.02361226081848,
    "train_update": 3.46086049079895
  },
  "vg_stats": {
    "vg_unique_min": 2.9867126525145644,
    "vg_unique_max": 4.922877411223667,
    "vg_unique_sat_lo": 0.0,
    "vg_unique_sat_hi": 0.0
  }
}