{
  "epoch": 58,
  "config": {
    "seed": 0,
    "gamma": 0.03,
    "margin": 0.02,
    "delta": 0.02,
    "input_vmin": 0.0,
    "input_vmax": 1.0,
    "rails": [
      0.0,
      0.45
    ],
    "solver": "klu",
    "body_tie": "ground",
    "body_res": 10.0,
    "rs_clamp": 10.0,
    "model_vto": 0.75,
    "vg_cutoff": 0.75,
    "vg_cutoff_epochs": 4,
    "vg_init": {
      "mode": "fixed",
      "lo": 1.0,
      "hi": 3.0,
      "fixed": 4.0
    },
    "epochs": 100,
    "device_include_path": "/home/ma-lab/Desktop/pyclln-final/device_model/nmos_lvl1_ald1106.lib",
    "device_subckt": "NMOSWRAP"
  },
  "train": {
    "acc": 0.9018789144050104,
    "hinge": 0.01386673521224772,
    "n_free": 1437,
    "n_clamp": 1437,
    "hinge_active": 1437,
    "hinge_active_frac": 1.0,
    "skipped": 0,
    "reload_free": 0,
    "reload_clamp": 0,
    "nonfinite_free": 0,
    "nonfinite_clamp": 0
  },
  "val": {
    "acc": 0.9166666666666666,
    "hinge": 0.014122395277777774,
    "test_gap_mean": 0.005877604722222223,
    "test_gap_median": 0.005439849999999996,
    "test_gap_std": 0.004761523133988269,
    "test_satisfy_frac": 0.0,
    "test_hinge_mean": 0.014122395277777776,
    "val_reloads": 0.0,
    "val_nonfinite": 0.0
  },
  "timing_s": {
    "epoch_total": 85.54794239997864,
    "train_free": 31.706297159194946,
    "train_clamp": 32.42484211921692,
    "train_update": 3.6382558345794678
  },
  "vg_stats": {
    "vg_unique_min": 3.2511900071306075,
    "vg_unique_max": 4.6903376085177335,
    "vg_unique_sat_lo": 0.0,
    "vg_unique_sat_hi": 0.0
  }
}