{
  "test_gap_mean": 0.13022746916666667,
  "test_gap_median": 0.13758815000000002,
  "test_gap_std": 0.08275477544851462,
  "test_satisfy_frac": 0.6861111111111111,
  "test_hinge_mean": 0.020651414166666666,
  "val_reloads": 0.0,
  "val_nonfinite": 0.0
}