{
  "test_gap_mean": 0.12145654972222222,
  "test_gap_median": 0.12847039999999998,
  "test_gap_std": 0.07508397666224133,
  "test_satisfy_frac": 0.6333333333333333,
  "test_hinge_mean": 0.020712819444444443,
  "val_reloads": 0.0,
  "val_nonfinite": 0.0
}