{
  "test_gap_mean": 0.1216174475,
  "test_gap_median": 0.1278272,
  "test_gap_std": 0.0758281152161496,
  "test_satisfy_frac": 0.6611111111111111,
  "test_hinge_mean": 0.0208466975,
  "val_reloads": 0.0,
  "val_nonfinite": 0.0
}