{
  "test_gap_mean": 0.1252586722222222,
  "test_gap_median": 0.13163000000000002,
  "test_gap_std": 0.07725082470093661,
  "test_satisfy_frac": 0.6916666666666667,
  "test_hinge_mean": 0.02037128861111111,
  "val_reloads": 0.0,
  "val_nonfinite": 0.0
}