{
  "test_gap_mean": 0.12562140333333333,
  "test_gap_median": 0.1279224,
  "test_gap_std": 0.08486725709830938,
  "test_satisfy_frac": 0.6472222222222223,
  "test_hinge_mean": 0.022941901944444447,
  "val_reloads": 0.0,
  "val_nonfinite": 0.0
}