{
  "test_gap_mean": 0.12692765666666667,
  "test_gap_median": 0.13419510000000004,
  "test_gap_std": 0.0787814683102255,
  "test_satisfy_frac": 0.6722222222222223,
  "test_hinge_mean": 0.02009088527777778,
  "val_reloads": 0.0,
  "val_nonfinite": 0.0
}