{
  "test_gap_mean": 0.12583443972222222,
  "test_gap_median": 0.1342749,
  "test_gap_std": 0.07880181581550964,
  "test_satisfy_frac": 0.6583333333333333,
  "test_hinge_mean": 0.020448556388888893,
  "val_reloads": 0.0,
  "val_nonfinite": 0.0
}