{
  "epoch": 40,
  "config": {
    "seed": 0,
    "gamma": 3.0,
    "margin": 0.1,
    "delta": 0.05,
    "input_vmin": 0.0,
    "input_vmax": 1.0,
    "rails": [
      0.0,
      0.45
    ],
    "solver": "klu",
    "body_tie": "floating",
    "body_res": 10.0,
    "rs_clamp": 10.0,
    "model_vto": 0.75,
    "vg_cutoff": 0.75,
    "vg_cutoff_epochs": 4,
    "vg_init": {
      "mode": "fixed",
      "lo": 1.0,
      "hi": 3.0,
      "fixed": 4.0
    },
    "epochs": 100,
    "device_include_path": "/home/ma-lab/Desktop/pyclln-final/device_model/nmos_lvl1_ald1106.lib",
    "device_subckt": "NMOSWRAP"
  },
  "train": {
    "acc": 0.9457202505219207,
    "hinge": 0.015949360055671546,
    "n_free": 1437,
    "n_clamp": 417,
    "hinge_active": 417,
    "hinge_active_frac": 0.29018789144050106,
    "skipped": 1020,
    "reload_free": 0,
    "reload_clamp": 0,
    "nonfinite_free": 0,
    "nonfinite_clamp": 0
  },
  "val": {
    "acc": 0.9361111111111111,
    "hinge": 0.020371288611111118,
    "test_gap_mean": 0.1252586722222222,
    "test_gap_median": 0.13163000000000002,
    "test_gap_std": 0.07725082470093661,
    "test_satisfy_frac": 0.6916666666666667,
    "test_hinge_mean": 0.02037128861111111,
    "val_reloads": 0.0,
    "val_nonfinite": 0.0
  },
  "timing_s": {
    "epoch_total": 20.060395002365112,
    "train_free": 10.91360354423523,
    "train_clamp": 3.167264223098755,
    "train_update": 0.3310887813568115
  },
  "vg_stats": {
    "vg_unique_min": 0.5677512631798298,
    "vg_unique_max": 7.95823421260205,
    "vg_unique_sat_lo": 0.0,
    "vg_unique_sat_hi": 0.0
  }
}