{
  "epoch": 82,
  "config": {
    "seed": 0,
    "gamma": 3.0,
    "margin": 0.1,
    "delta": 0.05,
    "input_vmin": 0.0,
    "input_vmax": 1.0,
    "rails": [
      0.0,
      0.45
    ],
    "solver": "klu",
    "body_tie": "floating",
    "body_res": 10.0,
    "rs_clamp": 10.0,
    "model_vto": 0.75,
    "vg_cutoff": 0.75,
    "vg_cutoff_epochs": 4,
    "vg_init": {
      "mode": "fixed",
      "lo": 1.0,
      "hi": 3.0,
      "fixed": 4.0
    },
    "epochs": 100,
    "device_include_path": "/home/ma-lab/Desktop/pyclln-final/device_model/nmos_lvl1_ald1106.lib",
    "device_subckt": "NMOSWRAP"
  },
  "train": {
    "acc": 0.9505915100904663,
    "hinge": 0.016734471816283934,
    "n_free": 1437,
    "n_clamp": 426,
    "hinge_active": 426,
    "hinge_active_frac": 0.2964509394572025,
    "skipped": 1011,
    "reload_free": 0,
    "reload_clamp": 0,
    "nonfinite_free": 0,
    "nonfinite_clamp": 0
  },
  "val": {
    "acc": 0.9361111111111111,
    "hinge": 0.020341621388888904,
    "test_gap_mean": 0.1275740777777778,
    "test_gap_median": 0.13161535,
    "test_gap_std": 0.07976538791940542,
    "test_satisfy_frac": 0.6527777777777778,
    "test_hinge_mean": 0.020341621388888894,
    "val_reloads": 0.0,
    "val_nonfinite": 0.0
  },
  "timing_s": {
    "epoch_total": 18.73088765144348,
    "train_free": 9.708482503890991,
    "train_clamp": 2.849799394607544,
    "train_update": 0.3454146385192871
  },
  "vg_stats": {
    "vg_unique_min": 0.6782299045697505,
    "vg_unique_max": 7.504533348394902,
    "vg_unique_sat_lo": 0.0,
    "vg_unique_sat_hi": 0.0
  }
}