{
  "epoch": 86,
  "config": {
    "seed": 0,
    "gamma": 3.0,
    "margin": 0.1,
    "delta": 0.05,
    "input_vmin": 0.0,
    "input_vmax": 1.0,
    "rails": [
      0.0,
      0.45
    ],
    "solver": "klu",
    "body_tie": "floating",
    "body_res": 10.0,
    "rs_clamp": 10.0,
    "model_vto": 0.75,
    "vg_cutoff": 0.75,
    "vg_cutoff_epochs": 4,
    "vg_init": {
      "mode": "fixed",
      "lo": 1.0,
      "hi": 3.0,
      "fixed": 4.0
    },
    "epochs": 100,
    "device_include_path": "/home/ma-lab/Desktop/pyclln-final/device_model/nmos_lvl1_ald1106.lib",
    "device_subckt": "NMOSWRAP"
  },
  "train": {
    "acc": 0.9478079331941545,
    "hinge": 0.016922559568545582,
    "n_free": 1437,
    "n_clamp": 434,
    "hinge_active": 434,
    "hinge_active_frac": 0.30201809324982604,
    "skipped": 1003,
    "reload_free": 0,
    "reload_clamp": 0,
    "nonfinite_free": 0,
    "nonfinite_clamp": 0
  },
  "val": {
    "acc": 0.9472222222222222,
    "hinge": 0.020149566388888894,
    "test_gap_mean": 0.1256877227777778,
    "test_gap_median": 0.13268870000000002,
    "test_gap_std": 0.07745990314777763,
    "test_satisfy_frac": 0.6527777777777778,
    "test_hinge_mean": 0.02014956638888889,
    "val_reloads": 0.0,
    "val_nonfinite": 0.0
  },
  "timing_s": {
    "epoch_total": 16.77268671989441,
    "train_free": 8.940590381622314,
    "train_clamp": 2.650308609008789,
    "train_update": 0.33153247833251953
  },
  "vg_stats": {
    "vg_unique_min": 0.6412537295684801,
    "vg_unique_max": 7.153895415308928,
    "vg_unique_sat_lo": 0.0,
    "vg_unique_sat_hi": 0.0
  }
}