{
  "epoch": 35,
  "config": {
    "seed": 0,
    "gamma": 3.0,
    "margin": 0.1,
    "delta": 0.05,
    "input_vmin": 0.0,
    "input_vmax": 1.0,
    "rails": [
      0.0,
      0.45
    ],
    "solver": "klu",
    "body_tie": "floating",
    "body_res": 10.0,
    "rs_clamp": 10.0,
    "model_vto": 0.75,
    "vg_cutoff": 0.75,
    "vg_cutoff_epochs": 4,
    "vg_init": {
      "mode": "fixed",
      "lo": 1.0,
      "hi": 3.0,
      "fixed": 4.0
    },
    "epochs": 100,
    "device_include_path": "/home/ma-lab/Desktop/pyclln-final/device_model/nmos_lvl1_ald1106.lib",
    "device_subckt": "NMOSWRAP"
  },
  "train": {
    "acc": 0.9498956158663883,
    "hinge": 0.01574075093945721,
    "n_free": 1437,
    "n_clamp": 412,
    "hinge_active": 412,
    "hinge_active_frac": 0.28670842032011135,
    "skipped": 1025,
    "reload_free": 0,
    "reload_clamp": 0,
    "nonfinite_free": 0,
    "nonfinite_clamp": 0
  },
  "val": {
    "acc": 0.9416666666666667,
    "hinge": 0.019536263888888888,
    "test_gap_mean": 0.12309475916666668,
    "test_gap_median": 0.13231075000000003,
    "test_gap_std": 0.07437095568686276,
    "test_satisfy_frac": 0.6583333333333333,
    "test_hinge_mean": 0.01953626388888889,
    "val_reloads": 0.0,
    "val_nonfinite": 0.0
  },
  "timing_s": {
    "epoch_total": 24.548643589019775,
    "train_free": 13.772565603256226,
    "train_clamp": 3.9217960834503174,
    "train_update": 0.3697042465209961
  },
  "vg_stats": {
    "vg_unique_min": 0.40173584305638993,
    "vg_unique_max": 7.9555366460762,
    "vg_unique_sat_lo": 0.0,
    "vg_unique_sat_hi": 0.0
  }
}