{
  "epoch": 90,
  "config": {
    "seed": 0,
    "gamma": 3.0,
    "margin": 0.1,
    "delta": 0.05,
    "input_vmin": 0.0,
    "input_vmax": 1.0,
    "rails": [
      0.0,
      0.45
    ],
    "solver": "klu",
    "body_tie": "floating",
    "body_res": 10.0,
    "rs_clamp": 10.0,
    "model_vto": 0.75,
    "vg_cutoff": 0.75,
    "vg_cutoff_epochs": 4,
    "vg_init": {
      "mode": "fixed",
      "lo": 1.0,
      "hi": 3.0,
      "fixed": 4.0
    },
    "epochs": 100,
    "device_include_path": "/home/ma-lab/Desktop/pyclln-final/device_model/nmos_lvl1_ald1106.lib",
    "device_subckt": "NMOSWRAP"
  },
  "train": {
    "acc": 0.9519832985386222,
    "hinge": 0.01698254913013223,
    "n_free": 1437,
    "n_clamp": 438,
    "hinge_active": 438,
    "hinge_active_frac": 0.3048016701461378,
    "skipped": 999,
    "reload_free": 0,
    "reload_clamp": 0,
    "nonfinite_free": 0,
    "nonfinite_clamp": 0
  },
  "val": {
    "acc": 0.9388888888888889,
    "hinge": 0.019757620555555563,
    "test_gap_mean": 0.12665605583333334,
    "test_gap_median": 0.13258265000000002,
    "test_gap_std": 0.0782757818894411,
    "test_satisfy_frac": 0.6583333333333333,
    "test_hinge_mean": 0.01975762055555556,
    "val_reloads": 0.0,
    "val_nonfinite": 0.0
  },
  "timing_s": {
    "epoch_total": 15.221232175827026,
    "train_free": 8.000492811203003,
    "train_clamp": 2.403449535369873,
    "train_update": 0.35179829597473145
  },
  "vg_stats": {
    "vg_unique_min": 0.4,
    "vg_unique_max": 6.936184412235067,
    "vg_unique_sat_lo": 1.0,
    "vg_unique_sat_hi": 0.0
  }
}