{
  "test_gap_mean": 0.11855771055555557,
  "test_gap_median": 0.12683774999999997,
  "test_gap_std": 0.08519830917783783,
  "test_satisfy_frac": 0.6361111111111111,
  "test_hinge_mean": 0.02559653166666667,
  "val_reloads": 0.0,
  "val_nonfinite": 0.0
}