{
  "test_gap_mean": 0.12408127888888888,
  "test_gap_median": 0.12405934999999998,
  "test_gap_std": 0.09882920259424532,
  "test_satisfy_frac": 0.6166666666666667,
  "test_hinge_mean": 0.027622510000000006,
  "val_reloads": 0.0,
  "val_nonfinite": 0.0
}