{
  "test_gap_mean": 0.122670535,
  "test_gap_median": 0.13335595,
  "test_gap_std": 0.08841593460071485,
  "test_satisfy_frac": 0.6305555555555555,
  "test_hinge_mean": 0.02528840305555556,
  "val_reloads": 0.0,
  "val_nonfinite": 0.0
}