{
  "test_gap_mean": 0.11892582027777777,
  "test_gap_median": 0.12351135000000002,
  "test_gap_std": 0.0887594634132963,
  "test_satisfy_frac": 0.6055555555555555,
  "test_hinge_mean": 0.026732061944444444,
  "val_reloads": 0.0,
  "val_nonfinite": 0.0
}