{
  "test_gap_mean": 0.11952518444444443,
  "test_gap_median": 0.12877784999999997,
  "test_gap_std": 0.0898332332412249,
  "test_satisfy_frac": 0.6055555555555555,
  "test_hinge_mean": 0.027209827500000002,
  "val_reloads": 0.0,
  "val_nonfinite": 0.0
}