{
  "test_gap_mean": 0.12072614333333334,
  "test_gap_median": 0.1282267,
  "test_gap_std": 0.09019264527529029,
  "test_satisfy_frac": 0.6694444444444444,
  "test_hinge_mean": 0.026343940833333336,
  "val_reloads": 0.0,
  "val_nonfinite": 0.0
}