{
  "epoch": 24,
  "config": {
    "seed": 0,
    "gamma": 3.0,
    "margin": 0.1,
    "delta": 0.1,
    "input_vmin": 0.0,
    "input_vmax": 1.0,
    "rails": [
      0.0,
      0.45
    ],
    "solver": "klu",
    "body_tie": "source",
    "body_res": 10.0,
    "rs_clamp": 10.0,
    "model_vto": 0.75,
    "vg_cutoff": 0.75,
    "vg_cutoff_epochs": 4,
    "vg_init": {
      "mode": "fixed",
      "lo": 1.0,
      "hi": 3.0,
      "fixed": 2.0
    },
    "epochs": 100,
    "device_include_path": "/home/ma-lab/Desktop/pyclln-final/device_model/nmos_lvl1_ald1106.lib",
    "device_subckt": "NMOSWRAP"
  },
  "train": {
    "acc": 0.9144050104384134,
    "hinge": 0.024481178705636757,
    "n_free": 1437,
    "n_clamp": 533,
    "hinge_active": 533,
    "hinge_active_frac": 0.3709116214335421,
    "skipped": 904,
    "reload_free": 0,
    "reload_clamp": 0,
    "nonfinite_free": 0,
    "nonfinite_clamp": 0
  },
  "val": {
    "acc": 0.9222222222222223,
    "hinge": 0.02826935055555556,
    "test_gap_mean": 0.11222615916666669,
    "test_gap_median": 0.11594174999999998,
    "test_gap_std": 0.08798885219374557,
    "test_satisfy_frac": 0.5805555555555556,
    "test_hinge_mean": 0.02826935055555555,
    "val_reloads": 0.0,
    "val_nonfinite": 0.0
  },
  "timing_s": {
    "epoch_total": 18.041008472442627,
    "train_free": 8.51706576347351,
    "train_clamp": 3.0778908729553223,
    "train_update": 0.5282909870147705
  },
  "vg_stats": {
    "vg_unique_min": 0.4,
    "vg_unique_max": 7.881331172585028,
    "vg_unique_sat_lo": 6.0,
    "vg_unique_sat_hi": 0.0
  }
}