{
  "epoch": 12,
  "config": {
    "seed": 0,
    "gamma": 3.0,
    "margin": 0.1,
    "delta": 0.1,
    "input_vmin": 0.0,
    "input_vmax": 1.0,
    "rails": [
      0.0,
      0.45
    ],
    "solver": "klu",
    "body_tie": "source",
    "body_res": 10.0,
    "rs_clamp": 10.0,
    "model_vto": 0.75,
    "vg_cutoff": 0.75,
    "vg_cutoff_epochs": 4,
    "vg_init": {
      "mode": "fixed",
      "lo": 1.0,
      "hi": 3.0,
      "fixed": 2.0
    },
    "epochs": 100,
    "device_include_path": "/home/ma-lab/Desktop/pyclln-final/device_model/nmos_lvl1_ald1106.lib",
    "device_subckt": "NMOSWRAP"
  },
  "train": {
    "acc": 0.9311064718162839,
    "hinge": 0.02382631078636047,
    "n_free": 1437,
    "n_clamp": 549,
    "hinge_active": 549,
    "hinge_active_frac": 0.38204592901878914,
    "skipped": 888,
    "reload_free": 0,
    "reload_clamp": 0,
    "nonfinite_free": 0,
    "nonfinite_clamp": 0
  },
  "val": {
    "acc": 0.9111111111111111,
    "hinge": 0.027253937777777792,
    "test_gap_mean": 0.10702266777777779,
    "test_gap_median": 0.11231064999999998,
    "test_gap_std": 0.07686577149053093,
    "test_satisfy_frac": 0.5833333333333334,
    "test_hinge_mean": 0.02725393777777778,
    "val_reloads": 0.0,
    "val_nonfinite": 0.0
  },
  "timing_s": {
    "epoch_total": 25.167762517929077,
    "train_free": 12.113232612609863,
    "train_clamp": 4.591161012649536,
    "train_update": 0.756523847579956
  },
  "vg_stats": {
    "vg_unique_min": 0.4,
    "vg_unique_max": 7.332704775192107,
    "vg_unique_sat_lo": 8.0,
    "vg_unique_sat_hi": 0.0
  }
}