{
  "epoch": 49,
  "config": {
    "seed": 0,
    "gamma": 3.0,
    "margin": 0.1,
    "delta": 0.1,
    "input_vmin": 0.0,
    "input_vmax": 1.0,
    "rails": [
      0.0,
      0.45
    ],
    "solver": "klu",
    "body_tie": "source",
    "body_res": 10.0,
    "rs_clamp": 10.0,
    "model_vto": 0.75,
    "vg_cutoff": 0.75,
    "vg_cutoff_epochs": 4,
    "vg_init": {
      "mode": "fixed",
      "lo": 1.0,
      "hi": 3.0,
      "fixed": 2.0
    },
    "epochs": 100,
    "device_include_path": "/home/ma-lab/Desktop/pyclln-final/device_model/nmos_lvl1_ald1106.lib",
    "device_subckt": "NMOSWRAP"
  },
  "train": {
    "acc": 0.9151009046624913,
    "hinge": 0.024688007724425868,
    "n_free": 1437,
    "n_clamp": 505,
    "hinge_active": 505,
    "hinge_active_frac": 0.35142658315935976,
    "skipped": 932,
    "reload_free": 0,
    "reload_clamp": 0,
    "nonfinite_free": 0,
    "nonfinite_clamp": 0
  },
  "val": {
    "acc": 0.9222222222222223,
    "hinge": 0.02667224249999999,
    "test_gap_mean": 0.12126148055555554,
    "test_gap_median": 0.12142064999999999,
    "test_gap_std": 0.09138616477455531,
    "test_satisfy_frac": 0.6055555555555555,
    "test_hinge_mean": 0.026672242500000002,
    "val_reloads": 0.0,
    "val_nonfinite": 0.0
  },
  "timing_s": {
    "epoch_total": 15.631640434265137,
    "train_free": 7.265367746353149,
    "train_clamp": 2.5160372257232666,
    "train_update": 0.4450492858886719
  },
  "vg_stats": {
    "vg_unique_min": 0.4,
    "vg_unique_max": 7.685862777698509,
    "vg_unique_sat_lo": 1.0,
    "vg_unique_sat_hi": 0.0
  }
}