{
  "epoch": 20,
  "config": {
    "seed": 0,
    "gamma": 3.0,
    "margin": 0.1,
    "delta": 0.1,
    "input_vmin": 0.0,
    "input_vmax": 1.0,
    "rails": [
      0.0,
      0.45
    ],
    "solver": "klu",
    "body_tie": "source",
    "body_res": 10.0,
    "rs_clamp": 10.0,
    "model_vto": 0.75,
    "vg_cutoff": 0.75,
    "vg_cutoff_epochs": 4,
    "vg_init": {
      "mode": "fixed",
      "lo": 1.0,
      "hi": 3.0,
      "fixed": 2.0
    },
    "epochs": 100,
    "device_include_path": "/home/ma-lab/Desktop/pyclln-final/device_model/nmos_lvl1_ald1106.lib",
    "device_subckt": "NMOSWRAP"
  },
  "train": {
    "acc": 0.9269311064718163,
    "hinge": 0.023478440153096736,
    "n_free": 1437,
    "n_clamp": 544,
    "hinge_active": 544,
    "hinge_active_frac": 0.37856645789839943,
    "skipped": 893,
    "reload_free": 0,
    "reload_clamp": 0,
    "nonfinite_free": 0,
    "nonfinite_clamp": 0
  },
  "val": {
    "acc": 0.9194444444444444,
    "hinge": 0.02925647277777778,
    "test_gap_mean": 0.11054507083333333,
    "test_gap_median": 0.11230745000000003,
    "test_gap_std": 0.08579107591532278,
    "test_satisfy_frac": 0.5527777777777778,
    "test_hinge_mean": 0.02925647277777778,
    "val_reloads": 0.0,
    "val_nonfinite": 0.0
  },
  "timing_s": {
    "epoch_total": 19.007237672805786,
    "train_free": 8.668112516403198,
    "train_clamp": 3.2440061569213867,
    "train_update": 0.6610476970672607
  },
  "vg_stats": {
    "vg_unique_min": 0.4,
    "vg_unique_max": 7.72776341302988,
    "vg_unique_sat_lo": 2.0,
    "vg_unique_sat_hi": 0.0
  }
}