{
  "epoch": 23,
  "config": {
    "seed": 0,
    "gamma": 3.0,
    "margin": 0.1,
    "delta": 0.1,
    "input_vmin": 0.0,
    "input_vmax": 1.0,
    "rails": [
      0.0,
      0.45
    ],
    "solver": "klu",
    "body_tie": "source",
    "body_res": 10.0,
    "rs_clamp": 10.0,
    "model_vto": 0.75,
    "vg_cutoff": 0.75,
    "vg_cutoff_epochs": 4,
    "vg_init": {
      "mode": "fixed",
      "lo": 1.0,
      "hi": 3.0,
      "fixed": 2.0
    },
    "epochs": 100,
    "device_include_path": "/home/ma-lab/Desktop/pyclln-final/device_model/nmos_lvl1_ald1106.lib",
    "device_subckt": "NMOSWRAP"
  },
  "train": {
    "acc": 0.9178844815588031,
    "hinge": 0.02343076353514264,
    "n_free": 1437,
    "n_clamp": 504,
    "hinge_active": 504,
    "hinge_active_frac": 0.35073068893528186,
    "skipped": 933,
    "reload_free": 0,
    "reload_clamp": 0,
    "nonfinite_free": 0,
    "nonfinite_clamp": 0
  },
  "val": {
    "acc": 0.8861111111111111,
    "hinge": 0.02971788944444446,
    "test_gap_mean": 0.11389390583333332,
    "test_gap_median": 0.1143506,
    "test_gap_std": 0.09242646938958884,
    "test_satisfy_frac": 0.575,
    "test_hinge_mean": 0.029717889444444444,
    "val_reloads": 0.0,
    "val_nonfinite": 0.0
  },
  "timing_s": {
    "epoch_total": 17.806374073028564,
    "train_free": 8.458516359329224,
    "train_clamp": 2.9191086292266846,
    "train_update": 0.5497961044311523
  },
  "vg_stats": {
    "vg_unique_min": 0.4,
    "vg_unique_max": 7.99999721320328,
    "vg_unique_sat_lo": 1.0,
    "vg_unique_sat_hi": 0.0
  }
}