{
  "test_gap_mean": 0.01977152111111111,
  "test_gap_median": 0.021132100000000015,
  "test_gap_std": 0.011253395276231518,
  "test_satisfy_frac": 0.5388888888888889,
  "test_hinge_mean": 0.004505822222222222,
  "val_reloads": 0.0,
  "val_nonfinite": 0.0
}