{
  "test_gap_mean": 0.009033493055555557,
  "test_gap_median": 0.008536250000000009,
  "test_gap_std": 0.007109686975659931,
  "test_satisfy_frac": 0.06111111111111111,
  "test_hinge_mean": 0.011074275833333336,
  "val_reloads": 0.0,
  "val_nonfinite": 0.0
}