{
  "test_gap_mean": 0.020087585833333334,
  "test_gap_median": 0.02147114999999998,
  "test_gap_std": 0.01135118587324173,
  "test_satisfy_frac": 0.55,
  "test_hinge_mean": 0.004396030277777779,
  "val_reloads": 0.0,
  "val_nonfinite": 0.0
}