{
  "test_gap_mean": 0.014071484722222225,
  "test_gap_median": 0.015089850000000002,
  "test_gap_std": 0.009210323820016979,
  "test_satisfy_frac": 0.2972222222222222,
  "test_hinge_mean": 0.007226236666666667,
  "val_reloads": 0.0,
  "val_nonfinite": 0.0
}