{
  "test_gap_mean": 0.019903018055555555,
  "test_gap_median": 0.021243600000000015,
  "test_gap_std": 0.011294542479634018,
  "test_satisfy_frac": 0.5472222222222223,
  "test_hinge_mean": 0.0044607794444444454,
  "val_reloads": 0.0,
  "val_nonfinite": 0.0
}