{
  "test_gap_mean": 0.018998148611111113,
  "test_gap_median": 0.020374350000000013,
  "test_gap_std": 0.010932022464606663,
  "test_satisfy_frac": 0.5138888888888888,
  "test_hinge_mean": 0.004760100555555556,
  "val_reloads": 0.0,
  "val_nonfinite": 0.0
}