{
  "test_gap_mean": 0.020025532777777775,
  "test_gap_median": 0.021282849999999992,
  "test_gap_std": 0.011349996280008353,
  "test_satisfy_frac": 0.5527777777777778,
  "test_hinge_mean": 0.004420897500000002,
  "val_reloads": 0.0,
  "val_nonfinite": 0.0
}