{
  "test_gap_mean": 0.018779684444444444,
  "test_gap_median": 0.020190600000000003,
  "test_gap_std": 0.010862225685166012,
  "test_satisfy_frac": 0.5083333333333333,
  "test_hinge_mean": 0.0048440486111111115,
  "val_reloads": 0.0,
  "val_nonfinite": 0.0
}