{
  "test_gap_mean": 0.01753936027777778,
  "test_gap_median": 0.0188151,
  "test_gap_std": 0.010421947617229865,
  "test_satisfy_frac": 0.44722222222222224,
  "test_hinge_mean": 0.005348001666666666,
  "val_reloads": 0.0,
  "val_nonfinite": 0.0
}