{
  "test_gap_mean": 0.0024342644444444437,
  "test_gap_median": 0.002326500000000009,
  "test_gap_std": 0.0019422450272564647,
  "test_satisfy_frac": 0.0,
  "test_hinge_mean": 0.017565735555555555,
  "val_reloads": 0.0,
  "val_nonfinite": 0.0
}