{
  "test_gap_mean": 0.019298365555555558,
  "test_gap_median": 0.02053575000000002,
  "test_gap_std": 0.011073123421868137,
  "test_satisfy_frac": 0.525,
  "test_hinge_mean": 0.004663241111111111,
  "val_reloads": 0.0,
  "val_nonfinite": 0.0
}