{
  "test_gap_mean": 0.016406090277777778,
  "test_gap_median": 0.017539200000000005,
  "test_gap_std": 0.009996931810421187,
  "test_satisfy_frac": 0.4,
  "test_hinge_mean": 0.005872629444444446,
  "val_reloads": 0.0,
  "val_nonfinite": 0.0
}