{
  "epoch": 64,
  "config": {
    "seed": 0,
    "gamma": 0.03,
    "margin": 0.02,
    "delta": 0.02,
    "input_vmin": 0.0,
    "input_vmax": 1.0,
    "rails": [
      0.0,
      0.45
    ],
    "solver": "klu",
    "body_tie": "source",
    "body_res": 10.0,
    "rs_clamp": 10.0,
    "model_vto": 0.75,
    "vg_cutoff": 0.75,
    "vg_cutoff_epochs": 4,
    "vg_init": {
      "mode": "fixed",
      "lo": 1.0,
      "hi": 3.0,
      "fixed": 2.0
    },
    "epochs": 100,
    "device_include_path": "/home/ma-lab/Desktop/pyclln-final/device_model/nmos_lvl1_ald1106.lib",
    "device_subckt": "NMOSWRAP"
  },
  "train": {
    "acc": 0.9498956158663883,
    "hinge": 0.004639922894919976,
    "n_free": 1437,
    "n_clamp": 721,
    "hinge_active": 721,
    "hinge_active_frac": 0.5017397355601948,
    "skipped": 716,
    "reload_free": 0,
    "reload_clamp": 0,
    "nonfinite_free": 0,
    "nonfinite_clamp": 0
  },
  "val": {
    "acc": 0.9444444444444444,
    "hinge": 0.005305194444444446,
    "test_gap_mean": 0.01764466777777778,
    "test_gap_median": 0.018950399999999992,
    "test_gap_std": 0.010465648825090988,
    "test_satisfy_frac": 0.4527777777777778,
    "test_hinge_mean": 0.005305194444444444,
    "val_reloads": 0.0,
    "val_nonfinite": 0.0
  },
  "timing_s": {
    "epoch_total": 63.518736600875854,
    "train_free": 30.41594934463501,
    "train_clamp": 15.179448127746582,
    "train_update": 1.571077585220337
  },
  "vg_stats": {
    "vg_unique_min": 1.1667017956227645,
    "vg_unique_max": 2.6719206762215526,
    "vg_unique_sat_lo": 0.0,
    "vg_unique_sat_hi": 0.0
  }
}