{
  "epoch": 53,
  "config": {
    "seed": 0,
    "gamma": 0.03,
    "margin": 0.02,
    "delta": 0.02,
    "input_vmin": 0.0,
    "input_vmax": 1.0,
    "rails": [
      0.0,
      0.45
    ],
    "solver": "klu",
    "body_tie": "source",
    "body_res": 10.0,
    "rs_clamp": 10.0,
    "model_vto": 0.75,
    "vg_cutoff": 0.75,
    "vg_cutoff_epochs": 4,
    "vg_init": {
      "mode": "fixed",
      "lo": 1.0,
      "hi": 3.0,
      "fixed": 2.0
    },
    "epochs": 100,
    "device_include_path": "/home/ma-lab/Desktop/pyclln-final/device_model/nmos_lvl1_ald1106.lib",
    "device_subckt": "NMOSWRAP"
  },
  "train": {
    "acc": 0.9450243562978428,
    "hinge": 0.005249809812108562,
    "n_free": 1437,
    "n_clamp": 813,
    "hinge_active": 813,
    "hinge_active_frac": 0.5657620041753654,
    "skipped": 624,
    "reload_free": 0,
    "reload_clamp": 0,
    "nonfinite_free": 0,
    "nonfinite_clamp": 0
  },
  "val": {
    "acc": 0.9444444444444444,
    "hinge": 0.005872629444444444,
    "test_gap_mean": 0.016406090277777778,
    "test_gap_median": 0.017539200000000005,
    "test_gap_std": 0.009996931810421187,
    "test_satisfy_frac": 0.4,
    "test_hinge_mean": 0.005872629444444446,
    "val_reloads": 0.0,
    "val_nonfinite": 0.0
  },
  "timing_s": {
    "epoch_total": 74.65197682380676,
    "train_free": 34.668550968170166,
    "train_clamp": 19.54855966567993,
    "train_update": 2.119554042816162
  },
  "vg_stats": {
    "vg_unique_min": 1.246595662232551,
    "vg_unique_max": 2.587691087585552,
    "vg_unique_sat_lo": 0.0,
    "vg_unique_sat_hi": 0.0
  }
}