{
  "epoch": 67,
  "config": {
    "seed": 0,
    "gamma": 0.03,
    "margin": 0.02,
    "delta": 0.02,
    "input_vmin": 0.0,
    "input_vmax": 1.0,
    "rails": [
      0.0,
      0.45
    ],
    "solver": "klu",
    "body_tie": "source",
    "body_res": 10.0,
    "rs_clamp": 10.0,
    "model_vto": 0.75,
    "vg_cutoff": 0.75,
    "vg_cutoff_epochs": 4,
    "vg_init": {
      "mode": "fixed",
      "lo": 1.0,
      "hi": 3.0,
      "fixed": 2.0
    },
    "epochs": 100,
    "device_include_path": "/home/ma-lab/Desktop/pyclln-final/device_model/nmos_lvl1_ald1106.lib",
    "device_subckt": "NMOSWRAP"
  },
  "train": {
    "acc": 0.9512874043145442,
    "hinge": 0.004507542171189981,
    "n_free": 1437,
    "n_clamp": 692,
    "hinge_active": 692,
    "hinge_active_frac": 0.4815588030619346,
    "skipped": 745,
    "reload_free": 0,
    "reload_clamp": 0,
    "nonfinite_free": 0,
    "nonfinite_clamp": 0
  },
  "val": {
    "acc": 0.9444444444444444,
    "hinge": 0.00518021611111111,
    "test_gap_mean": 0.0179203325,
    "test_gap_median": 0.019338850000000005,
    "test_gap_std": 0.010548670890076066,
    "test_satisfy_frac": 0.4638888888888889,
    "test_hinge_mean": 0.005180216111111111,
    "val_reloads": 0.0,
    "val_nonfinite": 0.0
  },
  "timing_s": {
    "epoch_total": 71.9938178062439,
    "train_free": 35.29828405380249,
    "train_clamp": 17.0252525806427,
    "train_update": 1.820218801498413
  },
  "vg_stats": {
    "vg_unique_min": 1.1464684884045004,
    "vg_unique_max": 2.6941582378683746,
    "vg_unique_sat_lo": 0.0,
    "vg_unique_sat_hi": 0.0
  }
}