{
  "epoch": 94,
  "config": {
    "seed": 0,
    "gamma": 0.03,
    "margin": 0.02,
    "delta": 0.02,
    "input_vmin": 0.0,
    "input_vmax": 1.0,
    "rails": [
      0.0,
      0.45
    ],
    "solver": "klu",
    "body_tie": "source",
    "body_res": 10.0,
    "rs_clamp": 10.0,
    "model_vto": 0.75,
    "vg_cutoff": 0.75,
    "vg_cutoff_epochs": 4,
    "vg_init": {
      "mode": "fixed",
      "lo": 1.0,
      "hi": 3.0,
      "fixed": 2.0
    },
    "epochs": 100,
    "device_include_path": "/home/ma-lab/Desktop/pyclln-final/device_model/nmos_lvl1_ald1106.lib",
    "device_subckt": "NMOSWRAP"
  },
  "train": {
    "acc": 0.9582463465553236,
    "hinge": 0.003704970494084895,
    "n_free": 1437,
    "n_clamp": 574,
    "hinge_active": 574,
    "hinge_active_frac": 0.39944328462073764,
    "skipped": 863,
    "reload_free": 0,
    "reload_clamp": 0,
    "nonfinite_free": 0,
    "nonfinite_clamp": 0
  },
  "val": {
    "acc": 0.9472222222222222,
    "hinge": 0.004437,
    "test_gap_mean": 0.019967583888888894,
    "test_gap_median": 0.02128155000000001,
    "test_gap_std": 0.011321460458815292,
    "test_satisfy_frac": 0.5472222222222223,
    "test_hinge_mean": 0.004437,
    "val_reloads": 0.0,
    "val_nonfinite": 0.0
  },
  "timing_s": {
    "epoch_total": 69.28736019134521,
    "train_free": 35.9960572719574,
    "train_clamp": 14.38896656036377,
    "train_update": 1.491112470626831
  },
  "vg_stats": {
    "vg_unique_min": 0.9882861230040066,
    "vg_unique_max": 2.862308898306008,
    "vg_unique_sat_lo": 0.0,
    "vg_unique_sat_hi": 0.0
  }
}