{
  "epoch": 36,
  "config": {
    "seed": 0,
    "gamma": 0.03,
    "margin": 0.02,
    "delta": 0.02,
    "input_vmin": 0.0,
    "input_vmax": 1.0,
    "rails": [
      0.0,
      0.45
    ],
    "solver": "klu",
    "body_tie": "source",
    "body_res": 10.0,
    "rs_clamp": 10.0,
    "model_vto": 0.75,
    "vg_cutoff": 0.75,
    "vg_cutoff_epochs": 4,
    "vg_init": {
      "mode": "fixed",
      "lo": 1.0,
      "hi": 3.0,
      "fixed": 2.0
    },
    "epochs": 100,
    "device_include_path": "/home/ma-lab/Desktop/pyclln-final/device_model/nmos_lvl1_ald1106.lib",
    "device_subckt": "NMOSWRAP"
  },
  "train": {
    "acc": 0.9352818371607515,
    "hinge": 0.006940116910229634,
    "n_free": 1437,
    "n_clamp": 1001,
    "hinge_active": 1001,
    "hinge_active_frac": 0.6965901183020181,
    "skipped": 436,
    "reload_free": 0,
    "reload_clamp": 0,
    "nonfinite_free": 0,
    "nonfinite_clamp": 0
  },
  "val": {
    "acc": 0.9277777777777778,
    "hinge": 0.007469452222222225,
    "test_gap_mean": 0.013698114722222224,
    "test_gap_median": 0.014589549999999993,
    "test_gap_std": 0.0090747339199211,
    "test_satisfy_frac": 0.2833333333333333,
    "test_hinge_mean": 0.007469452222222223,
    "val_reloads": 0.0,
    "val_nonfinite": 0.0
  },
  "timing_s": {
    "epoch_total": 73.03397107124329,
    "train_free": 32.227585315704346,
    "train_clamp": 22.29129409790039,
    "train_update": 2.273684501647949
  },
  "vg_stats": {
    "vg_unique_min": 1.401454284040586,
    "vg_unique_max": 2.454578286415584,
    "vg_unique_sat_lo": 0.0,
    "vg_unique_sat_hi": 0.0
  }
}