{
  "epoch": 15,
  "config": {
    "seed": 0,
    "gamma": 0.03,
    "margin": 0.02,
    "delta": 0.02,
    "input_vmin": 0.0,
    "input_vmax": 1.0,
    "rails": [
      0.0,
      0.45
    ],
    "solver": "klu",
    "body_tie": "source",
    "body_res": 10.0,
    "rs_clamp": 10.0,
    "model_vto": 0.75,
    "vg_cutoff": 0.75,
    "vg_cutoff_epochs": 4,
    "vg_init": {
      "mode": "fixed",
      "lo": 1.0,
      "hi": 3.0,
      "fixed": 2.0
    },
    "epochs": 100,
    "device_include_path": "/home/ma-lab/Desktop/pyclln-final/device_model/nmos_lvl1_ald1106.lib",
    "device_subckt": "NMOSWRAP"
  },
  "train": {
    "acc": 0.9004871259568545,
    "hinge": 0.012658149756437032,
    "n_free": 1437,
    "n_clamp": 1434,
    "hinge_active": 1434,
    "hinge_active_frac": 0.9979123173277662,
    "skipped": 3,
    "reload_free": 0,
    "reload_clamp": 0,
    "nonfinite_free": 0,
    "nonfinite_clamp": 0
  },
  "val": {
    "acc": 0.9083333333333333,
    "hinge": 0.012768352777777776,
    "test_gap_mean": 0.007234596111111112,
    "test_gap_median": 0.006753200000000001,
    "test_gap_std": 0.005907297115708898,
    "test_satisfy_frac": 0.002777777777777778,
    "test_hinge_mean": 0.01276835277777778,
    "val_reloads": 0.0,
    "val_nonfinite": 0.0
  },
  "timing_s": {
    "epoch_total": 90.59097290039062,
    "train_free": 33.48645043373108,
    "train_clamp": 33.7215518951416,
    "train_update": 3.9310383796691895
  },
  "vg_stats": {
    "vg_unique_min": 1.7001320007684624,
    "vg_unique_max": 2.2665142034865675,
    "vg_unique_sat_lo": 0.0,
    "vg_unique_sat_hi": 0.0
  }
}