{
  "test_gap_mean": 0.04071166027777778,
  "test_gap_median": 0.027166899999999994,
  "test_gap_std": 0.06303372549029479,
  "test_satisfy_frac": 0.058333333333333334,
  "test_hinge_mean": 0.0684330027777778,
  "val_reloads": 0.0,
  "val_nonfinite": 0.0
}