{
  "test_gap_mean": 0.110900605,
  "test_gap_median": 0.09405645,
  "test_gap_std": 0.09895666857176529,
  "test_satisfy_frac": 0.46111111111111114,
  "test_hinge_mean": 0.03201151277777778,
  "val_reloads": 0.0,
  "val_nonfinite": 0.0
}