{
  "test_gap_mean": 0.11534801361111112,
  "test_gap_median": 0.10488215000000001,
  "test_gap_std": 0.09468409812398107,
  "test_satisfy_frac": 0.525,
  "test_hinge_mean": 0.029663423611111118,
  "val_reloads": 0.0,
  "val_nonfinite": 0.0
}