{
  "test_gap_mean": 0.11374612249999999,
  "test_gap_median": 0.09800139999999999,
  "test_gap_std": 0.09816274237346237,
  "test_satisfy_frac": 0.4861111111111111,
  "test_hinge_mean": 0.03111546555555556,
  "val_reloads": 0.0,
  "val_nonfinite": 0.0
}