{
  "test_gap_mean": 0.11082736944444446,
  "test_gap_median": 0.09478919999999999,
  "test_gap_std": 0.0983763763648887,
  "test_satisfy_frac": 0.46111111111111114,
  "test_hinge_mean": 0.03189474555555556,
  "val_reloads": 0.0,
  "val_nonfinite": 0.0
}