{
  "test_gap_mean": 0.09747862222222221,
  "test_gap_median": 0.0678769,
  "test_gap_std": 0.10253508831401764,
  "test_satisfy_frac": 0.33055555555555555,
  "test_hinge_mean": 0.03847150777777778,
  "val_reloads": 0.0,
  "val_nonfinite": 0.0
}