{
  "test_gap_mean": 0.08941158833333333,
  "test_gap_median": 0.0630574,
  "test_gap_std": 0.10161810994135362,
  "test_satisfy_frac": 0.2722222222222222,
  "test_hinge_mean": 0.043112879722222226,
  "val_reloads": 0.0,
  "val_nonfinite": 0.0
}