{
  "test_gap_mean": 0.11599127055555555,
  "test_gap_median": 0.10689114999999999,
  "test_gap_std": 0.09299301088612114,
  "test_satisfy_frac": 0.5305555555555556,
  "test_hinge_mean": 0.028968183333333335,
  "val_reloads": 0.0,
  "val_nonfinite": 0.0
}