{
  "test_gap_mean": 0.10393461583333333,
  "test_gap_median": 0.07802465,
  "test_gap_std": 0.10156802293362834,
  "test_satisfy_frac": 0.40555555555555556,
  "test_hinge_mean": 0.035212656388888895,
  "val_reloads": 0.0,
  "val_nonfinite": 0.0
}