{
  "epoch": 47,
  "config": {
    "seed": 1,
    "gamma": 0.03,
    "margin": 0.1,
    "delta": 0.02,
    "input_vmin": 0.0,
    "input_vmax": 1.0,
    "rails": [
      0.0,
      0.45
    ],
    "solver": "klu",
    "body_tie": "floating",
    "body_res": 10.0,
    "rs_clamp": 10.0,
    "model_vto": 0.75,
    "vg_cutoff": 0.75,
    "vg_cutoff_epochs": 4,
    "vg_init": {
      "mode": "fixed",
      "lo": 1.0,
      "hi": 3.0,
      "fixed": 0.75
    },
    "epochs": 100,
    "device_include_path": "/home/ma-lab/Desktop/pyclln-final/device_model/nmos_lvl1_ald1106.lib",
    "device_subckt": "NMOSWRAP"
  },
  "train": {
    "acc": 0.9004871259568545,
    "hinge": 0.032614104940848994,
    "n_free": 1437,
    "n_clamp": 779,
    "hinge_active": 779,
    "hinge_active_frac": 0.5421016005567154,
    "skipped": 658,
    "reload_free": 0,
    "reload_clamp": 0,
    "nonfinite_free": 0,
    "nonfinite_clamp": 0
  },
  "val": {
    "acc": 0.9194444444444444,
    "hinge": 0.032753712777777784,
    "test_gap_mean": 0.11045527611111111,
    "test_gap_median": 0.09141850000000001,
    "test_gap_std": 0.10119407264753612,
    "test_satisfy_frac": 0.44722222222222224,
    "test_hinge_mean": 0.032753712777777784,
    "val_reloads": 0.0,
    "val_nonfinite": 0.0
  },
  "timing_s": {
    "epoch_total": 16.422431468963623,
    "train_free": 6.690077066421509,
    "train_clamp": 3.7261621952056885,
    "train_update": 0.59340500831604
  },
  "vg_stats": {
    "vg_unique_min": 0.7578561016901715,
    "vg_unique_max": 1.2362641571252502,
    "vg_unique_sat_lo": 0.0,
    "vg_unique_sat_hi": 0.0
  }
}