{
  "epoch": 37,
  "config": {
    "seed": 1,
    "gamma": 0.03,
    "margin": 0.1,
    "delta": 0.02,
    "input_vmin": 0.0,
    "input_vmax": 1.0,
    "rails": [
      0.0,
      0.45
    ],
    "solver": "klu",
    "body_tie": "floating",
    "body_res": 10.0,
    "rs_clamp": 10.0,
    "model_vto": 0.75,
    "vg_cutoff": 0.75,
    "vg_cutoff_epochs": 4,
    "vg_init": {
      "mode": "fixed",
      "lo": 1.0,
      "hi": 3.0,
      "fixed": 0.75
    },
    "epochs": 100,
    "device_include_path": "/home/ma-lab/Desktop/pyclln-final/device_model/nmos_lvl1_ald1106.lib",
    "device_subckt": "NMOSWRAP"
  },
  "train": {
    "acc": 0.9046624913013221,
    "hinge": 0.03507847557411274,
    "n_free": 1437,
    "n_clamp": 848,
    "hinge_active": 848,
    "hinge_active_frac": 0.5901183020180932,
    "skipped": 589,
    "reload_free": 0,
    "reload_clamp": 0,
    "nonfinite_free": 0,
    "nonfinite_clamp": 0
  },
  "val": {
    "acc": 0.9083333333333333,
    "hinge": 0.03546576777777777,
    "test_gap_mean": 0.10388736000000001,
    "test_gap_median": 0.07908875000000001,
    "test_gap_std": 0.10230734181422775,
    "test_satisfy_frac": 0.4027777777777778,
    "test_hinge_mean": 0.03546576777777778,
    "val_reloads": 0.0,
    "val_nonfinite": 0.0
  },
  "timing_s": {
    "epoch_total": 17.01887321472168,
    "train_free": 7.052629232406616,
    "train_clamp": 4.125267028808594,
    "train_update": 0.6574809551239014
  },
  "vg_stats": {
    "vg_unique_min": 0.7395745106596563,
    "vg_unique_max": 1.1733028616673786,
    "vg_unique_sat_lo": 0.0,
    "vg_unique_sat_hi": 0.0
  }
}