{
  "epoch": 6,
  "config": {
    "seed": 1,
    "gamma": 0.03,
    "margin": 0.1,
    "delta": 0.02,
    "input_vmin": 0.0,
    "input_vmax": 1.0,
    "rails": [
      0.0,
      0.45
    ],
    "solver": "klu",
    "body_tie": "floating",
    "body_res": 10.0,
    "rs_clamp": 10.0,
    "model_vto": 0.75,
    "vg_cutoff": 0.75,
    "vg_cutoff_epochs": 4,
    "vg_init": {
      "mode": "fixed",
      "lo": 1.0,
      "hi": 3.0,
      "fixed": 0.75
    },
    "epochs": 100,
    "device_include_path": "/home/ma-lab/Desktop/pyclln-final/device_model/nmos_lvl1_ald1106.lib",
    "device_subckt": "NMOSWRAP"
  },
  "train": {
    "acc": 0.8615170494084899,
    "hinge": 0.06571812830897698,
    "n_free": 1437,
    "n_clamp": 1328,
    "hinge_active": 1328,
    "hinge_active_frac": 0.9241475295755045,
    "skipped": 109,
    "reload_free": 0,
    "reload_clamp": 0,
    "nonfinite_free": 0,
    "nonfinite_clamp": 0
  },
  "val": {
    "acc": 0.8833333333333333,
    "hinge": 0.06508304000000006,
    "test_gap_mean": 0.04380808388888889,
    "test_gap_median": 0.029526600000000014,
    "test_gap_std": 0.06255143200949356,
    "test_satisfy_frac": 0.058333333333333334,
    "test_hinge_mean": 0.06508304000000001,
    "val_reloads": 0.0,
    "val_nonfinite": 0.0
  },
  "timing_s": {
    "epoch_total": 24.56494975090027,
    "train_free": 8.541770458221436,
    "train_clamp": 7.947924852371216,
    "train_update": 1.3300025463104248
  },
  "vg_stats": {
    "vg_unique_min": 0.7204197045199008,
    "vg_unique_max": 0.905783788721079,
    "vg_unique_sat_lo": 0.0,
    "vg_unique_sat_hi": 0.0
  }
}