{
  "epoch": 45,
  "config": {
    "seed": 1,
    "gamma": 0.03,
    "margin": 0.1,
    "delta": 0.02,
    "input_vmin": 0.0,
    "input_vmax": 1.0,
    "rails": [
      0.0,
      0.45
    ],
    "solver": "klu",
    "body_tie": "floating",
    "body_res": 10.0,
    "rs_clamp": 10.0,
    "model_vto": 0.75,
    "vg_cutoff": 0.75,
    "vg_cutoff_epochs": 4,
    "vg_init": {
      "mode": "fixed",
      "lo": 1.0,
      "hi": 3.0,
      "fixed": 0.75
    },
    "epochs": 100,
    "device_include_path": "/home/ma-lab/Desktop/pyclln-final/device_model/nmos_lvl1_ald1106.lib",
    "device_subckt": "NMOSWRAP"
  },
  "train": {
    "acc": 0.9032707028531664,
    "hinge": 0.03289811440501043,
    "n_free": 1437,
    "n_clamp": 789,
    "hinge_active": 789,
    "hinge_active_frac": 0.5490605427974948,
    "skipped": 648,
    "reload_free": 0,
    "reload_clamp": 0,
    "nonfinite_free": 0,
    "nonfinite_clamp": 0
  },
  "val": {
    "acc": 0.9111111111111111,
    "hinge": 0.03341833944444447,
    "test_gap_mean": 0.10981923972222221,
    "test_gap_median": 0.08745485,
    "test_gap_std": 0.10206290095199275,
    "test_satisfy_frac": 0.4444444444444444,
    "test_hinge_mean": 0.033418339444444445,
    "val_reloads": 0.0,
    "val_nonfinite": 0.0
  },
  "timing_s": {
    "epoch_total": 16.656494617462158,
    "train_free": 6.965595245361328,
    "train_clamp": 3.7436022758483887,
    "train_update": 0.6543712615966797
  },
  "vg_stats": {
    "vg_unique_min": 0.7354811676218175,
    "vg_unique_max": 1.224216759228714,
    "vg_unique_sat_lo": 0.0,
    "vg_unique_sat_hi": 0.0
  }
}