{
  "epoch": 61,
  "config": {
    "seed": 1,
    "gamma": 0.03,
    "margin": 0.1,
    "delta": 0.02,
    "input_vmin": 0.0,
    "input_vmax": 1.0,
    "rails": [
      0.0,
      0.45
    ],
    "solver": "klu",
    "body_tie": "floating",
    "body_res": 10.0,
    "rs_clamp": 10.0,
    "model_vto": 0.75,
    "vg_cutoff": 0.75,
    "vg_cutoff_epochs": 4,
    "vg_init": {
      "mode": "fixed",
      "lo": 1.0,
      "hi": 3.0,
      "fixed": 0.75
    },
    "epochs": 100,
    "device_include_path": "/home/ma-lab/Desktop/pyclln-final/device_model/nmos_lvl1_ald1106.lib",
    "device_subckt": "NMOSWRAP"
  },
  "train": {
    "acc": 0.9088378566457899,
    "hinge": 0.030056205358385542,
    "n_free": 1437,
    "n_clamp": 710,
    "hinge_active": 710,
    "hinge_active_frac": 0.4940848990953375,
    "skipped": 727,
    "reload_free": 0,
    "reload_clamp": 0,
    "nonfinite_free": 0,
    "nonfinite_clamp": 0
  },
  "val": {
    "acc": 0.9222222222222223,
    "hinge": 0.031439913611111134,
    "test_gap_mean": 0.11335708527777777,
    "test_gap_median": 0.09646045,
    "test_gap_std": 0.09894806204570787,
    "test_satisfy_frac": 0.48055555555555557,
    "test_hinge_mean": 0.03143991361111111,
    "val_reloads": 0.0,
    "val_nonfinite": 0.0
  },
  "timing_s": {
    "epoch_total": 14.12940239906311,
    "train_free": 6.0621044635772705,
    "train_clamp": 2.9861674308776855,
    "train_update": 0.6165437698364258
  },
  "vg_stats": {
    "vg_unique_min": 0.7586001506396279,
    "vg_unique_max": 1.3088313695748068,
    "vg_unique_sat_lo": 0.0,
    "vg_unique_sat_hi": 0.0
  }
}