{
  "epoch": 19,
  "config": {
    "seed": 1,
    "gamma": 0.03,
    "margin": 0.1,
    "delta": 0.02,
    "input_vmin": 0.0,
    "input_vmax": 1.0,
    "rails": [
      0.0,
      0.45
    ],
    "solver": "klu",
    "body_tie": "floating",
    "body_res": 10.0,
    "rs_clamp": 10.0,
    "model_vto": 0.75,
    "vg_cutoff": 0.75,
    "vg_cutoff_epochs": 4,
    "vg_init": {
      "mode": "fixed",
      "lo": 1.0,
      "hi": 3.0,
      "fixed": 0.75
    },
    "epochs": 100,
    "device_include_path": "/home/ma-lab/Desktop/pyclln-final/device_model/nmos_lvl1_ald1106.lib",
    "device_subckt": "NMOSWRAP"
  },
  "train": {
    "acc": 0.8893528183716075,
    "hinge": 0.04410064251913706,
    "n_free": 1437,
    "n_clamp": 1030,
    "hinge_active": 1030,
    "hinge_active_frac": 0.7167710508002784,
    "skipped": 407,
    "reload_free": 0,
    "reload_clamp": 0,
    "nonfinite_free": 0,
    "nonfinite_clamp": 0
  },
  "val": {
    "acc": 0.8916666666666667,
    "hinge": 0.04545622888888887,
    "test_gap_mean": 0.08739300333333334,
    "test_gap_median": 0.06004704999999999,
    "test_gap_std": 0.10485135574575319,
    "test_satisfy_frac": 0.25277777777777777,
    "test_hinge_mean": 0.045456228888888894,
    "val_reloads": 0.0,
    "val_nonfinite": 0.0
  },
  "timing_s": {
    "epoch_total": 20.034148454666138,
    "train_free": 7.588438034057617,
    "train_clamp": 5.395914554595947,
    "train_update": 1.0174479484558105
  },
  "vg_stats": {
    "vg_unique_min": 0.742969423959259,
    "vg_unique_max": 1.04050858642864,
    "vg_unique_sat_lo": 0.0,
    "vg_unique_sat_hi": 0.0
  }
}