{
  "epoch": 8,
  "config": {
    "seed": 1,
    "gamma": 0.03,
    "margin": 0.1,
    "delta": 0.02,
    "input_vmin": 0.0,
    "input_vmax": 1.0,
    "rails": [
      0.0,
      0.45
    ],
    "solver": "klu",
    "body_tie": "floating",
    "body_res": 10.0,
    "rs_clamp": 10.0,
    "model_vto": 0.75,
    "vg_cutoff": 0.75,
    "vg_cutoff_epochs": 4,
    "vg_init": {
      "mode": "fixed",
      "lo": 1.0,
      "hi": 3.0,
      "fixed": 0.75
    },
    "epochs": 100,
    "device_include_path": "/home/ma-lab/Desktop/pyclln-final/device_model/nmos_lvl1_ald1106.lib",
    "device_subckt": "NMOSWRAP"
  },
  "train": {
    "acc": 0.8684759916492694,
    "hinge": 0.059531571697981865,
    "n_free": 1437,
    "n_clamp": 1233,
    "hinge_active": 1233,
    "hinge_active_frac": 0.8580375782881002,
    "skipped": 204,
    "reload_free": 0,
    "reload_clamp": 0,
    "nonfinite_free": 0,
    "nonfinite_clamp": 0
  },
  "val": {
    "acc": 0.8666666666666667,
    "hinge": 0.05907619999999994,
    "test_gap_mean": 0.06700395805555556,
    "test_gap_median": 0.037953749999999994,
    "test_gap_std": 0.10402867511359996,
    "test_satisfy_frac": 0.13055555555555556,
    "test_hinge_mean": 0.059076199999999995,
    "val_reloads": 0.0,
    "val_nonfinite": 0.0
  },
  "timing_s": {
    "epoch_total": 24.248223304748535,
    "train_free": 8.720571994781494,
    "train_clamp": 7.535877704620361,
    "train_update": 1.128187656402588
  },
  "vg_stats": {
    "vg_unique_min": 0.7220778446143804,
    "vg_unique_max": 0.9453289624847954,
    "vg_unique_sat_lo": 0.0,
    "vg_unique_sat_hi": 0.0
  }
}