{
  "test_gap_mean": 0.10134730888888889,
  "test_gap_median": 0.0996679,
  "test_gap_std": 0.061191655558929296,
  "test_satisfy_frac": 0.8138888888888889,
  "test_hinge_mean": 0.006990869444444445,
  "val_reloads": 0.0,
  "val_nonfinite": 0.0
}