{
  "test_gap_mean": 0.10177552027777778,
  "test_gap_median": 0.10276295000000005,
  "test_gap_std": 0.06118369871144515,
  "test_satisfy_frac": 0.8305555555555556,
  "test_hinge_mean": 0.006723621666666668,
  "val_reloads": 0.0,
  "val_nonfinite": 0.0
}