{
  "test_gap_mean": 0.08406110027777777,
  "test_gap_median": 0.08894030000000003,
  "test_gap_std": 0.049472747528697555,
  "test_satisfy_frac": 0.7638888888888888,
  "test_hinge_mean": 0.007797270833333332,
  "val_reloads": 0.0,
  "val_nonfinite": 0.0
}