{
  "test_gap_mean": 0.10169754722222223,
  "test_gap_median": 0.10405824999999999,
  "test_gap_std": 0.060669541094333264,
  "test_satisfy_frac": 0.8305555555555556,
  "test_hinge_mean": 0.007052123888888888,
  "val_reloads": 0.0,
  "val_nonfinite": 0.0
}