{
  "test_gap_mean": 0.07262597055555556,
  "test_gap_median": 0.07712425,
  "test_gap_std": 0.042193344207440794,
  "test_satisfy_frac": 0.7194444444444444,
  "test_hinge_mean": 0.008500118611111112,
  "val_reloads": 0.0,
  "val_nonfinite": 0.0
}