{
  "test_gap_mean": 0.10231335861111111,
  "test_gap_median": 0.10486155,
  "test_gap_std": 0.05952590162807031,
  "test_satisfy_frac": 0.8277777777777777,
  "test_hinge_mean": 0.006622493333333332,
  "val_reloads": 0.0,
  "val_nonfinite": 0.0
}