{
  "test_gap_mean": 0.056130718888888896,
  "test_gap_median": 0.05914234999999998,
  "test_gap_std": 0.0344605616935018,
  "test_satisfy_frac": 0.6111111111111112,
  "test_hinge_mean": 0.011122661666666667,
  "val_reloads": 0.0,
  "val_nonfinite": 0.0
}