{
  "test_gap_mean": 0.10050756472222222,
  "test_gap_median": 0.10174845000000005,
  "test_gap_std": 0.060456001683787036,
  "test_satisfy_frac": 0.8111111111111111,
  "test_hinge_mean": 0.007043098611111111,
  "val_reloads": 0.0,
  "val_nonfinite": 0.0
}