{
  "epoch": 65,
  "config": {
    "seed": 2,
    "gamma": 3.0,
    "margin": 0.05,
    "delta": 0.02,
    "input_vmin": 0.0,
    "input_vmax": 1.0,
    "rails": [
      0.0,
      0.45
    ],
    "solver": "klu",
    "body_tie": "ground",
    "body_res": 10.0,
    "rs_clamp": 10.0,
    "model_vto": 0.75,
    "vg_cutoff": 0.75,
    "vg_cutoff_epochs": 4,
    "vg_init": {
      "mode": "fixed",
      "lo": 1.0,
      "hi": 3.0,
      "fixed": 2.0
    },
    "epochs": 100,
    "device_include_path": "/home/ma-lab/Desktop/pyclln-final/device_model/nmos_lvl1_ald1106.lib",
    "device_subckt": "NMOSWRAP"
  },
  "train": {
    "acc": 0.9826026443980515,
    "hinge": 0.003343576409185805,
    "n_free": 1437,
    "n_clamp": 198,
    "hinge_active": 198,
    "hinge_active_frac": 0.13778705636743216,
    "skipped": 1239,
    "reload_free": 0,
    "reload_clamp": 0,
    "nonfinite_free": 0,
    "nonfinite_clamp": 0
  },
  "val": {
    "acc": 0.95,
    "hinge": 0.007033313055555557,
    "test_gap_mean": 0.10157650333333333,
    "test_gap_median": 0.10315095000000002,
    "test_gap_std": 0.06127839141840195,
    "test_satisfy_frac": 0.8138888888888889,
    "test_hinge_mean": 0.007033313055555555,
    "val_reloads": 0.0,
    "val_nonfinite": 0.0
  },
  "timing_s": {
    "epoch_total": 21.166106700897217,
    "train_free": 12.805780410766602,
    "train_clamp": 1.756267786026001,
    "train_update": 0.2130727767944336
  },
  "vg_stats": {
    "vg_unique_min": 0.6559932633063805,
    "vg_unique_max": 7.607179916217752,
    "vg_unique_sat_lo": 0.0,
    "vg_unique_sat_hi": 0.0
  }
}