{
  "epoch": 48,
  "config": {
    "seed": 2,
    "gamma": 3.0,
    "margin": 0.05,
    "delta": 0.02,
    "input_vmin": 0.0,
    "input_vmax": 1.0,
    "rails": [
      0.0,
      0.45
    ],
    "solver": "klu",
    "body_tie": "ground",
    "body_res": 10.0,
    "rs_clamp": 10.0,
    "model_vto": 0.75,
    "vg_cutoff": 0.75,
    "vg_cutoff_epochs": 4,
    "vg_init": {
      "mode": "fixed",
      "lo": 1.0,
      "hi": 3.0,
      "fixed": 2.0
    },
    "epochs": 100,
    "device_include_path": "/home/ma-lab/Desktop/pyclln-final/device_model/nmos_lvl1_ald1106.lib",
    "device_subckt": "NMOSWRAP"
  },
  "train": {
    "acc": 0.9832985386221295,
    "hinge": 0.003423586012526097,
    "n_free": 1437,
    "n_clamp": 194,
    "hinge_active": 194,
    "hinge_active_frac": 0.1350034794711204,
    "skipped": 1243,
    "reload_free": 0,
    "reload_clamp": 0,
    "nonfinite_free": 0,
    "nonfinite_clamp": 0
  },
  "val": {
    "acc": 0.9611111111111111,
    "hinge": 0.006761151111111114,
    "test_gap_mean": 0.10105187666666667,
    "test_gap_median": 0.10275684999999998,
    "test_gap_std": 0.0597764014828809,
    "test_satisfy_frac": 0.8111111111111111,
    "test_hinge_mean": 0.00676115111111111,
    "val_reloads": 0.0,
    "val_nonfinite": 0.0
  },
  "timing_s": {
    "epoch_total": 22.0016450881958,
    "train_free": 13.324899435043335,
    "train_clamp": 1.8024218082427979,
    "train_update": 0.28020238876342773
  },
  "vg_stats": {
    "vg_unique_min": 0.6314191046965081,
    "vg_unique_max": 7.299147136051793,
    "vg_unique_sat_lo": 0.0,
    "vg_unique_sat_hi": 0.0
  }
}