{
  "epoch": 82,
  "config": {
    "seed": 2,
    "gamma": 3.0,
    "margin": 0.05,
    "delta": 0.02,
    "input_vmin": 0.0,
    "input_vmax": 1.0,
    "rails": [
      0.0,
      0.45
    ],
    "solver": "klu",
    "body_tie": "ground",
    "body_res": 10.0,
    "rs_clamp": 10.0,
    "model_vto": 0.75,
    "vg_cutoff": 0.75,
    "vg_cutoff_epochs": 4,
    "vg_init": {
      "mode": "fixed",
      "lo": 1.0,
      "hi": 3.0,
      "fixed": 2.0
    },
    "epochs": 100,
    "device_include_path": "/home/ma-lab/Desktop/pyclln-final/device_model/nmos_lvl1_ald1106.lib",
    "device_subckt": "NMOSWRAP"
  },
  "train": {
    "acc": 0.9819067501739736,
    "hinge": 0.0032289174669450234,
    "n_free": 1437,
    "n_clamp": 184,
    "hinge_active": 184,
    "hinge_active_frac": 0.12804453723034098,
    "skipped": 1253,
    "reload_free": 0,
    "reload_clamp": 0,
    "nonfinite_free": 0,
    "nonfinite_clamp": 0
  },
  "val": {
    "acc": 0.9472222222222222,
    "hinge": 0.006723621666666671,
    "test_gap_mean": 0.10177552027777778,
    "test_gap_median": 0.10276295000000005,
    "test_gap_std": 0.06118369871144515,
    "test_satisfy_frac": 0.8305555555555556,
    "test_hinge_mean": 0.006723621666666668,
    "val_reloads": 0.0,
    "val_nonfinite": 0.0
  },
  "timing_s": {
    "epoch_total": 22.763352870941162,
    "train_free": 13.297031879425049,
    "train_clamp": 1.7064402103424072,
    "train_update": 0.2329552173614502
  },
  "vg_stats": {
    "vg_unique_min": 0.6293558186542041,
    "vg_unique_max": 7.771997989449225,
    "vg_unique_sat_lo": 0.0,
    "vg_unique_sat_hi": 0.0
  }
}