{
  "epoch": 93,
  "config": {
    "seed": 2,
    "gamma": 3.0,
    "margin": 0.05,
    "delta": 0.02,
    "input_vmin": 0.0,
    "input_vmax": 1.0,
    "rails": [
      0.0,
      0.45
    ],
    "solver": "klu",
    "body_tie": "ground",
    "body_res": 10.0,
    "rs_clamp": 10.0,
    "model_vto": 0.75,
    "vg_cutoff": 0.75,
    "vg_cutoff_epochs": 4,
    "vg_init": {
      "mode": "fixed",
      "lo": 1.0,
      "hi": 3.0,
      "fixed": 2.0
    },
    "epochs": 100,
    "device_include_path": "/home/ma-lab/Desktop/pyclln-final/device_model/nmos_lvl1_ald1106.lib",
    "device_subckt": "NMOSWRAP"
  },
  "train": {
    "acc": 0.9819067501739736,
    "hinge": 0.0032601835073068925,
    "n_free": 1437,
    "n_clamp": 188,
    "hinge_active": 188,
    "hinge_active_frac": 0.13082811412665274,
    "skipped": 1249,
    "reload_free": 0,
    "reload_clamp": 0,
    "nonfinite_free": 0,
    "nonfinite_clamp": 0
  },
  "val": {
    "acc": 0.9472222222222222,
    "hinge": 0.006515752222222226,
    "test_gap_mean": 0.10261767638888888,
    "test_gap_median": 0.1055798,
    "test_gap_std": 0.06141439237455323,
    "test_satisfy_frac": 0.8194444444444444,
    "test_hinge_mean": 0.006515752222222224,
    "val_reloads": 0.0,
    "val_nonfinite": 0.0
  },
  "timing_s": {
    "epoch_total": 20.324795484542847,
    "train_free": 11.869593858718872,
    "train_clamp": 1.5372726917266846,
    "train_update": 0.2286849021911621
  },
  "vg_stats": {
    "vg_unique_min": 0.6033362533997542,
    "vg_unique_max": 7.937025301732652,
    "vg_unique_sat_lo": 0.0,
    "vg_unique_sat_hi": 0.0
  }
}