{
  "epoch": 88,
  "config": {
    "seed": 2,
    "gamma": 3.0,
    "margin": 0.05,
    "delta": 0.02,
    "input_vmin": 0.0,
    "input_vmax": 1.0,
    "rails": [
      0.0,
      0.45
    ],
    "solver": "klu",
    "body_tie": "ground",
    "body_res": 10.0,
    "rs_clamp": 10.0,
    "model_vto": 0.75,
    "vg_cutoff": 0.75,
    "vg_cutoff_epochs": 4,
    "vg_init": {
      "mode": "fixed",
      "lo": 1.0,
      "hi": 3.0,
      "fixed": 2.0
    },
    "epochs": 100,
    "device_include_path": "/home/ma-lab/Desktop/pyclln-final/device_model/nmos_lvl1_ald1106.lib",
    "device_subckt": "NMOSWRAP"
  },
  "train": {
    "acc": 0.9812108559498957,
    "hinge": 0.0032724723729993044,
    "n_free": 1437,
    "n_clamp": 185,
    "hinge_active": 185,
    "hinge_active_frac": 0.12874043145441894,
    "skipped": 1252,
    "reload_free": 0,
    "reload_clamp": 0,
    "nonfinite_free": 0,
    "nonfinite_clamp": 0
  },
  "val": {
    "acc": 0.9527777777777777,
    "hinge": 0.006763719166666666,
    "test_gap_mean": 0.10252554055555556,
    "test_gap_median": 0.10375665000000003,
    "test_gap_std": 0.06133539616116428,
    "test_satisfy_frac": 0.825,
    "test_hinge_mean": 0.006763719166666666,
    "val_reloads": 0.0,
    "val_nonfinite": 0.0
  },
  "timing_s": {
    "epoch_total": 20.363669872283936,
    "train_free": 11.668468236923218,
    "train_clamp": 1.5115234851837158,
    "train_update": 0.21767878532409668
  },
  "vg_stats": {
    "vg_unique_min": 0.6703760380659732,
    "vg_unique_max": 7.90263440505926,
    "vg_unique_sat_lo": 0.0,
    "vg_unique_sat_hi": 0.0
  }
}