{
  "epoch": 68,
  "config": {
    "seed": 2,
    "gamma": 3.0,
    "margin": 0.05,
    "delta": 0.02,
    "input_vmin": 0.0,
    "input_vmax": 1.0,
    "rails": [
      0.0,
      0.45
    ],
    "solver": "klu",
    "body_tie": "ground",
    "body_res": 10.0,
    "rs_clamp": 10.0,
    "model_vto": 0.75,
    "vg_cutoff": 0.75,
    "vg_cutoff_epochs": 4,
    "vg_init": {
      "mode": "fixed",
      "lo": 1.0,
      "hi": 3.0,
      "fixed": 2.0
    },
    "epochs": 100,
    "device_include_path": "/home/ma-lab/Desktop/pyclln-final/device_model/nmos_lvl1_ald1106.lib",
    "device_subckt": "NMOSWRAP"
  },
  "train": {
    "acc": 0.9812108559498957,
    "hinge": 0.003309530340988169,
    "n_free": 1437,
    "n_clamp": 178,
    "hinge_active": 178,
    "hinge_active_frac": 0.12386917188587335,
    "skipped": 1259,
    "reload_free": 0,
    "reload_clamp": 0,
    "nonfinite_free": 0,
    "nonfinite_clamp": 0
  },
  "val": {
    "acc": 0.9472222222222222,
    "hinge": 0.006922456111111115,
    "test_gap_mean": 0.10096362111111111,
    "test_gap_median": 0.1005248,
    "test_gap_std": 0.06027359648609137,
    "test_satisfy_frac": 0.8305555555555556,
    "test_hinge_mean": 0.006922456111111112,
    "val_reloads": 0.0,
    "val_nonfinite": 0.0
  },
  "timing_s": {
    "epoch_total": 19.727367639541626,
    "train_free": 11.878909587860107,
    "train_clamp": 1.4741246700286865,
    "train_update": 0.1864643096923828
  },
  "vg_stats": {
    "vg_unique_min": 0.6615161823887945,
    "vg_unique_max": 7.5564177612379835,
    "vg_unique_sat_lo": 0.0,
    "vg_unique_sat_hi": 0.0
  }
}