{
  "epoch": 66,
  "config": {
    "seed": 2,
    "gamma": 3.0,
    "margin": 0.05,
    "delta": 0.02,
    "input_vmin": 0.0,
    "input_vmax": 1.0,
    "rails": [
      0.0,
      0.45
    ],
    "solver": "klu",
    "body_tie": "ground",
    "body_res": 10.0,
    "rs_clamp": 10.0,
    "model_vto": 0.75,
    "vg_cutoff": 0.75,
    "vg_cutoff_epochs": 4,
    "vg_init": {
      "mode": "fixed",
      "lo": 1.0,
      "hi": 3.0,
      "fixed": 2.0
    },
    "epochs": 100,
    "device_include_path": "/home/ma-lab/Desktop/pyclln-final/device_model/nmos_lvl1_ald1106.lib",
    "device_subckt": "NMOSWRAP"
  },
  "train": {
    "acc": 0.9812108559498957,
    "hinge": 0.0033264037578288135,
    "n_free": 1437,
    "n_clamp": 183,
    "hinge_active": 183,
    "hinge_active_frac": 0.12734864300626306,
    "skipped": 1254,
    "reload_free": 0,
    "reload_clamp": 0,
    "nonfinite_free": 0,
    "nonfinite_clamp": 0
  },
  "val": {
    "acc": 0.9472222222222222,
    "hinge": 0.006931211944444444,
    "test_gap_mean": 0.10167648666666665,
    "test_gap_median": 0.1042112,
    "test_gap_std": 0.06011192487938127,
    "test_satisfy_frac": 0.8166666666666667,
    "test_hinge_mean": 0.006931211944444445,
    "val_reloads": 0.0,
    "val_nonfinite": 0.0
  },
  "timing_s": {
    "epoch_total": 23.067490100860596,
    "train_free": 13.562073945999146,
    "train_clamp": 1.7242321968078613,
    "train_update": 0.23832321166992188
  },
  "vg_stats": {
    "vg_unique_min": 0.6845444728946946,
    "vg_unique_max": 7.602176135329145,
    "vg_unique_sat_lo": 0.0,
    "vg_unique_sat_hi": 0.0
  }
}