{
  "epoch": 5,
  "config": {
    "seed": 2,
    "gamma": 3.0,
    "margin": 0.05,
    "delta": 0.02,
    "input_vmin": 0.0,
    "input_vmax": 1.0,
    "rails": [
      0.0,
      0.45
    ],
    "solver": "klu",
    "body_tie": "ground",
    "body_res": 10.0,
    "rs_clamp": 10.0,
    "model_vto": 0.75,
    "vg_cutoff": 0.75,
    "vg_cutoff_epochs": 4,
    "vg_init": {
      "mode": "fixed",
      "lo": 1.0,
      "hi": 3.0,
      "fixed": 2.0
    },
    "epochs": 100,
    "device_include_path": "/home/ma-lab/Desktop/pyclln-final/device_model/nmos_lvl1_ald1106.lib",
    "device_subckt": "NMOSWRAP"
  },
  "train": {
    "acc": 0.9547668754349339,
    "hinge": 0.008270808211551845,
    "n_free": 1437,
    "n_clamp": 457,
    "hinge_active": 457,
    "hinge_active_frac": 0.3180236604036186,
    "skipped": 980,
    "reload_free": 0,
    "reload_clamp": 0,
    "nonfinite_free": 0,
    "nonfinite_clamp": 0
  },
  "val": {
    "acc": 0.9444444444444444,
    "hinge": 0.009294724444444447,
    "test_gap_mean": 0.06597477305555556,
    "test_gap_median": 0.06963399999999997,
    "test_gap_std": 0.03865822645418899,
    "test_satisfy_frac": 0.6972222222222222,
    "test_hinge_mean": 0.009294724444444446,
    "val_reloads": 0.0,
    "val_nonfinite": 0.0
  },
  "timing_s": {
    "epoch_total": 58.515005350112915,
    "train_free": 32.451804637908936,
    "train_clamp": 10.2797212600708,
    "train_update": 1.2255167961120605
  },
  "vg_stats": {
    "vg_unique_min": 0.4,
    "vg_unique_max": 4.995756452649538,
    "vg_unique_sat_lo": 12.0,
    "vg_unique_sat_hi": 0.0
  }
}