{
  "epoch": 52,
  "config": {
    "seed": 2,
    "gamma": 3.0,
    "margin": 0.05,
    "delta": 0.02,
    "input_vmin": 0.0,
    "input_vmax": 1.0,
    "rails": [
      0.0,
      0.45
    ],
    "solver": "klu",
    "body_tie": "ground",
    "body_res": 10.0,
    "rs_clamp": 10.0,
    "model_vto": 0.75,
    "vg_cutoff": 0.75,
    "vg_cutoff_epochs": 4,
    "vg_init": {
      "mode": "fixed",
      "lo": 1.0,
      "hi": 3.0,
      "fixed": 2.0
    },
    "epochs": 100,
    "device_include_path": "/home/ma-lab/Desktop/pyclln-final/device_model/nmos_lvl1_ald1106.lib",
    "device_subckt": "NMOSWRAP"
  },
  "train": {
    "acc": 0.9812108559498957,
    "hinge": 0.0034118279053583864,
    "n_free": 1437,
    "n_clamp": 180,
    "hinge_active": 180,
    "hinge_active_frac": 0.12526096033402923,
    "skipped": 1257,
    "reload_free": 0,
    "reload_clamp": 0,
    "nonfinite_free": 0,
    "nonfinite_clamp": 0
  },
  "val": {
    "acc": 0.9527777777777777,
    "hinge": 0.0067129752777777794,
    "test_gap_mean": 0.1009516952777778,
    "test_gap_median": 0.10290454999999996,
    "test_gap_std": 0.059621957030816304,
    "test_satisfy_frac": 0.8138888888888889,
    "test_hinge_mean": 0.006712975277777779,
    "val_reloads": 0.0,
    "val_nonfinite": 0.0
  },
  "timing_s": {
    "epoch_total": 25.194546699523926,
    "train_free": 14.83025050163269,
    "train_clamp": 1.8650281429290771,
    "train_update": 0.24689936637878418
  },
  "vg_stats": {
    "vg_unique_min": 0.6471360258217809,
    "vg_unique_max": 7.4111722008218015,
    "vg_unique_sat_lo": 0.0,
    "vg_unique_sat_hi": 0.0
  }
}