{
  "test_gap_mean": 0.0007591588888888885,
  "test_gap_median": 0.0007904499999999981,
  "test_gap_std": 0.000575473393804217,
  "test_satisfy_frac": 0.0,
  "test_hinge_mean": 0.04924084111111111,
  "val_reloads": 0.0,
  "val_nonfinite": 0.0
}