{
  "test_gap_mean": 0.021801227499999996,
  "test_gap_median": 0.021248449999999988,
  "test_gap_std": 0.016187488929118286,
  "test_satisfy_frac": 0.025,
  "test_hinge_mean": 0.028297937222222222,
  "val_reloads": 0.0,
  "val_nonfinite": 0.0
}