{
  "test_gap_mean": 0.0028189516666666655,
  "test_gap_median": 0.0027288000000000034,
  "test_gap_std": 0.002114861761701774,
  "test_satisfy_frac": 0.0,
  "test_hinge_mean": 0.04718104833333333,
  "val_reloads": 0.0,
  "val_nonfinite": 0.0
}