{
  "test_gap_mean": 0.0064805930555555565,
  "test_gap_median": 0.0061914000000000136,
  "test_gap_std": 0.00489103145319535,
  "test_satisfy_frac": 0.0,
  "test_hinge_mean": 0.04351940694444444,
  "val_reloads": 0.0,
  "val_nonfinite": 0.0
}