{
  "test_gap_mean": 0.001036338611111112,
  "test_gap_median": 0.0010251999999999761,
  "test_gap_std": 0.0007850770694179329,
  "test_satisfy_frac": 0.0,
  "test_hinge_mean": 0.048963661388888885,
  "val_reloads": 0.0,
  "val_nonfinite": 0.0
}