{
  "test_gap_mean": 0.022085978055555552,
  "test_gap_median": 0.02159155,
  "test_gap_std": 0.016345975984269765,
  "test_satisfy_frac": 0.025,
  "test_hinge_mean": 0.028025254722222226,
  "val_reloads": 0.0,
  "val_nonfinite": 0.0
}