{
  "test_gap_mean": 0.008357446666666666,
  "test_gap_median": 0.007923399999999997,
  "test_gap_std": 0.006350650796706673,
  "test_satisfy_frac": 0.0,
  "test_hinge_mean": 0.04164255333333333,
  "val_reloads": 0.0,
  "val_nonfinite": 0.0
}