{
  "test_gap_mean": 0.003079215277777778,
  "test_gap_median": 0.0029452499999999826,
  "test_gap_std": 0.002312337859856923,
  "test_satisfy_frac": 0.0,
  "test_hinge_mean": 0.04692078472222222,
  "val_reloads": 0.0,
  "val_nonfinite": 0.0
}