{
  "epoch": 39,
  "config": {
    "seed": 1,
    "gamma": 0.03,
    "margin": 0.05,
    "delta": 0.05,
    "input_vmin": 0.0,
    "input_vmax": 1.0,
    "rails": [
      0.0,
      0.45
    ],
    "solver": "klu",
    "body_tie": "ground",
    "body_res": 10.0,
    "rs_clamp": 10.0,
    "model_vto": 0.75,
    "vg_cutoff": 0.75,
    "vg_cutoff_epochs": 4,
    "vg_init": {
      "mode": "fixed",
      "lo": 1.0,
      "hi": 3.0,
      "fixed": 4.0
    },
    "epochs": 100,
    "device_include_path": "/home/ma-lab/Desktop/pyclln-final/device_model/nmos_lvl1_ald1106.lib",
    "device_subckt": "NMOSWRAP"
  },
  "train": {
    "acc": 0.894919972164231,
    "hinge": 0.03958066151704935,
    "n_free": 1437,
    "n_clamp": 1437,
    "hinge_active": 1437,
    "hinge_active_frac": 1.0,
    "skipped": 0,
    "reload_free": 0,
    "reload_clamp": 0,
    "nonfinite_free": 0,
    "nonfinite_clamp": 0
  },
  "val": {
    "acc": 0.9083333333333333,
    "hinge": 0.039720114999999986,
    "test_gap_mean": 0.010279884999999997,
    "test_gap_median": 0.009855300000000011,
    "test_gap_std": 0.007791538754140611,
    "test_satisfy_frac": 0.0,
    "test_hinge_mean": 0.039720115,
    "val_reloads": 0.0,
    "val_nonfinite": 0.0
  },
  "timing_s": {
    "epoch_total": 79.912677526474,
    "train_free": 29.424975395202637,
    "train_clamp": 30.3905029296875,
    "train_update": 3.4014031887054443
  },
  "vg_stats": {
    "vg_unique_min": 2.713343286848868,
    "vg_unique_max": 5.040448979409359,
    "vg_unique_sat_lo": 0.0,
    "vg_unique_sat_hi": 0.0
  }
}