{
  "epoch": 78,
  "config": {
    "seed": 1,
    "gamma": 0.03,
    "margin": 0.05,
    "delta": 0.05,
    "input_vmin": 0.0,
    "input_vmax": 1.0,
    "rails": [
      0.0,
      0.45
    ],
    "solver": "klu",
    "body_tie": "ground",
    "body_res": 10.0,
    "rs_clamp": 10.0,
    "model_vto": 0.75,
    "vg_cutoff": 0.75,
    "vg_cutoff_epochs": 4,
    "vg_init": {
      "mode": "fixed",
      "lo": 1.0,
      "hi": 3.0,
      "fixed": 4.0
    },
    "epochs": 100,
    "device_include_path": "/home/ma-lab/Desktop/pyclln-final/device_model/nmos_lvl1_ald1106.lib",
    "device_subckt": "NMOSWRAP"
  },
  "train": {
    "acc": 0.9011830201809325,
    "hinge": 0.027933844119693817,
    "n_free": 1437,
    "n_clamp": 1355,
    "hinge_active": 1355,
    "hinge_active_frac": 0.942936673625609,
    "skipped": 82,
    "reload_free": 0,
    "reload_clamp": 0,
    "nonfinite_free": 0,
    "nonfinite_clamp": 0
  },
  "val": {
    "acc": 0.9083333333333333,
    "hinge": 0.028297937222222236,
    "test_gap_mean": 0.021801227499999996,
    "test_gap_median": 0.021248449999999988,
    "test_gap_std": 0.016187488929118286,
    "test_satisfy_frac": 0.025,
    "test_hinge_mean": 0.028297937222222222,
    "val_reloads": 0.0,
    "val_nonfinite": 0.0
  },
  "timing_s": {
    "epoch_total": 76.2899603843689,
    "train_free": 28.95758843421936,
    "train_clamp": 26.976680278778076,
    "train_update": 3.167348623275757
  },
  "vg_stats": {
    "vg_unique_min": 1.4908728057689629,
    "vg_unique_max": 6.036032724682457,
    "vg_unique_sat_lo": 0.0,
    "vg_unique_sat_hi": 0.0
  }
}