{
  "epoch": 83,
  "config": {
    "seed": 1,
    "gamma": 0.03,
    "margin": 0.05,
    "delta": 0.05,
    "input_vmin": 0.0,
    "input_vmax": 1.0,
    "rails": [
      0.0,
      0.45
    ],
    "solver": "klu",
    "body_tie": "ground",
    "body_res": 10.0,
    "rs_clamp": 10.0,
    "model_vto": 0.75,
    "vg_cutoff": 0.75,
    "vg_cutoff_epochs": 4,
    "vg_init": {
      "mode": "fixed",
      "lo": 1.0,
      "hi": 3.0,
      "fixed": 4.0
    },
    "epochs": 100,
    "device_include_path": "/home/ma-lab/Desktop/pyclln-final/device_model/nmos_lvl1_ald1106.lib",
    "device_subckt": "NMOSWRAP"
  },
  "train": {
    "acc": 0.906054279749478,
    "hinge": 0.026681787195546324,
    "n_free": 1437,
    "n_clamp": 1318,
    "hinge_active": 1318,
    "hinge_active_frac": 0.9171885873347251,
    "skipped": 119,
    "reload_free": 0,
    "reload_clamp": 0,
    "nonfinite_free": 0,
    "nonfinite_clamp": 0
  },
  "val": {
    "acc": 0.9138888888888889,
    "hinge": 0.02698687416666667,
    "test_gap_mean": 0.02318839888888889,
    "test_gap_median": 0.022885199999999994,
    "test_gap_std": 0.01693209013262322,
    "test_satisfy_frac": 0.03888888888888889,
    "test_hinge_mean": 0.02698687416666666,
    "val_reloads": 0.0,
    "val_nonfinite": 0.0
  },
  "timing_s": {
    "epoch_total": 70.39761686325073,
    "train_free": 27.699580907821655,
    "train_clamp": 25.160494089126587,
    "train_update": 2.8449089527130127
  },
  "vg_stats": {
    "vg_unique_min": 1.3885345254231458,
    "vg_unique_max": 6.120478401719276,
    "vg_unique_sat_lo": 0.0,
    "vg_unique_sat_hi": 0.0
  }
}