{
  "epoch": 6,
  "config": {
    "seed": 1,
    "gamma": 0.03,
    "margin": 0.05,
    "delta": 0.05,
    "input_vmin": 0.0,
    "input_vmax": 1.0,
    "rails": [
      0.0,
      0.45
    ],
    "solver": "klu",
    "body_tie": "ground",
    "body_res": 10.0,
    "rs_clamp": 10.0,
    "model_vto": 0.75,
    "vg_cutoff": 0.75,
    "vg_cutoff_epochs": 4,
    "vg_init": {
      "mode": "fixed",
      "lo": 1.0,
      "hi": 3.0,
      "fixed": 4.0
    },
    "epochs": 100,
    "device_include_path": "/home/ma-lab/Desktop/pyclln-final/device_model/nmos_lvl1_ald1106.lib",
    "device_subckt": "NMOSWRAP"
  },
  "train": {
    "acc": 0.9039665970772442,
    "hinge": 0.0485561617954071,
    "n_free": 1437,
    "n_clamp": 1437,
    "hinge_active": 1437,
    "hinge_active_frac": 1.0,
    "skipped": 0,
    "reload_free": 0,
    "reload_clamp": 0,
    "nonfinite_free": 0,
    "nonfinite_clamp": 0
  },
  "val": {
    "acc": 0.9055555555555556,
    "hinge": 0.048456383333333373,
    "test_gap_mean": 0.0015436166666666664,
    "test_gap_median": 0.0014415500000000137,
    "test_gap_std": 0.0011752830167429664,
    "test_satisfy_frac": 0.0,
    "test_hinge_mean": 0.04845638333333333,
    "val_reloads": 0.0,
    "val_nonfinite": 0.0
  },
  "timing_s": {
    "epoch_total": 82.30129432678223,
    "train_free": 29.79630398750305,
    "train_clamp": 30.777647733688354,
    "train_update": 3.6038835048675537
  },
  "vg_stats": {
    "vg_unique_min": 3.7999064052130946,
    "vg_unique_max": 4.161339874655704,
    "vg_unique_sat_lo": 0.0,
    "vg_unique_sat_hi": 0.0
  }
}