{
  "epoch": 81,
  "config": {
    "seed": 1,
    "gamma": 0.03,
    "margin": 0.05,
    "delta": 0.05,
    "input_vmin": 0.0,
    "input_vmax": 1.0,
    "rails": [
      0.0,
      0.45
    ],
    "solver": "klu",
    "body_tie": "ground",
    "body_res": 10.0,
    "rs_clamp": 10.0,
    "model_vto": 0.75,
    "vg_cutoff": 0.75,
    "vg_cutoff_epochs": 4,
    "vg_init": {
      "mode": "fixed",
      "lo": 1.0,
      "hi": 3.0,
      "fixed": 4.0
    },
    "epochs": 100,
    "device_include_path": "/home/ma-lab/Desktop/pyclln-final/device_model/nmos_lvl1_ald1106.lib",
    "device_subckt": "NMOSWRAP"
  },
  "train": {
    "acc": 0.9039665970772442,
    "hinge": 0.02716769074460684,
    "n_free": 1437,
    "n_clamp": 1330,
    "hinge_active": 1330,
    "hinge_active_frac": 0.9255393180236604,
    "skipped": 107,
    "reload_free": 0,
    "reload_clamp": 0,
    "nonfinite_free": 0,
    "nonfinite_clamp": 0
  },
  "val": {
    "acc": 0.9138888888888889,
    "hinge": 0.02750473250000002,
    "test_gap_mean": 0.022632943333333336,
    "test_gap_median": 0.022222299999999973,
    "test_gap_std": 0.016641284068079337,
    "test_satisfy_frac": 0.03611111111111111,
    "test_hinge_mean": 0.027504732499999997,
    "val_reloads": 0.0,
    "val_nonfinite": 0.0
  },
  "timing_s": {
    "epoch_total": 78.4386396408081,
    "train_free": 29.803436279296875,
    "train_clamp": 27.409826040267944,
    "train_update": 3.8189046382904053
  },
  "vg_stats": {
    "vg_unique_min": 1.4269798076067215,
    "vg_unique_max": 6.086884398957813,
    "vg_unique_sat_lo": 0.0,
    "vg_unique_sat_hi": 0.0
  }
}