{
  "test_gap_mean": 0.09067491361111112,
  "test_gap_median": 0.09000159999999999,
  "test_gap_std": 0.0631229332024684,
  "test_satisfy_frac": 0.8805555555555555,
  "test_hinge_mean": 0.003326797777777779,
  "val_reloads": 0.0,
  "val_nonfinite": 0.0
}