{
  "test_gap_mean": 0.08597943222222224,
  "test_gap_median": 0.08444610000000002,
  "test_gap_std": 0.056498924021646114,
  "test_satisfy_frac": 0.8888888888888888,
  "test_hinge_mean": 0.0029481300000000006,
  "val_reloads": 0.0,
  "val_nonfinite": 0.0
}