{
  "test_gap_mean": 0.05379833861111112,
  "test_gap_median": 0.06020989999999998,
  "test_gap_std": 0.03574382881625525,
  "test_satisfy_frac": 0.8416666666666667,
  "test_hinge_mean": 0.004089204444444445,
  "val_reloads": 0.0,
  "val_nonfinite": 0.0
}