{
  "test_gap_mean": 0.09145492333333333,
  "test_gap_median": 0.09020910000000001,
  "test_gap_std": 0.05991146891996704,
  "test_satisfy_frac": 0.8916666666666667,
  "test_hinge_mean": 0.0036887413888888883,
  "val_reloads": 0.0,
  "val_nonfinite": 0.0
}