{
  "test_gap_mean": 0.08583979777777777,
  "test_gap_median": 0.0881905,
  "test_gap_std": 0.06271521935154793,
  "test_satisfy_frac": 0.8305555555555556,
  "test_hinge_mean": 0.004387275277777778,
  "val_reloads": 0.0,
  "val_nonfinite": 0.0
}