{
  "test_gap_mean": 0.08975257805555555,
  "test_gap_median": 0.0890158,
  "test_gap_std": 0.0623104633494924,
  "test_satisfy_frac": 0.8722222222222222,
  "test_hinge_mean": 0.0039259202777777785,
  "val_reloads": 0.0,
  "val_nonfinite": 0.0
}