{
  "test_gap_mean": 0.0913993311111111,
  "test_gap_median": 0.09298854999999998,
  "test_gap_std": 0.058118214159537974,
  "test_satisfy_frac": 0.8861111111111111,
  "test_hinge_mean": 0.003503081111111111,
  "val_reloads": 0.0,
  "val_nonfinite": 0.0
}