{
  "test_gap_mean": 0.09055639861111112,
  "test_gap_median": 0.09273859999999995,
  "test_gap_std": 0.05994454526987907,
  "test_satisfy_frac": 0.8805555555555555,
  "test_hinge_mean": 0.0037372927777777768,
  "val_reloads": 0.0,
  "val_nonfinite": 0.0
}