{
  "epoch": 39,
  "config": {
    "seed": 1,
    "gamma": 3.0,
    "margin": 0.02,
    "delta": 0.1,
    "input_vmin": 0.0,
    "input_vmax": 1.0,
    "rails": [
      0.0,
      0.45
    ],
    "solver": "klu",
    "body_tie": "floating",
    "body_res": 10.0,
    "rs_clamp": 10.0,
    "model_vto": 0.75,
    "vg_cutoff": 0.75,
    "vg_cutoff_epochs": 4,
    "vg_init": {
      "mode": "random",
      "lo": 1.5,
      "hi": 2.5,
      "fixed": 2.0
    },
    "epochs": 100,
    "device_include_path": "/home/ma-lab/Desktop/pyclln-final/device_model/nmos_lvl1_ald1106.lib",
    "device_subckt": "NMOSWRAP"
  },
  "train": {
    "acc": 0.9610299234516354,
    "hinge": 0.0020495717466945014,
    "n_free": 1437,
    "n_clamp": 122,
    "hinge_active": 122,
    "hinge_active_frac": 0.0848990953375087,
    "skipped": 1315,
    "reload_free": 0,
    "reload_clamp": 0,
    "nonfinite_free": 0,
    "nonfinite_clamp": 0
  },
  "val": {
    "acc": 0.95,
    "hinge": 0.0032749047222222234,
    "test_gap_mean": 0.08936971666666665,
    "test_gap_median": 0.09220764999999997,
    "test_gap_std": 0.0597267970741242,
    "test_satisfy_frac": 0.8722222222222222,
    "test_hinge_mean": 0.0032749047222222234,
    "val_reloads": 0.0,
    "val_nonfinite": 0.0
  },
  "timing_s": {
    "epoch_total": 26.079604625701904,
    "train_free": 16.40666675567627,
    "train_clamp": 1.3892781734466553,
    "train_update": 0.20452332496643066
  },
  "vg_stats": {
    "vg_unique_min": 0.4582738223596605,
    "vg_unique_max": 6.357686482278388,
    "vg_unique_sat_lo": 0.0,
    "vg_unique_sat_hi": 0.0
  }
}