{
  "test_gap_mean": 0.06671088,
  "test_gap_median": 0.06642805000000002,
  "test_gap_std": 0.04024706019804207,
  "test_satisfy_frac": 0.8916666666666667,
  "test_hinge_mean": 0.002575034166666667,
  "val_reloads": 0.0,
  "val_nonfinite": 0.0
}