{
  "test_gap_mean": 0.0822679925,
  "test_gap_median": 0.07928634999999998,
  "test_gap_std": 0.051511217689975866,
  "test_satisfy_frac": 0.8861111111111111,
  "test_hinge_mean": 0.002567334722222221,
  "val_reloads": 0.0,
  "val_nonfinite": 0.0
}