{
  "test_gap_mean": 0.05895863055555555,
  "test_gap_median": 0.06133585,
  "test_gap_std": 0.03827433293055776,
  "test_satisfy_frac": 0.85,
  "test_hinge_mean": 0.0032598519444444456,
  "val_reloads": 0.0,
  "val_nonfinite": 0.0
}