{
  "test_gap_mean": 0.08335185972222223,
  "test_gap_median": 0.08001030000000003,
  "test_gap_std": 0.05250897808727745,
  "test_satisfy_frac": 0.8944444444444445,
  "test_hinge_mean": 0.0025489994444444436,
  "val_reloads": 0.0,
  "val_nonfinite": 0.0
}