{
  "test_gap_mean": 0.04304341861111111,
  "test_gap_median": 0.0455237,
  "test_gap_std": 0.027362997660581978,
  "test_satisfy_frac": 0.8111111111111111,
  "test_hinge_mean": 0.0033739708333333333,
  "val_reloads": 0.0,
  "val_nonfinite": 0.0
}