{
  "test_gap_mean": 0.03648149666666667,
  "test_gap_median": 0.03964229999999999,
  "test_gap_std": 0.028802787722241208,
  "test_satisfy_frac": 0.7444444444444445,
  "test_hinge_mean": 0.005658436111111112,
  "val_reloads": 0.0,
  "val_nonfinite": 0.0
}