{
  "test_gap_mean": 0.08121214166666667,
  "test_gap_median": 0.0835949,
  "test_gap_std": 0.04781113783951029,
  "test_satisfy_frac": 0.9,
  "test_hinge_mean": 0.0026163133333333335,
  "val_reloads": 0.0,
  "val_nonfinite": 0.0
}