{
  "test_gap_mean": 0.08242594194444444,
  "test_gap_median": 0.0843421,
  "test_gap_std": 0.05090860980743327,
  "test_satisfy_frac": 0.875,
  "test_hinge_mean": 0.002762408333333333,
  "val_reloads": 0.0,
  "val_nonfinite": 0.0
}