{
  "test_gap_mean": 0.08299595222222221,
  "test_gap_median": 0.08062550000000002,
  "test_gap_std": 0.051753988153015754,
  "test_satisfy_frac": 0.8916666666666667,
  "test_hinge_mean": 0.0025279880555555555,
  "val_reloads": 0.0,
  "val_nonfinite": 0.0
}