{
  "test_gap_mean": 0.08029805833333334,
  "test_gap_median": 0.08060170000000003,
  "test_gap_std": 0.04914916214870285,
  "test_satisfy_frac": 0.8722222222222222,
  "test_hinge_mean": 0.002477340555555556,
  "val_reloads": 0.0,
  "val_nonfinite": 0.0
}