{
  "test_gap_mean": 0.08021515555555556,
  "test_gap_median": 0.07956765000000002,
  "test_gap_std": 0.050322993407850104,
  "test_satisfy_frac": 0.8833333333333333,
  "test_hinge_mean": 0.002575886944444445,
  "val_reloads": 0.0,
  "val_nonfinite": 0.0
}