{
  "test_gap_mean": 0.07434533,
  "test_gap_median": 0.07431995000000002,
  "test_gap_std": 0.04448139960188028,
  "test_satisfy_frac": 0.875,
  "test_hinge_mean": 0.0027001152777777777,
  "val_reloads": 0.0,
  "val_nonfinite": 0.0
}