{
  "epoch": 93,
  "config": {
    "seed": 2,
    "gamma": 3.0,
    "margin": 0.02,
    "delta": 0.05,
    "input_vmin": 0.0,
    "input_vmax": 1.0,
    "rails": [
      0.0,
      0.45
    ],
    "solver": "klu",
    "body_tie": "ground",
    "body_res": 10.0,
    "rs_clamp": 10.0,
    "model_vto": 0.75,
    "vg_cutoff": 0.75,
    "vg_cutoff_epochs": 4,
    "vg_init": {
      "mode": "random",
      "lo": 0.75,
      "hi": 3.0,
      "fixed": 2.0
    },
    "epochs": 100,
    "device_include_path": "/home/ma-lab/Desktop/pyclln-final/device_model/nmos_lvl1_ald1106.lib",
    "device_subckt": "NMOSWRAP"
  },
  "train": {
    "acc": 0.9909533750869868,
    "hinge": 0.0006828707724425892,
    "n_free": 1437,
    "n_clamp": 73,
    "hinge_active": 73,
    "hinge_active_frac": 0.05080027835768963,
    "skipped": 1364,
    "reload_free": 0,
    "reload_clamp": 0,
    "nonfinite_free": 0,
    "nonfinite_clamp": 0
  },
  "val": {
    "acc": 0.9416666666666667,
    "hinge": 0.003109781944444445,
    "test_gap_mean": 0.0830102336111111,
    "test_gap_median": 0.08415059999999999,
    "test_gap_std": 0.05336869839832624,
    "test_satisfy_frac": 0.8777777777777778,
    "test_hinge_mean": 0.0031097819444444452,
    "val_reloads": 0.0,
    "val_nonfinite": 0.0
  },
  "timing_s": {
    "epoch_total": 19.21260166168213,
    "train_free": 11.737935543060303,
    "train_clamp": 0.6005840301513672,
    "train_update": 0.08883047103881836
  },
  "vg_stats": {
    "vg_unique_min": 0.6815986405107766,
    "vg_unique_max": 6.512011691106865,
    "vg_unique_sat_lo": 0.0,
    "vg_unique_sat_hi": 0.0
  }
}