{
  "epoch": 29,
  "config": {
    "seed": 2,
    "gamma": 3.0,
    "margin": 0.02,
    "delta": 0.05,
    "input_vmin": 0.0,
    "input_vmax": 1.0,
    "rails": [
      0.0,
      0.45
    ],
    "solver": "klu",
    "body_tie": "ground",
    "body_res": 10.0,
    "rs_clamp": 10.0,
    "model_vto": 0.75,
    "vg_cutoff": 0.75,
    "vg_cutoff_epochs": 4,
    "vg_init": {
      "mode": "random",
      "lo": 0.75,
      "hi": 3.0,
      "fixed": 2.0
    },
    "epochs": 100,
    "device_include_path": "/home/ma-lab/Desktop/pyclln-final/device_model/nmos_lvl1_ald1106.lib",
    "device_subckt": "NMOSWRAP"
  },
  "train": {
    "acc": 0.9826026443980515,
    "hinge": 0.0010375532359081423,
    "n_free": 1437,
    "n_clamp": 102,
    "hinge_active": 102,
    "hinge_active_frac": 0.0709812108559499,
    "skipped": 1335,
    "reload_free": 0,
    "reload_clamp": 0,
    "nonfinite_free": 0,
    "nonfinite_clamp": 0
  },
  "val": {
    "acc": 0.9472222222222222,
    "hinge": 0.002601472222222223,
    "test_gap_mean": 0.07482485555555554,
    "test_gap_median": 0.07556274999999998,
    "test_gap_std": 0.04347967835023075,
    "test_satisfy_frac": 0.8805555555555555,
    "test_hinge_mean": 0.0026014722222222225,
    "val_reloads": 0.0,
    "val_nonfinite": 0.0
  },
  "timing_s": {
    "epoch_total": 35.17881512641907,
    "train_free": 22.288458585739136,
    "train_clamp": 1.5979251861572266,
    "train_update": 0.18155527114868164
  },
  "vg_stats": {
    "vg_unique_min": 0.5486283841338493,
    "vg_unique_max": 6.0040720594591095,
    "vg_unique_sat_lo": 0.0,
    "vg_unique_sat_hi": 0.0
  }
}