{
  "epoch": 74,
  "config": {
    "seed": 2,
    "gamma": 3.0,
    "margin": 0.02,
    "delta": 0.05,
    "input_vmin": 0.0,
    "input_vmax": 1.0,
    "rails": [
      0.0,
      0.45
    ],
    "solver": "klu",
    "body_tie": "ground",
    "body_res": 10.0,
    "rs_clamp": 10.0,
    "model_vto": 0.75,
    "vg_cutoff": 0.75,
    "vg_cutoff_epochs": 4,
    "vg_init": {
      "mode": "random",
      "lo": 0.75,
      "hi": 3.0,
      "fixed": 2.0
    },
    "epochs": 100,
    "device_include_path": "/home/ma-lab/Desktop/pyclln-final/device_model/nmos_lvl1_ald1106.lib",
    "device_subckt": "NMOSWRAP"
  },
  "train": {
    "acc": 0.9916492693110647,
    "hinge": 0.0006391114822546974,
    "n_free": 1437,
    "n_clamp": 76,
    "hinge_active": 76,
    "hinge_active_frac": 0.05288796102992345,
    "skipped": 1361,
    "reload_free": 0,
    "reload_clamp": 0,
    "nonfinite_free": 0,
    "nonfinite_clamp": 0
  },
  "val": {
    "acc": 0.9472222222222222,
    "hinge": 0.0030023402777777774,
    "test_gap_mean": 0.07955514944444445,
    "test_gap_median": 0.07839840000000001,
    "test_gap_std": 0.051636945818245183,
    "test_satisfy_frac": 0.8722222222222222,
    "test_hinge_mean": 0.0030023402777777783,
    "val_reloads": 0.0,
    "val_nonfinite": 0.0
  },
  "timing_s": {
    "epoch_total": 18.11459445953369,
    "train_free": 11.56630563735962,
    "train_clamp": 0.6090898513793945,
    "train_update": 0.07734084129333496
  },
  "vg_stats": {
    "vg_unique_min": 0.5365524195494074,
    "vg_unique_max": 6.490947938846086,
    "vg_unique_sat_lo": 0.0,
    "vg_unique_sat_hi": 0.0
  }
}