{
  "test_gap_mean": 0.0822676675,
  "test_gap_median": 0.08865355,
  "test_gap_std": 0.05226602242680839,
  "test_satisfy_frac": 0.8944444444444445,
  "test_hinge_mean": 0.0038945233333333336,
  "val_reloads": 0.0,
  "val_nonfinite": 0.0
}