{
  "test_gap_mean": 0.08946066777777778,
  "test_gap_median": 0.09302110000000002,
  "test_gap_std": 0.058499466605127795,
  "test_satisfy_frac": 0.8694444444444445,
  "test_hinge_mean": 0.003630149166666666,
  "val_reloads": 0.0,
  "val_nonfinite": 0.0
}