{
  "test_gap_mean": 0.09566099277777779,
  "test_gap_median": 0.09901985000000002,
  "test_gap_std": 0.06136954141259058,
  "test_satisfy_frac": 0.9027777777777778,
  "test_hinge_mean": 0.0038684694444444433,
  "val_reloads": 0.0,
  "val_nonfinite": 0.0
}