{
  "test_gap_mean": 0.08808722388888889,
  "test_gap_median": 0.08802739999999995,
  "test_gap_std": 0.06139745024571086,
  "test_satisfy_frac": 0.8583333333333333,
  "test_hinge_mean": 0.004650746944444444,
  "val_reloads": 0.0,
  "val_nonfinite": 0.0
}