{
  "test_gap_mean": 0.07801300111111112,
  "test_gap_median": 0.08138475,
  "test_gap_std": 0.0507350846848652,
  "test_satisfy_frac": 0.875,
  "test_hinge_mean": 0.004425161944444445,
  "val_reloads": 0.0,
  "val_nonfinite": 0.0
}