{
  "test_gap_mean": 0.09138484055555555,
  "test_gap_median": 0.09172165000000002,
  "test_gap_std": 0.05868600959337251,
  "test_satisfy_frac": 0.9027777777777778,
  "test_hinge_mean": 0.003484059166666667,
  "val_reloads": 0.0,
  "val_nonfinite": 0.0
}