{
  "test_gap_mean": 0.09036125166666666,
  "test_gap_median": 0.09465149999999997,
  "test_gap_std": 0.06259124802881078,
  "test_satisfy_frac": 0.8638888888888889,
  "test_hinge_mean": 0.004762385277777777,
  "val_reloads": 0.0,
  "val_nonfinite": 0.0
}