{
  "test_gap_mean": 0.07858329527777777,
  "test_gap_median": 0.08194259999999998,
  "test_gap_std": 0.050193092156815375,
  "test_satisfy_frac": 0.8638888888888889,
  "test_hinge_mean": 0.003704250555555556,
  "val_reloads": 0.0,
  "val_nonfinite": 0.0
}