{
  "epoch": 47,
  "config": {
    "seed": 2,
    "gamma": 3.0,
    "margin": 0.02,
    "delta": 0.1,
    "input_vmin": 0.0,
    "input_vmax": 1.0,
    "rails": [
      0.0,
      0.45
    ],
    "solver": "klu",
    "body_tie": "source",
    "body_res": 10.0,
    "rs_clamp": 10.0,
    "model_vto": 0.75,
    "vg_cutoff": 0.75,
    "vg_cutoff_epochs": 4,
    "vg_init": {
      "mode": "random",
      "lo": 1.5,
      "hi": 2.5,
      "fixed": 2.0
    },
    "epochs": 100,
    "device_include_path": "/home/ma-lab/Desktop/pyclln-final/device_model/nmos_lvl1_ald1106.lib",
    "device_subckt": "NMOSWRAP"
  },
  "train": {
    "acc": 0.9659011830201809,
    "hinge": 0.001984697494780793,
    "n_free": 1437,
    "n_clamp": 109,
    "hinge_active": 109,
    "hinge_active_frac": 0.07585247042449547,
    "skipped": 1328,
    "reload_free": 0,
    "reload_clamp": 0,
    "nonfinite_free": 0,
    "nonfinite_clamp": 0
  },
  "val": {
    "acc": 0.9444444444444444,
    "hinge": 0.003962263611111111,
    "test_gap_mean": 0.08633365277777777,
    "test_gap_median": 0.09063009999999999,
    "test_gap_std": 0.05502207079928313,
    "test_satisfy_frac": 0.8861111111111111,
    "test_hinge_mean": 0.003962263611111112,
    "val_reloads": 0.0,
    "val_nonfinite": 0.0
  },
  "timing_s": {
    "epoch_total": 16.781861066818237,
    "train_free": 9.979073762893677,
    "train_clamp": 0.7615439891815186,
    "train_update": 0.11963868141174316
  },
  "vg_stats": {
    "vg_unique_min": 0.44599928073715017,
    "vg_unique_max": 6.1164311998936665,
    "vg_unique_sat_lo": 0.0,
    "vg_unique_sat_hi": 0.0
  }
}