{
  "epoch": 4,
  "config": {
    "seed": 2,
    "gamma": 3.0,
    "margin": 0.02,
    "delta": 0.1,
    "input_vmin": 0.0,
    "input_vmax": 1.0,
    "rails": [
      0.0,
      0.45
    ],
    "solver": "klu",
    "body_tie": "source",
    "body_res": 10.0,
    "rs_clamp": 10.0,
    "model_vto": 0.75,
    "vg_cutoff": 0.75,
    "vg_cutoff_epochs": 4,
    "vg_init": {
      "mode": "random",
      "lo": 1.5,
      "hi": 2.5,
      "fixed": 2.0
    },
    "epochs": 100,
    "device_include_path": "/home/ma-lab/Desktop/pyclln-final/device_model/nmos_lvl1_ald1106.lib",
    "device_subckt": "NMOSWRAP"
  },
  "train": {
    "acc": 0.9366736256089074,
    "hinge": 0.003345003409881696,
    "n_free": 1437,
    "n_clamp": 210,
    "hinge_active": 210,
    "hinge_active_frac": 0.14613778705636743,
    "skipped": 1227,
    "reload_free": 0,
    "reload_clamp": 0,
    "nonfinite_free": 0,
    "nonfinite_clamp": 0
  },
  "val": {
    "acc": 0.9333333333333333,
    "hinge": 0.003997088888888888,
    "test_gap_mean": 0.058631493888888886,
    "test_gap_median": 0.061988600000000005,
    "test_gap_std": 0.038505274934930334,
    "test_satisfy_frac": 0.85,
    "test_hinge_mean": 0.003997088888888889,
    "val_reloads": 0.0,
    "val_nonfinite": 0.0
  },
  "timing_s": {
    "epoch_total": 57.22955799102783,
    "train_free": 35.44851350784302,
    "train_clamp": 5.169563055038452,
    "train_update": 0.5266690254211426
  },
  "vg_stats": {
    "vg_unique_min": 0.4,
    "vg_unique_max": 5.6966388039676,
    "vg_unique_sat_lo": 22.0,
    "vg_unique_sat_hi": 0.0
  }
}