{
  "epoch": 8,
  "config": {
    "seed": 2,
    "gamma": 3.0,
    "margin": 0.02,
    "delta": 0.1,
    "input_vmin": 0.0,
    "input_vmax": 1.0,
    "rails": [
      0.0,
      0.45
    ],
    "solver": "klu",
    "body_tie": "source",
    "body_res": 10.0,
    "rs_clamp": 10.0,
    "model_vto": 0.75,
    "vg_cutoff": 0.75,
    "vg_cutoff_epochs": 4,
    "vg_init": {
      "mode": "random",
      "lo": 1.5,
      "hi": 2.5,
      "fixed": 2.0
    },
    "epochs": 100,
    "device_include_path": "/home/ma-lab/Desktop/pyclln-final/device_model/nmos_lvl1_ald1106.lib",
    "device_subckt": "NMOSWRAP"
  },
  "train": {
    "acc": 0.9526791927627001,
    "hinge": 0.002694046903270703,
    "n_free": 1437,
    "n_clamp": 153,
    "hinge_active": 153,
    "hinge_active_frac": 0.10647181628392484,
    "skipped": 1284,
    "reload_free": 0,
    "reload_clamp": 0,
    "nonfinite_free": 0,
    "nonfinite_clamp": 0
  },
  "val": {
    "acc": 0.9333333333333333,
    "hinge": 0.003570915833333333,
    "test_gap_mean": 0.071478445,
    "test_gap_median": 0.07689605,
    "test_gap_std": 0.043581410489153996,
    "test_satisfy_frac": 0.8916666666666667,
    "test_hinge_mean": 0.003570915833333333,
    "val_reloads": 0.0,
    "val_nonfinite": 0.0
  },
  "timing_s": {
    "epoch_total": 48.703781843185425,
    "train_free": 31.58529829978943,
    "train_clamp": 3.3808085918426514,
    "train_update": 0.3115077018737793
  },
  "vg_stats": {
    "vg_unique_min": 0.4,
    "vg_unique_max": 6.464308212425851,
    "vg_unique_sat_lo": 3.0,
    "vg_unique_sat_hi": 0.0
  }
}