{
  "epoch": 86,
  "config": {
    "seed": 2,
    "gamma": 3.0,
    "margin": 0.02,
    "delta": 0.1,
    "input_vmin": 0.0,
    "input_vmax": 1.0,
    "rails": [
      0.0,
      0.45
    ],
    "solver": "klu",
    "body_tie": "source",
    "body_res": 10.0,
    "rs_clamp": 10.0,
    "model_vto": 0.75,
    "vg_cutoff": 0.75,
    "vg_cutoff_epochs": 4,
    "vg_init": {
      "mode": "random",
      "lo": 1.5,
      "hi": 2.5,
      "fixed": 2.0
    },
    "epochs": 100,
    "device_include_path": "/home/ma-lab/Desktop/pyclln-final/device_model/nmos_lvl1_ald1106.lib",
    "device_subckt": "NMOSWRAP"
  },
  "train": {
    "acc": 0.9561586638830898,
    "hinge": 0.0023713004871259553,
    "n_free": 1437,
    "n_clamp": 134,
    "hinge_active": 134,
    "hinge_active_frac": 0.09324982602644398,
    "skipped": 1303,
    "reload_free": 0,
    "reload_clamp": 0,
    "nonfinite_free": 0,
    "nonfinite_clamp": 0
  },
  "val": {
    "acc": 0.9277777777777778,
    "hinge": 0.0040030825,
    "test_gap_mean": 0.09625432944444445,
    "test_gap_median": 0.10123939999999998,
    "test_gap_std": 0.06033366337441976,
    "test_satisfy_frac": 0.8833333333333333,
    "test_hinge_mean": 0.0040030825,
    "val_reloads": 0.0,
    "val_nonfinite": 0.0
  },
  "timing_s": {
    "epoch_total": 13.290274858474731,
    "train_free": 7.540274620056152,
    "train_clamp": 0.7014758586883545,
    "train_update": 0.12510395050048828
  },
  "vg_stats": {
    "vg_unique_min": 0.46276336186170947,
    "vg_unique_max": 6.238407814573645,
    "vg_unique_sat_lo": 0.0,
    "vg_unique_sat_hi": 0.0
  }
}