{
  "epoch": 97,
  "config": {
    "seed": 2,
    "gamma": 3.0,
    "margin": 0.02,
    "delta": 0.1,
    "input_vmin": 0.0,
    "input_vmax": 1.0,
    "rails": [
      0.0,
      0.45
    ],
    "solver": "klu",
    "body_tie": "source",
    "body_res": 10.0,
    "rs_clamp": 10.0,
    "model_vto": 0.75,
    "vg_cutoff": 0.75,
    "vg_cutoff_epochs": 4,
    "vg_init": {
      "mode": "random",
      "lo": 1.5,
      "hi": 2.5,
      "fixed": 2.0
    },
    "epochs": 100,
    "device_include_path": "/home/ma-lab/Desktop/pyclln-final/device_model/nmos_lvl1_ald1106.lib",
    "device_subckt": "NMOSWRAP"
  },
  "train": {
    "acc": 0.9582463465553236,
    "hinge": 0.0023285457898399435,
    "n_free": 1437,
    "n_clamp": 120,
    "hinge_active": 120,
    "hinge_active_frac": 0.08350730688935282,
    "skipped": 1317,
    "reload_free": 0,
    "reload_clamp": 0,
    "nonfinite_free": 0,
    "nonfinite_clamp": 0
  },
  "val": {
    "acc": 0.9444444444444444,
    "hinge": 0.0038891741666666666,
    "test_gap_mean": 0.09035095833333333,
    "test_gap_median": 0.09163880000000005,
    "test_gap_std": 0.05920052096919829,
    "test_satisfy_frac": 0.8888888888888888,
    "test_hinge_mean": 0.003889174166666667,
    "val_reloads": 0.0,
    "val_nonfinite": 0.0
  },
  "timing_s": {
    "epoch_total": 13.95764422416687,
    "train_free": 7.93011999130249,
    "train_clamp": 0.6591763496398926,
    "train_update": 0.11800980567932129
  },
  "vg_stats": {
    "vg_unique_min": 0.4914282890020891,
    "vg_unique_max": 5.728690429768342,
    "vg_unique_sat_lo": 0.0,
    "vg_unique_sat_hi": 0.0
  }
}