{
  "epoch": 98,
  "config": {
    "seed": 2,
    "gamma": 3.0,
    "margin": 0.02,
    "delta": 0.1,
    "input_vmin": 0.0,
    "input_vmax": 1.0,
    "rails": [
      0.0,
      0.45
    ],
    "solver": "klu",
    "body_tie": "source",
    "body_res": 10.0,
    "rs_clamp": 10.0,
    "model_vto": 0.75,
    "vg_cutoff": 0.75,
    "vg_cutoff_epochs": 4,
    "vg_init": {
      "mode": "random",
      "lo": 1.5,
      "hi": 2.5,
      "fixed": 2.0
    },
    "epochs": 100,
    "device_include_path": "/home/ma-lab/Desktop/pyclln-final/device_model/nmos_lvl1_ald1106.lib",
    "device_subckt": "NMOSWRAP"
  },
  "train": {
    "acc": 0.954070981210856,
    "hinge": 0.002250132707028531,
    "n_free": 1437,
    "n_clamp": 125,
    "hinge_active": 125,
    "hinge_active_frac": 0.08698677800974251,
    "skipped": 1312,
    "reload_free": 0,
    "reload_clamp": 0,
    "nonfinite_free": 0,
    "nonfinite_clamp": 0
  },
  "val": {
    "acc": 0.9361111111111111,
    "hinge": 0.003484059166666667,
    "test_gap_mean": 0.09138484055555555,
    "test_gap_median": 0.09172165000000002,
    "test_gap_std": 0.05868600959337251,
    "test_satisfy_frac": 0.9027777777777778,
    "test_hinge_mean": 0.003484059166666667,
    "val_reloads": 0.0,
    "val_nonfinite": 0.0
  },
  "timing_s": {
    "epoch_total": 14.020621538162231,
    "train_free": 7.809045791625977,
    "train_clamp": 0.6750657558441162,
    "train_update": 0.12145757675170898
  },
  "vg_stats": {
    "vg_unique_min": 0.4873287081206204,
    "vg_unique_max": 5.745484074822443,
    "vg_unique_sat_lo": 0.0,
    "vg_unique_sat_hi": 0.0
  }
}