{
  "epoch": 17,
  "config": {
    "seed": 2,
    "gamma": 3.0,
    "margin": 0.02,
    "delta": 0.1,
    "input_vmin": 0.0,
    "input_vmax": 1.0,
    "rails": [
      0.0,
      0.45
    ],
    "solver": "klu",
    "body_tie": "source",
    "body_res": 10.0,
    "rs_clamp": 10.0,
    "model_vto": 0.75,
    "vg_cutoff": 0.75,
    "vg_cutoff_epochs": 4,
    "vg_init": {
      "mode": "random",
      "lo": 1.5,
      "hi": 2.5,
      "fixed": 2.0
    },
    "epochs": 100,
    "device_include_path": "/home/ma-lab/Desktop/pyclln-final/device_model/nmos_lvl1_ald1106.lib",
    "device_subckt": "NMOSWRAP"
  },
  "train": {
    "acc": 0.965205288796103,
    "hinge": 0.00202387376478775,
    "n_free": 1437,
    "n_clamp": 132,
    "hinge_active": 132,
    "hinge_active_frac": 0.0918580375782881,
    "skipped": 1305,
    "reload_free": 0,
    "reload_clamp": 0,
    "nonfinite_free": 0,
    "nonfinite_clamp": 0
  },
  "val": {
    "acc": 0.9305555555555556,
    "hinge": 0.004399237777777775,
    "test_gap_mean": 0.08202763166666667,
    "test_gap_median": 0.08901244999999997,
    "test_gap_std": 0.05305599270468728,
    "test_satisfy_frac": 0.8722222222222222,
    "test_hinge_mean": 0.004399237777777777,
    "val_reloads": 0.0,
    "val_nonfinite": 0.0
  },
  "timing_s": {
    "epoch_total": 26.314061880111694,
    "train_free": 16.030179023742676,
    "train_clamp": 1.4704358577728271,
    "train_update": 0.2514002323150635
  },
  "vg_stats": {
    "vg_unique_min": 0.4041802095004,
    "vg_unique_max": 7.18217042890684,
    "vg_unique_sat_lo": 0.0,
    "vg_unique_sat_hi": 0.0
  }
}