{
  "epoch": 37,
  "config": {
    "seed": 2,
    "gamma": 3.0,
    "margin": 0.02,
    "delta": 0.1,
    "input_vmin": 0.0,
    "input_vmax": 1.0,
    "rails": [
      0.0,
      0.45
    ],
    "solver": "klu",
    "body_tie": "source",
    "body_res": 10.0,
    "rs_clamp": 10.0,
    "model_vto": 0.75,
    "vg_cutoff": 0.75,
    "vg_cutoff_epochs": 4,
    "vg_init": {
      "mode": "random",
      "lo": 1.5,
      "hi": 2.5,
      "fixed": 2.0
    },
    "epochs": 100,
    "device_include_path": "/home/ma-lab/Desktop/pyclln-final/device_model/nmos_lvl1_ald1106.lib",
    "device_subckt": "NMOSWRAP"
  },
  "train": {
    "acc": 0.9659011830201809,
    "hinge": 0.0018164603340292268,
    "n_free": 1437,
    "n_clamp": 119,
    "hinge_active": 119,
    "hinge_active_frac": 0.08281141266527488,
    "skipped": 1318,
    "reload_free": 0,
    "reload_clamp": 0,
    "nonfinite_free": 0,
    "nonfinite_clamp": 0
  },
  "val": {
    "acc": 0.9444444444444444,
    "hinge": 0.003751842222222222,
    "test_gap_mean": 0.08367587555555556,
    "test_gap_median": 0.08300284999999999,
    "test_gap_std": 0.05311372493315129,
    "test_satisfy_frac": 0.8888888888888888,
    "test_hinge_mean": 0.0037518422222222224,
    "val_reloads": 0.0,
    "val_nonfinite": 0.0
  },
  "timing_s": {
    "epoch_total": 15.538450002670288,
    "train_free": 9.573406457901001,
    "train_clamp": 0.7845799922943115,
    "train_update": 0.15254545211791992
  },
  "vg_stats": {
    "vg_unique_min": 0.5628351173846202,
    "vg_unique_max": 6.317449777089695,
    "vg_unique_sat_lo": 0.0,
    "vg_unique_sat_hi": 0.0
  }
}