{
  "test_gap_mean": -0.004462198055555556,
  "test_gap_median": -0.0016713999999999618,
  "test_gap_std": 0.019647904275212482,
  "test_satisfy_frac": 0.0,
  "test_hinge_mean": 0.10446219805555555,
  "val_reloads": 0.0,
  "val_nonfinite": 0.0
}