{
  "test_gap_mean": 0.006199615277777778,
  "test_gap_median": 0.007781750000000004,
  "test_gap_std": 0.01932841577044059,
  "test_satisfy_frac": 0.0,
  "test_hinge_mean": 0.09380038472222221,
  "val_reloads": 0.0,
  "val_nonfinite": 0.0
}