{
  "test_gap_mean": 0.010085170000000001,
  "test_gap_median": 0.010911699999999996,
  "test_gap_std": 0.01967620294492224,
  "test_satisfy_frac": 0.0,
  "test_hinge_mean": 0.08991483000000003,
  "val_reloads": 0.0,
  "val_nonfinite": 0.0
}