{
  "test_gap_mean": -0.02745089527777778,
  "test_gap_median": -0.02344389999999999,
  "test_gap_std": 0.025671268488260155,
  "test_satisfy_frac": 0.0,
  "test_hinge_mean": 0.12745089527777778,
  "val_reloads": 0.0,
  "val_nonfinite": 0.0
}