{
  "test_gap_mean": 0.005917473055555555,
  "test_gap_median": 0.007569849999999989,
  "test_gap_std": 0.01931300461640842,
  "test_satisfy_frac": 0.0,
  "test_hinge_mean": 0.09408252694444445,
  "val_reloads": 0.0,
  "val_nonfinite": 0.0
}