{
  "test_gap_mean": 0.009600150277777778,
  "test_gap_median": 0.010454750000000013,
  "test_gap_std": 0.019608230192064757,
  "test_satisfy_frac": 0.0,
  "test_hinge_mean": 0.09039984972222222,
  "val_reloads": 0.0,
  "val_nonfinite": 0.0
}