{
  "test_gap_mean": 0.002261495277777778,
  "test_gap_median": 0.004407250000000029,
  "test_gap_std": 0.019194630060711274,
  "test_satisfy_frac": 0.0,
  "test_hinge_mean": 0.09773850472222223,
  "val_reloads": 0.0,
  "val_nonfinite": 0.0
}