{
  "test_gap_mean": 0.006752258888888887,
  "test_gap_median": 0.008102499999999985,
  "test_gap_std": 0.01936147615451963,
  "test_satisfy_frac": 0.0,
  "test_hinge_mean": 0.09324774111111113,
  "val_reloads": 0.0,
  "val_nonfinite": 0.0
}