{
  "test_gap_mean": 0.005051797499999998,
  "test_gap_median": 0.00707025,
  "test_gap_std": 0.01926827856302279,
  "test_satisfy_frac": 0.0,
  "test_hinge_mean": 0.0949482025,
  "val_reloads": 0.0,
  "val_nonfinite": 0.0
}