{
  "test_gap_mean": 0.009352305555555556,
  "test_gap_median": 0.010302100000000008,
  "test_gap_std": 0.01958599722666744,
  "test_satisfy_frac": 0.0,
  "test_hinge_mean": 0.09064769444444444,
  "val_reloads": 0.0,
  "val_nonfinite": 0.0
}