{
  "test_gap_mean": 0.00910324361111111,
  "test_gap_median": 0.01010069999999999,
  "test_gap_std": 0.01956360633103136,
  "test_satisfy_frac": 0.0,
  "test_hinge_mean": 0.09089675638888892,
  "val_reloads": 0.0,
  "val_nonfinite": 0.0
}