{
  "test_gap_mean": -0.012327447777777776,
  "test_gap_median": -0.008099550000000011,
  "test_gap_std": 0.02121362634777718,
  "test_satisfy_frac": 0.0,
  "test_hinge_mean": 0.1123274477777778,
  "val_reloads": 0.0,
  "val_nonfinite": 0.0
}