{
  "test_gap_mean": -0.0032077705555555547,
  "test_gap_median": -0.00038450000000000983,
  "test_gap_std": 0.019489916160743217,
  "test_satisfy_frac": 0.0,
  "test_hinge_mean": 0.10320777055555555,
  "val_reloads": 0.0,
  "val_nonfinite": 0.0
}