{
  "test_gap_mean": -0.0160476525,
  "test_gap_median": -0.010894150000000005,
  "test_gap_std": 0.02227558175837625,
  "test_satisfy_frac": 0.0,
  "test_hinge_mean": 0.1160476525,
  "val_reloads": 0.0,
  "val_nonfinite": 0.0
}