{
  "test_gap_mean": 0.003219564166666667,
  "test_gap_median": 0.0053355499999999945,
  "test_gap_std": 0.019203860028298114,
  "test_satisfy_frac": 0.0,
  "test_hinge_mean": 0.09678043583333334,
  "val_reloads": 0.0,
  "val_nonfinite": 0.0
}