{
  "epoch": 39,
  "config": {
    "seed": 1,
    "gamma": 0.03,
    "margin": 0.1,
    "delta": 0.02,
    "input_vmin": 0.0,
    "input_vmax": 1.0,
    "rails": [
      0.0,
      0.45
    ],
    "solver": "klu",
    "body_tie": "floating",
    "body_res": 10.0,
    "rs_clamp": 10.0,
    "model_vto": 0.75,
    "vg_cutoff": 0.75,
    "vg_cutoff_epochs": 4,
    "vg_init": {
      "mode": "random",
      "lo": 1.0,
      "hi": 6.0,
      "fixed": 2.0
    },
    "epochs": 100,
    "device_include_path": "/home/ma-lab/Desktop/pyclln-final/device_model/nmos_lvl1_ald1106.lib",
    "device_subckt": "NMOSWRAP"
  },
  "train": {
    "acc": 0.45441892832289493,
    "hinge": 0.10378396256089067,
    "n_free": 1437,
    "n_clamp": 1437,
    "hinge_active": 1437,
    "hinge_active_frac": 1.0,
    "skipped": 0,
    "reload_free": 0,
    "reload_clamp": 0,
    "nonfinite_free": 0,
    "nonfinite_clamp": 0
  },
  "val": {
    "acc": 0.49166666666666664,
    "hinge": 0.10320777055555558,
    "test_gap_mean": -0.0032077705555555547,
    "test_gap_median": -0.00038450000000000983,
    "test_gap_std": 0.019489916160743217,
    "test_satisfy_frac": 0.0,
    "test_hinge_mean": 0.10320777055555555,
    "val_reloads": 0.0,
    "val_nonfinite": 0.0
  },
  "timing_s": {
    "epoch_total": 313.6943476200104,
    "train_free": 132.38470768928528,
    "train_clamp": 134.1343550682068,
    "train_update": 3.742457628250122
  },
  "vg_stats": {
    "vg_unique_min": 0.7660668898325698,
    "vg_unique_max": 6.323665121412891,
    "vg_unique_sat_lo": 0.0,
    "vg_unique_sat_hi": 0.0
  }
}