{
  "epoch": 13,
  "config": {
    "seed": 1,
    "gamma": 0.03,
    "margin": 0.1,
    "delta": 0.02,
    "input_vmin": 0.0,
    "input_vmax": 1.0,
    "rails": [
      0.0,
      0.45
    ],
    "solver": "klu",
    "body_tie": "floating",
    "body_res": 10.0,
    "rs_clamp": 10.0,
    "model_vto": 0.75,
    "vg_cutoff": 0.75,
    "vg_cutoff_epochs": 4,
    "vg_init": {
      "mode": "random",
      "lo": 1.0,
      "hi": 6.0,
      "fixed": 2.0
    },
    "epochs": 100,
    "device_include_path": "/home/ma-lab/Desktop/pyclln-final/device_model/nmos_lvl1_ald1106.lib",
    "device_subckt": "NMOSWRAP"
  },
  "train": {
    "acc": 0.19554627696590118,
    "hinge": 0.11712522247738329,
    "n_free": 1437,
    "n_clamp": 1437,
    "hinge_active": 1437,
    "hinge_active_frac": 1.0,
    "skipped": 0,
    "reload_free": 0,
    "reload_clamp": 0,
    "nonfinite_free": 0,
    "nonfinite_clamp": 0
  },
  "val": {
    "acc": 0.21666666666666667,
    "hinge": 0.11672848472222229,
    "test_gap_mean": -0.01672848472222222,
    "test_gap_median": -0.011697750000000007,
    "test_gap_std": 0.02247881060925093,
    "test_satisfy_frac": 0.0,
    "test_hinge_mean": 0.11672848472222223,
    "val_reloads": 0.0,
    "val_nonfinite": 0.0
  },
  "timing_s": {
    "epoch_total": 304.9958567619324,
    "train_free": 127.92712187767029,
    "train_clamp": 128.844309091568,
    "train_update": 3.7945103645324707
  },
  "vg_stats": {
    "vg_unique_min": 0.7608065380410045,
    "vg_unique_max": 6.1231876422024145,
    "vg_unique_sat_lo": 0.0,
    "vg_unique_sat_hi": 0.0
  }
}