{
  "epoch": 60,
  "config": {
    "seed": 1,
    "gamma": 0.03,
    "margin": 0.1,
    "delta": 0.02,
    "input_vmin": 0.0,
    "input_vmax": 1.0,
    "rails": [
      0.0,
      0.45
    ],
    "solver": "klu",
    "body_tie": "floating",
    "body_res": 10.0,
    "rs_clamp": 10.0,
    "model_vto": 0.75,
    "vg_cutoff": 0.75,
    "vg_cutoff_epochs": 4,
    "vg_init": {
      "mode": "random",
      "lo": 1.0,
      "hi": 6.0,
      "fixed": 2.0
    },
    "epochs": 100,
    "device_include_path": "/home/ma-lab/Desktop/pyclln-final/device_model/nmos_lvl1_ald1106.lib",
    "device_subckt": "NMOSWRAP"
  },
  "train": {
    "acc": 0.5915100904662491,
    "hinge": 0.09647264015309667,
    "n_free": 1437,
    "n_clamp": 1437,
    "hinge_active": 1437,
    "hinge_active_frac": 1.0,
    "skipped": 0,
    "reload_free": 0,
    "reload_clamp": 0,
    "nonfinite_free": 0,
    "nonfinite_clamp": 0
  },
  "val": {
    "acc": 0.6361111111111111,
    "hinge": 0.09585136138888889,
    "test_gap_mean": 0.004148638611111109,
    "test_gap_median": 0.006384450000000014,
    "test_gap_std": 0.019230785104694136,
    "test_satisfy_frac": 0.0,
    "test_hinge_mean": 0.09585136138888889,
    "val_reloads": 0.0,
    "val_nonfinite": 0.0
  },
  "timing_s": {
    "epoch_total": 324.8863899707794,
    "train_free": 140.06879782676697,
    "train_clamp": 141.3022940158844,
    "train_update": 3.8796560764312744
  },
  "vg_stats": {
    "vg_unique_min": 0.7871808417199113,
    "vg_unique_max": 6.529122340698767,
    "vg_unique_sat_lo": 0.0,
    "vg_unique_sat_hi": 0.0
  }
}