{
  "epoch": 91,
  "config": {
    "seed": 1,
    "gamma": 0.03,
    "margin": 0.1,
    "delta": 0.02,
    "input_vmin": 0.0,
    "input_vmax": 1.0,
    "rails": [
      0.0,
      0.45
    ],
    "solver": "klu",
    "body_tie": "floating",
    "body_res": 10.0,
    "rs_clamp": 10.0,
    "model_vto": 0.75,
    "vg_cutoff": 0.75,
    "vg_cutoff_epochs": 4,
    "vg_init": {
      "mode": "random",
      "lo": 1.0,
      "hi": 6.0,
      "fixed": 2.0
    },
    "epochs": 100,
    "device_include_path": "/home/ma-lab/Desktop/pyclln-final/device_model/nmos_lvl1_ald1106.lib",
    "device_subckt": "NMOSWRAP"
  },
  "train": {
    "acc": 0.7125956854558108,
    "hinge": 0.08831627334725126,
    "n_free": 1437,
    "n_clamp": 1437,
    "hinge_active": 1437,
    "hinge_active_frac": 1.0,
    "skipped": 0,
    "reload_free": 0,
    "reload_clamp": 0,
    "nonfinite_free": 0,
    "nonfinite_clamp": 0
  },
  "val": {
    "acc": 0.725,
    "hinge": 0.08783056444444443,
    "test_gap_mean": 0.01216943555555556,
    "test_gap_median": 0.013275049999999983,
    "test_gap_std": 0.02004409668539072,
    "test_satisfy_frac": 0.0,
    "test_hinge_mean": 0.08783056444444445,
    "val_reloads": 0.0,
    "val_nonfinite": 0.0
  },
  "timing_s": {
    "epoch_total": 346.1108121871948,
    "train_free": 143.72755908966064,
    "train_clamp": 145.35927081108093,
    "train_update": 4.069656610488892
  },
  "vg_stats": {
    "vg_unique_min": 0.7477582796801612,
    "vg_unique_max": 6.803784141630426,
    "vg_unique_sat_lo": 0.0,
    "vg_unique_sat_hi": 0.0
  }
}