{
  "test_gap_mean": 0.023080099722222226,
  "test_gap_median": 0.025489699999999976,
  "test_gap_std": 0.017549027829446687,
  "test_satisfy_frac": 0.6194444444444445,
  "test_hinge_mean": 0.005683031111111111,
  "val_reloads": 0.0,
  "val_nonfinite": 0.0
}