{
  "test_gap_mean": 0.029827094999999998,
  "test_gap_median": 0.032126749999999996,
  "test_gap_std": 0.018674564729197173,
  "test_satisfy_frac": 0.7361111111111112,
  "test_hinge_mean": 0.0037084849999999996,
  "val_reloads": 0.0,
  "val_nonfinite": 0.0
}