{
  "test_gap_mean": 0.027879465000000003,
  "test_gap_median": 0.03030775000000001,
  "test_gap_std": 0.018256581227257245,
  "test_satisfy_frac": 0.6861111111111111,
  "test_hinge_mean": 0.004155269166666667,
  "val_reloads": 0.0,
  "val_nonfinite": 0.0
}