{
  "test_gap_mean": 0.028647343611111115,
  "test_gap_median": 0.03092235000000003,
  "test_gap_std": 0.018422982897864686,
  "test_satisfy_frac": 0.7027777777777777,
  "test_hinge_mean": 0.003961538333333333,
  "val_reloads": 0.0,
  "val_nonfinite": 0.0
}