{
  "test_gap_mean": 0.023327748333333335,
  "test_gap_median": 0.02581990000000002,
  "test_gap_std": 0.01756398648011504,
  "test_satisfy_frac": 0.6194444444444445,
  "test_hinge_mean": 0.005590933333333333,
  "val_reloads": 0.0,
  "val_nonfinite": 0.0
}