{
  "test_gap_mean": 0.02614323388888889,
  "test_gap_median": 0.028907849999999985,
  "test_gap_std": 0.017839814500555783,
  "test_satisfy_frac": 0.6611111111111111,
  "test_hinge_mean": 0.004599589444444444,
  "val_reloads": 0.0,
  "val_nonfinite": 0.0
}