{
  "test_gap_mean": 0.014070191666666666,
  "test_gap_median": 0.016534450000000006,
  "test_gap_std": 0.01792551641021466,
  "test_satisfy_frac": 0.4083333333333333,
  "test_hinge_mean": 0.010284808333333334,
  "val_reloads": 0.0,
  "val_nonfinite": 0.0
}