{
  "test_gap_mean": 0.030389633611111112,
  "test_gap_median": 0.03280644999999999,
  "test_gap_std": 0.018830182471838434,
  "test_satisfy_frac": 0.7416666666666667,
  "test_hinge_mean": 0.003613028888888888,
  "val_reloads": 0.0,
  "val_nonfinite": 0.0
}