{
  "test_gap_mean": 0.026595772777777783,
  "test_gap_median": 0.029059850000000026,
  "test_gap_std": 0.017898842653106033,
  "test_satisfy_frac": 0.6694444444444444,
  "test_hinge_mean": 0.004465495277777777,
  "val_reloads": 0.0,
  "val_nonfinite": 0.0
}