{
  "test_gap_mean": 0.011905768055555556,
  "test_gap_median": 0.013955349999999991,
  "test_gap_std": 0.01829303224358045,
  "test_satisfy_frac": 0.38055555555555554,
  "test_hinge_mean": 0.011761528333333337,
  "val_reloads": 0.0,
  "val_nonfinite": 0.0
}