{
  "epoch": 3,
  "config": {
    "seed": 0,
    "gamma": 0.03,
    "margin": 0.02,
    "delta": 0.05,
    "input_vmin": 0.0,
    "input_vmax": 1.0,
    "rails": [
      0.0,
      0.45
    ],
    "solver": "klu",
    "body_tie": "ground",
    "body_res": 10.0,
    "rs_clamp": 10.0,
    "model_vto": 0.75,
    "vg_cutoff": 0.75,
    "vg_cutoff_epochs": 4,
    "vg_init": {
      "mode": "random",
      "lo": 0.75,
      "hi": 3.0,
      "fixed": 2.0
    },
    "epochs": 100,
    "device_include_path": "/home/ma-lab/Desktop/pyclln-final/device_model/nmos_lvl1_ald1106.lib",
    "device_subckt": "NMOSWRAP"
  },
  "train": {
    "acc": 0.3535142658315936,
    "hinge": 0.03251147849686847,
    "n_free": 1437,
    "n_clamp": 1354,
    "hinge_active": 1354,
    "hinge_active_frac": 0.942240779401531,
    "skipped": 83,
    "reload_free": 0,
    "reload_clamp": 0,
    "nonfinite_free": 0,
    "nonfinite_clamp": 0
  },
  "val": {
    "acc": 0.3972222222222222,
    "hinge": 0.02920391944444441,
    "test_gap_mean": -0.00871881361111111,
    "test_gap_median": -0.004781400000000005,
    "test_gap_std": 0.02325322516351485,
    "test_satisfy_frac": 0.09166666666666666,
    "test_hinge_mean": 0.029203919444444445,
    "val_reloads": 0.0,
    "val_nonfinite": 0.0
  },
  "timing_s": {
    "epoch_total": 67.33867144584656,
    "train_free": 26.026849508285522,
    "train_clamp": 24.483813524246216,
    "train_update": 2.9930224418640137
  },
  "vg_stats": {
    "vg_unique_min": 0.554556165939778,
    "vg_unique_max": 3.1752646860353098,
    "vg_unique_sat_lo": 0.0,
    "vg_unique_sat_hi": 0.0
  }
}