{
  "epoch": 38,
  "config": {
    "seed": 0,
    "gamma": 0.03,
    "margin": 0.02,
    "delta": 0.05,
    "input_vmin": 0.0,
    "input_vmax": 1.0,
    "rails": [
      0.0,
      0.45
    ],
    "solver": "klu",
    "body_tie": "ground",
    "body_res": 10.0,
    "rs_clamp": 10.0,
    "model_vto": 0.75,
    "vg_cutoff": 0.75,
    "vg_cutoff_epochs": 4,
    "vg_init": {
      "mode": "random",
      "lo": 0.75,
      "hi": 3.0,
      "fixed": 2.0
    },
    "epochs": 100,
    "device_include_path": "/home/ma-lab/Desktop/pyclln-final/device_model/nmos_lvl1_ald1106.lib",
    "device_subckt": "NMOSWRAP"
  },
  "train": {
    "acc": 0.9262352122477383,
    "hinge": 0.004693737995824632,
    "n_free": 1437,
    "n_clamp": 508,
    "hinge_active": 508,
    "hinge_active_frac": 0.3535142658315936,
    "skipped": 929,
    "reload_free": 0,
    "reload_clamp": 0,
    "nonfinite_free": 0,
    "nonfinite_clamp": 0
  },
  "val": {
    "acc": 0.9111111111111111,
    "hinge": 0.005150693055555555,
    "test_gap_mean": 0.02452382833333333,
    "test_gap_median": 0.02708305000000001,
    "test_gap_std": 0.017657235446132038,
    "test_satisfy_frac": 0.6416666666666667,
    "test_hinge_mean": 0.005150693055555555,
    "val_reloads": 0.0,
    "val_nonfinite": 0.0
  },
  "timing_s": {
    "epoch_total": 69.405690908432,
    "train_free": 37.947179317474365,
    "train_clamp": 13.311386346817017,
    "train_update": 1.1087257862091064
  },
  "vg_stats": {
    "vg_unique_min": 0.7573739149809992,
    "vg_unique_max": 3.567421374119182,
    "vg_unique_sat_lo": 0.0,
    "vg_unique_sat_hi": 0.0
  }
}