{
  "epoch": 12,
  "config": {
    "seed": 0,
    "gamma": 0.03,
    "margin": 0.02,
    "delta": 0.05,
    "input_vmin": 0.0,
    "input_vmax": 1.0,
    "rails": [
      0.0,
      0.45
    ],
    "solver": "klu",
    "body_tie": "ground",
    "body_res": 10.0,
    "rs_clamp": 10.0,
    "model_vto": 0.75,
    "vg_cutoff": 0.75,
    "vg_cutoff_epochs": 4,
    "vg_init": {
      "mode": "random",
      "lo": 0.75,
      "hi": 3.0,
      "fixed": 2.0
    },
    "epochs": 100,
    "device_include_path": "/home/ma-lab/Desktop/pyclln-final/device_model/nmos_lvl1_ald1106.lib",
    "device_subckt": "NMOSWRAP"
  },
  "train": {
    "acc": 0.7292971468336813,
    "hinge": 0.012634890814196227,
    "n_free": 1437,
    "n_clamp": 965,
    "hinge_active": 965,
    "hinge_active_frac": 0.6715379262352122,
    "skipped": 472,
    "reload_free": 0,
    "reload_clamp": 0,
    "nonfinite_free": 0,
    "nonfinite_clamp": 0
  },
  "val": {
    "acc": 0.7583333333333333,
    "hinge": 0.011761528333333328,
    "test_gap_mean": 0.011905768055555556,
    "test_gap_median": 0.013955349999999991,
    "test_gap_std": 0.01829303224358045,
    "test_satisfy_frac": 0.38055555555555554,
    "test_hinge_mean": 0.011761528333333337,
    "val_reloads": 0.0,
    "val_nonfinite": 0.0
  },
  "timing_s": {
    "epoch_total": 85.89962840080261,
    "train_free": 38.822875022888184,
    "train_clamp": 25.889996767044067,
    "train_update": 2.608205556869507
  },
  "vg_stats": {
    "vg_unique_min": 0.6040965200392756,
    "vg_unique_max": 3.4344799395633516,
    "vg_unique_sat_lo": 0.0,
    "vg_unique_sat_hi": 0.0
  }
}