{
  "test_gap_mean": 0.026196266944444446,
  "test_gap_median": 0.0274658,
  "test_gap_std": 0.015242927345511631,
  "test_satisfy_frac": 0.7166666666666667,
  "test_hinge_mean": 0.003528894444444445,
  "val_reloads": 0.0,
  "val_nonfinite": 0.0
}