{
  "test_gap_mean": 0.025549154444444444,
  "test_gap_median": 0.02686305,
  "test_gap_std": 0.01480159329833493,
  "test_satisfy_frac": 0.6944444444444444,
  "test_hinge_mean": 0.0035522880555555547,
  "val_reloads": 0.0,
  "val_nonfinite": 0.0
}