{
  "test_gap_mean": 0.039521173888888886,
  "test_gap_median": 0.041091250000000024,
  "test_gap_std": 0.022295700552994926,
  "test_satisfy_frac": 0.8444444444444444,
  "test_hinge_mean": 0.0026504925,
  "val_reloads": 0.0,
  "val_nonfinite": 0.0
}