{
  "test_gap_mean": 0.0340032775,
  "test_gap_median": 0.035221799999999984,
  "test_gap_std": 0.019468652219498898,
  "test_satisfy_frac": 0.8055555555555556,
  "test_hinge_mean": 0.0028849547222222233,
  "val_reloads": 0.0,
  "val_nonfinite": 0.0
}