{
  "test_gap_mean": 0.03174097638888889,
  "test_gap_median": 0.033589700000000014,
  "test_gap_std": 0.01867396962963934,
  "test_satisfy_frac": 0.7833333333333333,
  "test_hinge_mean": 0.0031921577777777777,
  "val_reloads": 0.0,
  "val_nonfinite": 0.0
}