{
  "test_gap_mean": 0.04338201722222222,
  "test_gap_median": 0.044089500000000004,
  "test_gap_std": 0.02493954661625528,
  "test_satisfy_frac": 0.8527777777777777,
  "test_hinge_mean": 0.002654511666666667,
  "val_reloads": 0.0,
  "val_nonfinite": 0.0
}