{
  "test_gap_mean": 0.037641090277777775,
  "test_gap_median": 0.03872460000000001,
  "test_gap_std": 0.021380356436634645,
  "test_satisfy_frac": 0.8277777777777777,
  "test_hinge_mean": 0.0027717280555555556,
  "val_reloads": 0.0,
  "val_nonfinite": 0.0
}