{
  "test_gap_mean": 0.021721094444444443,
  "test_gap_median": 0.024029449999999994,
  "test_gap_std": 0.016623607752148824,
  "test_satisfy_frac": 0.5861111111111111,
  "test_hinge_mean": 0.005879956944444446,
  "val_reloads": 0.0,
  "val_nonfinite": 0.0
}