{
  "test_gap_mean": 0.033883352222222225,
  "test_gap_median": 0.035603550000000025,
  "test_gap_std": 0.019451992910730413,
  "test_satisfy_frac": 0.8111111111111111,
  "test_hinge_mean": 0.002937477222222223,
  "val_reloads": 0.0,
  "val_nonfinite": 0.0
}