{
  "test_gap_mean": 0.03727020416666667,
  "test_gap_median": 0.03822535000000002,
  "test_gap_std": 0.02099495776909196,
  "test_satisfy_frac": 0.8194444444444444,
  "test_hinge_mean": 0.0025597775,
  "val_reloads": 0.0,
  "val_nonfinite": 0.0
}