{
  "test_gap_mean": 0.039080067222222216,
  "test_gap_median": 0.040162,
  "test_gap_std": 0.02212970482276112,
  "test_satisfy_frac": 0.8361111111111111,
  "test_hinge_mean": 0.002582276666666667,
  "val_reloads": 0.0,
  "val_nonfinite": 0.0
}