{
  "test_gap_mean": 0.032997110555555556,
  "test_gap_median": 0.03366179999999999,
  "test_gap_std": 0.019264319721064342,
  "test_satisfy_frac": 0.7916666666666666,
  "test_hinge_mean": 0.0030331608333333334,
  "val_reloads": 0.0,
  "val_nonfinite": 0.0
}