{
  "test_gap_mean": 0.0324753775,
  "test_gap_median": 0.03418815,
  "test_gap_std": 0.018798985372439337,
  "test_satisfy_frac": 0.7861111111111111,
  "test_hinge_mean": 0.003055684722222222,
  "val_reloads": 0.0,
  "val_nonfinite": 0.0
}