{
  "epoch": 100,
  "config": {
    "seed": 0,
    "gamma": 0.3,
    "margin": 0.02,
    "delta": 0.05,
    "input_vmin": 0.0,
    "input_vmax": 1.0,
    "rails": [
      0.0,
      0.45
    ],
    "solver": "klu",
    "body_tie": "ground",
    "body_res": 10.0,
    "rs_clamp": 10.0,
    "model_vto": 0.75,
    "vg_cutoff": 0.6000000000000001,
    "vg_cutoff_epochs": 4,
    "vg_init": {
      "mode": "random",
      "lo": 1.0,
      "hi": 3.0,
      "fixed": 2.0
    },
    "epochs": 100,
    "device_include_path": "/home/ma-lab/Desktop/pyclln-final/device_model/nmos_lvl1_ald1106.lib",
    "device_subckt": "NMOSWRAP"
  },
  "train": {
    "acc": 0.9874739039665971,
    "hinge": 0.0008538582463465557,
    "n_free": 1437,
    "n_clamp": 135,
    "hinge_active": 135,
    "hinge_active_frac": 0.09394572025052192,
    "skipped": 1302,
    "reload_free": 0,
    "reload_clamp": 0,
    "nonfinite_free": 0,
    "nonfinite_clamp": 0
  },
  "val": {
    "acc": 0.9583333333333334,
    "hinge": 0.0025865422222222214,
    "test_gap_mean": 0.04369510083333334,
    "test_gap_median": 0.044336599999999976,
    "test_gap_std": 0.02490187395230582,
    "test_satisfy_frac": 0.8472222222222222,
    "test_hinge_mean": 0.0025865422222222214,
    "val_reloads": 0.0,
    "val_nonfinite": 0.0
  },
  "timing_s": {
    "epoch_total": 40.53727459907532,
    "train_free": 26.915036916732788,
    "train_clamp": 2.506696939468384,
    "train_update": 0.2503700256347656
  },
  "vg_stats": {
    "vg_unique_min": 0.5467964255027693,
    "vg_unique_max": 4.333214110275335,
    "vg_unique_sat_lo": 0.0,
    "vg_unique_sat_hi": 0.0
  }
}