{
  "epoch": 15,
  "config": {
    "seed": 0,
    "gamma": 0.3,
    "margin": 0.02,
    "delta": 0.05,
    "input_vmin": 0.0,
    "input_vmax": 1.0,
    "rails": [
      0.0,
      0.45
    ],
    "solver": "klu",
    "body_tie": "ground",
    "body_res": 10.0,
    "rs_clamp": 10.0,
    "model_vto": 0.75,
    "vg_cutoff": 0.6000000000000001,
    "vg_cutoff_epochs": 4,
    "vg_init": {
      "mode": "random",
      "lo": 1.0,
      "hi": 3.0,
      "fixed": 2.0
    },
    "epochs": 100,
    "device_include_path": "/home/ma-lab/Desktop/pyclln-final/device_model/nmos_lvl1_ald1106.lib",
    "device_subckt": "NMOSWRAP"
  },
  "train": {
    "acc": 0.9672929714683368,
    "hinge": 0.002256251148225469,
    "n_free": 1437,
    "n_clamp": 263,
    "hinge_active": 263,
    "hinge_active_frac": 0.18302018093249825,
    "skipped": 1174,
    "reload_free": 0,
    "reload_clamp": 0,
    "nonfinite_free": 0,
    "nonfinite_clamp": 0
  },
  "val": {
    "acc": 0.9527777777777777,
    "hinge": 0.003147095000000001,
    "test_gap_mean": 0.032028288333333335,
    "test_gap_median": 0.033799850000000006,
    "test_gap_std": 0.018762964378708853,
    "test_satisfy_frac": 0.7722222222222223,
    "test_hinge_mean": 0.0031470950000000004,
    "val_reloads": 0.0,
    "val_nonfinite": 0.0
  },
  "timing_s": {
    "epoch_total": 55.52034401893616,
    "train_free": 34.93071460723877,
    "train_clamp": 6.4199230670928955,
    "train_update": 0.5294327735900879
  },
  "vg_stats": {
    "vg_unique_min": 0.4990640398967669,
    "vg_unique_max": 3.9121374820788097,
    "vg_unique_sat_lo": 0.0,
    "vg_unique_sat_hi": 0.0
  }
}