{
  "epoch": 87,
  "config": {
    "seed": 0,
    "gamma": 0.3,
    "margin": 0.02,
    "delta": 0.05,
    "input_vmin": 0.0,
    "input_vmax": 1.0,
    "rails": [
      0.0,
      0.45
    ],
    "solver": "klu",
    "body_tie": "ground",
    "body_res": 10.0,
    "rs_clamp": 10.0,
    "model_vto": 0.75,
    "vg_cutoff": 0.6000000000000001,
    "vg_cutoff_epochs": 4,
    "vg_init": {
      "mode": "random",
      "lo": 1.0,
      "hi": 3.0,
      "fixed": 2.0
    },
    "epochs": 100,
    "device_include_path": "/home/ma-lab/Desktop/pyclln-final/device_model/nmos_lvl1_ald1106.lib",
    "device_subckt": "NMOSWRAP"
  },
  "train": {
    "acc": 0.9867780097425192,
    "hinge": 0.0009192621433542093,
    "n_free": 1437,
    "n_clamp": 141,
    "hinge_active": 141,
    "hinge_active_frac": 0.09812108559498957,
    "skipped": 1296,
    "reload_free": 0,
    "reload_clamp": 0,
    "nonfinite_free": 0,
    "nonfinite_clamp": 0
  },
  "val": {
    "acc": 0.9583333333333334,
    "hinge": 0.002594084166666668,
    "test_gap_mean": 0.04218732861111111,
    "test_gap_median": 0.0429317,
    "test_gap_std": 0.024165080039272195,
    "test_satisfy_frac": 0.8444444444444444,
    "test_hinge_mean": 0.0025940841666666674,
    "val_reloads": 0.0,
    "val_nonfinite": 0.0
  },
  "timing_s": {
    "epoch_total": 46.49067401885986,
    "train_free": 30.66715145111084,
    "train_clamp": 2.9904017448425293,
    "train_update": 0.2501413822174072
  },
  "vg_stats": {
    "vg_unique_min": 0.5892833634615406,
    "vg_unique_max": 4.204977720744416,
    "vg_unique_sat_lo": 0.0,
    "vg_unique_sat_hi": 0.0
  }
}