{
  "epoch": 11,
  "config": {
    "seed": 0,
    "gamma": 0.3,
    "margin": 0.02,
    "delta": 0.05,
    "input_vmin": 0.0,
    "input_vmax": 1.0,
    "rails": [
      0.0,
      0.45
    ],
    "solver": "klu",
    "body_tie": "ground",
    "body_res": 10.0,
    "rs_clamp": 10.0,
    "model_vto": 0.75,
    "vg_cutoff": 0.6000000000000001,
    "vg_cutoff_epochs": 4,
    "vg_init": {
      "mode": "random",
      "lo": 1.0,
      "hi": 3.0,
      "fixed": 2.0
    },
    "epochs": 100,
    "device_include_path": "/home/ma-lab/Desktop/pyclln-final/device_model/nmos_lvl1_ald1106.lib",
    "device_subckt": "NMOSWRAP"
  },
  "train": {
    "acc": 0.9617258176757133,
    "hinge": 0.002629074391092553,
    "n_free": 1437,
    "n_clamp": 316,
    "hinge_active": 316,
    "hinge_active_frac": 0.2199025748086291,
    "skipped": 1121,
    "reload_free": 0,
    "reload_clamp": 0,
    "nonfinite_free": 0,
    "nonfinite_clamp": 0
  },
  "val": {
    "acc": 0.9527777777777777,
    "hinge": 0.003254319444444443,
    "test_gap_mean": 0.030544058055555556,
    "test_gap_median": 0.032628199999999996,
    "test_gap_std": 0.017956605949425275,
    "test_satisfy_frac": 0.7527777777777778,
    "test_hinge_mean": 0.0032543194444444442,
    "val_reloads": 0.0,
    "val_nonfinite": 0.0
  },
  "timing_s": {
    "epoch_total": 55.178532123565674,
    "train_free": 33.40820813179016,
    "train_clamp": 7.355776309967041,
    "train_update": 0.6001536846160889
  },
  "vg_stats": {
    "vg_unique_min": 0.400952341067287,
    "vg_unique_max": 3.783943127171159,
    "vg_unique_sat_lo": 0.0,
    "vg_unique_sat_hi": 0.0
  }
}