{
  "epoch": 77,
  "config": {
    "seed": 0,
    "gamma": 0.3,
    "margin": 0.02,
    "delta": 0.05,
    "input_vmin": 0.0,
    "input_vmax": 1.0,
    "rails": [
      0.0,
      0.45
    ],
    "solver": "klu",
    "body_tie": "ground",
    "body_res": 10.0,
    "rs_clamp": 10.0,
    "model_vto": 0.75,
    "vg_cutoff": 0.6000000000000001,
    "vg_cutoff_epochs": 4,
    "vg_init": {
      "mode": "random",
      "lo": 1.0,
      "hi": 3.0,
      "fixed": 2.0
    },
    "epochs": 100,
    "device_include_path": "/home/ma-lab/Desktop/pyclln-final/device_model/nmos_lvl1_ald1106.lib",
    "device_subckt": "NMOSWRAP"
  },
  "train": {
    "acc": 0.988169798190675,
    "hinge": 0.0009877421016005567,
    "n_free": 1437,
    "n_clamp": 145,
    "hinge_active": 145,
    "hinge_active_frac": 0.10090466249130133,
    "skipped": 1292,
    "reload_free": 0,
    "reload_clamp": 0,
    "nonfinite_free": 0,
    "nonfinite_clamp": 0
  },
  "val": {
    "acc": 0.9555555555555556,
    "hinge": 0.002628366388888889,
    "test_gap_mean": 0.04145555527777778,
    "test_gap_median": 0.04259149999999998,
    "test_gap_std": 0.023563434479522503,
    "test_satisfy_frac": 0.8388888888888889,
    "test_hinge_mean": 0.002628366388888889,
    "val_reloads": 0.0,
    "val_nonfinite": 0.0
  },
  "timing_s": {
    "epoch_total": 43.03209733963013,
    "train_free": 28.479334354400635,
    "train_clamp": 2.8643620014190674,
    "train_update": 0.2422945499420166
  },
  "vg_stats": {
    "vg_unique_min": 0.5822316359452662,
    "vg_unique_max": 4.129013182946922,
    "vg_unique_sat_lo": 0.0,
    "vg_unique_sat_hi": 0.0
  }
}