{
  "epoch": 50,
  "config": {
    "seed": 0,
    "gamma": 0.3,
    "margin": 0.02,
    "delta": 0.05,
    "input_vmin": 0.0,
    "input_vmax": 1.0,
    "rails": [
      0.0,
      0.45
    ],
    "solver": "klu",
    "body_tie": "ground",
    "body_res": 10.0,
    "rs_clamp": 10.0,
    "model_vto": 0.75,
    "vg_cutoff": 0.6000000000000001,
    "vg_cutoff_epochs": 4,
    "vg_init": {
      "mode": "random",
      "lo": 1.0,
      "hi": 3.0,
      "fixed": 2.0
    },
    "epochs": 100,
    "device_include_path": "/home/ma-lab/Desktop/pyclln-final/device_model/nmos_lvl1_ald1106.lib",
    "device_subckt": "NMOSWRAP"
  },
  "train": {
    "acc": 0.9839944328462074,
    "hinge": 0.0012058295755045224,
    "n_free": 1437,
    "n_clamp": 178,
    "hinge_active": 178,
    "hinge_active_frac": 0.12386917188587335,
    "skipped": 1259,
    "reload_free": 0,
    "reload_clamp": 0,
    "nonfinite_free": 0,
    "nonfinite_clamp": 0
  },
  "val": {
    "acc": 0.9583333333333334,
    "hinge": 0.002524290833333333,
    "test_gap_mean": 0.03817421555555556,
    "test_gap_median": 0.038388800000000015,
    "test_gap_std": 0.021406605914054824,
    "test_satisfy_frac": 0.85,
    "test_hinge_mean": 0.002524290833333333,
    "val_reloads": 0.0,
    "val_nonfinite": 0.0
  },
  "timing_s": {
    "epoch_total": 46.42185664176941,
    "train_free": 30.403337478637695,
    "train_clamp": 3.7688210010528564,
    "train_update": 0.31830334663391113
  },
  "vg_stats": {
    "vg_unique_min": 0.5717734960818496,
    "vg_unique_max": 4.066365602319151,
    "vg_unique_sat_lo": 0.0,
    "vg_unique_sat_hi": 0.0
  }
}