{
  "test_gap_mean": 0.08788381027777778,
  "test_gap_median": 0.08721265,
  "test_gap_std": 0.05887963441051423,
  "test_satisfy_frac": 0.8777777777777778,
  "test_hinge_mean": 0.003974214722222222,
  "val_reloads": 0.0,
  "val_nonfinite": 0.0
}