{
  "test_gap_mean": 0.09260400583333332,
  "test_gap_median": 0.09714609999999996,
  "test_gap_std": 0.058593662163034556,
  "test_satisfy_frac": 0.8861111111111111,
  "test_hinge_mean": 0.0039618150000000005,
  "val_reloads": 0.0,
  "val_nonfinite": 0.0
}