{
  "test_gap_mean": 0.08948801194444445,
  "test_gap_median": 0.09622375000000005,
  "test_gap_std": 0.05691342385724758,
  "test_satisfy_frac": 0.8944444444444445,
  "test_hinge_mean": 0.0037521483333333347,
  "val_reloads": 0.0,
  "val_nonfinite": 0.0
}