{
  "test_gap_mean": 0.08792224055555556,
  "test_gap_median": 0.08852085000000004,
  "test_gap_std": 0.05482725364933706,
  "test_satisfy_frac": 0.8888888888888888,
  "test_hinge_mean": 0.002778559999999999,
  "val_reloads": 0.0,
  "val_nonfinite": 0.0
}