{
  "test_gap_mean": 0.09724561222222222,
  "test_gap_median": 0.09977235000000001,
  "test_gap_std": 0.058191756156807564,
  "test_satisfy_frac": 0.9111111111111111,
  "test_hinge_mean": 0.0030881455555555565,
  "val_reloads": 0.0,
  "val_nonfinite": 0.0
}