{
  "test_gap_mean": 0.09072571972222222,
  "test_gap_median": 0.08995909999999996,
  "test_gap_std": 0.059090412730367636,
  "test_satisfy_frac": 0.8638888888888889,
  "test_hinge_mean": 0.003452441111111111,
  "val_reloads": 0.0,
  "val_nonfinite": 0.0
}