{
  "test_gap_mean": 0.06730858194444446,
  "test_gap_median": 0.07105399999999998,
  "test_gap_std": 0.03740262858052347,
  "test_satisfy_frac": 0.8861111111111111,
  "test_hinge_mean": 0.002507602777777778,
  "val_reloads": 0.0,
  "val_nonfinite": 0.0
}