{
  "test_gap_mean": 0.08064554777777777,
  "test_gap_median": 0.08759564999999997,
  "test_gap_std": 0.0527299046849413,
  "test_satisfy_frac": 0.8722222222222222,
  "test_hinge_mean": 0.004228420277777778,
  "val_reloads": 0.0,
  "val_nonfinite": 0.0
}