{
  "test_gap_mean": 0.08782912583333333,
  "test_gap_median": 0.08803494999999997,
  "test_gap_std": 0.05816391346520504,
  "test_satisfy_frac": 0.8833333333333333,
  "test_hinge_mean": 0.0031548513888888883,
  "val_reloads": 0.0,
  "val_nonfinite": 0.0
}