{
  "test_gap_mean": 0.0936647611111111,
  "test_gap_median": 0.0942309,
  "test_gap_std": 0.05905229397119217,
  "test_satisfy_frac": 0.8944444444444445,
  "test_hinge_mean": 0.0033071022222222234,
  "val_reloads": 0.0,
  "val_nonfinite": 0.0
}