{
  "epoch": 50,
  "config": {
    "seed": 1,
    "gamma": 3.0,
    "margin": 0.02,
    "delta": 0.1,
    "input_vmin": 0.0,
    "input_vmax": 1.0,
    "rails": [
      0.0,
      0.45
    ],
    "solver": "klu",
    "body_tie": "floating",
    "body_res": 10.0,
    "rs_clamp": 10.0,
    "model_vto": 0.75,
    "vg_cutoff": 0.75,
    "vg_cutoff_epochs": 4,
    "vg_init": {
      "mode": "random",
      "lo": 0.75,
      "hi": 3.0,
      "fixed": 2.0
    },
    "epochs": 100,
    "device_include_path": "/home/ma-lab/Desktop/pyclln-final/device_model/nmos_lvl1_ald1106.lib",
    "device_subckt": "NMOSWRAP"
  },
  "train": {
    "acc": 0.9596381350034795,
    "hinge": 0.002186621433542099,
    "n_free": 1437,
    "n_clamp": 123,
    "hinge_active": 123,
    "hinge_active_frac": 0.08559498956158663,
    "skipped": 1314,
    "reload_free": 0,
    "reload_clamp": 0,
    "nonfinite_free": 0,
    "nonfinite_clamp": 0
  },
  "val": {
    "acc": 0.9388888888888889,
    "hinge": 0.0031543350000000003,
    "test_gap_mean": 0.09359711027777777,
    "test_gap_median": 0.09576704999999999,
    "test_gap_std": 0.05653224419816761,
    "test_satisfy_frac": 0.9083333333333333,
    "test_hinge_mean": 0.0031543349999999994,
    "val_reloads": 0.0,
    "val_nonfinite": 0.0
  },
  "timing_s": {
    "epoch_total": 19.632373809814453,
    "train_free": 12.46791696548462,
    "train_clamp": 1.057527780532837,
    "train_update": 0.13570261001586914
  },
  "vg_stats": {
    "vg_unique_min": 0.46978956011970957,
    "vg_unique_max": 5.87465809039669,
    "vg_unique_sat_lo": 0.0,
    "vg_unique_sat_hi": 0.0
  }
}