{
  "epoch": 89,
  "config": {
    "seed": 1,
    "gamma": 3.0,
    "margin": 0.02,
    "delta": 0.1,
    "input_vmin": 0.0,
    "input_vmax": 1.0,
    "rails": [
      0.0,
      0.45
    ],
    "solver": "klu",
    "body_tie": "floating",
    "body_res": 10.0,
    "rs_clamp": 10.0,
    "model_vto": 0.75,
    "vg_cutoff": 0.75,
    "vg_cutoff_epochs": 4,
    "vg_init": {
      "mode": "random",
      "lo": 0.75,
      "hi": 3.0,
      "fixed": 2.0
    },
    "epochs": 100,
    "device_include_path": "/home/ma-lab/Desktop/pyclln-final/device_model/nmos_lvl1_ald1106.lib",
    "device_subckt": "NMOSWRAP"
  },
  "train": {
    "acc": 0.9596381350034795,
    "hinge": 0.00240210410577592,
    "n_free": 1437,
    "n_clamp": 132,
    "hinge_active": 132,
    "hinge_active_frac": 0.0918580375782881,
    "skipped": 1305,
    "reload_free": 0,
    "reload_clamp": 0,
    "nonfinite_free": 0,
    "nonfinite_clamp": 0
  },
  "val": {
    "acc": 0.9416666666666667,
    "hinge": 0.00276353638888889,
    "test_gap_mean": 0.09562390138888889,
    "test_gap_median": 0.0947046,
    "test_gap_std": 0.05993400866278189,
    "test_satisfy_frac": 0.8861111111111111,
    "test_hinge_mean": 0.0027635363888888894,
    "val_reloads": 0.0,
    "val_nonfinite": 0.0
  },
  "timing_s": {
    "epoch_total": 18.011176347732544,
    "train_free": 10.92056655883789,
    "train_clamp": 0.9903430938720703,
    "train_update": 0.12140774726867676
  },
  "vg_stats": {
    "vg_unique_min": 0.4367964423169297,
    "vg_unique_max": 5.747137354243777,
    "vg_unique_sat_lo": 0.0,
    "vg_unique_sat_hi": 0.0
  }
}