{
  "epoch": 88,
  "config": {
    "seed": 1,
    "gamma": 3.0,
    "margin": 0.02,
    "delta": 0.1,
    "input_vmin": 0.0,
    "input_vmax": 1.0,
    "rails": [
      0.0,
      0.45
    ],
    "solver": "klu",
    "body_tie": "floating",
    "body_res": 10.0,
    "rs_clamp": 10.0,
    "model_vto": 0.75,
    "vg_cutoff": 0.75,
    "vg_cutoff_epochs": 4,
    "vg_init": {
      "mode": "random",
      "lo": 0.75,
      "hi": 3.0,
      "fixed": 2.0
    },
    "epochs": 100,
    "device_include_path": "/home/ma-lab/Desktop/pyclln-final/device_model/nmos_lvl1_ald1106.lib",
    "device_subckt": "NMOSWRAP"
  },
  "train": {
    "acc": 0.9596381350034795,
    "hinge": 0.002350429575504521,
    "n_free": 1437,
    "n_clamp": 144,
    "hinge_active": 144,
    "hinge_active_frac": 0.10020876826722339,
    "skipped": 1293,
    "reload_free": 0,
    "reload_clamp": 0,
    "nonfinite_free": 0,
    "nonfinite_clamp": 0
  },
  "val": {
    "acc": 0.9277777777777778,
    "hinge": 0.003832225833333334,
    "test_gap_mean": 0.09420347999999999,
    "test_gap_median": 0.09308464999999999,
    "test_gap_std": 0.06274206967673321,
    "test_satisfy_frac": 0.8638888888888889,
    "test_hinge_mean": 0.0038322258333333336,
    "val_reloads": 0.0,
    "val_nonfinite": 0.0
  },
  "timing_s": {
    "epoch_total": 18.536005973815918,
    "train_free": 11.136482238769531,
    "train_clamp": 1.1075091361999512,
    "train_update": 0.13480091094970703
  },
  "vg_stats": {
    "vg_unique_min": 0.5127222117236798,
    "vg_unique_max": 5.958768898137786,
    "vg_unique_sat_lo": 0.0,
    "vg_unique_sat_hi": 0.0
  }
}