{
  "epoch": 72,
  "config": {
    "seed": 1,
    "gamma": 3.0,
    "margin": 0.02,
    "delta": 0.1,
    "input_vmin": 0.0,
    "input_vmax": 1.0,
    "rails": [
      0.0,
      0.45
    ],
    "solver": "klu",
    "body_tie": "floating",
    "body_res": 10.0,
    "rs_clamp": 10.0,
    "model_vto": 0.75,
    "vg_cutoff": 0.75,
    "vg_cutoff_epochs": 4,
    "vg_init": {
      "mode": "random",
      "lo": 0.75,
      "hi": 3.0,
      "fixed": 2.0
    },
    "epochs": 100,
    "device_include_path": "/home/ma-lab/Desktop/pyclln-final/device_model/nmos_lvl1_ald1106.lib",
    "device_subckt": "NMOSWRAP"
  },
  "train": {
    "acc": 0.953375086986778,
    "hinge": 0.0023837830201809307,
    "n_free": 1437,
    "n_clamp": 152,
    "hinge_active": 152,
    "hinge_active_frac": 0.1057759220598469,
    "skipped": 1285,
    "reload_free": 0,
    "reload_clamp": 0,
    "nonfinite_free": 0,
    "nonfinite_clamp": 0
  },
  "val": {
    "acc": 0.9361111111111111,
    "hinge": 0.00350981861111111,
    "test_gap_mean": 0.09340289194444445,
    "test_gap_median": 0.09123049999999999,
    "test_gap_std": 0.060598520205129285,
    "test_satisfy_frac": 0.8833333333333333,
    "test_hinge_mean": 0.003509818611111111,
    "val_reloads": 0.0,
    "val_nonfinite": 0.0
  },
  "timing_s": {
    "epoch_total": 15.69429636001587,
    "train_free": 9.586924314498901,
    "train_clamp": 1.00431227684021,
    "train_update": 0.12308597564697266
  },
  "vg_stats": {
    "vg_unique_min": 0.4159185934224402,
    "vg_unique_max": 5.647710814288034,
    "vg_unique_sat_lo": 0.0,
    "vg_unique_sat_hi": 0.0
  }
}