{
  "epoch": 96,
  "config": {
    "seed": 1,
    "gamma": 3.0,
    "margin": 0.02,
    "delta": 0.1,
    "input_vmin": 0.0,
    "input_vmax": 1.0,
    "rails": [
      0.0,
      0.45
    ],
    "solver": "klu",
    "body_tie": "floating",
    "body_res": 10.0,
    "rs_clamp": 10.0,
    "model_vto": 0.75,
    "vg_cutoff": 0.75,
    "vg_cutoff_epochs": 4,
    "vg_init": {
      "mode": "random",
      "lo": 0.75,
      "hi": 3.0,
      "fixed": 2.0
    },
    "epochs": 100,
    "device_include_path": "/home/ma-lab/Desktop/pyclln-final/device_model/nmos_lvl1_ald1106.lib",
    "device_subckt": "NMOSWRAP"
  },
  "train": {
    "acc": 0.9526791927627001,
    "hinge": 0.0025027598469032704,
    "n_free": 1437,
    "n_clamp": 128,
    "hinge_active": 128,
    "hinge_active_frac": 0.08907446068197634,
    "skipped": 1309,
    "reload_free": 0,
    "reload_clamp": 0,
    "nonfinite_free": 0,
    "nonfinite_clamp": 0
  },
  "val": {
    "acc": 0.9222222222222223,
    "hinge": 0.004001037777777777,
    "test_gap_mean": 0.09611562055555556,
    "test_gap_median": 0.09992479999999998,
    "test_gap_std": 0.06381328687472686,
    "test_satisfy_frac": 0.8805555555555555,
    "test_hinge_mean": 0.004001037777777778,
    "val_reloads": 0.0,
    "val_nonfinite": 0.0
  },
  "timing_s": {
    "epoch_total": 13.495575189590454,
    "train_free": 8.250348329544067,
    "train_clamp": 0.7226696014404297,
    "train_update": 0.13370800018310547
  },
  "vg_stats": {
    "vg_unique_min": 0.5444151539726193,
    "vg_unique_max": 5.443329483725415,
    "vg_unique_sat_lo": 0.0,
    "vg_unique_sat_hi": 0.0
  }
}