{
  "epoch": 86,
  "config": {
    "seed": 1,
    "gamma": 3.0,
    "margin": 0.02,
    "delta": 0.1,
    "input_vmin": 0.0,
    "input_vmax": 1.0,
    "rails": [
      0.0,
      0.45
    ],
    "solver": "klu",
    "body_tie": "floating",
    "body_res": 10.0,
    "rs_clamp": 10.0,
    "model_vto": 0.75,
    "vg_cutoff": 0.75,
    "vg_cutoff_epochs": 4,
    "vg_init": {
      "mode": "random",
      "lo": 0.75,
      "hi": 3.0,
      "fixed": 2.0
    },
    "epochs": 100,
    "device_include_path": "/home/ma-lab/Desktop/pyclln-final/device_model/nmos_lvl1_ald1106.lib",
    "device_subckt": "NMOSWRAP"
  },
  "train": {
    "acc": 0.9610299234516354,
    "hinge": 0.00223244425887265,
    "n_free": 1437,
    "n_clamp": 138,
    "hinge_active": 138,
    "hinge_active_frac": 0.09603340292275574,
    "skipped": 1299,
    "reload_free": 0,
    "reload_clamp": 0,
    "nonfinite_free": 0,
    "nonfinite_clamp": 0
  },
  "val": {
    "acc": 0.9388888888888889,
    "hinge": 0.0035976480555555547,
    "test_gap_mean": 0.08771621472222221,
    "test_gap_median": 0.09002109999999999,
    "test_gap_std": 0.057791111456237415,
    "test_satisfy_frac": 0.8638888888888889,
    "test_hinge_mean": 0.0035976480555555555,
    "val_reloads": 0.0,
    "val_nonfinite": 0.0
  },
  "timing_s": {
    "epoch_total": 18.73872399330139,
    "train_free": 11.304477453231812,
    "train_clamp": 1.07265043258667,
    "train_update": 0.12862062454223633
  },
  "vg_stats": {
    "vg_unique_min": 0.4,
    "vg_unique_max": 5.688194374856314,
    "vg_unique_sat_lo": 1.0,
    "vg_unique_sat_hi": 0.0
  }
}