{
  "epoch": 34,
  "config": {
    "seed": 1,
    "gamma": 3.0,
    "margin": 0.02,
    "delta": 0.1,
    "input_vmin": 0.0,
    "input_vmax": 1.0,
    "rails": [
      0.0,
      0.45
    ],
    "solver": "klu",
    "body_tie": "floating",
    "body_res": 10.0,
    "rs_clamp": 10.0,
    "model_vto": 0.75,
    "vg_cutoff": 0.75,
    "vg_cutoff_epochs": 4,
    "vg_init": {
      "mode": "random",
      "lo": 0.75,
      "hi": 3.0,
      "fixed": 2.0
    },
    "epochs": 100,
    "device_include_path": "/home/ma-lab/Desktop/pyclln-final/device_model/nmos_lvl1_ald1106.lib",
    "device_subckt": "NMOSWRAP"
  },
  "train": {
    "acc": 0.9659011830201809,
    "hinge": 0.0018558136395267905,
    "n_free": 1437,
    "n_clamp": 120,
    "hinge_active": 120,
    "hinge_active_frac": 0.08350730688935282,
    "skipped": 1317,
    "reload_free": 0,
    "reload_clamp": 0,
    "nonfinite_free": 0,
    "nonfinite_clamp": 0
  },
  "val": {
    "acc": 0.9472222222222222,
    "hinge": 0.002968398888888889,
    "test_gap_mean": 0.08904170277777779,
    "test_gap_median": 0.08636569999999999,
    "test_gap_std": 0.05699811021079113,
    "test_satisfy_frac": 0.8944444444444445,
    "test_hinge_mean": 0.002968398888888889,
    "val_reloads": 0.0,
    "val_nonfinite": 0.0
  },
  "timing_s": {
    "epoch_total": 25.846763849258423,
    "train_free": 16.481635332107544,
    "train_clamp": 1.3696041107177734,
    "train_update": 0.13689804077148438
  },
  "vg_stats": {
    "vg_unique_min": 0.50591886270511,
    "vg_unique_max": 6.719797947910711,
    "vg_unique_sat_lo": 0.0,
    "vg_unique_sat_hi": 0.0
  }
}