{
  "epoch": 19,
  "config": {
    "seed": 1,
    "gamma": 3.0,
    "margin": 0.02,
    "delta": 0.1,
    "input_vmin": 0.0,
    "input_vmax": 1.0,
    "rails": [
      0.0,
      0.45
    ],
    "solver": "klu",
    "body_tie": "floating",
    "body_res": 10.0,
    "rs_clamp": 10.0,
    "model_vto": 0.75,
    "vg_cutoff": 0.75,
    "vg_cutoff_epochs": 4,
    "vg_init": {
      "mode": "random",
      "lo": 0.75,
      "hi": 3.0,
      "fixed": 2.0
    },
    "epochs": 100,
    "device_include_path": "/home/ma-lab/Desktop/pyclln-final/device_model/nmos_lvl1_ald1106.lib",
    "device_subckt": "NMOSWRAP"
  },
  "train": {
    "acc": 0.9631176061238692,
    "hinge": 0.0018914495476687534,
    "n_free": 1437,
    "n_clamp": 118,
    "hinge_active": 118,
    "hinge_active_frac": 0.08211551844119694,
    "skipped": 1319,
    "reload_free": 0,
    "reload_clamp": 0,
    "nonfinite_free": 0,
    "nonfinite_clamp": 0
  },
  "val": {
    "acc": 0.9388888888888889,
    "hinge": 0.0028451697222222233,
    "test_gap_mean": 0.08342468777777777,
    "test_gap_median": 0.08764430000000006,
    "test_gap_std": 0.05132007101587779,
    "test_satisfy_frac": 0.8777777777777778,
    "test_hinge_mean": 0.002845169722222222,
    "val_reloads": 0.0,
    "val_nonfinite": 0.0
  },
  "timing_s": {
    "epoch_total": 38.21745014190674,
    "train_free": 25.213865518569946,
    "train_clamp": 2.051392078399658,
    "train_update": 0.1743755340576172
  },
  "vg_stats": {
    "vg_unique_min": 0.4,
    "vg_unique_max": 7.586384727773332,
    "vg_unique_sat_lo": 4.0,
    "vg_unique_sat_hi": 0.0
  }
}