{
  "test_gap_mean": -0.008157637222222224,
  "test_gap_median": -0.007064299999999996,
  "test_gap_std": 0.017829080936558023,
  "test_satisfy_frac": 0.0,
  "test_hinge_mean": 0.10815763722222221,
  "val_reloads": 0.0,
  "val_nonfinite": 0.0
}