{
  "test_gap_mean": 0.03330895111111112,
  "test_gap_median": 0.03368315000000002,
  "test_gap_std": 0.03059519994502131,
  "test_satisfy_frac": 0.0,
  "test_hinge_mean": 0.0666910488888889,
  "val_reloads": 0.0,
  "val_nonfinite": 0.0
}