{
  "test_gap_mean": 0.02162515722222222,
  "test_gap_median": 0.02076059999999999,
  "test_gap_std": 0.023389646063743035,
  "test_satisfy_frac": 0.0,
  "test_hinge_mean": 0.07837484277777779,
  "val_reloads": 0.0,
  "val_nonfinite": 0.0
}