{
  "test_gap_mean": -0.004555141944444442,
  "test_gap_median": -0.003413050000000001,
  "test_gap_std": 0.017486232728244355,
  "test_satisfy_frac": 0.0,
  "test_hinge_mean": 0.10455514194444444,
  "val_reloads": 0.0,
  "val_nonfinite": 0.0
}