{
  "test_gap_mean": 0.005659508055555557,
  "test_gap_median": 0.00583690000000002,
  "test_gap_std": 0.0178817825585618,
  "test_satisfy_frac": 0.0,
  "test_hinge_mean": 0.09434049194444445,
  "val_reloads": 0.0,
  "val_nonfinite": 0.0
}