{
  "test_gap_mean": 0.05902186944444444,
  "test_gap_median": 0.05991644999999998,
  "test_gap_std": 0.04406286694637069,
  "test_satisfy_frac": 0.20277777777777778,
  "test_hinge_mean": 0.04461255666666667,
  "val_reloads": 0.0,
  "val_nonfinite": 0.0
}