{
  "test_gap_mean": 0.04700953583333334,
  "test_gap_median": 0.04563610000000001,
  "test_gap_std": 0.039102748952100815,
  "test_satisfy_frac": 0.09444444444444444,
  "test_hinge_mean": 0.05390190250000001,
  "val_reloads": 0.0,
  "val_nonfinite": 0.0
}