{
  "test_gap_mean": 0.05935491249999999,
  "test_gap_median": 0.06010370000000001,
  "test_gap_std": 0.04417697710989206,
  "test_satisfy_frac": 0.20833333333333334,
  "test_hinge_mean": 0.04436054972222223,
  "val_reloads": 0.0,
  "val_nonfinite": 0.0
}