{
  "test_gap_mean": 0.04300551944444444,
  "test_gap_median": 0.04309730000000003,
  "test_gap_std": 0.03675551535240074,
  "test_satisfy_frac": 0.058333333333333334,
  "test_hinge_mean": 0.057362212499999995,
  "val_reloads": 0.0,
  "val_nonfinite": 0.0
}