{
  "epoch": 54,
  "config": {
    "seed": 2,
    "gamma": 0.03,
    "margin": 0.1,
    "delta": 0.1,
    "input_vmin": 0.0,
    "input_vmax": 1.0,
    "rails": [
      0.0,
      0.45
    ],
    "solver": "klu",
    "body_tie": "source",
    "body_res": 10.0,
    "rs_clamp": 10.0,
    "model_vto": 0.75,
    "vg_cutoff": 0.75,
    "vg_cutoff_epochs": 4,
    "vg_init": {
      "mode": "random",
      "lo": 1.0,
      "hi": 6.0,
      "fixed": 2.0
    },
    "epochs": 100,
    "device_include_path": "/home/ma-lab/Desktop/pyclln-final/device_model/nmos_lvl1_ald1106.lib",
    "device_subckt": "NMOSWRAP"
  },
  "train": {
    "acc": 0.8810020876826722,
    "hinge": 0.05882957891440502,
    "n_free": 1437,
    "n_clamp": 1396,
    "hinge_active": 1396,
    "hinge_active_frac": 0.9714683368128044,
    "skipped": 41,
    "reload_free": 0,
    "reload_clamp": 0,
    "nonfinite_free": 0,
    "nonfinite_clamp": 0
  },
  "val": {
    "acc": 0.8805555555555555,
    "hinge": 0.05914958416666669,
    "test_gap_mean": 0.041044777222222224,
    "test_gap_median": 0.0411386,
    "test_gap_std": 0.03546817002925116,
    "test_satisfy_frac": 0.03611111111111111,
    "test_hinge_mean": 0.05914958416666667,
    "val_reloads": 0.0,
    "val_nonfinite": 0.0
  },
  "timing_s": {
    "epoch_total": 104.65606236457825,
    "train_free": 40.512104988098145,
    "train_clamp": 39.46517252922058,
    "train_update": 3.7495858669281006
  },
  "vg_stats": {
    "vg_unique_min": 0.5240879076385846,
    "vg_unique_max": 8.0,
    "vg_unique_sat_lo": 0.0,
    "vg_unique_sat_hi": 1.0
  }
}