{
  "epoch": 18,
  "config": {
    "seed": 2,
    "gamma": 0.03,
    "margin": 0.1,
    "delta": 0.1,
    "input_vmin": 0.0,
    "input_vmax": 1.0,
    "rails": [
      0.0,
      0.45
    ],
    "solver": "klu",
    "body_tie": "source",
    "body_res": 10.0,
    "rs_clamp": 10.0,
    "model_vto": 0.75,
    "vg_cutoff": 0.75,
    "vg_cutoff_epochs": 4,
    "vg_init": {
      "mode": "random",
      "lo": 1.0,
      "hi": 6.0,
      "fixed": 2.0
    },
    "epochs": 100,
    "device_include_path": "/home/ma-lab/Desktop/pyclln-final/device_model/nmos_lvl1_ald1106.lib",
    "device_subckt": "NMOSWRAP"
  },
  "train": {
    "acc": 0.6951983298538622,
    "hinge": 0.09180049846903253,
    "n_free": 1437,
    "n_clamp": 1437,
    "hinge_active": 1437,
    "hinge_active_frac": 1.0,
    "skipped": 0,
    "reload_free": 0,
    "reload_clamp": 0,
    "nonfinite_free": 0,
    "nonfinite_clamp": 0
  },
  "val": {
    "acc": 0.6833333333333333,
    "hinge": 0.0918885508333334,
    "test_gap_mean": 0.008111449166666666,
    "test_gap_median": 0.008729149999999991,
    "test_gap_std": 0.01822549377929319,
    "test_satisfy_frac": 0.0,
    "test_hinge_mean": 0.09188855083333335,
    "val_reloads": 0.0,
    "val_nonfinite": 0.0
  },
  "timing_s": {
    "epoch_total": 107.06996822357178,
    "train_free": 41.441575050354004,
    "train_clamp": 42.41897463798523,
    "train_update": 3.6492109298706055
  },
  "vg_stats": {
    "vg_unique_min": 0.5907225812397566,
    "vg_unique_max": 6.619221490384414,
    "vg_unique_sat_lo": 0.0,
    "vg_unique_sat_hi": 0.0
  }
}