{
  "epoch": 63,
  "config": {
    "seed": 2,
    "gamma": 0.03,
    "margin": 0.1,
    "delta": 0.1,
    "input_vmin": 0.0,
    "input_vmax": 1.0,
    "rails": [
      0.0,
      0.45
    ],
    "solver": "klu",
    "body_tie": "source",
    "body_res": 10.0,
    "rs_clamp": 10.0,
    "model_vto": 0.75,
    "vg_cutoff": 0.75,
    "vg_cutoff_epochs": 4,
    "vg_init": {
      "mode": "random",
      "lo": 1.0,
      "hi": 6.0,
      "fixed": 2.0
    },
    "epochs": 100,
    "device_include_path": "/home/ma-lab/Desktop/pyclln-final/device_model/nmos_lvl1_ald1106.lib",
    "device_subckt": "NMOSWRAP"
  },
  "train": {
    "acc": 0.8907446068197634,
    "hinge": 0.0538229597773138,
    "n_free": 1437,
    "n_clamp": 1323,
    "hinge_active": 1323,
    "hinge_active_frac": 0.9206680584551148,
    "skipped": 114,
    "reload_free": 0,
    "reload_clamp": 0,
    "nonfinite_free": 0,
    "nonfinite_clamp": 0
  },
  "val": {
    "acc": 0.8833333333333333,
    "hinge": 0.054343924722222235,
    "test_gap_mean": 0.04647852305555556,
    "test_gap_median": 0.0453605,
    "test_gap_std": 0.03878910150045939,
    "test_satisfy_frac": 0.08333333333333333,
    "test_hinge_mean": 0.05434392472222223,
    "val_reloads": 0.0,
    "val_nonfinite": 0.0
  },
  "timing_s": {
    "epoch_total": 96.24158787727356,
    "train_free": 38.41580057144165,
    "train_clamp": 35.032013177871704,
    "train_update": 2.9807629585266113
  },
  "vg_stats": {
    "vg_unique_min": 0.6324553512720323,
    "vg_unique_max": 8.0,
    "vg_unique_sat_lo": 0.0,
    "vg_unique_sat_hi": 1.0
  }
}