{
  "test_gap_mean": 0.09577451111111111,
  "test_gap_median": 0.10095249999999997,
  "test_gap_std": 0.055516362392168665,
  "test_satisfy_frac": 0.8083333333333333,
  "test_hinge_mean": 0.007226190833333333,
  "val_reloads": 0.0,
  "val_nonfinite": 0.0
}