{
  "test_gap_mean": 0.10377704027777779,
  "test_gap_median": 0.10740770000000002,
  "test_gap_std": 0.06423962668610668,
  "test_satisfy_frac": 0.8277777777777777,
  "test_hinge_mean": 0.007775478888888887,
  "val_reloads": 0.0,
  "val_nonfinite": 0.0
}