{
  "test_gap_mean": 0.07463759611111112,
  "test_gap_median": 0.07896645000000002,
  "test_gap_std": 0.04017008622739046,
  "test_satisfy_frac": 0.7638888888888888,
  "test_hinge_mean": 0.007224203611111111,
  "val_reloads": 0.0,
  "val_nonfinite": 0.0
}