{
  "test_gap_mean": 0.09564583333333335,
  "test_gap_median": 0.09819669999999997,
  "test_gap_std": 0.05445713158757895,
  "test_satisfy_frac": 0.8194444444444444,
  "test_hinge_mean": 0.006834174166666666,
  "val_reloads": 0.0,
  "val_nonfinite": 0.0
}