{
  "test_gap_mean": 0.09651224555555554,
  "test_gap_median": 0.10097615000000001,
  "test_gap_std": 0.058698677920870516,
  "test_satisfy_frac": 0.8111111111111111,
  "test_hinge_mean": 0.007737354166666668,
  "val_reloads": 0.0,
  "val_nonfinite": 0.0
}