{
  "test_gap_mean": 0.10188176861111112,
  "test_gap_median": 0.10502704999999996,
  "test_gap_std": 0.06368588892763571,
  "test_satisfy_frac": 0.8083333333333333,
  "test_hinge_mean": 0.007588691111111112,
  "val_reloads": 0.0,
  "val_nonfinite": 0.0
}