{
  "test_gap_mean": 0.06505418611111112,
  "test_gap_median": 0.07228565,
  "test_gap_std": 0.03560099667357918,
  "test_satisfy_frac": 0.7222222222222222,
  "test_hinge_mean": 0.008611515277777778,
  "val_reloads": 0.0,
  "val_nonfinite": 0.0
}