{
  "test_gap_mean": 0.09999649916666667,
  "test_gap_median": 0.10232885,
  "test_gap_std": 0.06248675327931312,
  "test_satisfy_frac": 0.8055555555555556,
  "test_hinge_mean": 0.008212969166666667,
  "val_reloads": 0.0,
  "val_nonfinite": 0.0
}