{
  "test_gap_mean": 0.09804303722222221,
  "test_gap_median": 0.10075829999999994,
  "test_gap_std": 0.06140579174604518,
  "test_satisfy_frac": 0.8,
  "test_hinge_mean": 0.008059976666666668,
  "val_reloads": 0.0,
  "val_nonfinite": 0.0
}