{
  "test_gap_mean": 0.05031948555555555,
  "test_gap_median": 0.05487154999999996,
  "test_gap_std": 0.027660691400178385,
  "test_satisfy_frac": 0.5583333333333333,
  "test_hinge_mean": 0.01088642666666667,
  "val_reloads": 0.0,
  "val_nonfinite": 0.0
}