{
  "test_gap_mean": 0.09655987277777779,
  "test_gap_median": 0.10279615,
  "test_gap_std": 0.055510964829932806,
  "test_satisfy_frac": 0.8194444444444444,
  "test_hinge_mean": 0.0071226269444444445,
  "val_reloads": 0.0,
  "val_nonfinite": 0.0
}