{
  "test_gap_mean": 0.07872647833333334,
  "test_gap_median": 0.08368845,
  "test_gap_std": 0.042342173752833494,
  "test_satisfy_frac": 0.7861111111111111,
  "test_hinge_mean": 0.0067642725000000015,
  "val_reloads": 0.0,
  "val_nonfinite": 0.0
}