{
  "test_gap_mean": 0.07473963944444445,
  "test_gap_median": 0.0810747,
  "test_gap_std": 0.04063658571207929,
  "test_satisfy_frac": 0.7583333333333333,
  "test_hinge_mean": 0.0074918894444444455,
  "val_reloads": 0.0,
  "val_nonfinite": 0.0
}