{
  "epoch": 29,
  "config": {
    "seed": 1,
    "gamma": 0.3,
    "margin": 0.05,
    "delta": 0.1,
    "input_vmin": 0.0,
    "input_vmax": 1.0,
    "rails": [
      0.0,
      0.45
    ],
    "solver": "klu",
    "body_tie": "source",
    "body_res": 10.0,
    "rs_clamp": 10.0,
    "model_vto": 0.75,
    "vg_cutoff": 0.75,
    "vg_cutoff_epochs": 4,
    "vg_init": {
      "mode": "fixed",
      "lo": 1.0,
      "hi": 3.0,
      "fixed": 2.0
    },
    "epochs": 100,
    "device_include_path": "/home/ma-lab/Desktop/pyclln-final/device_model/nmos_lvl1_ald1106.lib",
    "device_subckt": "NMOSWRAP"
  },
  "train": {
    "acc": 0.9624217118997912,
    "hinge": 0.005466030897703546,
    "n_free": 1437,
    "n_clamp": 232,
    "hinge_active": 232,
    "hinge_active_frac": 0.16144745998608212,
    "skipped": 1205,
    "reload_free": 0,
    "reload_clamp": 0,
    "nonfinite_free": 0,
    "nonfinite_clamp": 0
  },
  "val": {
    "acc": 0.95,
    "hinge": 0.006927744444444445,
    "test_gap_mean": 0.09266086166666666,
    "test_gap_median": 0.09923965000000004,
    "test_gap_std": 0.050571741913087935,
    "test_satisfy_frac": 0.8083333333333333,
    "test_hinge_mean": 0.006927744444444447,
    "val_reloads": 0.0,
    "val_nonfinite": 0.0
  },
  "timing_s": {
    "epoch_total": 28.207335233688354,
    "train_free": 16.804924964904785,
    "train_clamp": 2.726776361465454,
    "train_update": 0.3353562355041504
  },
  "vg_stats": {
    "vg_unique_min": 0.6330381564645989,
    "vg_unique_max": 4.347333320936562,
    "vg_unique_sat_lo": 0.0,
    "vg_unique_sat_hi": 0.0
  }
}