{
  "epoch": 22,
  "config": {
    "seed": 1,
    "gamma": 0.3,
    "margin": 0.05,
    "delta": 0.1,
    "input_vmin": 0.0,
    "input_vmax": 1.0,
    "rails": [
      0.0,
      0.45
    ],
    "solver": "klu",
    "body_tie": "source",
    "body_res": 10.0,
    "rs_clamp": 10.0,
    "model_vto": 0.75,
    "vg_cutoff": 0.75,
    "vg_cutoff_epochs": 4,
    "vg_init": {
      "mode": "fixed",
      "lo": 1.0,
      "hi": 3.0,
      "fixed": 2.0
    },
    "epochs": 100,
    "device_include_path": "/home/ma-lab/Desktop/pyclln-final/device_model/nmos_lvl1_ald1106.lib",
    "device_subckt": "NMOSWRAP"
  },
  "train": {
    "acc": 0.9638135003479471,
    "hinge": 0.005646008837856647,
    "n_free": 1437,
    "n_clamp": 252,
    "hinge_active": 252,
    "hinge_active_frac": 0.17536534446764093,
    "skipped": 1185,
    "reload_free": 0,
    "reload_clamp": 0,
    "nonfinite_free": 0,
    "nonfinite_clamp": 0
  },
  "val": {
    "acc": 0.9527777777777777,
    "hinge": 0.007105127777777781,
    "test_gap_mean": 0.08648911805555556,
    "test_gap_median": 0.09281650000000002,
    "test_gap_std": 0.04741682908331974,
    "test_satisfy_frac": 0.7944444444444444,
    "test_hinge_mean": 0.007105127777777776,
    "val_reloads": 0.0,
    "val_nonfinite": 0.0
  },
  "timing_s": {
    "epoch_total": 40.74328923225403,
    "train_free": 24.53671431541443,
    "train_clamp": 4.310884952545166,
    "train_update": 0.5139591693878174
  },
  "vg_stats": {
    "vg_unique_min": 0.5691344409670094,
    "vg_unique_max": 4.324356025154265,
    "vg_unique_sat_lo": 0.0,
    "vg_unique_sat_hi": 0.0
  }
}