{
  "epoch": 75,
  "config": {
    "seed": 1,
    "gamma": 0.3,
    "margin": 0.05,
    "delta": 0.1,
    "input_vmin": 0.0,
    "input_vmax": 1.0,
    "rails": [
      0.0,
      0.45
    ],
    "solver": "klu",
    "body_tie": "source",
    "body_res": 10.0,
    "rs_clamp": 10.0,
    "model_vto": 0.75,
    "vg_cutoff": 0.75,
    "vg_cutoff_epochs": 4,
    "vg_init": {
      "mode": "fixed",
      "lo": 1.0,
      "hi": 3.0,
      "fixed": 2.0
    },
    "epochs": 100,
    "device_include_path": "/home/ma-lab/Desktop/pyclln-final/device_model/nmos_lvl1_ald1106.lib",
    "device_subckt": "NMOSWRAP"
  },
  "train": {
    "acc": 0.9568545581071677,
    "hinge": 0.006410200487125959,
    "n_free": 1437,
    "n_clamp": 244,
    "hinge_active": 244,
    "hinge_active_frac": 0.1697981906750174,
    "skipped": 1193,
    "reload_free": 0,
    "reload_clamp": 0,
    "nonfinite_free": 0,
    "nonfinite_clamp": 0
  },
  "val": {
    "acc": 0.9444444444444444,
    "hinge": 0.0076734016666666705,
    "test_gap_mean": 0.09829797833333333,
    "test_gap_median": 0.10376025000000003,
    "test_gap_std": 0.05922776566518281,
    "test_satisfy_frac": 0.7944444444444444,
    "test_hinge_mean": 0.007673401666666668,
    "val_reloads": 0.0,
    "val_nonfinite": 0.0
  },
  "timing_s": {
    "epoch_total": 16.225658893585205,
    "train_free": 8.883644342422485,
    "train_clamp": 1.4889893531799316,
    "train_update": 0.2505345344543457
  },
  "vg_stats": {
    "vg_unique_min": 0.6995138170206487,
    "vg_unique_max": 3.9560868370206497,
    "vg_unique_sat_lo": 0.0,
    "vg_unique_sat_hi": 0.0
  }
}