{
  "epoch": 60,
  "config": {
    "seed": 1,
    "gamma": 0.3,
    "margin": 0.05,
    "delta": 0.1,
    "input_vmin": 0.0,
    "input_vmax": 1.0,
    "rails": [
      0.0,
      0.45
    ],
    "solver": "klu",
    "body_tie": "source",
    "body_res": 10.0,
    "rs_clamp": 10.0,
    "model_vto": 0.75,
    "vg_cutoff": 0.75,
    "vg_cutoff_epochs": 4,
    "vg_init": {
      "mode": "fixed",
      "lo": 1.0,
      "hi": 3.0,
      "fixed": 2.0
    },
    "epochs": 100,
    "device_include_path": "/home/ma-lab/Desktop/pyclln-final/device_model/nmos_lvl1_ald1106.lib",
    "device_subckt": "NMOSWRAP"
  },
  "train": {
    "acc": 0.9596381350034795,
    "hinge": 0.005614926304801674,
    "n_free": 1437,
    "n_clamp": 258,
    "hinge_active": 258,
    "hinge_active_frac": 0.17954070981210857,
    "skipped": 1179,
    "reload_free": 0,
    "reload_clamp": 0,
    "nonfinite_free": 0,
    "nonfinite_clamp": 0
  },
  "val": {
    "acc": 0.9472222222222222,
    "hinge": 0.007480824444444445,
    "test_gap_mean": 0.09716128277777777,
    "test_gap_median": 0.10262614999999997,
    "test_gap_std": 0.05810802107326858,
    "test_satisfy_frac": 0.8166666666666667,
    "test_hinge_mean": 0.0074808244444444436,
    "val_reloads": 0.0,
    "val_nonfinite": 0.0
  },
  "timing_s": {
    "epoch_total": 17.74801754951477,
    "train_free": 9.636269092559814,
    "train_clamp": 1.7205016613006592,
    "train_update": 0.279742956161499
  },
  "vg_stats": {
    "vg_unique_min": 0.6920338560150414,
    "vg_unique_max": 4.189480202362643,
    "vg_unique_sat_lo": 0.0,
    "vg_unique_sat_hi": 0.0
  }
}