{
  "epoch": 47,
  "config": {
    "seed": 1,
    "gamma": 0.3,
    "margin": 0.05,
    "delta": 0.1,
    "input_vmin": 0.0,
    "input_vmax": 1.0,
    "rails": [
      0.0,
      0.45
    ],
    "solver": "klu",
    "body_tie": "source",
    "body_res": 10.0,
    "rs_clamp": 10.0,
    "model_vto": 0.75,
    "vg_cutoff": 0.75,
    "vg_cutoff_epochs": 4,
    "vg_init": {
      "mode": "fixed",
      "lo": 1.0,
      "hi": 3.0,
      "fixed": 2.0
    },
    "epochs": 100,
    "device_include_path": "/home/ma-lab/Desktop/pyclln-final/device_model/nmos_lvl1_ald1106.lib",
    "device_subckt": "NMOSWRAP"
  },
  "train": {
    "acc": 0.9610299234516354,
    "hinge": 0.005401802574808631,
    "n_free": 1437,
    "n_clamp": 238,
    "hinge_active": 238,
    "hinge_active_frac": 0.16562282533054976,
    "skipped": 1199,
    "reload_free": 0,
    "reload_clamp": 0,
    "nonfinite_free": 0,
    "nonfinite_clamp": 0
  },
  "val": {
    "acc": 0.9388888888888889,
    "hinge": 0.007459650833333331,
    "test_gap_mean": 0.09490339555555558,
    "test_gap_median": 0.09859879999999999,
    "test_gap_std": 0.05600930948721315,
    "test_satisfy_frac": 0.8194444444444444,
    "test_hinge_mean": 0.007459650833333334,
    "val_reloads": 0.0,
    "val_nonfinite": 0.0
  },
  "timing_s": {
    "epoch_total": 20.582805395126343,
    "train_free": 11.516162872314453,
    "train_clamp": 1.8944919109344482,
    "train_update": 0.2776157855987549
  },
  "vg_stats": {
    "vg_unique_min": 0.5886024733999153,
    "vg_unique_max": 4.332682095656698,
    "vg_unique_sat_lo": 0.0,
    "vg_unique_sat_hi": 0.0
  }
}