{
  "epoch": 68,
  "config": {
    "seed": 1,
    "gamma": 0.3,
    "margin": 0.05,
    "delta": 0.1,
    "input_vmin": 0.0,
    "input_vmax": 1.0,
    "rails": [
      0.0,
      0.45
    ],
    "solver": "klu",
    "body_tie": "source",
    "body_res": 10.0,
    "rs_clamp": 10.0,
    "model_vto": 0.75,
    "vg_cutoff": 0.75,
    "vg_cutoff_epochs": 4,
    "vg_init": {
      "mode": "fixed",
      "lo": 1.0,
      "hi": 3.0,
      "fixed": 2.0
    },
    "epochs": 100,
    "device_include_path": "/home/ma-lab/Desktop/pyclln-final/device_model/nmos_lvl1_ald1106.lib",
    "device_subckt": "NMOSWRAP"
  },
  "train": {
    "acc": 0.9589422407794015,
    "hinge": 0.006305109603340297,
    "n_free": 1437,
    "n_clamp": 245,
    "hinge_active": 245,
    "hinge_active_frac": 0.17049408489909534,
    "skipped": 1192,
    "reload_free": 0,
    "reload_clamp": 0,
    "nonfinite_free": 0,
    "nonfinite_clamp": 0
  },
  "val": {
    "acc": 0.9388888888888889,
    "hinge": 0.007887174444444442,
    "test_gap_mean": 0.09628929277777777,
    "test_gap_median": 0.09969919999999999,
    "test_gap_std": 0.058981430703456274,
    "test_satisfy_frac": 0.8027777777777778,
    "test_hinge_mean": 0.007887174444444445,
    "val_reloads": 0.0,
    "val_nonfinite": 0.0
  },
  "timing_s": {
    "epoch_total": 17.28190517425537,
    "train_free": 9.518134355545044,
    "train_clamp": 1.5960357189178467,
    "train_update": 0.26444578170776367
  },
  "vg_stats": {
    "vg_unique_min": 0.6600328065609037,
    "vg_unique_max": 4.133907402388574,
    "vg_unique_sat_lo": 0.0,
    "vg_unique_sat_hi": 0.0
  }
}