{
  "test_gap_mean": 0.02667274694444445,
  "test_gap_median": 0.028328450000000005,
  "test_gap_std": 0.014723983878479114,
  "test_satisfy_frac": 0.7111111111111111,
  "test_hinge_mean": 0.003472211944444444,
  "val_reloads": 0.0,
  "val_nonfinite": 0.0
}