{
  "test_gap_mean": 0.00965014611111111,
  "test_gap_median": 0.01213765,
  "test_gap_std": 0.015027471854702433,
  "test_satisfy_frac": 0.30277777777777776,
  "test_hinge_mean": 0.01203458388888889,
  "val_reloads": 0.0,
  "val_nonfinite": 0.0
}