{
  "test_gap_mean": 0.028868196388888892,
  "test_gap_median": 0.02986744999999999,
  "test_gap_std": 0.015232286364574547,
  "test_satisfy_frac": 0.7444444444444445,
  "test_hinge_mean": 0.002959190833333334,
  "val_reloads": 0.0,
  "val_nonfinite": 0.0
}