{
  "test_gap_mean": 0.02847463166666667,
  "test_gap_median": 0.02967369999999997,
  "test_gap_std": 0.015104004802075122,
  "test_satisfy_frac": 0.7416666666666667,
  "test_hinge_mean": 0.003034542222222222,
  "val_reloads": 0.0,
  "val_nonfinite": 0.0
}