{
  "test_gap_mean": 0.029417237222222222,
  "test_gap_median": 0.030482049999999983,
  "test_gap_std": 0.015410198614840652,
  "test_satisfy_frac": 0.7555555555555555,
  "test_hinge_mean": 0.0028555063888888897,
  "val_reloads": 0.0,
  "val_nonfinite": 0.0
}