{
  "test_gap_mean": 0.026607175555555546,
  "test_gap_median": 0.02819329999999999,
  "test_gap_std": 0.014704101360805662,
  "test_satisfy_frac": 0.7055555555555556,
  "test_hinge_mean": 0.0034886863888888902,
  "val_reloads": 0.0,
  "val_nonfinite": 0.0
}