{
  "test_gap_mean": 0.019950469444444445,
  "test_gap_median": 0.022547299999999992,
  "test_gap_std": 0.014081377828935383,
  "test_satisfy_frac": 0.575,
  "test_hinge_mean": 0.005647039166666666,
  "val_reloads": 0.0,
  "val_nonfinite": 0.0
}