{
  "test_gap_mean": 0.028150740833333333,
  "test_gap_median": 0.02967550000000002,
  "test_gap_std": 0.014982236769759653,
  "test_satisfy_frac": 0.7333333333333333,
  "test_hinge_mean": 0.003080949444444445,
  "val_reloads": 0.0,
  "val_nonfinite": 0.0
}