{
  "test_gap_mean": 0.016519063055555557,
  "test_gap_median": 0.01835340000000002,
  "test_gap_std": 0.014117211363033132,
  "test_satisfy_frac": 0.46111111111111114,
  "test_hinge_mean": 0.007373345833333334,
  "val_reloads": 0.0,
  "val_nonfinite": 0.0
}