{
  "epoch": 43,
  "config": {
    "seed": 1,
    "gamma": 0.3,
    "margin": 0.02,
    "delta": 0.02,
    "input_vmin": 0.0,
    "input_vmax": 1.0,
    "rails": [
      0.0,
      0.45
    ],
    "solver": "klu",
    "body_tie": "floating",
    "body_res": 10.0,
    "rs_clamp": 10.0,
    "model_vto": 0.75,
    "vg_cutoff": 0.75,
    "vg_cutoff_epochs": 4,
    "vg_init": {
      "mode": "random",
      "lo": 1.0,
      "hi": 6.0,
      "fixed": 2.0
    },
    "epochs": 100,
    "device_include_path": "/home/ma-lab/Desktop/pyclln-final/device_model/nmos_lvl1_ald1106.lib",
    "device_subckt": "NMOSWRAP"
  },
  "train": {
    "acc": 0.9255393180236604,
    "hinge": 0.004119637578288104,
    "n_free": 1437,
    "n_clamp": 479,
    "hinge_active": 479,
    "hinge_active_frac": 0.3333333333333333,
    "skipped": 958,
    "reload_free": 0,
    "reload_clamp": 0,
    "nonfinite_free": 0,
    "nonfinite_clamp": 0
  },
  "val": {
    "acc": 0.9388888888888889,
    "hinge": 0.004054269999999998,
    "test_gap_mean": 0.024509812500000002,
    "test_gap_median": 0.02753259999999999,
    "test_gap_std": 0.014345860711010157,
    "test_satisfy_frac": 0.6777777777777778,
    "test_hinge_mean": 0.0040542700000000004,
    "val_reloads": 0.0,
    "val_nonfinite": 0.0
  },
  "timing_s": {
    "epoch_total": 208.33601307868958,
    "train_free": 128.59576511383057,
    "train_clamp": 42.644312620162964,
    "train_update": 1.2959823608398438
  },
  "vg_stats": {
    "vg_unique_min": 0.7137942498763485,
    "vg_unique_max": 7.256606912522876,
    "vg_unique_sat_lo": 0.0,
    "vg_unique_sat_hi": 0.0
  }
}