{
  "epoch": 7,
  "config": {
    "seed": 1,
    "gamma": 0.3,
    "margin": 0.02,
    "delta": 0.02,
    "input_vmin": 0.0,
    "input_vmax": 1.0,
    "rails": [
      0.0,
      0.45
    ],
    "solver": "klu",
    "body_tie": "floating",
    "body_res": 10.0,
    "rs_clamp": 10.0,
    "model_vto": 0.75,
    "vg_cutoff": 0.75,
    "vg_cutoff_epochs": 4,
    "vg_init": {
      "mode": "random",
      "lo": 1.0,
      "hi": 6.0,
      "fixed": 2.0
    },
    "epochs": 100,
    "device_include_path": "/home/ma-lab/Desktop/pyclln-final/device_model/nmos_lvl1_ald1106.lib",
    "device_subckt": "NMOSWRAP"
  },
  "train": {
    "acc": 0.6172581767571329,
    "hinge": 0.017633363187195543,
    "n_free": 1437,
    "n_clamp": 1183,
    "hinge_active": 1183,
    "hinge_active_frac": 0.8232428670842032,
    "skipped": 254,
    "reload_free": 0,
    "reload_clamp": 0,
    "nonfinite_free": 0,
    "nonfinite_clamp": 0
  },
  "val": {
    "acc": 0.6638888888888889,
    "hinge": 0.015963596944444443,
    "test_gap_mean": 0.0048702208333333335,
    "test_gap_median": 0.0076105500000000215,
    "test_gap_std": 0.016170197209337663,
    "test_satisfy_frac": 0.2,
    "test_hinge_mean": 0.015963596944444446,
    "val_reloads": 0.0,
    "val_nonfinite": 0.0
  },
  "timing_s": {
    "epoch_total": 253.0383656024933,
    "train_free": 117.88830947875977,
    "train_clamp": 96.82059931755066,
    "train_update": 2.7341179847717285
  },
  "vg_stats": {
    "vg_unique_min": 0.43785786127548604,
    "vg_unique_max": 6.450250248365613,
    "vg_unique_sat_lo": 0.0,
    "vg_unique_sat_hi": 0.0
  }
}