{
  "epoch": 26,
  "config": {
    "seed": 1,
    "gamma": 0.3,
    "margin": 0.02,
    "delta": 0.02,
    "input_vmin": 0.0,
    "input_vmax": 1.0,
    "rails": [
      0.0,
      0.45
    ],
    "solver": "klu",
    "body_tie": "floating",
    "body_res": 10.0,
    "rs_clamp": 10.0,
    "model_vto": 0.75,
    "vg_cutoff": 0.75,
    "vg_cutoff_epochs": 4,
    "vg_init": {
      "mode": "random",
      "lo": 1.0,
      "hi": 6.0,
      "fixed": 2.0
    },
    "epochs": 100,
    "device_include_path": "/home/ma-lab/Desktop/pyclln-final/device_model/nmos_lvl1_ald1106.lib",
    "device_subckt": "NMOSWRAP"
  },
  "train": {
    "acc": 0.894919972164231,
    "hinge": 0.005947243354210153,
    "n_free": 1437,
    "n_clamp": 643,
    "hinge_active": 643,
    "hinge_active_frac": 0.4474599860821155,
    "skipped": 794,
    "reload_free": 0,
    "reload_clamp": 0,
    "nonfinite_free": 0,
    "nonfinite_clamp": 0
  },
  "val": {
    "acc": 0.8972222222222223,
    "hinge": 0.005488802222222222,
    "test_gap_mean": 0.02033257722222222,
    "test_gap_median": 0.02280589999999999,
    "test_gap_std": 0.014090086586169687,
    "test_satisfy_frac": 0.5944444444444444,
    "test_hinge_mean": 0.005488802222222223,
    "val_reloads": 0.0,
    "val_nonfinite": 0.0
  },
  "timing_s": {
    "epoch_total": 251.42092275619507,
    "train_free": 139.90856647491455,
    "train_clamp": 62.44401741027832,
    "train_update": 1.7277014255523682
  },
  "vg_stats": {
    "vg_unique_min": 0.827214304249394,
    "vg_unique_max": 7.067296781574133,
    "vg_unique_sat_lo": 0.0,
    "vg_unique_sat_hi": 0.0
  }
}