{
  "epoch": 93,
  "config": {
    "seed": 1,
    "gamma": 0.3,
    "margin": 0.02,
    "delta": 0.02,
    "input_vmin": 0.0,
    "input_vmax": 1.0,
    "rails": [
      0.0,
      0.45
    ],
    "solver": "klu",
    "body_tie": "floating",
    "body_res": 10.0,
    "rs_clamp": 10.0,
    "model_vto": 0.75,
    "vg_cutoff": 0.75,
    "vg_cutoff_epochs": 4,
    "vg_init": {
      "mode": "random",
      "lo": 1.0,
      "hi": 6.0,
      "fixed": 2.0
    },
    "epochs": 100,
    "device_include_path": "/home/ma-lab/Desktop/pyclln-final/device_model/nmos_lvl1_ald1106.lib",
    "device_subckt": "NMOSWRAP"
  },
  "train": {
    "acc": 0.9568545581071677,
    "hinge": 0.002659460890744606,
    "n_free": 1437,
    "n_clamp": 338,
    "hinge_active": 338,
    "hinge_active_frac": 0.23521224773834376,
    "skipped": 1099,
    "reload_free": 0,
    "reload_clamp": 0,
    "nonfinite_free": 0,
    "nonfinite_clamp": 0
  },
  "val": {
    "acc": 0.9527777777777777,
    "hinge": 0.002856725555555555,
    "test_gap_mean": 0.029345423333333336,
    "test_gap_median": 0.030418600000000018,
    "test_gap_std": 0.015351621678986665,
    "test_satisfy_frac": 0.7527777777777778,
    "test_hinge_mean": 0.002856725555555556,
    "val_reloads": 0.0,
    "val_nonfinite": 0.0
  },
  "timing_s": {
    "epoch_total": 195.996479511261,
    "train_free": 124.63725328445435,
    "train_clamp": 29.410987377166748,
    "train_update": 0.8708362579345703
  },
  "vg_stats": {
    "vg_unique_min": 0.7500039485320448,
    "vg_unique_max": 7.9981002539157116,
    "vg_unique_sat_lo": 0.0,
    "vg_unique_sat_hi": 0.0
  }
}