{
  "epoch": 92,
  "config": {
    "seed": 1,
    "gamma": 0.3,
    "margin": 0.02,
    "delta": 0.02,
    "input_vmin": 0.0,
    "input_vmax": 1.0,
    "rails": [
      0.0,
      0.45
    ],
    "solver": "klu",
    "body_tie": "floating",
    "body_res": 10.0,
    "rs_clamp": 10.0,
    "model_vto": 0.75,
    "vg_cutoff": 0.75,
    "vg_cutoff_epochs": 4,
    "vg_init": {
      "mode": "random",
      "lo": 1.0,
      "hi": 6.0,
      "fixed": 2.0
    },
    "epochs": 100,
    "device_include_path": "/home/ma-lab/Desktop/pyclln-final/device_model/nmos_lvl1_ald1106.lib",
    "device_subckt": "NMOSWRAP"
  },
  "train": {
    "acc": 0.9568545581071677,
    "hinge": 0.002676536951983297,
    "n_free": 1437,
    "n_clamp": 347,
    "hinge_active": 347,
    "hinge_active_frac": 0.24147529575504523,
    "skipped": 1090,
    "reload_free": 0,
    "reload_clamp": 0,
    "nonfinite_free": 0,
    "nonfinite_clamp": 0
  },
  "val": {
    "acc": 0.9527777777777777,
    "hinge": 0.002888859999999999,
    "test_gap_mean": 0.029247287777777773,
    "test_gap_median": 0.030374699999999977,
    "test_gap_std": 0.015363143587783415,
    "test_satisfy_frac": 0.75,
    "test_hinge_mean": 0.00288886,
    "val_reloads": 0.0,
    "val_nonfinite": 0.0
  },
  "timing_s": {
    "epoch_total": 214.435608625412,
    "train_free": 137.47180461883545,
    "train_clamp": 33.06818199157715,
    "train_update": 0.9261565208435059
  },
  "vg_stats": {
    "vg_unique_min": 0.7507807856592823,
    "vg_unique_max": 7.994675706676847,
    "vg_unique_sat_lo": 0.0,
    "vg_unique_sat_hi": 0.0
  }
}