{
  "epoch": 74,
  "config": {
    "seed": 1,
    "gamma": 0.3,
    "margin": 0.02,
    "delta": 0.02,
    "input_vmin": 0.0,
    "input_vmax": 1.0,
    "rails": [
      0.0,
      0.45
    ],
    "solver": "klu",
    "body_tie": "floating",
    "body_res": 10.0,
    "rs_clamp": 10.0,
    "model_vto": 0.75,
    "vg_cutoff": 0.75,
    "vg_cutoff_epochs": 4,
    "vg_init": {
      "mode": "random",
      "lo": 1.0,
      "hi": 6.0,
      "fixed": 2.0
    },
    "epochs": 100,
    "device_include_path": "/home/ma-lab/Desktop/pyclln-final/device_model/nmos_lvl1_ald1106.lib",
    "device_subckt": "NMOSWRAP"
  },
  "train": {
    "acc": 0.9512874043145442,
    "hinge": 0.003012025817675711,
    "n_free": 1437,
    "n_clamp": 364,
    "hinge_active": 364,
    "hinge_active_frac": 0.2533054975643702,
    "skipped": 1073,
    "reload_free": 0,
    "reload_clamp": 0,
    "nonfinite_free": 0,
    "nonfinite_clamp": 0
  },
  "val": {
    "acc": 0.95,
    "hinge": 0.003126399999999999,
    "test_gap_mean": 0.027914137222222225,
    "test_gap_median": 0.02935215000000002,
    "test_gap_std": 0.014916643186382006,
    "test_satisfy_frac": 0.7277777777777777,
    "test_hinge_mean": 0.003126400000000001,
    "val_reloads": 0.0,
    "val_nonfinite": 0.0
  },
  "timing_s": {
    "epoch_total": 227.2729115486145,
    "train_free": 145.79840636253357,
    "train_clamp": 37.04920697212219,
    "train_update": 1.0643486976623535
  },
  "vg_stats": {
    "vg_unique_min": 0.7323088791330024,
    "vg_unique_max": 7.9071643644385565,
    "vg_unique_sat_lo": 0.0,
    "vg_unique_sat_hi": 0.0
  }
}