{
  "test_gap_mean": 0.026597513055555556,
  "test_gap_median": 0.027613249999999992,
  "test_gap_std": 0.01703196057587589,
  "test_satisfy_frac": 0.675,
  "test_hinge_mean": 0.00412343388888889,
  "val_reloads": 0.0,
  "val_nonfinite": 0.0
}