{
  "test_gap_mean": 0.01931045472222222,
  "test_gap_median": 0.019618799999999992,
  "test_gap_std": 0.016383592181959224,
  "test_satisfy_frac": 0.49722222222222223,
  "test_hinge_mean": 0.006781819722222223,
  "val_reloads": 0.0,
  "val_nonfinite": 0.0
}