{
  "test_gap_mean": 0.007484426111111111,
  "test_gap_median": 0.007714950000000026,
  "test_gap_std": 0.016536349307145436,
  "test_satisfy_frac": 0.23333333333333334,
  "test_hinge_mean": 0.014472686666666668,
  "val_reloads": 0.0,
  "val_nonfinite": 0.0
}