{
  "test_gap_mean": -0.013133427777777776,
  "test_gap_median": -0.011737750000000019,
  "test_gap_std": 0.01946779705190245,
  "test_satisfy_frac": 0.03888888888888889,
  "test_hinge_mean": 0.03334762,
  "val_reloads": 0.0,
  "val_nonfinite": 0.0
}