{
  "test_gap_mean": 0.00562923111111111,
  "test_gap_median": 0.005781849999999977,
  "test_gap_std": 0.016617581566392228,
  "test_satisfy_frac": 0.21388888888888888,
  "test_hinge_mean": 0.01593382388888889,
  "val_reloads": 0.0,
  "val_nonfinite": 0.0
}