{
  "epoch": 9,
  "config": {
    "seed": 2,
    "gamma": 0.03,
    "margin": 0.02,
    "delta": 0.1,
    "input_vmin": 0.0,
    "input_vmax": 1.0,
    "rails": [
      0.0,
      0.45
    ],
    "solver": "klu",
    "body_tie": "ground",
    "body_res": 10.0,
    "rs_clamp": 10.0,
    "model_vto": 0.75,
    "vg_cutoff": 0.75,
    "vg_cutoff_epochs": 4,
    "vg_init": {
      "mode": "random",
      "lo": 1.0,
      "hi": 6.0,
      "fixed": 2.0
    },
    "epochs": 100,
    "device_include_path": "/home/ma-lab/Desktop/pyclln-final/device_model/nmos_lvl1_ald1106.lib",
    "device_subckt": "NMOSWRAP"
  },
  "train": {
    "acc": 0.4112734864300626,
    "hinge": 0.02556350292275575,
    "n_free": 1437,
    "n_clamp": 1363,
    "hinge_active": 1363,
    "hinge_active_frac": 0.9485038274182325,
    "skipped": 74,
    "reload_free": 0,
    "reload_clamp": 0,
    "nonfinite_free": 0,
    "nonfinite_clamp": 0
  },
  "val": {
    "acc": 0.3861111111111111,
    "hinge": 0.025606927499999987,
    "test_gap_mean": -0.005119874999999999,
    "test_gap_median": -0.0038204000000000016,
    "test_gap_std": 0.017875781144685913,
    "test_satisfy_frac": 0.07777777777777778,
    "test_hinge_mean": 0.025606927499999994,
    "val_reloads": 0.0,
    "val_nonfinite": 0.0
  },
  "timing_s": {
    "epoch_total": 79.2236258983612,
    "train_free": 30.06933307647705,
    "train_clamp": 28.301639795303345,
    "train_update": 3.360908269882202
  },
  "vg_stats": {
    "vg_unique_min": 0.47830496756533947,
    "vg_unique_max": 6.329630950497511,
    "vg_unique_sat_lo": 0.0,
    "vg_unique_sat_hi": 0.0
  }
}