{
  "epoch": 59,
  "config": {
    "seed": 2,
    "gamma": 0.03,
    "margin": 0.02,
    "delta": 0.1,
    "input_vmin": 0.0,
    "input_vmax": 1.0,
    "rails": [
      0.0,
      0.45
    ],
    "solver": "klu",
    "body_tie": "ground",
    "body_res": 10.0,
    "rs_clamp": 10.0,
    "model_vto": 0.75,
    "vg_cutoff": 0.75,
    "vg_cutoff_epochs": 4,
    "vg_init": {
      "mode": "random",
      "lo": 1.0,
      "hi": 6.0,
      "fixed": 2.0
    },
    "epochs": 100,
    "device_include_path": "/home/ma-lab/Desktop/pyclln-final/device_model/nmos_lvl1_ald1106.lib",
    "device_subckt": "NMOSWRAP"
  },
  "train": {
    "acc": 0.9171885873347251,
    "hinge": 0.004746584064022262,
    "n_free": 1437,
    "n_clamp": 513,
    "hinge_active": 513,
    "hinge_active_frac": 0.3569937369519833,
    "skipped": 924,
    "reload_free": 0,
    "reload_clamp": 0,
    "nonfinite_free": 0,
    "nonfinite_clamp": 0
  },
  "val": {
    "acc": 0.9083333333333333,
    "hinge": 0.0054708330555555545,
    "test_gap_mean": 0.022364940833333336,
    "test_gap_median": 0.0232917,
    "test_gap_std": 0.016518960867146118,
    "test_satisfy_frac": 0.5944444444444444,
    "test_hinge_mean": 0.005470833055555556,
    "val_reloads": 0.0,
    "val_nonfinite": 0.0
  },
  "timing_s": {
    "epoch_total": 72.5214626789093,
    "train_free": 40.10404372215271,
    "train_clamp": 14.195904016494751,
    "train_update": 1.3960208892822266
  },
  "vg_stats": {
    "vg_unique_min": 0.7317305555345731,
    "vg_unique_max": 6.933107693162455,
    "vg_unique_sat_lo": 0.0,
    "vg_unique_sat_hi": 0.0
  }
}