{
  "epoch": 70,
  "config": {
    "seed": 2,
    "gamma": 0.03,
    "margin": 0.02,
    "delta": 0.1,
    "input_vmin": 0.0,
    "input_vmax": 1.0,
    "rails": [
      0.0,
      0.45
    ],
    "solver": "klu",
    "body_tie": "ground",
    "body_res": 10.0,
    "rs_clamp": 10.0,
    "model_vto": 0.75,
    "vg_cutoff": 0.75,
    "vg_cutoff_epochs": 4,
    "vg_init": {
      "mode": "random",
      "lo": 1.0,
      "hi": 6.0,
      "fixed": 2.0
    },
    "epochs": 100,
    "device_include_path": "/home/ma-lab/Desktop/pyclln-final/device_model/nmos_lvl1_ald1106.lib",
    "device_subckt": "NMOSWRAP"
  },
  "train": {
    "acc": 0.9269311064718163,
    "hinge": 0.00419249686847599,
    "n_free": 1437,
    "n_clamp": 463,
    "hinge_active": 463,
    "hinge_active_frac": 0.3221990257480863,
    "skipped": 974,
    "reload_free": 0,
    "reload_clamp": 0,
    "nonfinite_free": 0,
    "nonfinite_clamp": 0
  },
  "val": {
    "acc": 0.9222222222222223,
    "hinge": 0.0048961536111111065,
    "test_gap_mean": 0.023989120555555556,
    "test_gap_median": 0.02562139999999999,
    "test_gap_std": 0.016648329805888422,
    "test_satisfy_frac": 0.6277777777777778,
    "test_hinge_mean": 0.004896153611111112,
    "val_reloads": 0.0,
    "val_nonfinite": 0.0
  },
  "timing_s": {
    "epoch_total": 76.68536496162415,
    "train_free": 43.37111735343933,
    "train_clamp": 13.939600944519043,
    "train_update": 1.22076416015625
  },
  "vg_stats": {
    "vg_unique_min": 0.7477759921291528,
    "vg_unique_max": 6.957849308182238,
    "vg_unique_sat_lo": 0.0,
    "vg_unique_sat_hi": 0.0
  }
}