{
  "epoch": 8,
  "config": {
    "seed": 2,
    "gamma": 0.03,
    "margin": 0.02,
    "delta": 0.1,
    "input_vmin": 0.0,
    "input_vmax": 1.0,
    "rails": [
      0.0,
      0.45
    ],
    "solver": "klu",
    "body_tie": "ground",
    "body_res": 10.0,
    "rs_clamp": 10.0,
    "model_vto": 0.75,
    "vg_cutoff": 0.75,
    "vg_cutoff_epochs": 4,
    "vg_init": {
      "mode": "random",
      "lo": 1.0,
      "hi": 6.0,
      "fixed": 2.0
    },
    "epochs": 100,
    "device_include_path": "/home/ma-lab/Desktop/pyclln-final/device_model/nmos_lvl1_ald1106.lib",
    "device_subckt": "NMOSWRAP"
  },
  "train": {
    "acc": 0.37160751565762007,
    "hinge": 0.027363287821851053,
    "n_free": 1437,
    "n_clamp": 1372,
    "hinge_active": 1372,
    "hinge_active_frac": 0.9547668754349339,
    "skipped": 65,
    "reload_free": 0,
    "reload_clamp": 0,
    "nonfinite_free": 0,
    "nonfinite_clamp": 0
  },
  "val": {
    "acc": 0.3416666666666667,
    "hinge": 0.027332023055555543,
    "test_gap_mean": -0.006948995555555554,
    "test_gap_median": -0.005998200000000009,
    "test_gap_std": 0.018083879091601085,
    "test_satisfy_frac": 0.06944444444444445,
    "test_hinge_mean": 0.02733202305555556,
    "val_reloads": 0.0,
    "val_nonfinite": 0.0
  },
  "timing_s": {
    "epoch_total": 82.21411395072937,
    "train_free": 31.44318151473999,
    "train_clamp": 29.796499013900757,
    "train_update": 3.810551881790161
  },
  "vg_stats": {
    "vg_unique_min": 0.5491476469942409,
    "vg_unique_max": 6.315614662161528,
    "vg_unique_sat_lo": 0.0,
    "vg_unique_sat_hi": 0.0
  }
}