{
  "test_gap_mean": 0.022897716388888892,
  "test_gap_median": 0.025837399999999983,
  "test_gap_std": 0.014482059691892483,
  "test_satisfy_frac": 0.6472222222222223,
  "test_hinge_mean": 0.004689989166666668,
  "val_reloads": 0.0,
  "val_nonfinite": 0.0
}