{
  "test_gap_mean": 0.026080190277777776,
  "test_gap_median": 0.028459549999999972,
  "test_gap_std": 0.014937863538164424,
  "test_satisfy_frac": 0.6944444444444444,
  "test_hinge_mean": 0.003764242777777779,
  "val_reloads": 0.0,
  "val_nonfinite": 0.0
}