{
  "test_gap_mean": 0.020522066666666665,
  "test_gap_median": 0.02291394999999999,
  "test_gap_std": 0.014423458312350444,
  "test_satisfy_frac": 0.5944444444444444,
  "test_hinge_mean": 0.005560558888888891,
  "val_reloads": 0.0,
  "val_nonfinite": 0.0
}