{
  "test_gap_mean": 0.024683274166666665,
  "test_gap_median": 0.02792699999999998,
  "test_gap_std": 0.014698609190308312,
  "test_satisfy_frac": 0.6777777777777778,
  "test_hinge_mean": 0.004135246944444446,
  "val_reloads": 0.0,
  "val_nonfinite": 0.0
}