{
  "epoch": 6,
  "config": {
    "seed": 1,
    "gamma": 0.03,
    "margin": 0.02,
    "delta": 0.1,
    "input_vmin": 0.0,
    "input_vmax": 1.0,
    "rails": [
      0.0,
      0.45
    ],
    "solver": "klu",
    "body_tie": "source",
    "body_res": 10.0,
    "rs_clamp": 10.0,
    "model_vto": 0.75,
    "vg_cutoff": 0.75,
    "vg_cutoff_epochs": 4,
    "vg_init": {
      "mode": "random",
      "lo": 1.0,
      "hi": 6.0,
      "fixed": 2.0
    },
    "epochs": 100,
    "device_include_path": "/home/ma-lab/Desktop/pyclln-final/device_model/nmos_lvl1_ald1106.lib",
    "device_subckt": "NMOSWRAP"
  },
  "train": {
    "acc": 0.3569937369519833,
    "hinge": 0.029449433194154502,
    "n_free": 1437,
    "n_clamp": 1369,
    "hinge_active": 1369,
    "hinge_active_frac": 0.9526791927627001,
    "skipped": 68,
    "reload_free": 0,
    "reload_clamp": 0,
    "nonfinite_free": 0,
    "nonfinite_clamp": 0
  },
  "val": {
    "acc": 0.3972222222222222,
    "hinge": 0.028014110833333324,
    "test_gap_mean": -0.007847804444444441,
    "test_gap_median": -0.0044574,
    "test_gap_std": 0.01908021360736859,
    "test_satisfy_frac": 0.027777777777777776,
    "test_hinge_mean": 0.028014110833333335,
    "val_reloads": 0.0,
    "val_nonfinite": 0.0
  },
  "timing_s": {
    "epoch_total": 86.16940355300903,
    "train_free": 33.05903434753418,
    "train_clamp": 31.30278706550598,
    "train_update": 3.3046841621398926
  },
  "vg_stats": {
    "vg_unique_min": 0.5374826376728294,
    "vg_unique_max": 6.126408553027508,
    "vg_unique_sat_lo": 0.0,
    "vg_unique_sat_hi": 0.0
  }
}