{
  "epoch": 83,
  "config": {
    "seed": 1,
    "gamma": 0.03,
    "margin": 0.02,
    "delta": 0.1,
    "input_vmin": 0.0,
    "input_vmax": 1.0,
    "rails": [
      0.0,
      0.45
    ],
    "solver": "klu",
    "body_tie": "source",
    "body_res": 10.0,
    "rs_clamp": 10.0,
    "model_vto": 0.75,
    "vg_cutoff": 0.75,
    "vg_cutoff_epochs": 4,
    "vg_init": {
      "mode": "random",
      "lo": 1.0,
      "hi": 6.0,
      "fixed": 2.0
    },
    "epochs": 100,
    "device_include_path": "/home/ma-lab/Desktop/pyclln-final/device_model/nmos_lvl1_ald1106.lib",
    "device_subckt": "NMOSWRAP"
  },
  "train": {
    "acc": 0.9234516353514266,
    "hinge": 0.004119153027139874,
    "n_free": 1437,
    "n_clamp": 468,
    "hinge_active": 468,
    "hinge_active_frac": 0.325678496868476,
    "skipped": 969,
    "reload_free": 0,
    "reload_clamp": 0,
    "nonfinite_free": 0,
    "nonfinite_clamp": 0
  },
  "val": {
    "acc": 0.9333333333333333,
    "hinge": 0.004108625555555557,
    "test_gap_mean": 0.024786030833333327,
    "test_gap_median": 0.027983099999999983,
    "test_gap_std": 0.014715383528016953,
    "test_satisfy_frac": 0.6805555555555556,
    "test_hinge_mean": 0.004108625555555558,
    "val_reloads": 0.0,
    "val_nonfinite": 0.0
  },
  "timing_s": {
    "epoch_total": 78.03487157821655,
    "train_free": 44.73759198188782,
    "train_clamp": 14.595207452774048,
    "train_update": 1.1404500007629395
  },
  "vg_stats": {
    "vg_unique_min": 0.8059799600888726,
    "vg_unique_max": 7.107390956415298,
    "vg_unique_sat_lo": 0.0,
    "vg_unique_sat_hi": 0.0
  }
}