{
  "epoch": 16,
  "config": {
    "seed": 1,
    "gamma": 0.03,
    "margin": 0.02,
    "delta": 0.1,
    "input_vmin": 0.0,
    "input_vmax": 1.0,
    "rails": [
      0.0,
      0.45
    ],
    "solver": "klu",
    "body_tie": "source",
    "body_res": 10.0,
    "rs_clamp": 10.0,
    "model_vto": 0.75,
    "vg_cutoff": 0.75,
    "vg_cutoff_epochs": 4,
    "vg_init": {
      "mode": "random",
      "lo": 1.0,
      "hi": 6.0,
      "fixed": 2.0
    },
    "epochs": 100,
    "device_include_path": "/home/ma-lab/Desktop/pyclln-final/device_model/nmos_lvl1_ald1106.lib",
    "device_subckt": "NMOSWRAP"
  },
  "train": {
    "acc": 0.6610995128740431,
    "hinge": 0.015472632359081397,
    "n_free": 1437,
    "n_clamp": 1116,
    "hinge_active": 1116,
    "hinge_active_frac": 0.7766179540709812,
    "skipped": 321,
    "reload_free": 0,
    "reload_clamp": 0,
    "nonfinite_free": 0,
    "nonfinite_clamp": 0
  },
  "val": {
    "acc": 0.6805555555555556,
    "hinge": 0.01448531694444444,
    "test_gap_mean": 0.006625717777777778,
    "test_gap_median": 0.009204500000000004,
    "test_gap_std": 0.01572395749195106,
    "test_satisfy_frac": 0.23333333333333334,
    "test_hinge_mean": 0.014485316944444444,
    "val_reloads": 0.0,
    "val_nonfinite": 0.0
  },
  "timing_s": {
    "epoch_total": 109.37579607963562,
    "train_free": 47.03637194633484,
    "train_clamp": 36.334954500198364,
    "train_update": 3.3984482288360596
  },
  "vg_stats": {
    "vg_unique_min": 0.5759742808742379,
    "vg_unique_max": 6.428949134323949,
    "vg_unique_sat_lo": 0.0,
    "vg_unique_sat_hi": 0.0
  }
}