{
  "epoch": 68,
  "config": {
    "seed": 1,
    "gamma": 0.03,
    "margin": 0.02,
    "delta": 0.1,
    "input_vmin": 0.0,
    "input_vmax": 1.0,
    "rails": [
      0.0,
      0.45
    ],
    "solver": "klu",
    "body_tie": "source",
    "body_res": 10.0,
    "rs_clamp": 10.0,
    "model_vto": 0.75,
    "vg_cutoff": 0.75,
    "vg_cutoff_epochs": 4,
    "vg_init": {
      "mode": "random",
      "lo": 1.0,
      "hi": 6.0,
      "fixed": 2.0
    },
    "epochs": 100,
    "device_include_path": "/home/ma-lab/Desktop/pyclln-final/device_model/nmos_lvl1_ald1106.lib",
    "device_subckt": "NMOSWRAP"
  },
  "train": {
    "acc": 0.9130132219902575,
    "hinge": 0.004715257689631172,
    "n_free": 1437,
    "n_clamp": 529,
    "hinge_active": 529,
    "hinge_active_frac": 0.36812804453723036,
    "skipped": 908,
    "reload_free": 0,
    "reload_clamp": 0,
    "nonfinite_free": 0,
    "nonfinite_clamp": 0
  },
  "val": {
    "acc": 0.9138888888888889,
    "hinge": 0.004603391111111108,
    "test_gap_mean": 0.023178330000000004,
    "test_gap_median": 0.026229349999999985,
    "test_gap_std": 0.01451976566445968,
    "test_satisfy_frac": 0.6527777777777778,
    "test_hinge_mean": 0.004603391111111112,
    "val_reloads": 0.0,
    "val_nonfinite": 0.0
  },
  "timing_s": {
    "epoch_total": 79.55133008956909,
    "train_free": 42.968886852264404,
    "train_clamp": 15.777966022491455,
    "train_update": 1.536097764968872
  },
  "vg_stats": {
    "vg_unique_min": 0.7610812120840248,
    "vg_unique_max": 7.054078986443979,
    "vg_unique_sat_lo": 0.0,
    "vg_unique_sat_hi": 0.0
  }
}