{
  "epoch": 12,
  "config": {
    "seed": 1,
    "gamma": 0.03,
    "margin": 0.02,
    "delta": 0.1,
    "input_vmin": 0.0,
    "input_vmax": 1.0,
    "rails": [
      0.0,
      0.45
    ],
    "solver": "klu",
    "body_tie": "source",
    "body_res": 10.0,
    "rs_clamp": 10.0,
    "model_vto": 0.75,
    "vg_cutoff": 0.75,
    "vg_cutoff_epochs": 4,
    "vg_init": {
      "mode": "random",
      "lo": 1.0,
      "hi": 6.0,
      "fixed": 2.0
    },
    "epochs": 100,
    "device_include_path": "/home/ma-lab/Desktop/pyclln-final/device_model/nmos_lvl1_ald1106.lib",
    "device_subckt": "NMOSWRAP"
  },
  "train": {
    "acc": 0.5741127348643006,
    "hinge": 0.019349331802366036,
    "n_free": 1437,
    "n_clamp": 1224,
    "hinge_active": 1224,
    "hinge_active_frac": 0.8517745302713987,
    "skipped": 213,
    "reload_free": 0,
    "reload_clamp": 0,
    "nonfinite_free": 0,
    "nonfinite_clamp": 0
  },
  "val": {
    "acc": 0.6222222222222222,
    "hinge": 0.018152699999999983,
    "test_gap_mean": 0.0024308036111111105,
    "test_gap_median": 0.005437999999999998,
    "test_gap_std": 0.016777595128017644,
    "test_satisfy_frac": 0.13333333333333333,
    "test_hinge_mean": 0.018152699999999997,
    "val_reloads": 0.0,
    "val_nonfinite": 0.0
  },
  "timing_s": {
    "epoch_total": 111.95836210250854,
    "train_free": 46.50958776473999,
    "train_clamp": 39.47620964050293,
    "train_update": 3.85183048248291
  },
  "vg_stats": {
    "vg_unique_min": 0.7559740109889028,
    "vg_unique_max": 6.343831712879743,
    "vg_unique_sat_lo": 0.0,
    "vg_unique_sat_hi": 0.0
  }
}