{
  "test_gap_mean": 0.09502155888888889,
  "test_gap_median": 0.10393014999999997,
  "test_gap_std": 0.0536105947565314,
  "test_satisfy_frac": 0.5277777777777778,
  "test_hinge_mean": 0.02374212805555556,
  "val_reloads": 0.0,
  "val_nonfinite": 0.0
}