{
  "test_gap_mean": 0.1157713136111111,
  "test_gap_median": 0.12401439999999997,
  "test_gap_std": 0.06348266775895132,
  "test_satisfy_frac": 0.6472222222222223,
  "test_hinge_mean": 0.018538734444444444,
  "val_reloads": 0.0,
  "val_nonfinite": 0.0
}