{
  "test_gap_mean": 0.0906987225,
  "test_gap_median": 0.09815194999999999,
  "test_gap_std": 0.05163331782149992,
  "test_satisfy_frac": 0.4888888888888889,
  "test_hinge_mean": 0.025164480277777783,
  "val_reloads": 0.0,
  "val_nonfinite": 0.0
}