{
  "test_gap_mean": 0.11105005305555557,
  "test_gap_median": 0.11905760000000004,
  "test_gap_std": 0.061354239782212834,
  "test_satisfy_frac": 0.6138888888888889,
  "test_hinge_mean": 0.01957309611111111,
  "val_reloads": 0.0,
  "val_nonfinite": 0.0
}