{
  "test_gap_mean": 0.03838995888888889,
  "test_gap_median": 0.039729249999999994,
  "test_gap_std": 0.03189134753003424,
  "test_satisfy_frac": 0.016666666666666666,
  "test_hinge_mean": 0.061655751944444455,
  "val_reloads": 0.0,
  "val_nonfinite": 0.0
}