{
  "test_gap_mean": 0.061997866666666665,
  "test_gap_median": 0.06697600000000001,
  "test_gap_std": 0.041020852703891816,
  "test_satisfy_frac": 0.20833333333333334,
  "test_hinge_mean": 0.04101460361111112,
  "val_reloads": 0.0,
  "val_nonfinite": 0.0
}