{
  "test_gap_mean": 0.07162663583333334,
  "test_gap_median": 0.07667944999999998,
  "test_gap_std": 0.04354491985219043,
  "test_satisfy_frac": 0.2833333333333333,
  "test_hinge_mean": 0.03434760416666667,
  "val_reloads": 0.0,
  "val_nonfinite": 0.0
}