{
  "test_gap_mean": 0.0772540025,
  "test_gap_median": 0.08315250000000002,
  "test_gap_std": 0.04533432239193635,
  "test_satisfy_frac": 0.3416666666666667,
  "test_hinge_mean": 0.030876999166666665,
  "val_reloads": 0.0,
  "val_nonfinite": 0.0
}