{
  "test_gap_mean": 0.06601459305555556,
  "test_gap_median": 0.07175345,
  "test_gap_std": 0.0421524344148457,
  "test_satisfy_frac": 0.25555555555555554,
  "test_hinge_mean": 0.03816103916666667,
  "val_reloads": 0.0,
  "val_nonfinite": 0.0
}