{
  "epoch": 64,
  "config": {
    "seed": 1,
    "gamma": 0.3,
    "margin": 0.1,
    "delta": 0.05,
    "input_vmin": 0.0,
    "input_vmax": 1.0,
    "rails": [
      0.0,
      0.45
    ],
    "solver": "klu",
    "body_tie": "ground",
    "body_res": 10.0,
    "rs_clamp": 10.0,
    "model_vto": 0.75,
    "vg_cutoff": 0.75,
    "vg_cutoff_epochs": 4,
    "vg_init": {
      "mode": "random",
      "lo": 1.0,
      "hi": 6.0,
      "fixed": 2.0
    },
    "epochs": 100,
    "device_include_path": "/home/ma-lab/Desktop/pyclln-final/device_model/nmos_lvl1_ald1106.lib",
    "device_subckt": "NMOSWRAP"
  },
  "train": {
    "acc": 0.9401530967292971,
    "hinge": 0.02178560876826725,
    "n_free": 1437,
    "n_clamp": 606,
    "hinge_active": 606,
    "hinge_active_frac": 0.42171189979123175,
    "skipped": 831,
    "reload_free": 0,
    "reload_clamp": 0,
    "nonfinite_free": 0,
    "nonfinite_clamp": 0
  },
  "val": {
    "acc": 0.9388888888888889,
    "hinge": 0.022247118333333333,
    "test_gap_mean": 0.10007644694444444,
    "test_gap_median": 0.10890035000000003,
    "test_gap_std": 0.05614347308483113,
    "test_satisfy_frac": 0.5527777777777778,
    "test_hinge_mean": 0.022247118333333333,
    "val_reloads": 0.0,
    "val_nonfinite": 0.0
  },
  "timing_s": {
    "epoch_total": 41.069273233413696,
    "train_free": 20.257742166519165,
    "train_clamp": 8.497478008270264,
    "train_update": 1.0915565490722656
  },
  "vg_stats": {
    "vg_unique_min": 0.5549081649711731,
    "vg_unique_max": 8.0,
    "vg_unique_sat_lo": 0.0,
    "vg_unique_sat_hi": 4.0
  }
}