{
  "epoch": 30,
  "config": {
    "seed": 1,
    "gamma": 0.3,
    "margin": 0.1,
    "delta": 0.05,
    "input_vmin": 0.0,
    "input_vmax": 1.0,
    "rails": [
      0.0,
      0.45
    ],
    "solver": "klu",
    "body_tie": "ground",
    "body_res": 10.0,
    "rs_clamp": 10.0,
    "model_vto": 0.75,
    "vg_cutoff": 0.75,
    "vg_cutoff_epochs": 4,
    "vg_init": {
      "mode": "random",
      "lo": 1.0,
      "hi": 6.0,
      "fixed": 2.0
    },
    "epochs": 100,
    "device_include_path": "/home/ma-lab/Desktop/pyclln-final/device_model/nmos_lvl1_ald1106.lib",
    "device_subckt": "NMOSWRAP"
  },
  "train": {
    "acc": 0.9234516353514266,
    "hinge": 0.03447868956158667,
    "n_free": 1437,
    "n_clamp": 954,
    "hinge_active": 954,
    "hinge_active_frac": 0.6638830897703549,
    "skipped": 483,
    "reload_free": 0,
    "reload_clamp": 0,
    "nonfinite_free": 0,
    "nonfinite_clamp": 0
  },
  "val": {
    "acc": 0.9222222222222223,
    "hinge": 0.03315914222222224,
    "test_gap_mean": 0.07359267305555554,
    "test_gap_median": 0.07936389999999999,
    "test_gap_std": 0.04428473853240115,
    "test_satisfy_frac": 0.3138888888888889,
    "test_hinge_mean": 0.03315914222222223,
    "val_reloads": 0.0,
    "val_nonfinite": 0.0
  },
  "timing_s": {
    "epoch_total": 57.86855149269104,
    "train_free": 26.105332136154175,
    "train_clamp": 17.232445240020752,
    "train_update": 1.7798447608947754
  },
  "vg_stats": {
    "vg_unique_min": 0.402251268089653,
    "vg_unique_max": 8.0,
    "vg_unique_sat_lo": 0.0,
    "vg_unique_sat_hi": 1.0
  }
}