{
  "epoch": 38,
  "config": {
    "seed": 1,
    "gamma": 0.3,
    "margin": 0.1,
    "delta": 0.05,
    "input_vmin": 0.0,
    "input_vmax": 1.0,
    "rails": [
      0.0,
      0.45
    ],
    "solver": "klu",
    "body_tie": "ground",
    "body_res": 10.0,
    "rs_clamp": 10.0,
    "model_vto": 0.75,
    "vg_cutoff": 0.75,
    "vg_cutoff_epochs": 4,
    "vg_init": {
      "mode": "random",
      "lo": 1.0,
      "hi": 6.0,
      "fixed": 2.0
    },
    "epochs": 100,
    "device_include_path": "/home/ma-lab/Desktop/pyclln-final/device_model/nmos_lvl1_ald1106.lib",
    "device_subckt": "NMOSWRAP"
  },
  "train": {
    "acc": 0.9324982602644398,
    "hinge": 0.02991398058455111,
    "n_free": 1437,
    "n_clamp": 859,
    "hinge_active": 859,
    "hinge_active_frac": 0.5977731384829506,
    "skipped": 578,
    "reload_free": 0,
    "reload_clamp": 0,
    "nonfinite_free": 0,
    "nonfinite_clamp": 0
  },
  "val": {
    "acc": 0.9361111111111111,
    "hinge": 0.0289861263888889,
    "test_gap_mean": 0.08074507249999999,
    "test_gap_median": 0.08770615000000001,
    "test_gap_std": 0.04655972350014005,
    "test_satisfy_frac": 0.38055555555555554,
    "test_hinge_mean": 0.02898612638888889,
    "val_reloads": 0.0,
    "val_nonfinite": 0.0
  },
  "timing_s": {
    "epoch_total": 56.361279010772705,
    "train_free": 26.20303773880005,
    "train_clamp": 15.663857698440552,
    "train_update": 1.8086729049682617
  },
  "vg_stats": {
    "vg_unique_min": 0.4521941051359142,
    "vg_unique_max": 8.0,
    "vg_unique_sat_lo": 0.0,
    "vg_unique_sat_hi": 4.0
  }
}