{
  "epoch": 70,
  "config": {
    "seed": 1,
    "gamma": 0.3,
    "margin": 0.1,
    "delta": 0.05,
    "input_vmin": 0.0,
    "input_vmax": 1.0,
    "rails": [
      0.0,
      0.45
    ],
    "solver": "klu",
    "body_tie": "ground",
    "body_res": 10.0,
    "rs_clamp": 10.0,
    "model_vto": 0.75,
    "vg_cutoff": 0.75,
    "vg_cutoff_epochs": 4,
    "vg_init": {
      "mode": "random",
      "lo": 1.0,
      "hi": 6.0,
      "fixed": 2.0
    },
    "epochs": 100,
    "device_include_path": "/home/ma-lab/Desktop/pyclln-final/device_model/nmos_lvl1_ald1106.lib",
    "device_subckt": "NMOSWRAP"
  },
  "train": {
    "acc": 0.9457202505219207,
    "hinge": 0.020727762143354214,
    "n_free": 1437,
    "n_clamp": 566,
    "hinge_active": 566,
    "hinge_active_frac": 0.3938761308281141,
    "skipped": 871,
    "reload_free": 0,
    "reload_clamp": 0,
    "nonfinite_free": 0,
    "nonfinite_clamp": 0
  },
  "val": {
    "acc": 0.9416666666666667,
    "hinge": 0.021308956388888887,
    "test_gap_mean": 0.10378099472222221,
    "test_gap_median": 0.11177510000000007,
    "test_gap_std": 0.0581351858040383,
    "test_satisfy_frac": 0.5722222222222222,
    "test_hinge_mean": 0.021308956388888894,
    "val_reloads": 0.0,
    "val_nonfinite": 0.0
  },
  "timing_s": {
    "epoch_total": 36.50464105606079,
    "train_free": 18.17597985267639,
    "train_clamp": 7.143352746963501,
    "train_update": 1.106597900390625
  },
  "vg_stats": {
    "vg_unique_min": 0.5535419540124642,
    "vg_unique_max": 8.0,
    "vg_unique_sat_lo": 0.0,
    "vg_unique_sat_hi": 3.0
  }
}