{
  "test_gap_mean": 0.07145378166666667,
  "test_gap_median": 0.0641876,
  "test_gap_std": 0.0702183879577632,
  "test_satisfy_frac": 0.7888888888888889,
  "test_hinge_mean": 0.00813202777777778,
  "val_reloads": 0.0,
  "val_nonfinite": 0.0
}