{
  "test_gap_mean": 0.08438329499999998,
  "test_gap_median": 0.07277585,
  "test_gap_std": 0.08102813100425287,
  "test_satisfy_frac": 0.8277777777777777,
  "test_hinge_mean": 0.008340349166666669,
  "val_reloads": 0.0,
  "val_nonfinite": 0.0
}