{
  "test_gap_mean": 0.07604337666666666,
  "test_gap_median": 0.0691274,
  "test_gap_std": 0.0737006465841429,
  "test_satisfy_frac": 0.8055555555555556,
  "test_hinge_mean": 0.008301087222222224,
  "val_reloads": 0.0,
  "val_nonfinite": 0.0
}