{
  "test_gap_mean": 0.07594740527777777,
  "test_gap_median": 0.06854480000000004,
  "test_gap_std": 0.07371219662271374,
  "test_satisfy_frac": 0.7972222222222223,
  "test_hinge_mean": 0.008213713611111112,
  "val_reloads": 0.0,
  "val_nonfinite": 0.0
}