{
  "test_gap_mean": 0.08291912638888888,
  "test_gap_median": 0.07330689999999998,
  "test_gap_std": 0.07902333389390931,
  "test_satisfy_frac": 0.8166666666666667,
  "test_hinge_mean": 0.008328500277777779,
  "val_reloads": 0.0,
  "val_nonfinite": 0.0
}