{
  "test_gap_mean": 0.07983600472222221,
  "test_gap_median": 0.07140819999999998,
  "test_gap_std": 0.07746510455822067,
  "test_satisfy_frac": 0.8027777777777778,
  "test_hinge_mean": 0.008658286666666667,
  "val_reloads": 0.0,
  "val_nonfinite": 0.0
}