{
  "test_gap_mean": 0.051471329999999996,
  "test_gap_median": 0.04775289999999999,
  "test_gap_std": 0.05353912615449918,
  "test_satisfy_frac": 0.75,
  "test_hinge_mean": 0.008128232222222222,
  "val_reloads": 0.0,
  "val_nonfinite": 0.0
}