{
  "test_gap_mean": 0.05405916777777778,
  "test_gap_median": 0.049124150000000005,
  "test_gap_std": 0.056058456678909595,
  "test_satisfy_frac": 0.7555555555555555,
  "test_hinge_mean": 0.00808082861111111,
  "val_reloads": 0.0,
  "val_nonfinite": 0.0
}