{
  "test_gap_mean": 0.07429484722222222,
  "test_gap_median": 0.06769225000000002,
  "test_gap_std": 0.07239291812725494,
  "test_satisfy_frac": 0.7944444444444444,
  "test_hinge_mean": 0.008106051111111113,
  "val_reloads": 0.0,
  "val_nonfinite": 0.0
}