{
  "test_gap_mean": 0.0789970113888889,
  "test_gap_median": 0.07214185000000002,
  "test_gap_std": 0.07613593603333053,
  "test_satisfy_frac": 0.8,
  "test_hinge_mean": 0.008428759722222224,
  "val_reloads": 0.0,
  "val_nonfinite": 0.0
}