{
  "epoch": 66,
  "config": {
    "seed": 2,
    "gamma": 0.03,
    "margin": 0.02,
    "delta": 0.1,
    "input_vmin": 0.0,
    "input_vmax": 1.0,
    "rails": [
      0.0,
      0.45
    ],
    "solver": "klu",
    "body_tie": "ground",
    "body_res": 10.0,
    "rs_clamp": 10.0,
    "model_vto": 0.75,
    "vg_cutoff": 0.75,
    "vg_cutoff_epochs": 4,
    "vg_init": {
      "mode": "fixed",
      "lo": 1.0,
      "hi": 3.0,
      "fixed": 0.75
    },
    "epochs": 100,
    "device_include_path": "/home/ma-lab/Desktop/pyclln-final/device_model/nmos_lvl1_ald1106.lib",
    "device_subckt": "NMOSWRAP"
  },
  "train": {
    "acc": 0.894919972164231,
    "hinge": 0.00690982975643702,
    "n_free": 1437,
    "n_clamp": 259,
    "hinge_active": 259,
    "hinge_active_frac": 0.1802366040361865,
    "skipped": 1178,
    "reload_free": 0,
    "reload_clamp": 0,
    "nonfinite_free": 0,
    "nonfinite_clamp": 0
  },
  "val": {
    "acc": 0.8611111111111112,
    "hinge": 0.008356037222222225,
    "test_gap_mean": 0.07915431416666666,
    "test_gap_median": 0.07078244999999998,
    "test_gap_std": 0.07626859226641174,
    "test_satisfy_frac": 0.8027777777777778,
    "test_hinge_mean": 0.008356037222222222,
    "val_reloads": 0.0,
    "val_nonfinite": 0.0
  },
  "timing_s": {
    "epoch_total": 9.627742767333984,
    "train_free": 4.607689619064331,
    "train_clamp": 0.8178789615631104,
    "train_update": 0.20333480834960938
  },
  "vg_stats": {
    "vg_unique_min": 0.7545331394673546,
    "vg_unique_max": 1.8625635710439403,
    "vg_unique_sat_lo": 0.0,
    "vg_unique_sat_hi": 0.0
  }
}