{
  "epoch": 65,
  "config": {
    "seed": 2,
    "gamma": 0.03,
    "margin": 0.02,
    "delta": 0.1,
    "input_vmin": 0.0,
    "input_vmax": 1.0,
    "rails": [
      0.0,
      0.45
    ],
    "solver": "klu",
    "body_tie": "ground",
    "body_res": 10.0,
    "rs_clamp": 10.0,
    "model_vto": 0.75,
    "vg_cutoff": 0.75,
    "vg_cutoff_epochs": 4,
    "vg_init": {
      "mode": "fixed",
      "lo": 1.0,
      "hi": 3.0,
      "fixed": 0.75
    },
    "epochs": 100,
    "device_include_path": "/home/ma-lab/Desktop/pyclln-final/device_model/nmos_lvl1_ald1106.lib",
    "device_subckt": "NMOSWRAP"
  },
  "train": {
    "acc": 0.8921363952679193,
    "hinge": 0.007008556158663879,
    "n_free": 1437,
    "n_clamp": 274,
    "hinge_active": 274,
    "hinge_active_frac": 0.1906750173973556,
    "skipped": 1163,
    "reload_free": 0,
    "reload_clamp": 0,
    "nonfinite_free": 0,
    "nonfinite_clamp": 0
  },
  "val": {
    "acc": 0.8666666666666667,
    "hinge": 0.008428759722222224,
    "test_gap_mean": 0.0789970113888889,
    "test_gap_median": 0.07214185000000002,
    "test_gap_std": 0.07613593603333053,
    "test_satisfy_frac": 0.8,
    "test_hinge_mean": 0.008428759722222224,
    "val_reloads": 0.0,
    "val_nonfinite": 0.0
  },
  "timing_s": {
    "epoch_total": 9.895525455474854,
    "train_free": 4.636851072311401,
    "train_clamp": 0.9212267398834229,
    "train_update": 0.21654772758483887
  },
  "vg_stats": {
    "vg_unique_min": 0.7550906079676191,
    "vg_unique_max": 1.8614046133544517,
    "vg_unique_sat_lo": 0.0,
    "vg_unique_sat_hi": 0.0
  }
}