{
  "epoch": 82,
  "config": {
    "seed": 2,
    "gamma": 0.03,
    "margin": 0.02,
    "delta": 0.1,
    "input_vmin": 0.0,
    "input_vmax": 1.0,
    "rails": [
      0.0,
      0.45
    ],
    "solver": "klu",
    "body_tie": "ground",
    "body_res": 10.0,
    "rs_clamp": 10.0,
    "model_vto": 0.75,
    "vg_cutoff": 0.75,
    "vg_cutoff_epochs": 4,
    "vg_init": {
      "mode": "fixed",
      "lo": 1.0,
      "hi": 3.0,
      "fixed": 0.75
    },
    "epochs": 100,
    "device_include_path": "/home/ma-lab/Desktop/pyclln-final/device_model/nmos_lvl1_ald1106.lib",
    "device_subckt": "NMOSWRAP"
  },
  "train": {
    "acc": 0.8977035490605428,
    "hinge": 0.0065902988865692395,
    "n_free": 1437,
    "n_clamp": 252,
    "hinge_active": 252,
    "hinge_active_frac": 0.17536534446764093,
    "skipped": 1185,
    "reload_free": 0,
    "reload_clamp": 0,
    "nonfinite_free": 0,
    "nonfinite_clamp": 0
  },
  "val": {
    "acc": 0.8833333333333333,
    "hinge": 0.008318890277777779,
    "test_gap_mean": 0.08345149888888888,
    "test_gap_median": 0.07251050000000003,
    "test_gap_std": 0.07968445630534225,
    "test_satisfy_frac": 0.8222222222222222,
    "test_hinge_mean": 0.008318890277777779,
    "val_reloads": 0.0,
    "val_nonfinite": 0.0
  },
  "timing_s": {
    "epoch_total": 9.721789836883545,
    "train_free": 4.677808523178101,
    "train_clamp": 0.8073480129241943,
    "train_update": 0.2976799011230469
  },
  "vg_stats": {
    "vg_unique_min": 0.7485675650987736,
    "vg_unique_max": 1.9245085730499176,
    "vg_unique_sat_lo": 0.0,
    "vg_unique_sat_hi": 0.0
  }
}