{
  "epoch": 86,
  "config": {
    "seed": 2,
    "gamma": 0.03,
    "margin": 0.02,
    "delta": 0.1,
    "input_vmin": 0.0,
    "input_vmax": 1.0,
    "rails": [
      0.0,
      0.45
    ],
    "solver": "klu",
    "body_tie": "ground",
    "body_res": 10.0,
    "rs_clamp": 10.0,
    "model_vto": 0.75,
    "vg_cutoff": 0.75,
    "vg_cutoff_epochs": 4,
    "vg_init": {
      "mode": "fixed",
      "lo": 1.0,
      "hi": 3.0,
      "fixed": 0.75
    },
    "epochs": 100,
    "device_include_path": "/home/ma-lab/Desktop/pyclln-final/device_model/nmos_lvl1_ald1106.lib",
    "device_subckt": "NMOSWRAP"
  },
  "train": {
    "acc": 0.8983994432846207,
    "hinge": 0.006545672790535838,
    "n_free": 1437,
    "n_clamp": 254,
    "hinge_active": 254,
    "hinge_active_frac": 0.1767571329157968,
    "skipped": 1183,
    "reload_free": 0,
    "reload_clamp": 0,
    "nonfinite_free": 0,
    "nonfinite_clamp": 0
  },
  "val": {
    "acc": 0.8861111111111111,
    "hinge": 0.00841509638888889,
    "test_gap_mean": 0.08419452305555555,
    "test_gap_median": 0.07186164999999997,
    "test_gap_std": 0.08095034858181242,
    "test_satisfy_frac": 0.8222222222222222,
    "test_hinge_mean": 0.00841509638888889,
    "val_reloads": 0.0,
    "val_nonfinite": 0.0
  },
  "timing_s": {
    "epoch_total": 9.418903827667236,
    "train_free": 4.480703115463257,
    "train_clamp": 0.7833466529846191,
    "train_update": 0.1965632438659668
  },
  "vg_stats": {
    "vg_unique_min": 0.7300240924751752,
    "vg_unique_max": 1.9357815398761067,
    "vg_unique_sat_lo": 0.0,
    "vg_unique_sat_hi": 0.0
  }
}