{
  "epoch": 83,
  "config": {
    "seed": 2,
    "gamma": 0.03,
    "margin": 0.02,
    "delta": 0.1,
    "input_vmin": 0.0,
    "input_vmax": 1.0,
    "rails": [
      0.0,
      0.45
    ],
    "solver": "klu",
    "body_tie": "ground",
    "body_res": 10.0,
    "rs_clamp": 10.0,
    "model_vto": 0.75,
    "vg_cutoff": 0.75,
    "vg_cutoff_epochs": 4,
    "vg_init": {
      "mode": "fixed",
      "lo": 1.0,
      "hi": 3.0,
      "fixed": 0.75
    },
    "epochs": 100,
    "device_include_path": "/home/ma-lab/Desktop/pyclln-final/device_model/nmos_lvl1_ald1106.lib",
    "device_subckt": "NMOSWRAP"
  },
  "train": {
    "acc": 0.9032707028531664,
    "hinge": 0.006545196381350033,
    "n_free": 1437,
    "n_clamp": 244,
    "hinge_active": 244,
    "hinge_active_frac": 0.1697981906750174,
    "skipped": 1193,
    "reload_free": 0,
    "reload_clamp": 0,
    "nonfinite_free": 0,
    "nonfinite_clamp": 0
  },
  "val": {
    "acc": 0.8861111111111111,
    "hinge": 0.008198021944444443,
    "test_gap_mean": 0.08374995805555556,
    "test_gap_median": 0.07268160000000001,
    "test_gap_std": 0.07980724482634458,
    "test_satisfy_frac": 0.825,
    "test_hinge_mean": 0.008198021944444446,
    "val_reloads": 0.0,
    "val_nonfinite": 0.0
  },
  "timing_s": {
    "epoch_total": 9.62861680984497,
    "train_free": 4.63477635383606,
    "train_clamp": 0.763451099395752,
    "train_update": 0.2909965515136719
  },
  "vg_stats": {
    "vg_unique_min": 0.7517997486245026,
    "vg_unique_max": 1.922596757201518,
    "vg_unique_sat_lo": 0.0,
    "vg_unique_sat_hi": 0.0
  }
}