{
  "test_gap_mean": 0.06569799333333333,
  "test_gap_median": 0.0694736,
  "test_gap_std": 0.034255103279787376,
  "test_satisfy_frac": 0.7277777777777777,
  "test_hinge_mean": 0.007700268888888888,
  "val_reloads": 0.0,
  "val_nonfinite": 0.0
}