{
  "test_gap_mean": 0.03016808888888889,
  "test_gap_median": 0.031085400000000013,
  "test_gap_std": 0.019850033099892327,
  "test_satisfy_frac": 0.17222222222222222,
  "test_hinge_mean": 0.02104258972222222,
  "val_reloads": 0.0,
  "val_nonfinite": 0.0
}