{
  "test_gap_mean": 0.07429656777777778,
  "test_gap_median": 0.07911254999999998,
  "test_gap_std": 0.03993974687600569,
  "test_satisfy_frac": 0.7472222222222222,
  "test_hinge_mean": 0.007327866944444445,
  "val_reloads": 0.0,
  "val_nonfinite": 0.0
}