{
  "test_gap_mean": 0.03956865916666667,
  "test_gap_median": 0.04158544999999997,
  "test_gap_std": 0.021964924279398137,
  "test_satisfy_frac": 0.35833333333333334,
  "test_hinge_mean": 0.014620592222222223,
  "val_reloads": 0.0,
  "val_nonfinite": 0.0
}