{
  "test_gap_mean": 0.07843833583333332,
  "test_gap_median": 0.08194149999999997,
  "test_gap_std": 0.04172394437998561,
  "test_satisfy_frac": 0.7944444444444444,
  "test_hinge_mean": 0.006650950277777778,
  "val_reloads": 0.0,
  "val_nonfinite": 0.0
}