{
  "test_gap_mean": 0.0545048775,
  "test_gap_median": 0.058506750000000024,
  "test_gap_std": 0.02837973953832439,
  "test_satisfy_frac": 0.625,
  "test_hinge_mean": 0.0093691725,
  "val_reloads": 0.0,
  "val_nonfinite": 0.0
}