{
  "test_gap_mean": 0.07872307472222223,
  "test_gap_median": 0.08409015,
  "test_gap_std": 0.041606841054747906,
  "test_satisfy_frac": 0.8083333333333333,
  "test_hinge_mean": 0.006679861666666667,
  "val_reloads": 0.0,
  "val_nonfinite": 0.0
}