{
  "test_gap_mean": 0.07825826194444445,
  "test_gap_median": 0.08252245,
  "test_gap_std": 0.04176882051839189,
  "test_satisfy_frac": 0.7833333333333333,
  "test_hinge_mean": 0.006747906944444445,
  "val_reloads": 0.0,
  "val_nonfinite": 0.0
}