{
  "test_gap_mean": 0.040793527777777776,
  "test_gap_median": 0.04391355000000002,
  "test_gap_std": 0.022288630324961287,
  "test_satisfy_frac": 0.38055555555555554,
  "test_hinge_mean": 0.01388787138888889,
  "val_reloads": 0.0,
  "val_nonfinite": 0.0
}