{
  "epoch": 31,
  "config": {
    "seed": 1,
    "gamma": 0.3,
    "margin": 0.05,
    "delta": 0.1,
    "input_vmin": 0.0,
    "input_vmax": 1.0,
    "rails": [
      0.0,
      0.45
    ],
    "solver": "klu",
    "body_tie": "source",
    "body_res": 10.0,
    "rs_clamp": 10.0,
    "model_vto": 0.75,
    "vg_cutoff": 0.75,
    "vg_cutoff_epochs": 4,
    "vg_init": {
      "mode": "fixed",
      "lo": 1.0,
      "hi": 3.0,
      "fixed": 4.0
    },
    "epochs": 100,
    "device_include_path": "/home/ma-lab/Desktop/pyclln-final/device_model/nmos_lvl1_ald1106.lib",
    "device_subckt": "NMOSWRAP"
  },
  "train": {
    "acc": 0.9575504523312457,
    "hinge": 0.008450262143354223,
    "n_free": 1437,
    "n_clamp": 495,
    "hinge_active": 495,
    "hinge_active_frac": 0.3444676409185804,
    "skipped": 942,
    "reload_free": 0,
    "reload_clamp": 0,
    "nonfinite_free": 0,
    "nonfinite_clamp": 0
  },
  "val": {
    "acc": 0.9527777777777777,
    "hinge": 0.009137469722222229,
    "test_gap_mean": 0.055898083333333334,
    "test_gap_median": 0.05914995000000001,
    "test_gap_std": 0.029197993543824588,
    "test_satisfy_frac": 0.6472222222222223,
    "test_hinge_mean": 0.009137469722222225,
    "val_reloads": 0.0,
    "val_nonfinite": 0.0
  },
  "timing_s": {
    "epoch_total": 70.70095324516296,
    "train_free": 38.7995388507843,
    "train_clamp": 13.311525344848633,
    "train_update": 1.2259280681610107
  },
  "vg_stats": {
    "vg_unique_min": 0.5020085206314681,
    "vg_unique_max": 8.0,
    "vg_unique_sat_lo": 0.0,
    "vg_unique_sat_hi": 2.0
  }
}