{
  "epoch": 72,
  "config": {
    "seed": 1,
    "gamma": 0.3,
    "margin": 0.05,
    "delta": 0.1,
    "input_vmin": 0.0,
    "input_vmax": 1.0,
    "rails": [
      0.0,
      0.45
    ],
    "solver": "klu",
    "body_tie": "source",
    "body_res": 10.0,
    "rs_clamp": 10.0,
    "model_vto": 0.75,
    "vg_cutoff": 0.75,
    "vg_cutoff_epochs": 4,
    "vg_init": {
      "mode": "fixed",
      "lo": 1.0,
      "hi": 3.0,
      "fixed": 4.0
    },
    "epochs": 100,
    "device_include_path": "/home/ma-lab/Desktop/pyclln-final/device_model/nmos_lvl1_ald1106.lib",
    "device_subckt": "NMOSWRAP"
  },
  "train": {
    "acc": 0.964509394572025,
    "hinge": 0.005620435838552545,
    "n_free": 1437,
    "n_clamp": 286,
    "hinge_active": 286,
    "hinge_active_frac": 0.1990257480862909,
    "skipped": 1151,
    "reload_free": 0,
    "reload_clamp": 0,
    "nonfinite_free": 0,
    "nonfinite_clamp": 0
  },
  "val": {
    "acc": 0.9527777777777777,
    "hinge": 0.007012323333333337,
    "test_gap_mean": 0.07315951444444443,
    "test_gap_median": 0.07722155000000003,
    "test_gap_std": 0.03821253451564992,
    "test_satisfy_frac": 0.7666666666666667,
    "test_hinge_mean": 0.007012323333333336,
    "val_reloads": 0.0,
    "val_nonfinite": 0.0
  },
  "timing_s": {
    "epoch_total": 51.85531401634216,
    "train_free": 31.79921007156372,
    "train_clamp": 6.303847312927246,
    "train_update": 0.6021192073822021
  },
  "vg_stats": {
    "vg_unique_min": 0.5905755244143633,
    "vg_unique_max": 8.0,
    "vg_unique_sat_lo": 0.0,
    "vg_unique_sat_hi": 4.0
  }
}