{
  "epoch": 30,
  "config": {
    "seed": 1,
    "gamma": 0.3,
    "margin": 0.05,
    "delta": 0.1,
    "input_vmin": 0.0,
    "input_vmax": 1.0,
    "rails": [
      0.0,
      0.45
    ],
    "solver": "klu",
    "body_tie": "source",
    "body_res": 10.0,
    "rs_clamp": 10.0,
    "model_vto": 0.75,
    "vg_cutoff": 0.75,
    "vg_cutoff_epochs": 4,
    "vg_init": {
      "mode": "fixed",
      "lo": 1.0,
      "hi": 3.0,
      "fixed": 4.0
    },
    "epochs": 100,
    "device_include_path": "/home/ma-lab/Desktop/pyclln-final/device_model/nmos_lvl1_ald1106.lib",
    "device_subckt": "NMOSWRAP"
  },
  "train": {
    "acc": 0.9568545581071677,
    "hinge": 0.008561040709812125,
    "n_free": 1437,
    "n_clamp": 494,
    "hinge_active": 494,
    "hinge_active_frac": 0.34377174669450244,
    "skipped": 943,
    "reload_free": 0,
    "reload_clamp": 0,
    "nonfinite_free": 0,
    "nonfinite_clamp": 0
  },
  "val": {
    "acc": 0.9555555555555556,
    "hinge": 0.009156927500000004,
    "test_gap_mean": 0.05566314333333333,
    "test_gap_median": 0.060031,
    "test_gap_std": 0.029033403149563205,
    "test_satisfy_frac": 0.6416666666666667,
    "test_hinge_mean": 0.0091569275,
    "val_reloads": 0.0,
    "val_nonfinite": 0.0
  },
  "timing_s": {
    "epoch_total": 70.89571714401245,
    "train_free": 38.25298595428467,
    "train_clamp": 13.096595525741577,
    "train_update": 1.4874751567840576
  },
  "vg_stats": {
    "vg_unique_min": 0.500140147650061,
    "vg_unique_max": 8.0,
    "vg_unique_sat_lo": 0.0,
    "vg_unique_sat_hi": 3.0
  }
}