{
  "epoch": 63,
  "config": {
    "seed": 1,
    "gamma": 0.3,
    "margin": 0.05,
    "delta": 0.1,
    "input_vmin": 0.0,
    "input_vmax": 1.0,
    "rails": [
      0.0,
      0.45
    ],
    "solver": "klu",
    "body_tie": "source",
    "body_res": 10.0,
    "rs_clamp": 10.0,
    "model_vto": 0.75,
    "vg_cutoff": 0.75,
    "vg_cutoff_epochs": 4,
    "vg_init": {
      "mode": "fixed",
      "lo": 1.0,
      "hi": 3.0,
      "fixed": 4.0
    },
    "epochs": 100,
    "device_include_path": "/home/ma-lab/Desktop/pyclln-final/device_model/nmos_lvl1_ald1106.lib",
    "device_subckt": "NMOSWRAP"
  },
  "train": {
    "acc": 0.964509394572025,
    "hinge": 0.006129889144050114,
    "n_free": 1437,
    "n_clamp": 325,
    "hinge_active": 325,
    "hinge_active_frac": 0.22616562282533054,
    "skipped": 1112,
    "reload_free": 0,
    "reload_clamp": 0,
    "nonfinite_free": 0,
    "nonfinite_clamp": 0
  },
  "val": {
    "acc": 0.9555555555555556,
    "hinge": 0.0073750797222222235,
    "test_gap_mean": 0.06941096861111111,
    "test_gap_median": 0.07324924999999999,
    "test_gap_std": 0.03642196702847271,
    "test_satisfy_frac": 0.7472222222222222,
    "test_hinge_mean": 0.0073750797222222235,
    "val_reloads": 0.0,
    "val_nonfinite": 0.0
  },
  "timing_s": {
    "epoch_total": 52.53288269042969,
    "train_free": 31.076290369033813,
    "train_clamp": 6.997963905334473,
    "train_update": 0.7239494323730469
  },
  "vg_stats": {
    "vg_unique_min": 0.6414351642830214,
    "vg_unique_max": 8.0,
    "vg_unique_sat_lo": 0.0,
    "vg_unique_sat_hi": 4.0
  }
}