{
  "test_gap_mean": 0.038830962499999996,
  "test_gap_median": 0.03984405000000002,
  "test_gap_std": 0.021814851548845732,
  "test_satisfy_frac": 0.8361111111111111,
  "test_hinge_mean": 0.002522660555555556,
  "val_reloads": 0.0,
  "val_nonfinite": 0.0
}