{
  "test_gap_mean": 0.0400102525,
  "test_gap_median": 0.04151550000000001,
  "test_gap_std": 0.022608949950229745,
  "test_satisfy_frac": 0.85,
  "test_hinge_mean": 0.002551983333333333,
  "val_reloads": 0.0,
  "val_nonfinite": 0.0
}