{
  "test_gap_mean": 0.03187288305555555,
  "test_gap_median": 0.03287894999999999,
  "test_gap_std": 0.01866252508328348,
  "test_satisfy_frac": 0.775,
  "test_hinge_mean": 0.0031188222222222222,
  "val_reloads": 0.0,
  "val_nonfinite": 0.0
}