{
  "test_gap_mean": 0.01714356861111111,
  "test_gap_median": 0.019837650000000012,
  "test_gap_std": 0.017042562849050032,
  "test_satisfy_frac": 0.49722222222222223,
  "test_hinge_mean": 0.008198003055555556,
  "val_reloads": 0.0,
  "val_nonfinite": 0.0
}