{
  "test_gap_mean": 0.029753720555555554,
  "test_gap_median": 0.03116239999999998,
  "test_gap_std": 0.01790491701063394,
  "test_satisfy_frac": 0.725,
  "test_hinge_mean": 0.00347901111111111,
  "val_reloads": 0.0,
  "val_nonfinite": 0.0
}