{
  "test_gap_mean": 0.038960450833333334,
  "test_gap_median": 0.040119499999999975,
  "test_gap_std": 0.02190481765152105,
  "test_satisfy_frac": 0.8388888888888889,
  "test_hinge_mean": 0.0025503136111111107,
  "val_reloads": 0.0,
  "val_nonfinite": 0.0
}