{
  "epoch": 50,
  "config": {
    "seed": 0,
    "gamma": 0.3,
    "margin": 0.02,
    "delta": 0.1,
    "input_vmin": 0.0,
    "input_vmax": 1.0,
    "rails": [
      0.0,
      0.45
    ],
    "solver": "klu",
    "body_tie": "ground",
    "body_res": 10.0,
    "rs_clamp": 10.0,
    "model_vto": 0.75,
    "vg_cutoff": 0.75,
    "vg_cutoff_epochs": 4,
    "vg_init": {
      "mode": "random",
      "lo": 1.0,
      "hi": 6.0,
      "fixed": 2.0
    },
    "epochs": 100,
    "device_include_path": "/home/ma-lab/Desktop/pyclln-final/device_model/nmos_lvl1_ald1106.lib",
    "device_subckt": "NMOSWRAP"
  },
  "train": {
    "acc": 0.9784272790535838,
    "hinge": 0.0014378067501739727,
    "n_free": 1437,
    "n_clamp": 186,
    "hinge_active": 186,
    "hinge_active_frac": 0.12943632567849686,
    "skipped": 1251,
    "reload_free": 0,
    "reload_clamp": 0,
    "nonfinite_free": 0,
    "nonfinite_clamp": 0
  },
  "val": {
    "acc": 0.9555555555555556,
    "hinge": 0.002585852499999999,
    "test_gap_mean": 0.036419378611111115,
    "test_gap_median": 0.037366500000000025,
    "test_gap_std": 0.020205122587544016,
    "test_satisfy_frac": 0.825,
    "test_hinge_mean": 0.0025858525,
    "val_reloads": 0.0,
    "val_nonfinite": 0.0
  },
  "timing_s": {
    "epoch_total": 58.55447769165039,
    "train_free": 37.190640926361084,
    "train_clamp": 4.823706865310669,
    "train_update": 0.434967041015625
  },
  "vg_stats": {
    "vg_unique_min": 0.6414272698592259,
    "vg_unique_max": 7.9915393894325115,
    "vg_unique_sat_lo": 0.0,
    "vg_unique_sat_hi": 0.0
  }
}