{
  "epoch": 74,
  "config": {
    "seed": 0,
    "gamma": 0.3,
    "margin": 0.02,
    "delta": 0.1,
    "input_vmin": 0.0,
    "input_vmax": 1.0,
    "rails": [
      0.0,
      0.45
    ],
    "solver": "klu",
    "body_tie": "ground",
    "body_res": 10.0,
    "rs_clamp": 10.0,
    "model_vto": 0.75,
    "vg_cutoff": 0.75,
    "vg_cutoff_epochs": 4,
    "vg_init": {
      "mode": "random",
      "lo": 1.0,
      "hi": 6.0,
      "fixed": 2.0
    },
    "epochs": 100,
    "device_include_path": "/home/ma-lab/Desktop/pyclln-final/device_model/nmos_lvl1_ald1106.lib",
    "device_subckt": "NMOSWRAP"
  },
  "train": {
    "acc": 0.9832985386221295,
    "hinge": 0.0011461026443980505,
    "n_free": 1437,
    "n_clamp": 162,
    "hinge_active": 162,
    "hinge_active_frac": 0.1127348643006263,
    "skipped": 1275,
    "reload_free": 0,
    "reload_clamp": 0,
    "nonfinite_free": 0,
    "nonfinite_clamp": 0
  },
  "val": {
    "acc": 0.9611111111111111,
    "hinge": 0.0025107680555555563,
    "test_gap_mean": 0.038454324444444445,
    "test_gap_median": 0.04008099999999995,
    "test_gap_std": 0.02159163576805488,
    "test_satisfy_frac": 0.8388888888888889,
    "test_hinge_mean": 0.0025107680555555554,
    "val_reloads": 0.0,
    "val_nonfinite": 0.0
  },
  "timing_s": {
    "epoch_total": 53.941431522369385,
    "train_free": 35.509363651275635,
    "train_clamp": 4.000813961029053,
    "train_update": 0.4294617176055908
  },
  "vg_stats": {
    "vg_unique_min": 0.6968899192452643,
    "vg_unique_max": 8.0,
    "vg_unique_sat_lo": 0.0,
    "vg_unique_sat_hi": 1.0
  }
}