{
  "epoch": 37,
  "config": {
    "seed": 0,
    "gamma": 0.3,
    "margin": 0.02,
    "delta": 0.1,
    "input_vmin": 0.0,
    "input_vmax": 1.0,
    "rails": [
      0.0,
      0.45
    ],
    "solver": "klu",
    "body_tie": "ground",
    "body_res": 10.0,
    "rs_clamp": 10.0,
    "model_vto": 0.75,
    "vg_cutoff": 0.75,
    "vg_cutoff_epochs": 4,
    "vg_init": {
      "mode": "random",
      "lo": 1.0,
      "hi": 6.0,
      "fixed": 2.0
    },
    "epochs": 100,
    "device_include_path": "/home/ma-lab/Desktop/pyclln-final/device_model/nmos_lvl1_ald1106.lib",
    "device_subckt": "NMOSWRAP"
  },
  "train": {
    "acc": 0.9735560194850382,
    "hinge": 0.0017184212247738342,
    "n_free": 1437,
    "n_clamp": 221,
    "hinge_active": 221,
    "hinge_active_frac": 0.15379262352122477,
    "skipped": 1216,
    "reload_free": 0,
    "reload_clamp": 0,
    "nonfinite_free": 0,
    "nonfinite_clamp": 0
  },
  "val": {
    "acc": 0.9555555555555556,
    "hinge": 0.0028146399999999993,
    "test_gap_mean": 0.035216035,
    "test_gap_median": 0.035934299999999975,
    "test_gap_std": 0.01990216032514219,
    "test_satisfy_frac": 0.8166666666666667,
    "test_hinge_mean": 0.0028146399999999993,
    "val_reloads": 0.0,
    "val_nonfinite": 0.0
  },
  "timing_s": {
    "epoch_total": 60.378862380981445,
    "train_free": 37.58128237724304,
    "train_clamp": 5.765340805053711,
    "train_update": 0.5864849090576172
  },
  "vg_stats": {
    "vg_unique_min": 0.7272984311983646,
    "vg_unique_max": 7.9257267485533225,
    "vg_unique_sat_lo": 0.0,
    "vg_unique_sat_hi": 0.0
  }
}