{
  "epoch": 100,
  "config": {
    "seed": 0,
    "gamma": 0.3,
    "margin": 0.02,
    "delta": 0.1,
    "input_vmin": 0.0,
    "input_vmax": 1.0,
    "rails": [
      0.0,
      0.45
    ],
    "solver": "klu",
    "body_tie": "ground",
    "body_res": 10.0,
    "rs_clamp": 10.0,
    "model_vto": 0.75,
    "vg_cutoff": 0.75,
    "vg_cutoff_epochs": 4,
    "vg_init": {
      "mode": "random",
      "lo": 1.0,
      "hi": 6.0,
      "fixed": 2.0
    },
    "epochs": 100,
    "device_include_path": "/home/ma-lab/Desktop/pyclln-final/device_model/nmos_lvl1_ald1106.lib",
    "device_subckt": "NMOSWRAP"
  },
  "train": {
    "acc": 0.9853862212943633,
    "hinge": 0.0009514963117606118,
    "n_free": 1437,
    "n_clamp": 130,
    "hinge_active": 130,
    "hinge_active_frac": 0.09046624913013222,
    "skipped": 1307,
    "reload_free": 0,
    "reload_clamp": 0,
    "nonfinite_free": 0,
    "nonfinite_clamp": 0
  },
  "val": {
    "acc": 0.9527777777777777,
    "hinge": 0.002571544722222222,
    "test_gap_mean": 0.0403652575,
    "test_gap_median": 0.04167809999999997,
    "test_gap_std": 0.022995273420798393,
    "test_satisfy_frac": 0.85,
    "test_hinge_mean": 0.0025715447222222224,
    "val_reloads": 0.0,
    "val_nonfinite": 0.0
  },
  "timing_s": {
    "epoch_total": 51.92374348640442,
    "train_free": 33.95862698554993,
    "train_clamp": 3.0473601818084717,
    "train_update": 0.33662939071655273
  },
  "vg_stats": {
    "vg_unique_min": 0.7201521920665204,
    "vg_unique_max": 7.991542888166984,
    "vg_unique_sat_lo": 0.0,
    "vg_unique_sat_hi": 0.0
  }
}