{
  "epoch": 72,
  "config": {
    "seed": 0,
    "gamma": 0.3,
    "margin": 0.02,
    "delta": 0.1,
    "input_vmin": 0.0,
    "input_vmax": 1.0,
    "rails": [
      0.0,
      0.45
    ],
    "solver": "klu",
    "body_tie": "ground",
    "body_res": 10.0,
    "rs_clamp": 10.0,
    "model_vto": 0.75,
    "vg_cutoff": 0.75,
    "vg_cutoff_epochs": 4,
    "vg_init": {
      "mode": "random",
      "lo": 1.0,
      "hi": 6.0,
      "fixed": 2.0
    },
    "epochs": 100,
    "device_include_path": "/home/ma-lab/Desktop/pyclln-final/device_model/nmos_lvl1_ald1106.lib",
    "device_subckt": "NMOSWRAP"
  },
  "train": {
    "acc": 0.9805149617258176,
    "hinge": 0.0011618191370911613,
    "n_free": 1437,
    "n_clamp": 163,
    "hinge_active": 163,
    "hinge_active_frac": 0.11343075852470424,
    "skipped": 1274,
    "reload_free": 0,
    "reload_clamp": 0,
    "nonfinite_free": 0,
    "nonfinite_clamp": 0
  },
  "val": {
    "acc": 0.9583333333333334,
    "hinge": 0.0026087799999999998,
    "test_gap_mean": 0.038550729722222225,
    "test_gap_median": 0.039595250000000026,
    "test_gap_std": 0.02178114676955687,
    "test_satisfy_frac": 0.8444444444444444,
    "test_hinge_mean": 0.0026087800000000006,
    "val_reloads": 0.0,
    "val_nonfinite": 0.0
  },
  "timing_s": {
    "epoch_total": 54.178272008895874,
    "train_free": 35.32785367965698,
    "train_clamp": 3.9749581813812256,
    "train_update": 0.35955023765563965
  },
  "vg_stats": {
    "vg_unique_min": 0.7051042719672542,
    "vg_unique_max": 7.990196748547107,
    "vg_unique_sat_lo": 0.0,
    "vg_unique_sat_hi": 0.0
  }
}