{
  "epoch": 35,
  "config": {
    "seed": 0,
    "gamma": 0.3,
    "margin": 0.02,
    "delta": 0.1,
    "input_vmin": 0.0,
    "input_vmax": 1.0,
    "rails": [
      0.0,
      0.45
    ],
    "solver": "klu",
    "body_tie": "ground",
    "body_res": 10.0,
    "rs_clamp": 10.0,
    "model_vto": 0.75,
    "vg_cutoff": 0.75,
    "vg_cutoff_epochs": 4,
    "vg_init": {
      "mode": "random",
      "lo": 1.0,
      "hi": 6.0,
      "fixed": 2.0
    },
    "epochs": 100,
    "device_include_path": "/home/ma-lab/Desktop/pyclln-final/device_model/nmos_lvl1_ald1106.lib",
    "device_subckt": "NMOSWRAP"
  },
  "train": {
    "acc": 0.9756437021572721,
    "hinge": 0.001774524565066109,
    "n_free": 1437,
    "n_clamp": 227,
    "hinge_active": 227,
    "hinge_active_frac": 0.1579679888656924,
    "skipped": 1210,
    "reload_free": 0,
    "reload_clamp": 0,
    "nonfinite_free": 0,
    "nonfinite_clamp": 0
  },
  "val": {
    "acc": 0.9555555555555556,
    "hinge": 0.00276043138888889,
    "test_gap_mean": 0.03479040277777778,
    "test_gap_median": 0.03604565000000001,
    "test_gap_std": 0.0195274693894465,
    "test_satisfy_frac": 0.7972222222222223,
    "test_hinge_mean": 0.0027604313888888897,
    "val_reloads": 0.0,
    "val_nonfinite": 0.0
  },
  "timing_s": {
    "epoch_total": 58.466530323028564,
    "train_free": 36.07201170921326,
    "train_clamp": 5.6820619106292725,
    "train_update": 0.5923705101013184
  },
  "vg_stats": {
    "vg_unique_min": 0.6691107982820029,
    "vg_unique_max": 7.984535814287926,
    "vg_unique_sat_lo": 0.0,
    "vg_unique_sat_hi": 0.0
  }
}