{
  "test_gap_mean": 0.02856102611111111,
  "test_gap_median": 0.030429000000000025,
  "test_gap_std": 0.01779782417191421,
  "test_satisfy_frac": 0.6972222222222222,
  "test_hinge_mean": 0.0037307144444444456,
  "val_reloads": 0.0,
  "val_nonfinite": 0.0
}