{
  "test_gap_mean": 0.030544036944444446,
  "test_gap_median": 0.03262815000000002,
  "test_gap_std": 0.017956596182690597,
  "test_satisfy_frac": 0.7527777777777778,
  "test_hinge_mean": 0.003254320833333333,
  "val_reloads": 0.0,
  "val_nonfinite": 0.0
}