{
  "test_gap_mean": 0.032475373055555555,
  "test_gap_median": 0.03418840000000001,
  "test_gap_std": 0.018798974942643418,
  "test_satisfy_frac": 0.7861111111111111,
  "test_hinge_mean": 0.003055683055555556,
  "val_reloads": 0.0,
  "val_nonfinite": 0.0
}