{
  "test_gap_mean": 0.03174096972222222,
  "test_gap_median": 0.033589700000000014,
  "test_gap_std": 0.01867396189433297,
  "test_satisfy_frac": 0.7833333333333333,
  "test_hinge_mean": 0.0031921566666666674,
  "val_reloads": 0.0,
  "val_nonfinite": 0.0
}