{
  "test_gap_mean": 0.029906779999999994,
  "test_gap_median": 0.030899199999999988,
  "test_gap_std": 0.016850424644465855,
  "test_satisfy_frac": 0.7444444444444445,
  "test_hinge_mean": 0.003168323055555555,
  "val_reloads": 0.0,
  "val_nonfinite": 0.0
}