{
  "test_gap_mean": -0.012569716666666666,
  "test_gap_median": -0.009877399999999995,
  "test_gap_std": 0.021275894676357196,
  "test_satisfy_frac": 0.027777777777777776,
  "test_hinge_mean": 0.03275943944444445,
  "val_reloads": 0.0,
  "val_nonfinite": 0.0
}