{
  "test_gap_mean": 0.026056650277777777,
  "test_gap_median": 0.028704000000000007,
  "test_gap_std": 0.015917431213505105,
  "test_satisfy_frac": 0.675,
  "test_hinge_mean": 0.004085071944444445,
  "val_reloads": 0.0,
  "val_nonfinite": 0.0
}