{
  "test_gap_mean": 0.025035748333333333,
  "test_gap_median": 0.028173699999999968,
  "test_gap_std": 0.015775466644367537,
  "test_satisfy_frac": 0.6555555555555556,
  "test_hinge_mean": 0.0044020913888888884,
  "val_reloads": 0.0,
  "val_nonfinite": 0.0
}