{
  "test_gap_mean": 0.02839561916666667,
  "test_gap_median": 0.030333800000000008,
  "test_gap_std": 0.01635178581178162,
  "test_satisfy_frac": 0.7194444444444444,
  "test_hinge_mean": 0.003457043055555557,
  "val_reloads": 0.0,
  "val_nonfinite": 0.0
}