{
  "test_gap_mean": 0.029358152222222225,
  "test_gap_median": 0.03092575000000003,
  "test_gap_std": 0.0166353795071677,
  "test_satisfy_frac": 0.7305555555555555,
  "test_hinge_mean": 0.003263002777777778,
  "val_reloads": 0.0,
  "val_nonfinite": 0.0
}