{
  "test_gap_mean": 0.028963960555555553,
  "test_gap_median": 0.030707199999999976,
  "test_gap_std": 0.01651431984856879,
  "test_satisfy_frac": 0.725,
  "test_hinge_mean": 0.0033420158333333345,
  "val_reloads": 0.0,
  "val_nonfinite": 0.0
}