{
  "test_gap_mean": 0.027550221111111106,
  "test_gap_median": 0.02976420000000002,
  "test_gap_std": 0.016191337414259134,
  "test_satisfy_frac": 0.7,
  "test_hinge_mean": 0.003667067777777779,
  "val_reloads": 0.0,
  "val_nonfinite": 0.0
}