{
  "test_gap_mean": 0.0184698325,
  "test_gap_median": 0.021137149999999993,
  "test_gap_std": 0.01558690362417452,
  "test_satisfy_frac": 0.5277777777777778,
  "test_hinge_mean": 0.0069524488888888895,
  "val_reloads": 0.0,
  "val_nonfinite": 0.0
}