{
  "test_gap_mean": 0.01452833611111111,
  "test_gap_median": 0.017107049999999985,
  "test_gap_std": 0.01595015535502803,
  "test_satisfy_frac": 0.4361111111111111,
  "test_hinge_mean": 0.009208585555555556,
  "val_reloads": 0.0,
  "val_nonfinite": 0.0
}