{
  "test_gap_mean": 0.028863466944444444,
  "test_gap_median": 0.030536200000000027,
  "test_gap_std": 0.016502713416945227,
  "test_satisfy_frac": 0.725,
  "test_hinge_mean": 0.003374123333333334,
  "val_reloads": 0.0,
  "val_nonfinite": 0.0
}