{
  "test_gap_mean": 0.027777281944444444,
  "test_gap_median": 0.029816199999999973,
  "test_gap_std": 0.016215839114528032,
  "test_satisfy_frac": 0.7055555555555556,
  "test_hinge_mean": 0.003599358333333333,
  "val_reloads": 0.0,
  "val_nonfinite": 0.0
}