{
  "test_gap_mean": 0.0026351847222222217,
  "test_gap_median": 0.005491999999999997,
  "test_gap_std": 0.01836566735061844,
  "test_satisfy_frac": 0.16944444444444445,
  "test_hinge_mean": 0.018283954444444445,
  "val_reloads": 0.0,
  "val_nonfinite": 0.0
}