{
  "epoch": 25,
  "config": {
    "seed": 1,
    "gamma": 0.03,
    "margin": 0.02,
    "delta": 0.05,
    "input_vmin": 0.0,
    "input_vmax": 1.0,
    "rails": [
      0.0,
      0.45
    ],
    "solver": "klu",
    "body_tie": "source",
    "body_res": 10.0,
    "rs_clamp": 10.0,
    "model_vto": 0.75,
    "vg_cutoff": 0.75,
    "vg_cutoff_epochs": 4,
    "vg_init": {
      "mode": "random",
      "lo": 0.75,
      "hi": 3.0,
      "fixed": 2.0
    },
    "epochs": 100,
    "device_include_path": "/home/ma-lab/Desktop/pyclln-final/device_model/nmos_lvl1_ald1106.lib",
    "device_subckt": "NMOSWRAP"
  },
  "train": {
    "acc": 0.8670842032011135,
    "hinge": 0.007402735699373692,
    "n_free": 1437,
    "n_clamp": 696,
    "hinge_active": 696,
    "hinge_active_frac": 0.48434237995824636,
    "skipped": 741,
    "reload_free": 0,
    "reload_clamp": 0,
    "nonfinite_free": 0,
    "nonfinite_clamp": 0
  },
  "val": {
    "acc": 0.85,
    "hinge": 0.006952448888888891,
    "test_gap_mean": 0.0184698325,
    "test_gap_median": 0.021137149999999993,
    "test_gap_std": 0.01558690362417452,
    "test_satisfy_frac": 0.5277777777777778,
    "test_hinge_mean": 0.0069524488888888895,
    "val_reloads": 0.0,
    "val_nonfinite": 0.0
  },
  "timing_s": {
    "epoch_total": 80.677414894104,
    "train_free": 41.71811890602112,
    "train_clamp": 20.141855001449585,
    "train_update": 1.8232996463775635
  },
  "vg_stats": {
    "vg_unique_min": 0.7120096933657788,
    "vg_unique_max": 3.3549474208060848,
    "vg_unique_sat_lo": 0.0,
    "vg_unique_sat_hi": 0.0
  }
}