{
  "epoch": 42,
  "config": {
    "seed": 1,
    "gamma": 0.03,
    "margin": 0.02,
    "delta": 0.05,
    "input_vmin": 0.0,
    "input_vmax": 1.0,
    "rails": [
      0.0,
      0.45
    ],
    "solver": "klu",
    "body_tie": "source",
    "body_res": 10.0,
    "rs_clamp": 10.0,
    "model_vto": 0.75,
    "vg_cutoff": 0.75,
    "vg_cutoff_epochs": 4,
    "vg_init": {
      "mode": "random",
      "lo": 0.75,
      "hi": 3.0,
      "fixed": 2.0
    },
    "epochs": 100,
    "device_include_path": "/home/ma-lab/Desktop/pyclln-final/device_model/nmos_lvl1_ald1106.lib",
    "device_subckt": "NMOSWRAP"
  },
  "train": {
    "acc": 0.9116214335421016,
    "hinge": 0.00490317849686848,
    "n_free": 1437,
    "n_clamp": 508,
    "hinge_active": 508,
    "hinge_active_frac": 0.3535142658315936,
    "skipped": 929,
    "reload_free": 0,
    "reload_clamp": 0,
    "nonfinite_free": 0,
    "nonfinite_clamp": 0
  },
  "val": {
    "acc": 0.9055555555555556,
    "hinge": 0.004830929722222222,
    "test_gap_mean": 0.023756671944444443,
    "test_gap_median": 0.026815699999999998,
    "test_gap_std": 0.015672113776998467,
    "test_satisfy_frac": 0.6388888888888888,
    "test_hinge_mean": 0.004830929722222222,
    "val_reloads": 0.0,
    "val_nonfinite": 0.0
  },
  "timing_s": {
    "epoch_total": 71.76682472229004,
    "train_free": 39.37205219268799,
    "train_clamp": 13.85094141960144,
    "train_update": 1.2874796390533447
  },
  "vg_stats": {
    "vg_unique_min": 0.7467933649782674,
    "vg_unique_max": 3.4131475516560954,
    "vg_unique_sat_lo": 0.0,
    "vg_unique_sat_hi": 0.0
  }
}