{
  "epoch": 80,
  "config": {
    "seed": 1,
    "gamma": 0.03,
    "margin": 0.02,
    "delta": 0.05,
    "input_vmin": 0.0,
    "input_vmax": 1.0,
    "rails": [
      0.0,
      0.45
    ],
    "solver": "klu",
    "body_tie": "source",
    "body_res": 10.0,
    "rs_clamp": 10.0,
    "model_vto": 0.75,
    "vg_cutoff": 0.75,
    "vg_cutoff_epochs": 4,
    "vg_init": {
      "mode": "random",
      "lo": 0.75,
      "hi": 3.0,
      "fixed": 2.0
    },
    "epochs": 100,
    "device_include_path": "/home/ma-lab/Desktop/pyclln-final/device_model/nmos_lvl1_ald1106.lib",
    "device_subckt": "NMOSWRAP"
  },
  "train": {
    "acc": 0.9478079331941545,
    "hinge": 0.0032832852470424494,
    "n_free": 1437,
    "n_clamp": 377,
    "hinge_active": 377,
    "hinge_active_frac": 0.26235212247738343,
    "skipped": 1060,
    "reload_free": 0,
    "reload_clamp": 0,
    "nonfinite_free": 0,
    "nonfinite_clamp": 0
  },
  "val": {
    "acc": 0.9444444444444444,
    "hinge": 0.003418218333333334,
    "test_gap_mean": 0.028653868333333332,
    "test_gap_median": 0.030499050000000014,
    "test_gap_std": 0.016443469387640644,
    "test_satisfy_frac": 0.7222222222222222,
    "test_hinge_mean": 0.003418218333333334,
    "val_reloads": 0.0,
    "val_nonfinite": 0.0
  },
  "timing_s": {
    "epoch_total": 71.99800968170166,
    "train_free": 41.99104928970337,
    "train_clamp": 10.927588939666748,
    "train_update": 1.0331439971923828
  },
  "vg_stats": {
    "vg_unique_min": 0.7266013702381009,
    "vg_unique_max": 3.5305009544044488,
    "vg_unique_sat_lo": 0.0,
    "vg_unique_sat_hi": 0.0
  }
}