{
  "epoch": 46,
  "config": {
    "seed": 1,
    "gamma": 0.03,
    "margin": 0.02,
    "delta": 0.05,
    "input_vmin": 0.0,
    "input_vmax": 1.0,
    "rails": [
      0.0,
      0.45
    ],
    "solver": "klu",
    "body_tie": "source",
    "body_res": 10.0,
    "rs_clamp": 10.0,
    "model_vto": 0.75,
    "vg_cutoff": 0.75,
    "vg_cutoff_epochs": 4,
    "vg_init": {
      "mode": "random",
      "lo": 0.75,
      "hi": 3.0,
      "fixed": 2.0
    },
    "epochs": 100,
    "device_include_path": "/home/ma-lab/Desktop/pyclln-final/device_model/nmos_lvl1_ald1106.lib",
    "device_subckt": "NMOSWRAP"
  },
  "train": {
    "acc": 0.9171885873347251,
    "hinge": 0.004607052679192762,
    "n_free": 1437,
    "n_clamp": 494,
    "hinge_active": 494,
    "hinge_active_frac": 0.34377174669450244,
    "skipped": 943,
    "reload_free": 0,
    "reload_clamp": 0,
    "nonfinite_free": 0,
    "nonfinite_clamp": 0
  },
  "val": {
    "acc": 0.9138888888888889,
    "hinge": 0.004565895833333334,
    "test_gap_mean": 0.02452294333333333,
    "test_gap_median": 0.027611300000000005,
    "test_gap_std": 0.01572291535624428,
    "test_satisfy_frac": 0.65,
    "test_hinge_mean": 0.004565895833333334,
    "val_reloads": 0.0,
    "val_nonfinite": 0.0
  },
  "timing_s": {
    "epoch_total": 68.59289360046387,
    "train_free": 37.46855092048645,
    "train_clamp": 12.876899003982544,
    "train_update": 1.296607255935669
  },
  "vg_stats": {
    "vg_unique_min": 0.7551886093554254,
    "vg_unique_max": 3.4189564147934264,
    "vg_unique_sat_lo": 0.0,
    "vg_unique_sat_hi": 0.0
  }
}