{
  "epoch": 3,
  "config": {
    "seed": 1,
    "gamma": 0.03,
    "margin": 0.02,
    "delta": 0.05,
    "input_vmin": 0.0,
    "input_vmax": 1.0,
    "rails": [
      0.0,
      0.45
    ],
    "solver": "klu",
    "body_tie": "source",
    "body_res": 10.0,
    "rs_clamp": 10.0,
    "model_vto": 0.75,
    "vg_cutoff": 0.75,
    "vg_cutoff_epochs": 4,
    "vg_init": {
      "mode": "random",
      "lo": 0.75,
      "hi": 3.0,
      "fixed": 2.0
    },
    "epochs": 100,
    "device_include_path": "/home/ma-lab/Desktop/pyclln-final/device_model/nmos_lvl1_ald1106.lib",
    "device_subckt": "NMOSWRAP"
  },
  "train": {
    "acc": 0.25608907446068196,
    "hinge": 0.035054875922059796,
    "n_free": 1437,
    "n_clamp": 1363,
    "hinge_active": 1363,
    "hinge_active_frac": 0.9485038274182325,
    "skipped": 74,
    "reload_free": 0,
    "reload_clamp": 0,
    "nonfinite_free": 0,
    "nonfinite_clamp": 0
  },
  "val": {
    "acc": 0.3055555555555556,
    "hinge": 0.03275943944444441,
    "test_gap_mean": -0.012569716666666666,
    "test_gap_median": -0.009877399999999995,
    "test_gap_std": 0.021275894676357196,
    "test_satisfy_frac": 0.027777777777777776,
    "test_hinge_mean": 0.03275943944444445,
    "val_reloads": 0.0,
    "val_nonfinite": 0.0
  },
  "timing_s": {
    "epoch_total": 87.90681505203247,
    "train_free": 33.8369402885437,
    "train_clamp": 31.929389476776123,
    "train_update": 3.6563241481781006
  },
  "vg_stats": {
    "vg_unique_min": 0.5514718694109926,
    "vg_unique_max": 3.0397346192826014,
    "vg_unique_sat_lo": 0.0,
    "vg_unique_sat_hi": 0.0
  }
}