{
  "epoch": 33,
  "config": {
    "seed": 1,
    "gamma": 0.03,
    "margin": 0.02,
    "delta": 0.05,
    "input_vmin": 0.0,
    "input_vmax": 1.0,
    "rails": [
      0.0,
      0.45
    ],
    "solver": "klu",
    "body_tie": "source",
    "body_res": 10.0,
    "rs_clamp": 10.0,
    "model_vto": 0.75,
    "vg_cutoff": 0.75,
    "vg_cutoff_epochs": 4,
    "vg_init": {
      "mode": "random",
      "lo": 0.75,
      "hi": 3.0,
      "fixed": 2.0
    },
    "epochs": 100,
    "device_include_path": "/home/ma-lab/Desktop/pyclln-final/device_model/nmos_lvl1_ald1106.lib",
    "device_subckt": "NMOSWRAP"
  },
  "train": {
    "acc": 0.8997912317327766,
    "hinge": 0.005869006123869166,
    "n_free": 1437,
    "n_clamp": 607,
    "hinge_active": 607,
    "hinge_active_frac": 0.42240779401530965,
    "skipped": 830,
    "reload_free": 0,
    "reload_clamp": 0,
    "nonfinite_free": 0,
    "nonfinite_clamp": 0
  },
  "val": {
    "acc": 0.8861111111111111,
    "hinge": 0.005658428888888888,
    "test_gap_mean": 0.021532643888888887,
    "test_gap_median": 0.024519100000000016,
    "test_gap_std": 0.01560435594579697,
    "test_satisfy_frac": 0.5972222222222222,
    "test_hinge_mean": 0.005658428888888888,
    "val_reloads": 0.0,
    "val_nonfinite": 0.0
  },
  "timing_s": {
    "epoch_total": 69.90183067321777,
    "train_free": 37.46776008605957,
    "train_clamp": 15.781445264816284,
    "train_update": 1.2903733253479004
  },
  "vg_stats": {
    "vg_unique_min": 0.7067002058965575,
    "vg_unique_max": 3.392007201507184,
    "vg_unique_sat_lo": 0.0,
    "vg_unique_sat_hi": 0.0
  }
}