{
  "epoch": 74,
  "config": {
    "seed": 1,
    "gamma": 0.03,
    "margin": 0.02,
    "delta": 0.05,
    "input_vmin": 0.0,
    "input_vmax": 1.0,
    "rails": [
      0.0,
      0.45
    ],
    "solver": "klu",
    "body_tie": "source",
    "body_res": 10.0,
    "rs_clamp": 10.0,
    "model_vto": 0.75,
    "vg_cutoff": 0.75,
    "vg_cutoff_epochs": 4,
    "vg_init": {
      "mode": "random",
      "lo": 0.75,
      "hi": 3.0,
      "fixed": 2.0
    },
    "epochs": 100,
    "device_include_path": "/home/ma-lab/Desktop/pyclln-final/device_model/nmos_lvl1_ald1106.lib",
    "device_subckt": "NMOSWRAP"
  },
  "train": {
    "acc": 0.942936673625609,
    "hinge": 0.0034297525400139145,
    "n_free": 1437,
    "n_clamp": 388,
    "hinge_active": 388,
    "hinge_active_frac": 0.2700069589422408,
    "skipped": 1049,
    "reload_free": 0,
    "reload_clamp": 0,
    "nonfinite_free": 0,
    "nonfinite_clamp": 0
  },
  "val": {
    "acc": 0.9416666666666667,
    "hinge": 0.0035213211111111116,
    "test_gap_mean": 0.0280862575,
    "test_gap_median": 0.030066300000000004,
    "test_gap_std": 0.01627509231282403,
    "test_satisfy_frac": 0.7111111111111111,
    "test_hinge_mean": 0.0035213211111111103,
    "val_reloads": 0.0,
    "val_nonfinite": 0.0
  },
  "timing_s": {
    "epoch_total": 71.48836374282837,
    "train_free": 42.20651650428772,
    "train_clamp": 11.351266384124756,
    "train_update": 1.0784411430358887
  },
  "vg_stats": {
    "vg_unique_min": 0.7418799696280999,
    "vg_unique_max": 3.4931896171322436,
    "vg_unique_sat_lo": 0.0,
    "vg_unique_sat_hi": 0.0
  }
}