{
  "epoch": 2,
  "config": {
    "seed": 1,
    "gamma": 0.03,
    "margin": 0.02,
    "delta": 0.05,
    "input_vmin": 0.0,
    "input_vmax": 1.0,
    "rails": [
      0.0,
      0.45
    ],
    "solver": "klu",
    "body_tie": "source",
    "body_res": 10.0,
    "rs_clamp": 10.0,
    "model_vto": 0.75,
    "vg_cutoff": 0.75,
    "vg_cutoff_epochs": 4,
    "vg_init": {
      "mode": "random",
      "lo": 0.75,
      "hi": 3.0,
      "fixed": 2.0
    },
    "epochs": 100,
    "device_include_path": "/home/ma-lab/Desktop/pyclln-final/device_model/nmos_lvl1_ald1106.lib",
    "device_subckt": "NMOSWRAP"
  },
  "train": {
    "acc": 0.17536534446764093,
    "hinge": 0.04028932734864305,
    "n_free": 1437,
    "n_clamp": 1369,
    "hinge_active": 1369,
    "hinge_active_frac": 0.9526791927627001,
    "skipped": 68,
    "reload_free": 0,
    "reload_clamp": 0,
    "nonfinite_free": 0,
    "nonfinite_clamp": 0
  },
  "val": {
    "acc": 0.225,
    "hinge": 0.03751489999999997,
    "test_gap_mean": -0.017338471388888888,
    "test_gap_median": -0.014777099999999987,
    "test_gap_std": 0.0224826845703196,
    "test_satisfy_frac": 0.025,
    "test_hinge_mean": 0.037514900000000004,
    "val_reloads": 0.0,
    "val_nonfinite": 0.0
  },
  "timing_s": {
    "epoch_total": 85.55684494972229,
    "train_free": 32.58650016784668,
    "train_clamp": 30.84286141395569,
    "train_update": 3.663895606994629
  },
  "vg_stats": {
    "vg_unique_min": 0.6061087377031881,
    "vg_unique_max": 3.0450447554898092,
    "vg_unique_sat_lo": 0.0,
    "vg_unique_sat_hi": 0.0
  }
}