{
  "epoch": 75,
  "config": {
    "seed": 1,
    "gamma": 0.03,
    "margin": 0.02,
    "delta": 0.05,
    "input_vmin": 0.0,
    "input_vmax": 1.0,
    "rails": [
      0.0,
      0.45
    ],
    "solver": "klu",
    "body_tie": "source",
    "body_res": 10.0,
    "rs_clamp": 10.0,
    "model_vto": 0.75,
    "vg_cutoff": 0.75,
    "vg_cutoff_epochs": 4,
    "vg_init": {
      "mode": "random",
      "lo": 0.75,
      "hi": 3.0,
      "fixed": 2.0
    },
    "epochs": 100,
    "device_include_path": "/home/ma-lab/Desktop/pyclln-final/device_model/nmos_lvl1_ald1106.lib",
    "device_subckt": "NMOSWRAP"
  },
  "train": {
    "acc": 0.9450243562978428,
    "hinge": 0.0034016404314544217,
    "n_free": 1437,
    "n_clamp": 385,
    "hinge_active": 385,
    "hinge_active_frac": 0.26791927627000695,
    "skipped": 1052,
    "reload_free": 0,
    "reload_clamp": 0,
    "nonfinite_free": 0,
    "nonfinite_clamp": 0
  },
  "val": {
    "acc": 0.9444444444444444,
    "hinge": 0.0034966691666666674,
    "test_gap_mean": 0.02820496305555556,
    "test_gap_median": 0.030064899999999978,
    "test_gap_std": 0.016286226255902276,
    "test_satisfy_frac": 0.7166666666666667,
    "test_hinge_mean": 0.0034966691666666674,
    "val_reloads": 0.0,
    "val_nonfinite": 0.0
  },
  "timing_s": {
    "epoch_total": 72.55083107948303,
    "train_free": 41.60060214996338,
    "train_clamp": 11.168649911880493,
    "train_update": 1.118443250656128
  },
  "vg_stats": {
    "vg_unique_min": 0.7368772216049078,
    "vg_unique_max": 3.4996333404994115,
    "vg_unique_sat_lo": 0.0,
    "vg_unique_sat_hi": 0.0
  }
}