{
  "epoch": 39,
  "config": {
    "seed": 1,
    "gamma": 0.03,
    "margin": 0.02,
    "delta": 0.05,
    "input_vmin": 0.0,
    "input_vmax": 1.0,
    "rails": [
      0.0,
      0.45
    ],
    "solver": "klu",
    "body_tie": "source",
    "body_res": 10.0,
    "rs_clamp": 10.0,
    "model_vto": 0.75,
    "vg_cutoff": 0.75,
    "vg_cutoff_epochs": 4,
    "vg_init": {
      "mode": "random",
      "lo": 0.75,
      "hi": 3.0,
      "fixed": 2.0
    },
    "epochs": 100,
    "device_include_path": "/home/ma-lab/Desktop/pyclln-final/device_model/nmos_lvl1_ald1106.lib",
    "device_subckt": "NMOSWRAP"
  },
  "train": {
    "acc": 0.9102296450939458,
    "hinge": 0.005157432150313152,
    "n_free": 1437,
    "n_clamp": 532,
    "hinge_active": 532,
    "hinge_active_frac": 0.37021572720946416,
    "skipped": 905,
    "reload_free": 0,
    "reload_clamp": 0,
    "nonfinite_free": 0,
    "nonfinite_clamp": 0
  },
  "val": {
    "acc": 0.9027777777777778,
    "hinge": 0.005052651388888888,
    "test_gap_mean": 0.023111456944444445,
    "test_gap_median": 0.026343549999999966,
    "test_gap_std": 0.015615537074791056,
    "test_satisfy_frac": 0.625,
    "test_hinge_mean": 0.005052651388888888,
    "val_reloads": 0.0,
    "val_nonfinite": 0.0
  },
  "timing_s": {
    "epoch_total": 74.67558813095093,
    "train_free": 40.833784341812134,
    "train_clamp": 15.100269556045532,
    "train_update": 1.3211965560913086
  },
  "vg_stats": {
    "vg_unique_min": 0.7607469124717663,
    "vg_unique_max": 3.40662308853526,
    "vg_unique_sat_lo": 0.0,
    "vg_unique_sat_hi": 0.0
  }
}