{
  "epoch": 56,
  "config": {
    "seed": 1,
    "gamma": 0.03,
    "margin": 0.02,
    "delta": 0.05,
    "input_vmin": 0.0,
    "input_vmax": 1.0,
    "rails": [
      0.0,
      0.45
    ],
    "solver": "klu",
    "body_tie": "source",
    "body_res": 10.0,
    "rs_clamp": 10.0,
    "model_vto": 0.75,
    "vg_cutoff": 0.75,
    "vg_cutoff_epochs": 4,
    "vg_init": {
      "mode": "random",
      "lo": 0.75,
      "hi": 3.0,
      "fixed": 2.0
    },
    "epochs": 100,
    "device_include_path": "/home/ma-lab/Desktop/pyclln-final/device_model/nmos_lvl1_ald1106.lib",
    "device_subckt": "NMOSWRAP"
  },
  "train": {
    "acc": 0.9241475295755045,
    "hinge": 0.0040462048712595665,
    "n_free": 1437,
    "n_clamp": 438,
    "hinge_active": 438,
    "hinge_active_frac": 0.3048016701461378,
    "skipped": 999,
    "reload_free": 0,
    "reload_clamp": 0,
    "nonfinite_free": 0,
    "nonfinite_clamp": 0
  },
  "val": {
    "acc": 0.925,
    "hinge": 0.0040850719444444445,
    "test_gap_mean": 0.026056650277777777,
    "test_gap_median": 0.028704000000000007,
    "test_gap_std": 0.015917431213505105,
    "test_satisfy_frac": 0.675,
    "test_hinge_mean": 0.004085071944444445,
    "val_reloads": 0.0,
    "val_nonfinite": 0.0
  },
  "timing_s": {
    "epoch_total": 74.4466016292572,
    "train_free": 41.47524833679199,
    "train_clamp": 12.684669971466064,
    "train_update": 1.2510576248168945
  },
  "vg_stats": {
    "vg_unique_min": 0.7236305562633765,
    "vg_unique_max": 3.42661485722776,
    "vg_unique_sat_lo": 0.0,
    "vg_unique_sat_hi": 0.0
  }
}