{
  "test_gap_mean": 0.03485279222222222,
  "test_gap_median": 0.036567899999999987,
  "test_gap_std": 0.020359910500238387,
  "test_satisfy_frac": 0.775,
  "test_hinge_mean": 0.0031129794444444453,
  "val_reloads": 0.0,
  "val_nonfinite": 0.0
}