{
  "test_gap_mean": 0.03898097972222222,
  "test_gap_median": 0.04071524999999998,
  "test_gap_std": 0.022230257053301,
  "test_satisfy_frac": 0.8027777777777778,
  "test_hinge_mean": 0.002809278333333334,
  "val_reloads": 0.0,
  "val_nonfinite": 0.0
}