{
  "test_gap_mean": 0.03728180944444444,
  "test_gap_median": 0.039453000000000016,
  "test_gap_std": 0.021265764036290553,
  "test_satisfy_frac": 0.8,
  "test_hinge_mean": 0.0028769386111111117,
  "val_reloads": 0.0,
  "val_nonfinite": 0.0
}