{
  "test_gap_mean": 0.041536591388888884,
  "test_gap_median": 0.043706049999999996,
  "test_gap_std": 0.023466534828175074,
  "test_satisfy_frac": 0.8027777777777778,
  "test_hinge_mean": 0.0026421119444444458,
  "val_reloads": 0.0,
  "val_nonfinite": 0.0
}