{
  "test_gap_mean": 0.02670829666666667,
  "test_gap_median": 0.028170749999999994,
  "test_gap_std": 0.016424878498171945,
  "test_satisfy_frac": 0.6916666666666667,
  "test_hinge_mean": 0.003911935277777777,
  "val_reloads": 0.0,
  "val_nonfinite": 0.0
}