{
  "test_gap_mean": 0.03735801222222222,
  "test_gap_median": 0.03903345,
  "test_gap_std": 0.021393166096660286,
  "test_satisfy_frac": 0.7972222222222223,
  "test_hinge_mean": 0.0029158722222222227,
  "val_reloads": 0.0,
  "val_nonfinite": 0.0
}