{
  "test_gap_mean": 0.04161313944444445,
  "test_gap_median": 0.043516550000000015,
  "test_gap_std": 0.02351774003430058,
  "test_satisfy_frac": 0.8055555555555556,
  "test_hinge_mean": 0.002616535277777778,
  "val_reloads": 0.0,
  "val_nonfinite": 0.0
}