{
  "test_gap_mean": 0.037756949166666665,
  "test_gap_median": 0.03935115,
  "test_gap_std": 0.021564878044424182,
  "test_satisfy_frac": 0.7944444444444444,
  "test_hinge_mean": 0.0028586222222222223,
  "val_reloads": 0.0,
  "val_nonfinite": 0.0
}