{
  "test_gap_mean": 0.04121208972222222,
  "test_gap_median": 0.042832550000000025,
  "test_gap_std": 0.023293673830713013,
  "test_satisfy_frac": 0.8,
  "test_hinge_mean": 0.0026205494444444446,
  "val_reloads": 0.0,
  "val_nonfinite": 0.0
}