{
  "epoch": 6,
  "config": {
    "seed": 2,
    "gamma": 0.3,
    "margin": 0.02,
    "delta": 0.1,
    "input_vmin": 0.0,
    "input_vmax": 1.0,
    "rails": [
      0.0,
      0.45
    ],
    "solver": "klu",
    "body_tie": "source",
    "body_res": 10.0,
    "rs_clamp": 10.0,
    "model_vto": 0.75,
    "vg_cutoff": 0.75,
    "vg_cutoff_epochs": 4,
    "vg_init": {
      "mode": "random",
      "lo": 1.0,
      "hi": 6.0,
      "fixed": 2.0
    },
    "epochs": 100,
    "device_include_path": "/home/ma-lab/Desktop/pyclln-final/device_model/nmos_lvl1_ald1106.lib",
    "device_subckt": "NMOSWRAP"
  },
  "train": {
    "acc": 0.9067501739735561,
    "hinge": 0.0053180533054975575,
    "n_free": 1437,
    "n_clamp": 588,
    "hinge_active": 588,
    "hinge_active_frac": 0.4091858037578288,
    "skipped": 849,
    "reload_free": 0,
    "reload_clamp": 0,
    "nonfinite_free": 0,
    "nonfinite_clamp": 0
  },
  "val": {
    "acc": 0.9055555555555556,
    "hinge": 0.005719875277777771,
    "test_gap_mean": 0.021176131944444444,
    "test_gap_median": 0.023244650000000006,
    "test_gap_std": 0.015848792692596373,
    "test_satisfy_frac": 0.5638888888888889,
    "test_hinge_mean": 0.0057198752777777775,
    "val_reloads": 0.0,
    "val_nonfinite": 0.0
  },
  "timing_s": {
    "epoch_total": 65.56009411811829,
    "train_free": 35.213608741760254,
    "train_clamp": 14.379180431365967,
    "train_update": 1.1840171813964844
  },
  "vg_stats": {
    "vg_unique_min": 0.4,
    "vg_unique_max": 6.957147345186264,
    "vg_unique_sat_lo": 1.0,
    "vg_unique_sat_hi": 0.0
  }
}