{
  "test_gap_mean": 0.1274945625,
  "test_gap_median": 0.1372795,
  "test_gap_std": 0.0828564916556885,
  "test_satisfy_frac": 0.6722222222222223,
  "test_hinge_mean": 0.021138712500000004,
  "val_reloads": 0.0,
  "val_nonfinite": 0.0
}