{
  "test_gap_mean": 0.12036746833333332,
  "test_gap_median": 0.12594190000000002,
  "test_gap_std": 0.07386051431926337,
  "test_satisfy_frac": 0.6277777777777778,
  "test_hinge_mean": 0.02050545611111111,
  "val_reloads": 0.0,
  "val_nonfinite": 0.0
}