{
  "test_gap_mean": 0.12537090527777778,
  "test_gap_median": 0.12726610000000002,
  "test_gap_std": 0.08102700549782701,
  "test_satisfy_frac": 0.6583333333333333,
  "test_hinge_mean": 0.02082863583333333,
  "val_reloads": 0.0,
  "val_nonfinite": 0.0
}