{
  "test_gap_mean": 0.12955895027777778,
  "test_gap_median": 0.1344005,
  "test_gap_std": 0.08433255469002829,
  "test_satisfy_frac": 0.6638888888888889,
  "test_hinge_mean": 0.020902908333333334,
  "val_reloads": 0.0,
  "val_nonfinite": 0.0
}