{
  "test_gap_mean": 0.12546921166666666,
  "test_gap_median": 0.1343807,
  "test_gap_std": 0.08467822428077709,
  "test_satisfy_frac": 0.6638888888888889,
  "test_hinge_mean": 0.022535669444444444,
  "val_reloads": 0.0,
  "val_nonfinite": 0.0
}