{
  "test_gap_mean": 0.1207245352777778,
  "test_gap_median": 0.12635025000000003,
  "test_gap_std": 0.07762820763978134,
  "test_satisfy_frac": 0.6444444444444445,
  "test_hinge_mean": 0.021519503055555556,
  "val_reloads": 0.0,
  "val_nonfinite": 0.0
}