{
  "test_gap_mean": 0.1191053386111111,
  "test_gap_median": 0.12322939999999999,
  "test_gap_std": 0.07371538746804784,
  "test_satisfy_frac": 0.6333333333333333,
  "test_hinge_mean": 0.021371571388888892,
  "val_reloads": 0.0,
  "val_nonfinite": 0.0
}