{
  "test_gap_mean": 0.127647515,
  "test_gap_median": 0.13707920000000004,
  "test_gap_std": 0.08437270231736353,
  "test_satisfy_frac": 0.6722222222222223,
  "test_hinge_mean": 0.021841933333333334,
  "val_reloads": 0.0,
  "val_nonfinite": 0.0
}