{
  "test_gap_mean": 0.12757169499999998,
  "test_gap_median": 0.13241645,
  "test_gap_std": 0.08669566392882812,
  "test_satisfy_frac": 0.6833333333333333,
  "test_hinge_mean": 0.0222557875,
  "val_reloads": 0.0,
  "val_nonfinite": 0.0
}