{
  "test_gap_mean": 0.12812510777777777,
  "test_gap_median": 0.13225089999999998,
  "test_gap_std": 0.08280471500931773,
  "test_satisfy_frac": 0.6805555555555556,
  "test_hinge_mean": 0.020623910555555555,
  "val_reloads": 0.0,
  "val_nonfinite": 0.0
}