{
  "test_gap_mean": 0.1276672636111111,
  "test_gap_median": 0.13627099999999998,
  "test_gap_std": 0.0849582989754224,
  "test_satisfy_frac": 0.6722222222222223,
  "test_hinge_mean": 0.021650795555555557,
  "val_reloads": 0.0,
  "val_nonfinite": 0.0
}