{
  "test_gap_mean": 0.12891510250000002,
  "test_gap_median": 0.1326899,
  "test_gap_std": 0.08513227052193852,
  "test_satisfy_frac": 0.6694444444444444,
  "test_hinge_mean": 0.021725816388888892,
  "val_reloads": 0.0,
  "val_nonfinite": 0.0
}