{
  "epoch": 36,
  "config": {
    "seed": 2,
    "gamma": 3.0,
    "margin": 0.1,
    "delta": 0.05,
    "input_vmin": 0.0,
    "input_vmax": 1.0,
    "rails": [
      0.0,
      0.45
    ],
    "solver": "klu",
    "body_tie": "source",
    "body_res": 10.0,
    "rs_clamp": 10.0,
    "model_vto": 0.75,
    "vg_cutoff": 0.75,
    "vg_cutoff_epochs": 4,
    "vg_init": {
      "mode": "random",
      "lo": 0.75,
      "hi": 3.0,
      "fixed": 2.0
    },
    "epochs": 100,
    "device_include_path": "/home/ma-lab/Desktop/pyclln-final/device_model/nmos_lvl1_ald1106.lib",
    "device_subckt": "NMOSWRAP"
  },
  "train": {
    "acc": 0.9519832985386222,
    "hinge": 0.01759373048016704,
    "n_free": 1437,
    "n_clamp": 470,
    "hinge_active": 470,
    "hinge_active_frac": 0.32707028531663185,
    "skipped": 967,
    "reload_free": 0,
    "reload_clamp": 0,
    "nonfinite_free": 0,
    "nonfinite_clamp": 0
  },
  "val": {
    "acc": 0.9222222222222223,
    "hinge": 0.022164080833333343,
    "test_gap_mean": 0.12526128972222222,
    "test_gap_median": 0.1286633,
    "test_gap_std": 0.08432346785011163,
    "test_satisfy_frac": 0.6472222222222223,
    "test_hinge_mean": 0.022164080833333336,
    "val_reloads": 0.0,
    "val_nonfinite": 0.0
  },
  "timing_s": {
    "epoch_total": 13.867030620574951,
    "train_free": 6.414463043212891,
    "train_clamp": 2.0415751934051514,
    "train_update": 0.4483065605163574
  },
  "vg_stats": {
    "vg_unique_min": 0.4,
    "vg_unique_max": 7.691439031304697,
    "vg_unique_sat_lo": 1.0,
    "vg_unique_sat_hi": 0.0
  }
}