{
  "epoch": 76,
  "config": {
    "seed": 2,
    "gamma": 3.0,
    "margin": 0.1,
    "delta": 0.05,
    "input_vmin": 0.0,
    "input_vmax": 1.0,
    "rails": [
      0.0,
      0.45
    ],
    "solver": "klu",
    "body_tie": "source",
    "body_res": 10.0,
    "rs_clamp": 10.0,
    "model_vto": 0.75,
    "vg_cutoff": 0.75,
    "vg_cutoff_epochs": 4,
    "vg_init": {
      "mode": "random",
      "lo": 0.75,
      "hi": 3.0,
      "fixed": 2.0
    },
    "epochs": 100,
    "device_include_path": "/home/ma-lab/Desktop/pyclln-final/device_model/nmos_lvl1_ald1106.lib",
    "device_subckt": "NMOSWRAP"
  },
  "train": {
    "acc": 0.9491997216423104,
    "hinge": 0.01823517835768964,
    "n_free": 1437,
    "n_clamp": 463,
    "hinge_active": 463,
    "hinge_active_frac": 0.3221990257480863,
    "skipped": 974,
    "reload_free": 0,
    "reload_clamp": 0,
    "nonfinite_free": 0,
    "nonfinite_clamp": 0
  },
  "val": {
    "acc": 0.9305555555555556,
    "hinge": 0.021431663055555557,
    "test_gap_mean": 0.12658839972222222,
    "test_gap_median": 0.1336501,
    "test_gap_std": 0.08249373825204266,
    "test_satisfy_frac": 0.6472222222222223,
    "test_hinge_mean": 0.021431663055555553,
    "val_reloads": 0.0,
    "val_nonfinite": 0.0
  },
  "timing_s": {
    "epoch_total": 11.380283117294312,
    "train_free": 5.223273277282715,
    "train_clamp": 1.626800775527954,
    "train_update": 0.3572406768798828
  },
  "vg_stats": {
    "vg_unique_min": 0.47159770752846986,
    "vg_unique_max": 7.049187997783609,
    "vg_unique_sat_lo": 0.0,
    "vg_unique_sat_hi": 0.0
  }
}