{
  "subset_gap_mean": 0.0349965475,
  "subset_gap_median": 0.03655465000000002,
  "subset_gap_std": 0.02213892724981935,
  "subset_satisfy_frac": 0.795,
  "subset_hinge_mean": 0.0033064850000000005,
  "val_reloads": 0.0,
  "val_nonfinite": 0.0
}