{
  "subset_gap_mean": 0.036364770500000004,
  "subset_gap_median": 0.03834799999999999,
  "subset_gap_std": 0.022273898013557926,
  "subset_satisfy_frac": 0.835,
  "subset_hinge_mean": 0.0031035329999999995,
  "val_reloads": 0.0,
  "val_nonfinite": 0.0
}