{
  "subset_gap_mean": 0.0352314155,
  "subset_gap_median": 0.03724340000000001,
  "subset_gap_std": 0.021887073972882025,
  "subset_satisfy_frac": 0.82,
  "subset_hinge_mean": 0.0032830935000000006,
  "val_reloads": 0.0,
  "val_nonfinite": 0.0
}