{
  "subset_gap_mean": 0.0303607925,
  "subset_gap_median": 0.03226415000000002,
  "subset_gap_std": 0.020728415278206718,
  "subset_satisfy_frac": 0.735,
  "subset_hinge_mean": 0.0040943005,
  "val_reloads": 0.0,
  "val_nonfinite": 0.0
}