{
  "test_gap_mean": 0.036042635,
  "test_gap_median": 0.036543000000000006,
  "test_gap_std": 0.019005758006336963,
  "test_satisfy_frac": 0.8138888888888889,
  "test_hinge_mean": 0.0024031822222222213,
  "val_reloads": 0.0,
  "val_nonfinite": 0.0
}