{
  "test_gap_mean": 0.03807914805555556,
  "test_gap_median": 0.0400132,
  "test_gap_std": 0.02021633223795516,
  "test_satisfy_frac": 0.8222222222222222,
  "test_hinge_mean": 0.002409724166666667,
  "val_reloads": 0.0,
  "val_nonfinite": 0.0
}