{
  "test_gap_mean": 0.036313816666666665,
  "test_gap_median": 0.038301100000000005,
  "test_gap_std": 0.01919749060506202,
  "test_satisfy_frac": 0.8111111111111111,
  "test_hinge_mean": 0.0023940986111111117,
  "val_reloads": 0.0,
  "val_nonfinite": 0.0
}