{
  "test_gap_mean": 0.026366543611111105,
  "test_gap_median": 0.02753535,
  "test_gap_std": 0.013772759664778042,
  "test_satisfy_frac": 0.6916666666666667,
  "test_hinge_mean": 0.0031777766666666674,
  "val_reloads": 0.0,
  "val_nonfinite": 0.0
}