{
  "test_gap_mean": 0.03859473972222222,
  "test_gap_median": 0.04001455000000001,
  "test_gap_std": 0.0206165847674055,
  "test_satisfy_frac": 0.825,
  "test_hinge_mean": 0.0024240588888888885,
  "val_reloads": 0.0,
  "val_nonfinite": 0.0
}