{
  "test_gap_mean": 0.024363497777777778,
  "test_gap_median": 0.025821400000000008,
  "test_gap_std": 0.012842477144058373,
  "test_satisfy_frac": 0.6638888888888889,
  "test_hinge_mean": 0.0034732033333333334,
  "val_reloads": 0.0,
  "val_nonfinite": 0.0
}