{
  "test_gap_mean": 0.03278095666666666,
  "test_gap_median": 0.033846350000000025,
  "test_gap_std": 0.017004863054651615,
  "test_satisfy_frac": 0.7888888888888889,
  "test_hinge_mean": 0.002488134722222222,
  "val_reloads": 0.0,
  "val_nonfinite": 0.0
}