{
  "test_gap_mean": 0.02551354361111111,
  "test_gap_median": 0.02675830000000004,
  "test_gap_std": 0.013433075927619161,
  "test_satisfy_frac": 0.6833333333333333,
  "test_hinge_mean": 0.0032578913888888896,
  "val_reloads": 0.0,
  "val_nonfinite": 0.0
}