{
  "test_gap_mean": 0.03663596444444445,
  "test_gap_median": 0.037979999999999986,
  "test_gap_std": 0.019295402992050327,
  "test_satisfy_frac": 0.8055555555555556,
  "test_hinge_mean": 0.0024133011111111104,
  "val_reloads": 0.0,
  "val_nonfinite": 0.0
}