{
  "epoch": 88,
  "config": {
    "seed": 2,
    "gamma": 0.3,
    "margin": 0.02,
    "delta": 0.1,
    "input_vmin": 0.0,
    "input_vmax": 1.0,
    "rails": [
      0.0,
      0.45
    ],
    "solver": "klu",
    "body_tie": "ground",
    "body_res": 10.0,
    "rs_clamp": 10.0,
    "model_vto": 0.75,
    "vg_cutoff": 0.75,
    "vg_cutoff_epochs": 4,
    "vg_init": {
      "mode": "fixed",
      "lo": 1.0,
      "hi": 3.0,
      "fixed": 4.0
    },
    "epochs": 100,
    "device_include_path": "/home/ma-lab/Desktop/pyclln-final/device_model/nmos_lvl1_ald1106.lib",
    "device_subckt": "NMOSWRAP"
  },
  "train": {
    "acc": 0.9839944328462074,
    "hinge": 0.0011036739039665955,
    "n_free": 1437,
    "n_clamp": 171,
    "hinge_active": 171,
    "hinge_active_frac": 0.11899791231732777,
    "skipped": 1266,
    "reload_free": 0,
    "reload_clamp": 0,
    "nonfinite_free": 0,
    "nonfinite_clamp": 0
  },
  "val": {
    "acc": 0.9638888888888889,
    "hinge": 0.002428163888888889,
    "test_gap_mean": 0.037507027500000005,
    "test_gap_median": 0.03875350000000001,
    "test_gap_std": 0.020020669850211316,
    "test_satisfy_frac": 0.8166666666666667,
    "test_hinge_mean": 0.002428163888888889,
    "val_reloads": 0.0,
    "val_nonfinite": 0.0
  },
  "timing_s": {
    "epoch_total": 63.00302577018738,
    "train_free": 40.49932312965393,
    "train_clamp": 4.926831960678101,
    "train_update": 0.4747345447540283
  },
  "vg_stats": {
    "vg_unique_min": 0.6721428255677597,
    "vg_unique_max": 7.991521027928951,
    "vg_unique_sat_lo": 0.0,
    "vg_unique_sat_hi": 0.0
  }
}