{
  "epoch": 12,
  "config": {
    "seed": 2,
    "gamma": 0.3,
    "margin": 0.02,
    "delta": 0.1,
    "input_vmin": 0.0,
    "input_vmax": 1.0,
    "rails": [
      0.0,
      0.45
    ],
    "solver": "klu",
    "body_tie": "ground",
    "body_res": 10.0,
    "rs_clamp": 10.0,
    "model_vto": 0.75,
    "vg_cutoff": 0.75,
    "vg_cutoff_epochs": 4,
    "vg_init": {
      "mode": "fixed",
      "lo": 1.0,
      "hi": 3.0,
      "fixed": 4.0
    },
    "epochs": 100,
    "device_include_path": "/home/ma-lab/Desktop/pyclln-final/device_model/nmos_lvl1_ald1106.lib",
    "device_subckt": "NMOSWRAP"
  },
  "train": {
    "acc": 0.9631176061238692,
    "hinge": 0.0029403642310368784,
    "n_free": 1437,
    "n_clamp": 443,
    "hinge_active": 443,
    "hinge_active_frac": 0.3082811412665275,
    "skipped": 994,
    "reload_free": 0,
    "reload_clamp": 0,
    "nonfinite_free": 0,
    "nonfinite_clamp": 0
  },
  "val": {
    "acc": 0.95,
    "hinge": 0.0034732033333333325,
    "test_gap_mean": 0.024363497777777778,
    "test_gap_median": 0.025821400000000008,
    "test_gap_std": 0.012842477144058373,
    "test_satisfy_frac": 0.6638888888888889,
    "test_hinge_mean": 0.0034732033333333334,
    "val_reloads": 0.0,
    "val_nonfinite": 0.0
  },
  "timing_s": {
    "epoch_total": 64.80542254447937,
    "train_free": 36.038944244384766,
    "train_clamp": 11.037393808364868,
    "train_update": 1.133765697479248
  },
  "vg_stats": {
    "vg_unique_min": 0.7530289160702456,
    "vg_unique_max": 7.000811408554388,
    "vg_unique_sat_lo": 0.0,
    "vg_unique_sat_hi": 0.0
  }
}