{
  "epoch": 48,
  "config": {
    "seed": 2,
    "gamma": 0.3,
    "margin": 0.02,
    "delta": 0.1,
    "input_vmin": 0.0,
    "input_vmax": 1.0,
    "rails": [
      0.0,
      0.45
    ],
    "solver": "klu",
    "body_tie": "ground",
    "body_res": 10.0,
    "rs_clamp": 10.0,
    "model_vto": 0.75,
    "vg_cutoff": 0.75,
    "vg_cutoff_epochs": 4,
    "vg_init": {
      "mode": "fixed",
      "lo": 1.0,
      "hi": 3.0,
      "fixed": 4.0
    },
    "epochs": 100,
    "device_include_path": "/home/ma-lab/Desktop/pyclln-final/device_model/nmos_lvl1_ald1106.lib",
    "device_subckt": "NMOSWRAP"
  },
  "train": {
    "acc": 0.9812108559498957,
    "hinge": 0.0014798636047320798,
    "n_free": 1437,
    "n_clamp": 204,
    "hinge_active": 204,
    "hinge_active_frac": 0.1419624217118998,
    "skipped": 1233,
    "reload_free": 0,
    "reload_clamp": 0,
    "nonfinite_free": 0,
    "nonfinite_clamp": 0
  },
  "val": {
    "acc": 0.9666666666666667,
    "hinge": 0.002441311111111112,
    "test_gap_mean": 0.03296859055555556,
    "test_gap_median": 0.03405135000000001,
    "test_gap_std": 0.01706286951779343,
    "test_satisfy_frac": 0.7888888888888889,
    "test_hinge_mean": 0.002441311111111112,
    "val_reloads": 0.0,
    "val_nonfinite": 0.0
  },
  "timing_s": {
    "epoch_total": 71.11483931541443,
    "train_free": 44.62601089477539,
    "train_clamp": 6.299108028411865,
    "train_update": 0.5612947940826416
  },
  "vg_stats": {
    "vg_unique_min": 0.6712181571926752,
    "vg_unique_max": 7.954783426556104,
    "vg_unique_sat_lo": 0.0,
    "vg_unique_sat_hi": 0.0
  }
}