{
  "epoch": 16,
  "config": {
    "seed": 2,
    "gamma": 0.3,
    "margin": 0.02,
    "delta": 0.1,
    "input_vmin": 0.0,
    "input_vmax": 1.0,
    "rails": [
      0.0,
      0.45
    ],
    "solver": "klu",
    "body_tie": "ground",
    "body_res": 10.0,
    "rs_clamp": 10.0,
    "model_vto": 0.75,
    "vg_cutoff": 0.75,
    "vg_cutoff_epochs": 4,
    "vg_init": {
      "mode": "fixed",
      "lo": 1.0,
      "hi": 3.0,
      "fixed": 4.0
    },
    "epochs": 100,
    "device_include_path": "/home/ma-lab/Desktop/pyclln-final/device_model/nmos_lvl1_ald1106.lib",
    "device_subckt": "NMOSWRAP"
  },
  "train": {
    "acc": 0.9659011830201809,
    "hinge": 0.002510387125956852,
    "n_free": 1437,
    "n_clamp": 356,
    "hinge_active": 356,
    "hinge_active_frac": 0.2477383437717467,
    "skipped": 1081,
    "reload_free": 0,
    "reload_clamp": 0,
    "nonfinite_free": 0,
    "nonfinite_clamp": 0
  },
  "val": {
    "acc": 0.9555555555555556,
    "hinge": 0.0031777766666666674,
    "test_gap_mean": 0.026366543611111105,
    "test_gap_median": 0.02753535,
    "test_gap_std": 0.013772759664778042,
    "test_satisfy_frac": 0.6916666666666667,
    "test_hinge_mean": 0.0031777766666666674,
    "val_reloads": 0.0,
    "val_nonfinite": 0.0
  },
  "timing_s": {
    "epoch_total": 61.421448945999146,
    "train_free": 35.01210808753967,
    "train_clamp": 8.620178699493408,
    "train_update": 1.0222744941711426
  },
  "vg_stats": {
    "vg_unique_min": 0.4171765861334732,
    "vg_unique_max": 7.207086455353308,
    "vg_unique_sat_lo": 0.0,
    "vg_unique_sat_hi": 0.0
  }
}