{
  "test_gap_mean": 0.08659866138888889,
  "test_gap_median": 0.052918900000000005,
  "test_gap_std": 0.10756737366207042,
  "test_satisfy_frac": 0.7916666666666666,
  "test_hinge_mean": 0.005668975833333334,
  "val_reloads": 0.0,
  "val_nonfinite": 0.0
}