{
  "test_gap_mean": 0.06223541277777777,
  "test_gap_median": 0.031176100000000012,
  "test_gap_std": 0.10066921404242739,
  "test_satisfy_frac": 0.6583333333333333,
  "test_hinge_mean": 0.005532845833333334,
  "val_reloads": 0.0,
  "val_nonfinite": 0.0
}