{
  "test_gap_mean": 0.08259740305555556,
  "test_gap_median": 0.0435036,
  "test_gap_std": 0.11509089025622732,
  "test_satisfy_frac": 0.7611111111111111,
  "test_hinge_mean": 0.006111042777777778,
  "val_reloads": 0.0,
  "val_nonfinite": 0.0
}