{
  "test_gap_mean": 0.08975773805555558,
  "test_gap_median": 0.06263864999999999,
  "test_gap_std": 0.09775914742568578,
  "test_satisfy_frac": 0.8111111111111111,
  "test_hinge_mean": 0.005366537777777777,
  "val_reloads": 0.0,
  "val_nonfinite": 0.0
}