{
  "test_gap_mean": 0.0886281713888889,
  "test_gap_median": 0.060127050000000015,
  "test_gap_std": 0.10020995465898662,
  "test_satisfy_frac": 0.8055555555555556,
  "test_hinge_mean": 0.005439077777777778,
  "val_reloads": 0.0,
  "val_nonfinite": 0.0
}