{
  "test_gap_mean": 0.08748457722222222,
  "test_gap_median": 0.05746129999999998,
  "test_gap_std": 0.10194804572712232,
  "test_satisfy_frac": 0.8,
  "test_hinge_mean": 0.005482979722222223,
  "val_reloads": 0.0,
  "val_nonfinite": 0.0
}