{
  "test_gap_mean": 0.08648394666666667,
  "test_gap_median": 0.054258449999999986,
  "test_gap_std": 0.10486939391456346,
  "test_satisfy_frac": 0.7916666666666666,
  "test_hinge_mean": 0.0055752975000000005,
  "val_reloads": 0.0,
  "val_nonfinite": 0.0
}