{
  "test_gap_mean": 0.08773935166666666,
  "test_gap_median": 0.058093549999999994,
  "test_gap_std": 0.10165639891788114,
  "test_satisfy_frac": 0.8027777777777778,
  "test_hinge_mean": 0.005485267499999999,
  "val_reloads": 0.0,
  "val_nonfinite": 0.0
}