{
  "test_gap_mean": 0.0867452161111111,
  "test_gap_median": 0.05539509999999999,
  "test_gap_std": 0.10301755421493124,
  "test_satisfy_frac": 0.7916666666666666,
  "test_hinge_mean": 0.005495492777777778,
  "val_reloads": 0.0,
  "val_nonfinite": 0.0
}