{
  "test_gap_mean": 0.08320449555555555,
  "test_gap_median": 0.04538589999999999,
  "test_gap_std": 0.11384084832192476,
  "test_satisfy_frac": 0.7527777777777778,
  "test_hinge_mean": 0.006032283055555556,
  "val_reloads": 0.0,
  "val_nonfinite": 0.0
}