{
  "test_gap_mean": 0.0767904125,
  "test_gap_median": 0.03702319999999999,
  "test_gap_std": 0.11805645373034149,
  "test_satisfy_frac": 0.6972222222222222,
  "test_hinge_mean": 0.006517145555555556,
  "val_reloads": 0.0,
  "val_nonfinite": 0.0
}