{
  "epoch": 2,
  "config": {
    "seed": 2,
    "gamma": 0.03,
    "margin": 0.02,
    "delta": 0.05,
    "input_vmin": 0.0,
    "input_vmax": 1.0,
    "rails": [
      0.0,
      0.45
    ],
    "solver": "klu",
    "body_tie": "floating",
    "body_res": 10.0,
    "rs_clamp": 10.0,
    "model_vto": 0.75,
    "vg_cutoff": 0.75,
    "vg_cutoff_epochs": 4,
    "vg_init": {
      "mode": "fixed",
      "lo": 1.0,
      "hi": 3.0,
      "fixed": 0.75
    },
    "epochs": 100,
    "device_include_path": "/home/ma-lab/Desktop/pyclln-final/device_model/nmos_lvl1_ald1106.lib",
    "device_subckt": "NMOSWRAP"
  },
  "train": {
    "acc": 0.8879610299234516,
    "hinge": 0.009106493876130835,
    "n_free": 1437,
    "n_clamp": 1121,
    "hinge_active": 1121,
    "hinge_active_frac": 0.7800974251913709,
    "skipped": 316,
    "reload_free": 0,
    "reload_clamp": 0,
    "nonfinite_free": 0,
    "nonfinite_clamp": 0
  },
  "val": {
    "acc": 0.8555555555555555,
    "hinge": 0.008308561944444447,
    "test_gap_mean": 0.01374183472222222,
    "test_gap_median": 0.014673500000000006,
    "test_gap_std": 0.011663932419633037,
    "test_satisfy_frac": 0.35555555555555557,
    "test_hinge_mean": 0.008308561944444445,
    "val_reloads": 0.0,
    "val_nonfinite": 0.0
  },
  "timing_s": {
    "epoch_total": 81.78898096084595,
    "train_free": 34.476629972457886,
    "train_clamp": 27.119529962539673,
    "train_update": 2.543626546859741
  },
  "vg_stats": {
    "vg_unique_min": 0.5559441372386864,
    "vg_unique_max": 0.8373729048919154,
    "vg_unique_sat_lo": 0.0,
    "vg_unique_sat_hi": 0.0
  }
}