{
  "epoch": 20,
  "config": {
    "seed": 2,
    "gamma": 0.03,
    "margin": 0.02,
    "delta": 0.05,
    "input_vmin": 0.0,
    "input_vmax": 1.0,
    "rails": [
      0.0,
      0.45
    ],
    "solver": "klu",
    "body_tie": "floating",
    "body_res": 10.0,
    "rs_clamp": 10.0,
    "model_vto": 0.75,
    "vg_cutoff": 0.75,
    "vg_cutoff_epochs": 4,
    "vg_init": {
      "mode": "fixed",
      "lo": 1.0,
      "hi": 3.0,
      "fixed": 0.75
    },
    "epochs": 100,
    "device_include_path": "/home/ma-lab/Desktop/pyclln-final/device_model/nmos_lvl1_ald1106.lib",
    "device_subckt": "NMOSWRAP"
  },
  "train": {
    "acc": 0.9199721642310369,
    "hinge": 0.006348884620737651,
    "n_free": 1437,
    "n_clamp": 337,
    "hinge_active": 337,
    "hinge_active_frac": 0.23451635351426584,
    "skipped": 1100,
    "reload_free": 0,
    "reload_clamp": 0,
    "nonfinite_free": 0,
    "nonfinite_clamp": 0
  },
  "val": {
    "acc": 0.9111111111111111,
    "hinge": 0.006331638888888892,
    "test_gap_mean": 0.08254738083333332,
    "test_gap_median": 0.043188149999999995,
    "test_gap_std": 0.11662522256821989,
    "test_satisfy_frac": 0.7583333333333333,
    "test_hinge_mean": 0.006331638888888889,
    "val_reloads": 0.0,
    "val_nonfinite": 0.0
  },
  "timing_s": {
    "epoch_total": 15.200151205062866,
    "train_free": 7.684109926223755,
    "train_clamp": 1.8061115741729736,
    "train_update": 0.28698062896728516
  },
  "vg_stats": {
    "vg_unique_min": 0.7476620859677289,
    "vg_unique_max": 0.9993662874129802,
    "vg_unique_sat_lo": 0.0,
    "vg_unique_sat_hi": 0.0
  }
}