{
  "epoch": 28,
  "config": {
    "seed": 2,
    "gamma": 0.03,
    "margin": 0.02,
    "delta": 0.05,
    "input_vmin": 0.0,
    "input_vmax": 1.0,
    "rails": [
      0.0,
      0.45
    ],
    "solver": "klu",
    "body_tie": "floating",
    "body_res": 10.0,
    "rs_clamp": 10.0,
    "model_vto": 0.75,
    "vg_cutoff": 0.75,
    "vg_cutoff_epochs": 4,
    "vg_init": {
      "mode": "fixed",
      "lo": 1.0,
      "hi": 3.0,
      "fixed": 0.75
    },
    "epochs": 100,
    "device_include_path": "/home/ma-lab/Desktop/pyclln-final/device_model/nmos_lvl1_ald1106.lib",
    "device_subckt": "NMOSWRAP"
  },
  "train": {
    "acc": 0.9248434237995825,
    "hinge": 0.005707339944328462,
    "n_free": 1437,
    "n_clamp": 316,
    "hinge_active": 316,
    "hinge_active_frac": 0.2199025748086291,
    "skipped": 1121,
    "reload_free": 0,
    "reload_clamp": 0,
    "nonfinite_free": 0,
    "nonfinite_clamp": 0
  },
  "val": {
    "acc": 0.9083333333333333,
    "hinge": 0.005868079166666668,
    "test_gap_mean": 0.08366886444444445,
    "test_gap_median": 0.04757289999999999,
    "test_gap_std": 0.11270155064333366,
    "test_satisfy_frac": 0.7611111111111111,
    "test_hinge_mean": 0.005868079166666667,
    "val_reloads": 0.0,
    "val_nonfinite": 0.0
  },
  "timing_s": {
    "epoch_total": 13.169629335403442,
    "train_free": 7.013671159744263,
    "train_clamp": 1.5389904975891113,
    "train_update": 0.2475578784942627
  },
  "vg_stats": {
    "vg_unique_min": 0.7445488290774203,
    "vg_unique_max": 1.042136463652682,
    "vg_unique_sat_lo": 0.0,
    "vg_unique_sat_hi": 0.0
  }
}