{
  "epoch": 64,
  "config": {
    "seed": 2,
    "gamma": 0.03,
    "margin": 0.02,
    "delta": 0.05,
    "input_vmin": 0.0,
    "input_vmax": 1.0,
    "rails": [
      0.0,
      0.45
    ],
    "solver": "klu",
    "body_tie": "floating",
    "body_res": 10.0,
    "rs_clamp": 10.0,
    "model_vto": 0.75,
    "vg_cutoff": 0.75,
    "vg_cutoff_epochs": 4,
    "vg_init": {
      "mode": "fixed",
      "lo": 1.0,
      "hi": 3.0,
      "fixed": 0.75
    },
    "epochs": 100,
    "device_include_path": "/home/ma-lab/Desktop/pyclln-final/device_model/nmos_lvl1_ald1106.lib",
    "device_subckt": "NMOSWRAP"
  },
  "train": {
    "acc": 0.9234516353514266,
    "hinge": 0.004455889631176064,
    "n_free": 1437,
    "n_clamp": 245,
    "hinge_active": 245,
    "hinge_active_frac": 0.17049408489909534,
    "skipped": 1192,
    "reload_free": 0,
    "reload_clamp": 0,
    "nonfinite_free": 0,
    "nonfinite_clamp": 0
  },
  "val": {
    "acc": 0.9055555555555556,
    "hinge": 0.0055078152777777774,
    "test_gap_mean": 0.08767539472222222,
    "test_gap_median": 0.055841749999999996,
    "test_gap_std": 0.10287438799211611,
    "test_satisfy_frac": 0.7888888888888889,
    "test_hinge_mean": 0.0055078152777777774,
    "val_reloads": 0.0,
    "val_nonfinite": 0.0
  },
  "timing_s": {
    "epoch_total": 13.729276418685913,
    "train_free": 7.351335763931274,
    "train_clamp": 1.2360544204711914,
    "train_update": 0.1980898380279541
  },
  "vg_stats": {
    "vg_unique_min": 0.7536953449230135,
    "vg_unique_max": 1.1724457369871473,
    "vg_unique_sat_lo": 0.0,
    "vg_unique_sat_hi": 0.0
  }
}