{
  "epoch": 48,
  "config": {
    "seed": 2,
    "gamma": 0.03,
    "margin": 0.02,
    "delta": 0.05,
    "input_vmin": 0.0,
    "input_vmax": 1.0,
    "rails": [
      0.0,
      0.45
    ],
    "solver": "klu",
    "body_tie": "floating",
    "body_res": 10.0,
    "rs_clamp": 10.0,
    "model_vto": 0.75,
    "vg_cutoff": 0.75,
    "vg_cutoff_epochs": 4,
    "vg_init": {
      "mode": "fixed",
      "lo": 1.0,
      "hi": 3.0,
      "fixed": 0.75
    },
    "epochs": 100,
    "device_include_path": "/home/ma-lab/Desktop/pyclln-final/device_model/nmos_lvl1_ald1106.lib",
    "device_subckt": "NMOSWRAP"
  },
  "train": {
    "acc": 0.9290187891440501,
    "hinge": 0.00475984418928323,
    "n_free": 1437,
    "n_clamp": 276,
    "hinge_active": 276,
    "hinge_active_frac": 0.19206680584551147,
    "skipped": 1161,
    "reload_free": 0,
    "reload_clamp": 0,
    "nonfinite_free": 0,
    "nonfinite_clamp": 0
  },
  "val": {
    "acc": 0.9111111111111111,
    "hinge": 0.005637450555555558,
    "test_gap_mean": 0.08665759222222222,
    "test_gap_median": 0.05314909999999998,
    "test_gap_std": 0.10640562975348572,
    "test_satisfy_frac": 0.7888888888888889,
    "test_hinge_mean": 0.005637450555555555,
    "val_reloads": 0.0,
    "val_nonfinite": 0.0
  },
  "timing_s": {
    "epoch_total": 13.076690673828125,
    "train_free": 6.9778265953063965,
    "train_clamp": 1.320364236831665,
    "train_update": 0.2157602310180664
  },
  "vg_stats": {
    "vg_unique_min": 0.7545967185773051,
    "vg_unique_max": 1.1191374728596009,
    "vg_unique_sat_lo": 0.0,
    "vg_unique_sat_hi": 0.0
  }
}