{
  "epoch": 90,
  "config": {
    "seed": 2,
    "gamma": 0.03,
    "margin": 0.02,
    "delta": 0.05,
    "input_vmin": 0.0,
    "input_vmax": 1.0,
    "rails": [
      0.0,
      0.45
    ],
    "solver": "klu",
    "body_tie": "floating",
    "body_res": 10.0,
    "rs_clamp": 10.0,
    "model_vto": 0.75,
    "vg_cutoff": 0.75,
    "vg_cutoff_epochs": 4,
    "vg_init": {
      "mode": "fixed",
      "lo": 1.0,
      "hi": 3.0,
      "fixed": 0.75
    },
    "epochs": 100,
    "device_include_path": "/home/ma-lab/Desktop/pyclln-final/device_model/nmos_lvl1_ald1106.lib",
    "device_subckt": "NMOSWRAP"
  },
  "train": {
    "acc": 0.9234516353514266,
    "hinge": 0.004155080375782881,
    "n_free": 1437,
    "n_clamp": 233,
    "hinge_active": 233,
    "hinge_active_frac": 0.16214335421016005,
    "skipped": 1204,
    "reload_free": 0,
    "reload_clamp": 0,
    "nonfinite_free": 0,
    "nonfinite_clamp": 0
  },
  "val": {
    "acc": 0.9027777777777778,
    "hinge": 0.005377027499999999,
    "test_gap_mean": 0.08975412888888888,
    "test_gap_median": 0.06156535000000002,
    "test_gap_std": 0.09921209099685827,
    "test_satisfy_frac": 0.8111111111111111,
    "test_hinge_mean": 0.0053770275,
    "val_reloads": 0.0,
    "val_nonfinite": 0.0
  },
  "timing_s": {
    "epoch_total": 13.443740129470825,
    "train_free": 7.180105447769165,
    "train_clamp": 1.161013126373291,
    "train_update": 0.18091535568237305
  },
  "vg_stats": {
    "vg_unique_min": 0.7500009378743411,
    "vg_unique_max": 1.2373463859445664,
    "vg_unique_sat_lo": 0.0,
    "vg_unique_sat_hi": 0.0
  }
}