{
  "epoch": 57,
  "config": {
    "seed": 2,
    "gamma": 0.03,
    "margin": 0.02,
    "delta": 0.05,
    "input_vmin": 0.0,
    "input_vmax": 1.0,
    "rails": [
      0.0,
      0.45
    ],
    "solver": "klu",
    "body_tie": "floating",
    "body_res": 10.0,
    "rs_clamp": 10.0,
    "model_vto": 0.75,
    "vg_cutoff": 0.75,
    "vg_cutoff_epochs": 4,
    "vg_init": {
      "mode": "fixed",
      "lo": 1.0,
      "hi": 3.0,
      "fixed": 0.75
    },
    "epochs": 100,
    "device_include_path": "/home/ma-lab/Desktop/pyclln-final/device_model/nmos_lvl1_ald1106.lib",
    "device_subckt": "NMOSWRAP"
  },
  "train": {
    "acc": 0.9283228949199722,
    "hinge": 0.004610490953375092,
    "n_free": 1437,
    "n_clamp": 258,
    "hinge_active": 258,
    "hinge_active_frac": 0.17954070981210857,
    "skipped": 1179,
    "reload_free": 0,
    "reload_clamp": 0,
    "nonfinite_free": 0,
    "nonfinite_clamp": 0
  },
  "val": {
    "acc": 0.9083333333333333,
    "hinge": 0.0055455991666666675,
    "test_gap_mean": 0.0866969575,
    "test_gap_median": 0.05542435,
    "test_gap_std": 0.10353446464471598,
    "test_satisfy_frac": 0.7916666666666666,
    "test_hinge_mean": 0.0055455991666666675,
    "val_reloads": 0.0,
    "val_nonfinite": 0.0
  },
  "timing_s": {
    "epoch_total": 12.17278003692627,
    "train_free": 6.6532981395721436,
    "train_clamp": 1.1730449199676514,
    "train_update": 0.22684288024902344
  },
  "vg_stats": {
    "vg_unique_min": 0.7524582263076561,
    "vg_unique_max": 1.1499653713970472,
    "vg_unique_sat_lo": 0.0,
    "vg_unique_sat_hi": 0.0
  }
}