{
  "epoch": 88,
  "config": {
    "seed": 2,
    "gamma": 0.03,
    "margin": 0.02,
    "delta": 0.05,
    "input_vmin": 0.0,
    "input_vmax": 1.0,
    "rails": [
      0.0,
      0.45
    ],
    "solver": "klu",
    "body_tie": "floating",
    "body_res": 10.0,
    "rs_clamp": 10.0,
    "model_vto": 0.75,
    "vg_cutoff": 0.75,
    "vg_cutoff_epochs": 4,
    "vg_init": {
      "mode": "fixed",
      "lo": 1.0,
      "hi": 3.0,
      "fixed": 0.75
    },
    "epochs": 100,
    "device_include_path": "/home/ma-lab/Desktop/pyclln-final/device_model/nmos_lvl1_ald1106.lib",
    "device_subckt": "NMOSWRAP"
  },
  "train": {
    "acc": 0.9213639526791928,
    "hinge": 0.004208005706332638,
    "n_free": 1437,
    "n_clamp": 234,
    "hinge_active": 234,
    "hinge_active_frac": 0.162839248434238,
    "skipped": 1203,
    "reload_free": 0,
    "reload_clamp": 0,
    "nonfinite_free": 0,
    "nonfinite_clamp": 0
  },
  "val": {
    "acc": 0.9083333333333333,
    "hinge": 0.005398119166666666,
    "test_gap_mean": 0.08975497138888888,
    "test_gap_median": 0.06183029999999999,
    "test_gap_std": 0.09980897605104067,
    "test_satisfy_frac": 0.8027777777777778,
    "test_hinge_mean": 0.005398119166666667,
    "val_reloads": 0.0,
    "val_nonfinite": 0.0
  },
  "timing_s": {
    "epoch_total": 13.264561891555786,
    "train_free": 7.12993049621582,
    "train_clamp": 1.1931114196777344,
    "train_update": 0.23396062850952148
  },
  "vg_stats": {
    "vg_unique_min": 0.751583511158436,
    "vg_unique_max": 1.2329760653411013,
    "vg_unique_sat_lo": 0.0,
    "vg_unique_sat_hi": 0.0
  }
}