{
  "test_gap_mean": 0.061051986111111116,
  "test_gap_median": 0.06512075,
  "test_gap_std": 0.03599263683839881,
  "test_satisfy_frac": 0.6777777777777778,
  "test_hinge_mean": 0.00977699361111111,
  "val_reloads": 0.0,
  "val_nonfinite": 0.0
}