{
  "test_gap_mean": -0.012031818611111111,
  "test_gap_median": -0.011046499999999987,
  "test_gap_std": 0.019828437152792373,
  "test_satisfy_frac": 0.0,
  "test_hinge_mean": 0.062031818611111116,
  "val_reloads": 0.0,
  "val_nonfinite": 0.0
}