{
  "test_gap_mean": 0.05244472527777778,
  "test_gap_median": 0.05641135,
  "test_gap_std": 0.031575212974301534,
  "test_satisfy_frac": 0.5694444444444444,
  "test_hinge_mean": 0.011501458333333334,
  "val_reloads": 0.0,
  "val_nonfinite": 0.0
}