{
  "test_gap_mean": 0.05611231388888889,
  "test_gap_median": 0.06016579999999999,
  "test_gap_std": 0.03344668619247448,
  "test_satisfy_frac": 0.6222222222222222,
  "test_hinge_mean": 0.010677101944444444,
  "val_reloads": 0.0,
  "val_nonfinite": 0.0
}