{
  "test_gap_mean": 0.05412448,
  "test_gap_median": 0.058257750000000025,
  "test_gap_std": 0.03252007723265463,
  "test_satisfy_frac": 0.5888888888888889,
  "test_hinge_mean": 0.011118922777777778,
  "val_reloads": 0.0,
  "val_nonfinite": 0.0
}