{
  "test_gap_mean": 0.06421363083333333,
  "test_gap_median": 0.0688144,
  "test_gap_std": 0.037845547638157874,
  "test_satisfy_frac": 0.6944444444444444,
  "test_hinge_mean": 0.009426537222222224,
  "val_reloads": 0.0,
  "val_nonfinite": 0.0
}