{
  "test_gap_mean": 0.05160235027777777,
  "test_gap_median": 0.0552308,
  "test_gap_std": 0.03146090751366333,
  "test_satisfy_frac": 0.5583333333333333,
  "test_hinge_mean": 0.011841648888888888,
  "val_reloads": 0.0,
  "val_nonfinite": 0.0
}