{
  "test_gap_mean": 0.06418121388888888,
  "test_gap_median": 0.06923930000000003,
  "test_gap_std": 0.03766287848442971,
  "test_satisfy_frac": 0.7055555555555556,
  "test_hinge_mean": 0.009362556111111113,
  "val_reloads": 0.0,
  "val_nonfinite": 0.0
}