{
  "test_gap_mean": 0.06249046888888889,
  "test_gap_median": 0.06680320000000003,
  "test_gap_std": 0.03684888090668696,
  "test_satisfy_frac": 0.6861111111111111,
  "test_hinge_mean": 0.009597130277777779,
  "val_reloads": 0.0,
  "val_nonfinite": 0.0
}