{
  "test_gap_mean": 0.06780582638888889,
  "test_gap_median": 0.07364514999999999,
  "test_gap_std": 0.039680983671148355,
  "test_satisfy_frac": 0.7222222222222222,
  "test_hinge_mean": 0.009002097777777777,
  "val_reloads": 0.0,
  "val_nonfinite": 0.0
}