{
  "test_gap_mean": 0.03505865055555556,
  "test_gap_median": 0.03671835000000001,
  "test_gap_std": 0.026687298406779573,
  "test_satisfy_frac": 0.325,
  "test_hinge_mean": 0.01950376277777778,
  "val_reloads": 0.0,
  "val_nonfinite": 0.0
}