{
  "epoch": 30,
  "config": {
    "seed": 2,
    "gamma": 0.3,
    "margin": 0.05,
    "delta": 0.02,
    "input_vmin": 0.0,
    "input_vmax": 1.0,
    "rails": [
      0.0,
      0.45
    ],
    "solver": "klu",
    "body_tie": "source",
    "body_res": 10.0,
    "rs_clamp": 10.0,
    "model_vto": 0.75,
    "vg_cutoff": 0.75,
    "vg_cutoff_epochs": 4,
    "vg_init": {
      "mode": "random",
      "lo": 0.75,
      "hi": 3.0,
      "fixed": 2.0
    },
    "epochs": 100,
    "device_include_path": "/home/ma-lab/Desktop/pyclln-final/device_model/nmos_lvl1_ald1106.lib",
    "device_subckt": "NMOSWRAP"
  },
  "train": {
    "acc": 0.9561586638830898,
    "hinge": 0.009713903688239395,
    "n_free": 1437,
    "n_clamp": 560,
    "hinge_active": 560,
    "hinge_active_frac": 0.38970076548364646,
    "skipped": 877,
    "reload_free": 0,
    "reload_clamp": 0,
    "nonfinite_free": 0,
    "nonfinite_clamp": 0
  },
  "val": {
    "acc": 0.9416666666666667,
    "hinge": 0.011415578333333329,
    "test_gap_mean": 0.05283778499999999,
    "test_gap_median": 0.05697669999999999,
    "test_gap_std": 0.03179422647047115,
    "test_satisfy_frac": 0.5694444444444444,
    "test_hinge_mean": 0.011415578333333334,
    "val_reloads": 0.0,
    "val_nonfinite": 0.0
  },
  "timing_s": {
    "epoch_total": 71.35821533203125,
    "train_free": 37.23794937133789,
    "train_clamp": 14.46513295173645,
    "train_update": 1.4534380435943604
  },
  "vg_stats": {
    "vg_unique_min": 0.678102505888236,
    "vg_unique_max": 4.754853664897903,
    "vg_unique_sat_lo": 0.0,
    "vg_unique_sat_hi": 0.0
  }
}