{
  "epoch": 72,
  "config": {
    "seed": 2,
    "gamma": 0.3,
    "margin": 0.05,
    "delta": 0.02,
    "input_vmin": 0.0,
    "input_vmax": 1.0,
    "rails": [
      0.0,
      0.45
    ],
    "solver": "klu",
    "body_tie": "source",
    "body_res": 10.0,
    "rs_clamp": 10.0,
    "model_vto": 0.75,
    "vg_cutoff": 0.75,
    "vg_cutoff_epochs": 4,
    "vg_init": {
      "mode": "random",
      "lo": 0.75,
      "hi": 3.0,
      "fixed": 2.0
    },
    "epochs": 100,
    "device_include_path": "/home/ma-lab/Desktop/pyclln-final/device_model/nmos_lvl1_ald1106.lib",
    "device_subckt": "NMOSWRAP"
  },
  "train": {
    "acc": 0.9638135003479471,
    "hinge": 0.00666272623521225,
    "n_free": 1437,
    "n_clamp": 382,
    "hinge_active": 382,
    "hinge_active_frac": 0.26583159359777314,
    "skipped": 1055,
    "reload_free": 0,
    "reload_clamp": 0,
    "nonfinite_free": 0,
    "nonfinite_clamp": 0
  },
  "val": {
    "acc": 0.9361111111111111,
    "hinge": 0.009496937500000005,
    "test_gap_mean": 0.06341978361111111,
    "test_gap_median": 0.0685614,
    "test_gap_std": 0.037367397282562644,
    "test_satisfy_frac": 0.6888888888888889,
    "test_hinge_mean": 0.0094969375,
    "val_reloads": 0.0,
    "val_nonfinite": 0.0
  },
  "timing_s": {
    "epoch_total": 49.31110072135925,
    "train_free": 28.108461618423462,
    "train_clamp": 7.45142126083374,
    "train_update": 0.8361661434173584
  },
  "vg_stats": {
    "vg_unique_min": 0.7331924505718953,
    "vg_unique_max": 5.784781147188943,
    "vg_unique_sat_lo": 0.0,
    "vg_unique_sat_hi": 0.0
  }
}