{
  "epoch": 6,
  "config": {
    "seed": 2,
    "gamma": 0.3,
    "margin": 0.05,
    "delta": 0.02,
    "input_vmin": 0.0,
    "input_vmax": 1.0,
    "rails": [
      0.0,
      0.45
    ],
    "solver": "klu",
    "body_tie": "source",
    "body_res": 10.0,
    "rs_clamp": 10.0,
    "model_vto": 0.75,
    "vg_cutoff": 0.75,
    "vg_cutoff_epochs": 4,
    "vg_init": {
      "mode": "random",
      "lo": 0.75,
      "hi": 3.0,
      "fixed": 2.0
    },
    "epochs": 100,
    "device_include_path": "/home/ma-lab/Desktop/pyclln-final/device_model/nmos_lvl1_ald1106.lib",
    "device_subckt": "NMOSWRAP"
  },
  "train": {
    "acc": 0.8510786360473208,
    "hinge": 0.0260812159359777,
    "n_free": 1437,
    "n_clamp": 1204,
    "hinge_active": 1204,
    "hinge_active_frac": 0.83785664578984,
    "skipped": 233,
    "reload_free": 0,
    "reload_clamp": 0,
    "nonfinite_free": 0,
    "nonfinite_clamp": 0
  },
  "val": {
    "acc": 0.8472222222222222,
    "hinge": 0.02546165361111113,
    "test_gap_mean": 0.026520315277777776,
    "test_gap_median": 0.026745249999999998,
    "test_gap_std": 0.024786241596103382,
    "test_satisfy_frac": 0.18611111111111112,
    "test_hinge_mean": 0.025461653611111107,
    "val_reloads": 0.0,
    "val_nonfinite": 0.0
  },
  "timing_s": {
    "epoch_total": 104.53239369392395,
    "train_free": 43.45996689796448,
    "train_clamp": 36.254462003707886,
    "train_update": 3.5494351387023926
  },
  "vg_stats": {
    "vg_unique_min": 0.4,
    "vg_unique_max": 3.6412781001054926,
    "vg_unique_sat_lo": 4.0,
    "vg_unique_sat_hi": 0.0
  }
}