{
  "epoch": 24,
  "config": {
    "seed": 2,
    "gamma": 0.3,
    "margin": 0.05,
    "delta": 0.02,
    "input_vmin": 0.0,
    "input_vmax": 1.0,
    "rails": [
      0.0,
      0.45
    ],
    "solver": "klu",
    "body_tie": "source",
    "body_res": 10.0,
    "rs_clamp": 10.0,
    "model_vto": 0.75,
    "vg_cutoff": 0.75,
    "vg_cutoff_epochs": 4,
    "vg_init": {
      "mode": "random",
      "lo": 0.75,
      "hi": 3.0,
      "fixed": 2.0
    },
    "epochs": 100,
    "device_include_path": "/home/ma-lab/Desktop/pyclln-final/device_model/nmos_lvl1_ald1106.lib",
    "device_subckt": "NMOSWRAP"
  },
  "train": {
    "acc": 0.9498956158663883,
    "hinge": 0.010735847947112048,
    "n_free": 1437,
    "n_clamp": 612,
    "hinge_active": 612,
    "hinge_active_frac": 0.42588726513569936,
    "skipped": 825,
    "reload_free": 0,
    "reload_clamp": 0,
    "nonfinite_free": 0,
    "nonfinite_clamp": 0
  },
  "val": {
    "acc": 0.9388888888888889,
    "hinge": 0.012293959166666674,
    "test_gap_mean": 0.05000895166666667,
    "test_gap_median": 0.054561549999999986,
    "test_gap_std": 0.030624453490233867,
    "test_satisfy_frac": 0.5333333333333333,
    "test_hinge_mean": 0.012293959166666665,
    "val_reloads": 0.0,
    "val_nonfinite": 0.0
  },
  "timing_s": {
    "epoch_total": 71.13007497787476,
    "train_free": 37.544326066970825,
    "train_clamp": 16.039727210998535,
    "train_update": 1.6254642009735107
  },
  "vg_stats": {
    "vg_unique_min": 0.5690124356374899,
    "vg_unique_max": 4.457366614312506,
    "vg_unique_sat_lo": 0.0,
    "vg_unique_sat_hi": 0.0
  }
}