{
  "test_gap_mean": 0.034548791111111116,
  "test_gap_median": 0.03570870000000001,
  "test_gap_std": 0.020562445713038207,
  "test_satisfy_frac": 0.25,
  "test_hinge_mean": 0.017789396944444445,
  "val_reloads": 0.0,
  "val_nonfinite": 0.0
}