{
  "test_gap_mean": 0.0302017775,
  "test_gap_median": 0.03093035000000001,
  "test_gap_std": 0.019532266112042215,
  "test_satisfy_frac": 0.175,
  "test_hinge_mean": 0.021067261111111114,
  "val_reloads": 0.0,
  "val_nonfinite": 0.0
}