{
  "test_gap_mean": 0.026174205555555552,
  "test_gap_median": 0.025939749999999998,
  "test_gap_std": 0.018168337574575914,
  "test_satisfy_frac": 0.09444444444444444,
  "test_hinge_mean": 0.024329349444444443,
  "val_reloads": 0.0,
  "val_nonfinite": 0.0
}