{
  "test_gap_mean": 0.014457551388888889,
  "test_gap_median": 0.013920550000000004,
  "test_gap_std": 0.01086840202135419,
  "test_satisfy_frac": 0.0,
  "test_hinge_mean": 0.03554244861111111,
  "val_reloads": 0.0,
  "val_nonfinite": 0.0
}