{
  "test_gap_mean": 0.016176690277777777,
  "test_gap_median": 0.01537570000000002,
  "test_gap_std": 0.012212224283915501,
  "test_satisfy_frac": 0.0,
  "test_hinge_mean": 0.03382330972222222,
  "val_reloads": 0.0,
  "val_nonfinite": 0.0
}