{
  "test_gap_mean": 0.023792321111111108,
  "test_gap_median": 0.022837549999999984,
  "test_gap_std": 0.01703487893641549,
  "test_satisfy_frac": 0.041666666666666664,
  "test_hinge_mean": 0.026433167777777777,
  "val_reloads": 0.0,
  "val_nonfinite": 0.0
}