{
  "test_gap_mean": 0.034000916388888885,
  "test_gap_median": 0.035122099999999976,
  "test_gap_std": 0.020460140728941537,
  "test_satisfy_frac": 0.24722222222222223,
  "test_hinge_mean": 0.018195793333333335,
  "val_reloads": 0.0,
  "val_nonfinite": 0.0
}