{
  "test_gap_mean": 0.008283664166666668,
  "test_gap_median": 0.00782954999999999,
  "test_gap_std": 0.0062351242802475585,
  "test_satisfy_frac": 0.0,
  "test_hinge_mean": 0.04171633583333334,
  "val_reloads": 0.0,
  "val_nonfinite": 0.0
}