{
  "test_gap_mean": 0.03192945444444444,
  "test_gap_median": 0.03305995000000002,
  "test_gap_std": 0.020019548998568656,
  "test_satisfy_frac": 0.20833333333333334,
  "test_hinge_mean": 0.019751975555555558,
  "val_reloads": 0.0,
  "val_nonfinite": 0.0
}