{
  "epoch": 73,
  "config": {
    "seed": 1,
    "gamma": 0.03,
    "margin": 0.05,
    "delta": 0.02,
    "input_vmin": 0.0,
    "input_vmax": 1.0,
    "rails": [
      0.0,
      0.45
    ],
    "solver": "klu",
    "body_tie": "ground",
    "body_res": 10.0,
    "rs_clamp": 10.0,
    "model_vto": 0.75,
    "vg_cutoff": 0.75,
    "vg_cutoff_epochs": 4,
    "vg_init": {
      "mode": "fixed",
      "lo": 1.0,
      "hi": 3.0,
      "fixed": 2.0
    },
    "epochs": 100,
    "device_include_path": "/home/ma-lab/Desktop/pyclln-final/device_model/nmos_lvl1_ald1106.lib",
    "device_subckt": "NMOSWRAP"
  },
  "train": {
    "acc": 0.929714683368128,
    "hinge": 0.01950366638830899,
    "n_free": 1437,
    "n_clamp": 1063,
    "hinge_active": 1063,
    "hinge_active_frac": 0.7397355601948504,
    "skipped": 374,
    "reload_free": 0,
    "reload_clamp": 0,
    "nonfinite_free": 0,
    "nonfinite_clamp": 0
  },
  "val": {
    "acc": 0.9444444444444444,
    "hinge": 0.019251451111111113,
    "test_gap_mean": 0.03259430888888888,
    "test_gap_median": 0.03353329999999999,
    "test_gap_std": 0.020168816994085723,
    "test_satisfy_frac": 0.2222222222222222,
    "test_hinge_mean": 0.019251451111111113,
    "val_reloads": 0.0,
    "val_nonfinite": 0.0
  },
  "timing_s": {
    "epoch_total": 70.14449834823608,
    "train_free": 30.464860677719116,
    "train_clamp": 22.44851565361023,
    "train_update": 2.2272956371307373
  },
  "vg_stats": {
    "vg_unique_min": 0.7118681388765871,
    "vg_unique_max": 2.8911179819344603,
    "vg_unique_sat_lo": 0.0,
    "vg_unique_sat_hi": 0.0
  }
}