{
  "epoch": 90,
  "config": {
    "seed": 1,
    "gamma": 0.03,
    "margin": 0.05,
    "delta": 0.02,
    "input_vmin": 0.0,
    "input_vmax": 1.0,
    "rails": [
      0.0,
      0.45
    ],
    "solver": "klu",
    "body_tie": "ground",
    "body_res": 10.0,
    "rs_clamp": 10.0,
    "model_vto": 0.75,
    "vg_cutoff": 0.75,
    "vg_cutoff_epochs": 4,
    "vg_init": {
      "mode": "fixed",
      "lo": 1.0,
      "hi": 3.0,
      "fixed": 2.0
    },
    "epochs": 100,
    "device_include_path": "/home/ma-lab/Desktop/pyclln-final/device_model/nmos_lvl1_ald1106.lib",
    "device_subckt": "NMOSWRAP"
  },
  "train": {
    "acc": 0.9359777313848295,
    "hinge": 0.017168772164231034,
    "n_free": 1437,
    "n_clamp": 980,
    "hinge_active": 980,
    "hinge_active_frac": 0.6819763395963814,
    "skipped": 457,
    "reload_free": 0,
    "reload_clamp": 0,
    "nonfinite_free": 0,
    "nonfinite_clamp": 0
  },
  "val": {
    "acc": 0.9444444444444444,
    "hinge": 0.016923097500000005,
    "test_gap_mean": 0.035819417222222226,
    "test_gap_median": 0.03734980000000003,
    "test_gap_std": 0.020915051470200778,
    "test_satisfy_frac": 0.2861111111111111,
    "test_hinge_mean": 0.016923097499999998,
    "val_reloads": 0.0,
    "val_nonfinite": 0.0
  },
  "timing_s": {
    "epoch_total": 93.57140851020813,
    "train_free": 42.92370867729187,
    "train_clamp": 29.19933557510376,
    "train_update": 2.638310670852661
  },
  "vg_stats": {
    "vg_unique_min": 0.7668830710385304,
    "vg_unique_max": 3.0766638895261615,
    "vg_unique_sat_lo": 0.0,
    "vg_unique_sat_hi": 0.0
  }
}