{
  "epoch": 9,
  "config": {
    "seed": 1,
    "gamma": 0.03,
    "margin": 0.05,
    "delta": 0.02,
    "input_vmin": 0.0,
    "input_vmax": 1.0,
    "rails": [
      0.0,
      0.45
    ],
    "solver": "klu",
    "body_tie": "ground",
    "body_res": 10.0,
    "rs_clamp": 10.0,
    "model_vto": 0.75,
    "vg_cutoff": 0.75,
    "vg_cutoff_epochs": 4,
    "vg_init": {
      "mode": "fixed",
      "lo": 1.0,
      "hi": 3.0,
      "fixed": 2.0
    },
    "epochs": 100,
    "device_include_path": "/home/ma-lab/Desktop/pyclln-final/device_model/nmos_lvl1_ald1106.lib",
    "device_subckt": "NMOSWRAP"
  },
  "train": {
    "acc": 0.8963117606123869,
    "hinge": 0.04522253284620739,
    "n_free": 1437,
    "n_clamp": 1437,
    "hinge_active": 1437,
    "hinge_active_frac": 1.0,
    "skipped": 0,
    "reload_free": 0,
    "reload_clamp": 0,
    "nonfinite_free": 0,
    "nonfinite_clamp": 0
  },
  "val": {
    "acc": 0.9138888888888889,
    "hinge": 0.04505559722222225,
    "test_gap_mean": 0.004944402777777778,
    "test_gap_median": 0.0048073000000000005,
    "test_gap_std": 0.0037244781705395467,
    "test_satisfy_frac": 0.0,
    "test_hinge_mean": 0.04505559722222222,
    "val_reloads": 0.0,
    "val_nonfinite": 0.0
  },
  "timing_s": {
    "epoch_total": 80.3551869392395,
    "train_free": 28.938714504241943,
    "train_clamp": 29.765304803848267,
    "train_update": 3.6962831020355225
  },
  "vg_stats": {
    "vg_unique_min": 1.8140343520495648,
    "vg_unique_max": 2.150948340058552,
    "vg_unique_sat_lo": 0.0,
    "vg_unique_sat_hi": 0.0
  }
}