{
  "epoch": 33,
  "config": {
    "seed": 1,
    "gamma": 0.03,
    "margin": 0.05,
    "delta": 0.02,
    "input_vmin": 0.0,
    "input_vmax": 1.0,
    "rails": [
      0.0,
      0.45
    ],
    "solver": "klu",
    "body_tie": "ground",
    "body_res": 10.0,
    "rs_clamp": 10.0,
    "model_vto": 0.75,
    "vg_cutoff": 0.75,
    "vg_cutoff_epochs": 4,
    "vg_init": {
      "mode": "fixed",
      "lo": 1.0,
      "hi": 3.0,
      "fixed": 2.0
    },
    "epochs": 100,
    "device_include_path": "/home/ma-lab/Desktop/pyclln-final/device_model/nmos_lvl1_ald1106.lib",
    "device_subckt": "NMOSWRAP"
  },
  "train": {
    "acc": 0.9018789144050104,
    "hinge": 0.03135754196242176,
    "n_free": 1437,
    "n_clamp": 1428,
    "hinge_active": 1428,
    "hinge_active_frac": 0.9937369519832986,
    "skipped": 9,
    "reload_free": 0,
    "reload_clamp": 0,
    "nonfinite_free": 0,
    "nonfinite_clamp": 0
  },
  "val": {
    "acc": 0.9138888888888889,
    "hinge": 0.031582781944444464,
    "test_gap_mean": 0.018419789444444445,
    "test_gap_median": 0.017722650000000006,
    "test_gap_std": 0.013863706896291392,
    "test_satisfy_frac": 0.002777777777777778,
    "test_hinge_mean": 0.031582781944444444,
    "val_reloads": 0.0,
    "val_nonfinite": 0.0
  },
  "timing_s": {
    "epoch_total": 74.99943780899048,
    "train_free": 27.46916389465332,
    "train_clamp": 27.64703917503357,
    "train_update": 3.3089792728424072
  },
  "vg_stats": {
    "vg_unique_min": 1.2770160338672525,
    "vg_unique_max": 2.5439688491457,
    "vg_unique_sat_lo": 0.0,
    "vg_unique_sat_hi": 0.0
  }
}