{
  "test_gap_mean": 0.0014294724999999995,
  "test_gap_median": 0.002258650000000001,
  "test_gap_std": 0.01734948612781736,
  "test_satisfy_frac": 0.15555555555555556,
  "test_hinge_mean": 0.019446392222222223,
  "val_reloads": 0.0,
  "val_nonfinite": 0.0
}