{
  "test_gap_mean": 0.017412990277777776,
  "test_gap_median": 0.019564200000000004,
  "test_gap_std": 0.015402136087806852,
  "test_satisfy_frac": 0.4861111111111111,
  "test_hinge_mean": 0.0073752366666666675,
  "val_reloads": 0.0,
  "val_nonfinite": 0.0
}