{
  "test_gap_mean": 0.012399156666666666,
  "test_gap_median": 0.014193000000000011,
  "test_gap_std": 0.015723299326933404,
  "test_satisfy_frac": 0.3416666666666667,
  "test_hinge_mean": 0.010509828611111112,
  "val_reloads": 0.0,
  "val_nonfinite": 0.0
}