{
  "test_gap_mean": 0.018350274722222223,
  "test_gap_median": 0.02068439999999999,
  "test_gap_std": 0.015382382862256924,
  "test_satisfy_frac": 0.5194444444444445,
  "test_hinge_mean": 0.006883067500000001,
  "val_reloads": 0.0,
  "val_nonfinite": 0.0
}