{
  "test_gap_mean": 0.005081497222222224,
  "test_gap_median": 0.005970799999999971,
  "test_gap_std": 0.016597893141699342,
  "test_satisfy_frac": 0.2,
  "test_hinge_mean": 0.016271721666666666,
  "val_reloads": 0.0,
  "val_nonfinite": 0.0
}