{
  "epoch": 67,
  "config": {
    "seed": 0,
    "gamma": 0.03,
    "margin": 0.02,
    "delta": 0.05,
    "input_vmin": 0.0,
    "input_vmax": 1.0,
    "rails": [
      0.0,
      0.45
    ],
    "solver": "klu",
    "body_tie": "floating",
    "body_res": 10.0,
    "rs_clamp": 10.0,
    "model_vto": 0.75,
    "vg_cutoff": 0.75,
    "vg_cutoff_epochs": 4,
    "vg_init": {
      "mode": "random",
      "lo": 1.0,
      "hi": 6.0,
      "fixed": 2.0
    },
    "epochs": 100,
    "device_include_path": "/home/ma-lab/Desktop/pyclln-final/device_model/nmos_lvl1_ald1106.lib",
    "device_subckt": "NMOSWRAP"
  },
  "train": {
    "acc": 0.871955462769659,
    "hinge": 0.0074681027835768795,
    "n_free": 1437,
    "n_clamp": 779,
    "hinge_active": 779,
    "hinge_active_frac": 0.5421016005567154,
    "skipped": 658,
    "reload_free": 0,
    "reload_clamp": 0,
    "nonfinite_free": 0,
    "nonfinite_clamp": 0
  },
  "val": {
    "acc": 0.8611111111111112,
    "hinge": 0.007458132499999998,
    "test_gap_mean": 0.017264741111111113,
    "test_gap_median": 0.019348549999999992,
    "test_gap_std": 0.01541069104077602,
    "test_satisfy_frac": 0.4861111111111111,
    "test_hinge_mean": 0.007458132500000001,
    "val_reloads": 0.0,
    "val_nonfinite": 0.0
  },
  "timing_s": {
    "epoch_total": 277.28801798820496,
    "train_free": 148.4430615901947,
    "train_clamp": 80.16692781448364,
    "train_update": 2.0894904136657715
  },
  "vg_stats": {
    "vg_unique_min": 0.7154923770647156,
    "vg_unique_max": 7.117012308366003,
    "vg_unique_sat_lo": 0.0,
    "vg_unique_sat_hi": 0.0
  }
}