{
  "epoch": 49,
  "config": {
    "seed": 0,
    "gamma": 0.03,
    "margin": 0.02,
    "delta": 0.05,
    "input_vmin": 0.0,
    "input_vmax": 1.0,
    "rails": [
      0.0,
      0.45
    ],
    "solver": "klu",
    "body_tie": "floating",
    "body_res": 10.0,
    "rs_clamp": 10.0,
    "model_vto": 0.75,
    "vg_cutoff": 0.75,
    "vg_cutoff_epochs": 4,
    "vg_init": {
      "mode": "random",
      "lo": 1.0,
      "hi": 6.0,
      "fixed": 2.0
    },
    "epochs": 100,
    "device_include_path": "/home/ma-lab/Desktop/pyclln-final/device_model/nmos_lvl1_ald1106.lib",
    "device_subckt": "NMOSWRAP"
  },
  "train": {
    "acc": 0.825330549756437,
    "hinge": 0.00958389860821153,
    "n_free": 1437,
    "n_clamp": 902,
    "hinge_active": 902,
    "hinge_active_frac": 0.627696590118302,
    "skipped": 535,
    "reload_free": 0,
    "reload_clamp": 0,
    "nonfinite_free": 0,
    "nonfinite_clamp": 0
  },
  "val": {
    "acc": 0.8222222222222222,
    "hinge": 0.009460616111111113,
    "test_gap_mean": 0.01394058833333333,
    "test_gap_median": 0.015819499999999986,
    "test_gap_std": 0.015617239942635957,
    "test_satisfy_frac": 0.3972222222222222,
    "test_hinge_mean": 0.009460616111111113,
    "val_reloads": 0.0,
    "val_nonfinite": 0.0
  },
  "timing_s": {
    "epoch_total": 260.52183961868286,
    "train_free": 135.2676978111267,
    "train_clamp": 84.74419736862183,
    "train_update": 2.3472166061401367
  },
  "vg_stats": {
    "vg_unique_min": 0.7653121193410702,
    "vg_unique_max": 7.013482202342826,
    "vg_unique_sat_lo": 0.0,
    "vg_unique_sat_hi": 0.0
  }
}