{
  "epoch": 76,
  "config": {
    "seed": 0,
    "gamma": 0.03,
    "margin": 0.02,
    "delta": 0.05,
    "input_vmin": 0.0,
    "input_vmax": 1.0,
    "rails": [
      0.0,
      0.45
    ],
    "solver": "klu",
    "body_tie": "floating",
    "body_res": 10.0,
    "rs_clamp": 10.0,
    "model_vto": 0.75,
    "vg_cutoff": 0.75,
    "vg_cutoff_epochs": 4,
    "vg_init": {
      "mode": "random",
      "lo": 1.0,
      "hi": 6.0,
      "fixed": 2.0
    },
    "epochs": 100,
    "device_include_path": "/home/ma-lab/Desktop/pyclln-final/device_model/nmos_lvl1_ald1106.lib",
    "device_subckt": "NMOSWRAP"
  },
  "train": {
    "acc": 0.8879610299234516,
    "hinge": 0.0067312922755741016,
    "n_free": 1437,
    "n_clamp": 731,
    "hinge_active": 731,
    "hinge_active_frac": 0.5086986778009742,
    "skipped": 706,
    "reload_free": 0,
    "reload_clamp": 0,
    "nonfinite_free": 0,
    "nonfinite_clamp": 0
  },
  "val": {
    "acc": 0.8722222222222222,
    "hinge": 0.0068194108333333265,
    "test_gap_mean": 0.018470166944444446,
    "test_gap_median": 0.020857350000000024,
    "test_gap_std": 0.015373341470037657,
    "test_satisfy_frac": 0.525,
    "test_hinge_mean": 0.006819410833333333,
    "val_reloads": 0.0,
    "val_nonfinite": 0.0
  },
  "timing_s": {
    "epoch_total": 227.07834815979004,
    "train_free": 125.87427854537964,
    "train_clamp": 63.728283405303955,
    "train_update": 1.95979642868042
  },
  "vg_stats": {
    "vg_unique_min": 0.7400396992026894,
    "vg_unique_max": 7.154930086306885,
    "vg_unique_sat_lo": 0.0,
    "vg_unique_sat_hi": 0.0
  }
}