{
  "epoch": 93,
  "config": {
    "seed": 0,
    "gamma": 0.03,
    "margin": 0.02,
    "delta": 0.05,
    "input_vmin": 0.0,
    "input_vmax": 1.0,
    "rails": [
      0.0,
      0.45
    ],
    "solver": "klu",
    "body_tie": "floating",
    "body_res": 10.0,
    "rs_clamp": 10.0,
    "model_vto": 0.75,
    "vg_cutoff": 0.75,
    "vg_cutoff_epochs": 4,
    "vg_init": {
      "mode": "random",
      "lo": 1.0,
      "hi": 6.0,
      "fixed": 2.0
    },
    "epochs": 100,
    "device_include_path": "/home/ma-lab/Desktop/pyclln-final/device_model/nmos_lvl1_ald1106.lib",
    "device_subckt": "NMOSWRAP"
  },
  "train": {
    "acc": 0.9081419624217119,
    "hinge": 0.005759979123173274,
    "n_free": 1437,
    "n_clamp": 646,
    "hinge_active": 646,
    "hinge_active_frac": 0.4495476687543493,
    "skipped": 791,
    "reload_free": 0,
    "reload_clamp": 0,
    "nonfinite_free": 0,
    "nonfinite_clamp": 0
  },
  "val": {
    "acc": 0.8944444444444445,
    "hinge": 0.005980237777777775,
    "test_gap_mean": 0.020213245277777778,
    "test_gap_median": 0.022527099999999994,
    "test_gap_std": 0.015333707433982744,
    "test_satisfy_frac": 0.5638888888888889,
    "test_hinge_mean": 0.005980237777777777,
    "val_reloads": 0.0,
    "val_nonfinite": 0.0
  },
  "timing_s": {
    "epoch_total": 227.60496282577515,
    "train_free": 131.09601187705994,
    "train_clamp": 58.665525674819946,
    "train_update": 1.6957497596740723
  },
  "vg_stats": {
    "vg_unique_min": 0.7575825837981333,
    "vg_unique_max": 7.199544844939111,
    "vg_unique_sat_lo": 0.0,
    "vg_unique_sat_hi": 0.0
  }
}