{
  "epoch": 98,
  "config": {
    "seed": 0,
    "gamma": 0.03,
    "margin": 0.02,
    "delta": 0.05,
    "input_vmin": 0.0,
    "input_vmax": 1.0,
    "rails": [
      0.0,
      0.45
    ],
    "solver": "klu",
    "body_tie": "floating",
    "body_res": 10.0,
    "rs_clamp": 10.0,
    "model_vto": 0.75,
    "vg_cutoff": 0.75,
    "vg_cutoff_epochs": 4,
    "vg_init": {
      "mode": "random",
      "lo": 1.0,
      "hi": 6.0,
      "fixed": 2.0
    },
    "epochs": 100,
    "device_include_path": "/home/ma-lab/Desktop/pyclln-final/device_model/nmos_lvl1_ald1106.lib",
    "device_subckt": "NMOSWRAP"
  },
  "train": {
    "acc": 0.9130132219902575,
    "hinge": 0.00554388823938761,
    "n_free": 1437,
    "n_clamp": 627,
    "hinge_active": 627,
    "hinge_active_frac": 0.4363256784968685,
    "skipped": 810,
    "reload_free": 0,
    "reload_clamp": 0,
    "nonfinite_free": 0,
    "nonfinite_clamp": 0
  },
  "val": {
    "acc": 0.9083333333333333,
    "hinge": 0.005794787499999995,
    "test_gap_mean": 0.020659440277777778,
    "test_gap_median": 0.02294110000000002,
    "test_gap_std": 0.015359613030580664,
    "test_satisfy_frac": 0.5722222222222222,
    "test_hinge_mean": 0.005794787500000001,
    "val_reloads": 0.0,
    "val_nonfinite": 0.0
  },
  "timing_s": {
    "epoch_total": 239.60938453674316,
    "train_free": 139.03032422065735,
    "train_clamp": 60.61142039299011,
    "train_update": 1.7790682315826416
  },
  "vg_stats": {
    "vg_unique_min": 0.7513918631741537,
    "vg_unique_max": 7.210701513764638,
    "vg_unique_sat_lo": 0.0,
    "vg_unique_sat_hi": 0.0
  }
}