{
  "test_gap_mean": 0.09114927416666667,
  "test_gap_median": 0.06606745,
  "test_gap_std": 0.11963144260510683,
  "test_satisfy_frac": 0.2972222222222222,
  "test_hinge_mean": 0.045053016388888895,
  "val_reloads": 0.0,
  "val_nonfinite": 0.0
}