{
  "test_gap_mean": 0.11212396166666666,
  "test_gap_median": 0.09517865,
  "test_gap_std": 0.11455397388219196,
  "test_satisfy_frac": 0.4777777777777778,
  "test_hinge_mean": 0.03532983111111111,
  "val_reloads": 0.0,
  "val_nonfinite": 0.0
}