{
  "test_gap_mean": 0.10620507750000001,
  "test_gap_median": 0.09054915,
  "test_gap_std": 0.11303084227255689,
  "test_satisfy_frac": 0.46944444444444444,
  "test_hinge_mean": 0.036918033055555556,
  "val_reloads": 0.0,
  "val_nonfinite": 0.0
}