{
  "test_gap_mean": 0.09691552777777777,
  "test_gap_median": 0.07305,
  "test_gap_std": 0.1183021494820734,
  "test_satisfy_frac": 0.3472222222222222,
  "test_hinge_mean": 0.04213878166666667,
  "val_reloads": 0.0,
  "val_nonfinite": 0.0
}