{
  "test_gap_mean": 0.12000953444444444,
  "test_gap_median": 0.10037059999999998,
  "test_gap_std": 0.1196773302259672,
  "test_satisfy_frac": 0.5027777777777778,
  "test_hinge_mean": 0.03359174055555556,
  "val_reloads": 0.0,
  "val_nonfinite": 0.0
}