{
  "test_gap_mean": 0.13004501555555556,
  "test_gap_median": 0.11583599999999998,
  "test_gap_std": 0.11598367132581677,
  "test_satisfy_frac": 0.5777777777777777,
  "test_hinge_mean": 0.02965898083333334,
  "val_reloads": 0.0,
  "val_nonfinite": 0.0
}