{
  "test_gap_mean": 0.042668023972222226,
  "test_gap_median": 0.02478321,
  "test_gap_std": 0.0823277725995531,
  "test_satisfy_frac": 0.058333333333333334,
  "test_hinge_mean": 0.07043072580555557,
  "val_reloads": 0.0,
  "val_nonfinite": 0.0
}