{
  "test_gap_mean": 0.05154376369444444,
  "test_gap_median": 0.028651535000000006,
  "test_gap_std": 0.09570708124211444,
  "test_satisfy_frac": 0.09166666666666666,
  "test_hinge_mean": 0.06694190252777778,
  "val_reloads": 0.0,
  "val_nonfinite": 0.0
}