{
  "test_gap_mean": 0.10707917444444442,
  "test_gap_median": 0.09157915,
  "test_gap_std": 0.11228649647245045,
  "test_satisfy_frac": 0.475,
  "test_hinge_mean": 0.03648034333333334,
  "val_reloads": 0.0,
  "val_nonfinite": 0.0
}