{
  "epoch": 16,
  "config": {
    "seed": 2,
    "gamma": 0.03,
    "margin": 0.1,
    "delta": 0.02,
    "input_vmin": 0.0,
    "input_vmax": 1.0,
    "rails": [
      0.0,
      0.45
    ],
    "solver": "klu",
    "body_tie": "source",
    "body_res": 10.0,
    "rs_clamp": 10.0,
    "model_vto": 0.75,
    "vg_cutoff": 0.75,
    "vg_cutoff_epochs": 4,
    "vg_init": {
      "mode": "fixed",
      "lo": 1.0,
      "hi": 3.0,
      "fixed": 0.75
    },
    "epochs": 100,
    "device_include_path": "/home/ma-lab/Desktop/pyclln-final/device_model/nmos_lvl1_ald1106.lib",
    "device_subckt": "NMOSWRAP"
  },
  "train": {
    "acc": 0.8392484342379958,
    "hinge": 0.05662766922755738,
    "n_free": 1437,
    "n_clamp": 1198,
    "hinge_active": 1198,
    "hinge_active_frac": 0.8336812804453723,
    "skipped": 239,
    "reload_free": 0,
    "reload_clamp": 0,
    "nonfinite_free": 0,
    "nonfinite_clamp": 0
  },
  "val": {
    "acc": 0.825,
    "hinge": 0.05570539100000005,
    "test_gap_mean": 0.07636479311111112,
    "test_gap_median": 0.04709134999999998,
    "test_gap_std": 0.12530958254749294,
    "test_satisfy_frac": 0.18333333333333332,
    "test_hinge_mean": 0.05570539100000001,
    "val_reloads": 0.0,
    "val_nonfinite": 0.0
  },
  "timing_s": {
    "epoch_total": 19.79633331298828,
    "train_free": 7.102869033813477,
    "train_clamp": 5.819429397583008,
    "train_update": 1.0931544303894043
  },
  "vg_stats": {
    "vg_unique_min": 0.7367974520642034,
    "vg_unique_max": 1.104906224372613,
    "vg_unique_sat_lo": 0.0,
    "vg_unique_sat_hi": 0.0
  }
}