{
  "epoch": 51,
  "config": {
    "seed": 2,
    "gamma": 0.03,
    "margin": 0.1,
    "delta": 0.02,
    "input_vmin": 0.0,
    "input_vmax": 1.0,
    "rails": [
      0.0,
      0.45
    ],
    "solver": "klu",
    "body_tie": "source",
    "body_res": 10.0,
    "rs_clamp": 10.0,
    "model_vto": 0.75,
    "vg_cutoff": 0.75,
    "vg_cutoff_epochs": 4,
    "vg_init": {
      "mode": "fixed",
      "lo": 1.0,
      "hi": 3.0,
      "fixed": 0.75
    },
    "epochs": 100,
    "device_include_path": "/home/ma-lab/Desktop/pyclln-final/device_model/nmos_lvl1_ald1106.lib",
    "device_subckt": "NMOSWRAP"
  },
  "train": {
    "acc": 0.8907446068197634,
    "hinge": 0.035984602296450924,
    "n_free": 1437,
    "n_clamp": 785,
    "hinge_active": 785,
    "hinge_active_frac": 0.546276965901183,
    "skipped": 652,
    "reload_free": 0,
    "reload_clamp": 0,
    "nonfinite_free": 0,
    "nonfinite_clamp": 0
  },
  "val": {
    "acc": 0.8777777777777778,
    "hinge": 0.036364480000000005,
    "test_gap_mean": 0.10763243777777778,
    "test_gap_median": 0.09214520000000001,
    "test_gap_std": 0.11212042611016966,
    "test_satisfy_frac": 0.46944444444444444,
    "test_hinge_mean": 0.036364480000000005,
    "val_reloads": 0.0,
    "val_nonfinite": 0.0
  },
  "timing_s": {
    "epoch_total": 12.329476594924927,
    "train_free": 5.105712890625,
    "train_clamp": 2.8047971725463867,
    "train_update": 0.5160915851593018
  },
  "vg_stats": {
    "vg_unique_min": 0.7490113780190956,
    "vg_unique_max": 1.371750343510391,
    "vg_unique_sat_lo": 0.0,
    "vg_unique_sat_hi": 0.0
  }
}