{
  "epoch": 46,
  "config": {
    "seed": 2,
    "gamma": 0.03,
    "margin": 0.1,
    "delta": 0.02,
    "input_vmin": 0.0,
    "input_vmax": 1.0,
    "rails": [
      0.0,
      0.45
    ],
    "solver": "klu",
    "body_tie": "source",
    "body_res": 10.0,
    "rs_clamp": 10.0,
    "model_vto": 0.75,
    "vg_cutoff": 0.75,
    "vg_cutoff_epochs": 4,
    "vg_init": {
      "mode": "fixed",
      "lo": 1.0,
      "hi": 3.0,
      "fixed": 0.75
    },
    "epochs": 100,
    "device_include_path": "/home/ma-lab/Desktop/pyclln-final/device_model/nmos_lvl1_ald1106.lib",
    "device_subckt": "NMOSWRAP"
  },
  "train": {
    "acc": 0.8858733472512178,
    "hinge": 0.03726051336116905,
    "n_free": 1437,
    "n_clamp": 822,
    "hinge_active": 822,
    "hinge_active_frac": 0.5720250521920668,
    "skipped": 615,
    "reload_free": 0,
    "reload_clamp": 0,
    "nonfinite_free": 0,
    "nonfinite_clamp": 0
  },
  "val": {
    "acc": 0.8694444444444445,
    "hinge": 0.03741012222222222,
    "test_gap_mean": 0.10535572416666668,
    "test_gap_median": 0.089204,
    "test_gap_std": 0.11385714670103791,
    "test_satisfy_frac": 0.4527777777777778,
    "test_hinge_mean": 0.037410122222222224,
    "val_reloads": 0.0,
    "val_nonfinite": 0.0
  },
  "timing_s": {
    "epoch_total": 12.178938150405884,
    "train_free": 5.00764799118042,
    "train_clamp": 2.81054949760437,
    "train_update": 0.508277177810669
  },
  "vg_stats": {
    "vg_unique_min": 0.7423759886486038,
    "vg_unique_max": 1.342025078159274,
    "vg_unique_sat_lo": 0.0,
    "vg_unique_sat_hi": 0.0
  }
}