{
  "epoch": 8,
  "config": {
    "seed": 2,
    "gamma": 0.03,
    "margin": 0.1,
    "delta": 0.02,
    "input_vmin": 0.0,
    "input_vmax": 1.0,
    "rails": [
      0.0,
      0.45
    ],
    "solver": "klu",
    "body_tie": "source",
    "body_res": 10.0,
    "rs_clamp": 10.0,
    "model_vto": 0.75,
    "vg_cutoff": 0.75,
    "vg_cutoff_epochs": 4,
    "vg_init": {
      "mode": "fixed",
      "lo": 1.0,
      "hi": 3.0,
      "fixed": 0.75
    },
    "epochs": 100,
    "device_include_path": "/home/ma-lab/Desktop/pyclln-final/device_model/nmos_lvl1_ald1106.lib",
    "device_subckt": "NMOSWRAP"
  },
  "train": {
    "acc": 0.8288100208768268,
    "hinge": 0.07536010246346558,
    "n_free": 1437,
    "n_clamp": 1369,
    "hinge_active": 1369,
    "hinge_active_frac": 0.9526791927627001,
    "skipped": 68,
    "reload_free": 0,
    "reload_clamp": 0,
    "nonfinite_free": 0,
    "nonfinite_clamp": 0
  },
  "val": {
    "acc": 0.8083333333333333,
    "hinge": 0.07329897941666667,
    "test_gap_mean": 0.03924211416666666,
    "test_gap_median": 0.021823785000000005,
    "test_gap_std": 0.07976076532324332,
    "test_satisfy_frac": 0.058333333333333334,
    "test_hinge_mean": 0.07329897941666667,
    "val_reloads": 0.0,
    "val_nonfinite": 0.0
  },
  "timing_s": {
    "epoch_total": 27.133359909057617,
    "train_free": 9.392948865890503,
    "train_clamp": 8.807984352111816,
    "train_update": 1.4384105205535889
  },
  "vg_stats": {
    "vg_unique_min": 0.7331207416774641,
    "vg_unique_max": 0.9626551815052411,
    "vg_unique_sat_lo": 0.0,
    "vg_unique_sat_hi": 0.0
  }
}