{
  "test_gap_mean": 0.007655856944444444,
  "test_gap_median": 0.007243449999999985,
  "test_gap_std": 0.005792670672348386,
  "test_satisfy_frac": 0.0,
  "test_hinge_mean": 0.09234414305555556,
  "val_reloads": 0.0,
  "val_nonfinite": 0.0
}