{
  "test_gap_mean": 0.0007547827777777767,
  "test_gap_median": 0.000718949999999996,
  "test_gap_std": 0.000568029275050594,
  "test_satisfy_frac": 0.0,
  "test_hinge_mean": 0.09924521722222224,
  "val_reloads": 0.0,
  "val_nonfinite": 0.0
}