{
  "test_gap_mean": 0.0005664208333333331,
  "test_gap_median": 0.0005299999999999888,
  "test_gap_std": 0.0004317257916192927,
  "test_satisfy_frac": 0.0,
  "test_hinge_mean": 0.09943357916666667,
  "val_reloads": 0.0,
  "val_nonfinite": 0.0
}