{
  "test_gap_mean": 9.878444444444173e-05,
  "test_gap_median": 0.00010034999999999905,
  "test_gap_std": 7.579508949370051e-05,
  "test_satisfy_frac": 0.0,
  "test_hinge_mean": 0.09990121555555556,
  "val_reloads": 0.0,
  "val_nonfinite": 0.0
}