{
  "test_gap_mean": 0.005737820277777779,
  "test_gap_median": 0.005468300000000009,
  "test_gap_std": 0.004336435920636123,
  "test_satisfy_frac": 0.0,
  "test_hinge_mean": 0.09426217972222221,
  "val_reloads": 0.0,
  "val_nonfinite": 0.0
}