{
  "test_gap_mean": 0.00688568472222222,
  "test_gap_median": 0.006512099999999965,
  "test_gap_std": 0.005193762124752788,
  "test_satisfy_frac": 0.0,
  "test_hinge_mean": 0.09311431527777778,
  "val_reloads": 0.0,
  "val_nonfinite": 0.0
}