{
  "test_gap_mean": 0.005163732222222222,
  "test_gap_median": 0.0049178,
  "test_gap_std": 0.003895120013201071,
  "test_satisfy_frac": 0.0,
  "test_hinge_mean": 0.09483626777777779,
  "val_reloads": 0.0,
  "val_nonfinite": 0.0
}