{
  "epoch": 71,
  "config": {
    "seed": 1,
    "gamma": 0.03,
    "margin": 0.1,
    "delta": 0.02,
    "input_vmin": 0.0,
    "input_vmax": 1.0,
    "rails": [
      0.0,
      0.45
    ],
    "solver": "klu",
    "body_tie": "source",
    "body_res": 10.0,
    "rs_clamp": 10.0,
    "model_vto": 0.75,
    "vg_cutoff": 0.75,
    "vg_cutoff_epochs": 4,
    "vg_init": {
      "mode": "fixed",
      "lo": 1.0,
      "hi": 3.0,
      "fixed": 4.0
    },
    "epochs": 100,
    "device_include_path": "/home/ma-lab/Desktop/pyclln-final/device_model/nmos_lvl1_ald1106.lib",
    "device_subckt": "NMOSWRAP"
  },
  "train": {
    "acc": 0.8970076548364648,
    "hinge": 0.09316547940153101,
    "n_free": 1437,
    "n_clamp": 1437,
    "hinge_active": 1437,
    "hinge_active_frac": 1.0,
    "skipped": 0,
    "reload_free": 0,
    "reload_clamp": 0,
    "nonfinite_free": 0,
    "nonfinite_clamp": 0
  },
  "val": {
    "acc": 0.9083333333333333,
    "hinge": 0.09330498138888894,
    "test_gap_mean": 0.006695018611111111,
    "test_gap_median": 0.0063539999999999985,
    "test_gap_std": 0.005060299697186727,
    "test_satisfy_frac": 0.0,
    "test_hinge_mean": 0.0933049813888889,
    "val_reloads": 0.0,
    "val_nonfinite": 0.0
  },
  "timing_s": {
    "epoch_total": 82.74241161346436,
    "train_free": 30.392459392547607,
    "train_clamp": 31.352567195892334,
    "train_update": 3.196295976638794
  },
  "vg_stats": {
    "vg_unique_min": 3.108423219203563,
    "vg_unique_max": 4.754107733472698,
    "vg_unique_sat_lo": 0.0,
    "vg_unique_sat_hi": 0.0
  }
}