{
  "test_gap_mean": 0.08861228916666668,
  "test_gap_median": 0.09094709999999998,
  "test_gap_std": 0.06658534763808542,
  "test_satisfy_frac": 0.8638888888888889,
  "test_hinge_mean": 0.006090588055555554,
  "val_reloads": 0.0,
  "val_nonfinite": 0.0
}