{
  "test_gap_mean": 0.08087107333333333,
  "test_gap_median": 0.08334609999999998,
  "test_gap_std": 0.05722984344691597,
  "test_satisfy_frac": 0.8333333333333334,
  "test_hinge_mean": 0.004757954166666667,
  "val_reloads": 0.0,
  "val_nonfinite": 0.0
}