{
  "test_gap_mean": 0.08203718916666666,
  "test_gap_median": 0.09102995,
  "test_gap_std": 0.06016834161542624,
  "test_satisfy_frac": 0.8333333333333334,
  "test_hinge_mean": 0.00592662,
  "val_reloads": 0.0,
  "val_nonfinite": 0.0
}