{
  "test_gap_mean": 0.09020059972222223,
  "test_gap_median": 0.08854039999999999,
  "test_gap_std": 0.06322798505235834,
  "test_satisfy_frac": 0.8861111111111111,
  "test_hinge_mean": 0.003906827500000001,
  "val_reloads": 0.0,
  "val_nonfinite": 0.0
}