{
  "test_gap_mean": 0.0949875411111111,
  "test_gap_median": 0.09499454999999998,
  "test_gap_std": 0.06452063782247015,
  "test_satisfy_frac": 0.8805555555555555,
  "test_hinge_mean": 0.003790631111111111,
  "val_reloads": 0.0,
  "val_nonfinite": 0.0
}