{
  "test_gap_mean": 0.09273891972222222,
  "test_gap_median": 0.0958299,
  "test_gap_std": 0.06434369307814675,
  "test_satisfy_frac": 0.8722222222222222,
  "test_hinge_mean": 0.0050146022222222215,
  "val_reloads": 0.0,
  "val_nonfinite": 0.0
}