{
  "test_gap_mean": 0.09186790055555555,
  "test_gap_median": 0.09221960000000001,
  "test_gap_std": 0.06590720639674011,
  "test_satisfy_frac": 0.8666666666666667,
  "test_hinge_mean": 0.004689131666666667,
  "val_reloads": 0.0,
  "val_nonfinite": 0.0
}