{
  "test_gap_mean": 0.08948301444444447,
  "test_gap_median": 0.09594534999999998,
  "test_gap_std": 0.061286592992565246,
  "test_satisfy_frac": 0.8861111111111111,
  "test_hinge_mean": 0.004439819166666668,
  "val_reloads": 0.0,
  "val_nonfinite": 0.0
}