{
  "test_gap_mean": 0.09095437805555555,
  "test_gap_median": 0.08711745000000001,
  "test_gap_std": 0.06614349914135924,
  "test_satisfy_frac": 0.8666666666666667,
  "test_hinge_mean": 0.0045435300000000005,
  "val_reloads": 0.0,
  "val_nonfinite": 0.0
}