{
  "test_gap_mean": 0.09167736444444444,
  "test_gap_median": 0.08540594999999995,
  "test_gap_std": 0.06534181589224224,
  "test_satisfy_frac": 0.8805555555555555,
  "test_hinge_mean": 0.004527282777777777,
  "val_reloads": 0.0,
  "val_nonfinite": 0.0
}