{
  "test_gap_mean": 0.10165708472222224,
  "test_gap_median": 0.10253045000000002,
  "test_gap_std": 0.06607386356504123,
  "test_satisfy_frac": 0.8972222222222223,
  "test_hinge_mean": 0.0037543469444444445,
  "val_reloads": 0.0,
  "val_nonfinite": 0.0
}