{
  "test_gap_mean": 0.09077910416666667,
  "test_gap_median": 0.09012224999999999,
  "test_gap_std": 0.06340470302726639,
  "test_satisfy_frac": 0.875,
  "test_hinge_mean": 0.004370317777777777,
  "val_reloads": 0.0,
  "val_nonfinite": 0.0
}