{
  "test_gap_mean": 0.09533040888888888,
  "test_gap_median": 0.09555035,
  "test_gap_std": 0.06514236953932287,
  "test_satisfy_frac": 0.8694444444444445,
  "test_hinge_mean": 0.004625256111111112,
  "val_reloads": 0.0,
  "val_nonfinite": 0.0
}