{
  "test_gap_mean": 0.09065874638888888,
  "test_gap_median": 0.09213425,
  "test_gap_std": 0.06119292578475644,
  "test_satisfy_frac": 0.8861111111111111,
  "test_hinge_mean": 0.0042959769444444445,
  "val_reloads": 0.0,
  "val_nonfinite": 0.0
}