{
  "epoch": 1,
  "config": {
    "seed": 2,
    "gamma": 3.0,
    "margin": 0.02,
    "delta": 0.1,
    "input_vmin": 0.0,
    "input_vmax": 1.0,
    "rails": [
      0.0,
      0.45
    ],
    "solver": "klu",
    "body_tie": "source",
    "body_res": 10.0,
    "rs_clamp": 10.0,
    "model_vto": 0.75,
    "vg_cutoff": 0.75,
    "vg_cutoff_epochs": 4,
    "vg_init": {
      "mode": "fixed",
      "lo": 1.0,
      "hi": 3.0,
      "fixed": 0.75
    },
    "epochs": 100,
    "device_include_path": "/home/ma-lab/Desktop/pyclln-final/device_model/nmos_lvl1_ald1106.lib",
    "device_subckt": "NMOSWRAP"
  },
  "train": {
    "acc": 0.7863604732080723,
    "hinge": 0.016007763908141945,
    "n_free": 1437,
    "n_clamp": 411,
    "hinge_active": 411,
    "hinge_active_frac": 0.2860125260960334,
    "skipped": 1026,
    "reload_free": 0,
    "reload_clamp": 0,
    "nonfinite_free": 0,
    "nonfinite_clamp": 0
  },
  "val": {
    "acc": 0.8972222222222223,
    "hinge": 0.006111032777777776,
    "test_gap_mean": 0.08052782777777777,
    "test_gap_median": 0.0837811,
    "test_gap_std": 0.06075323718197296,
    "test_satisfy_frac": 0.8305555555555556,
    "test_hinge_mean": 0.006111032777777777,
    "val_reloads": 0.0,
    "val_nonfinite": 0.0
  },
  "timing_s": {
    "epoch_total": 57.31925320625305,
    "train_free": 31.900341987609863,
    "train_clamp": 9.151411294937134,
    "train_update": 1.0916166305541992
  },
  "vg_stats": {
    "vg_unique_min": 0.4,
    "vg_unique_max": 4.196851880010303,
    "vg_unique_sat_lo": 49.0,
    "vg_unique_sat_hi": 0.0
  }
}