{
  "epoch": 47,
  "config": {
    "seed": 2,
    "gamma": 3.0,
    "margin": 0.02,
    "delta": 0.1,
    "input_vmin": 0.0,
    "input_vmax": 1.0,
    "rails": [
      0.0,
      0.45
    ],
    "solver": "klu",
    "body_tie": "source",
    "body_res": 10.0,
    "rs_clamp": 10.0,
    "model_vto": 0.75,
    "vg_cutoff": 0.75,
    "vg_cutoff_epochs": 4,
    "vg_init": {
      "mode": "fixed",
      "lo": 1.0,
      "hi": 3.0,
      "fixed": 0.75
    },
    "epochs": 100,
    "device_include_path": "/home/ma-lab/Desktop/pyclln-final/device_model/nmos_lvl1_ald1106.lib",
    "device_subckt": "NMOSWRAP"
  },
  "train": {
    "acc": 0.9638135003479471,
    "hinge": 0.0021847700069589403,
    "n_free": 1437,
    "n_clamp": 137,
    "hinge_active": 137,
    "hinge_active_frac": 0.0953375086986778,
    "skipped": 1300,
    "reload_free": 0,
    "reload_clamp": 0,
    "nonfinite_free": 0,
    "nonfinite_clamp": 0
  },
  "val": {
    "acc": 0.9277777777777778,
    "hinge": 0.004389692777777778,
    "test_gap_mean": 0.09950974083333335,
    "test_gap_median": 0.0966265,
    "test_gap_std": 0.07125067747476062,
    "test_satisfy_frac": 0.8888888888888888,
    "test_hinge_mean": 0.004389692777777778,
    "val_reloads": 0.0,
    "val_nonfinite": 0.0
  },
  "timing_s": {
    "epoch_total": 13.67566728591919,
    "train_free": 7.638574838638306,
    "train_clamp": 0.7251226902008057,
    "train_update": 0.1295762062072754
  },
  "vg_stats": {
    "vg_unique_min": 0.41913848564943984,
    "vg_unique_max": 6.132291921114116,
    "vg_unique_sat_lo": 0.0,
    "vg_unique_sat_hi": 0.0
  }
}