{
  "epoch": 86,
  "config": {
    "seed": 2,
    "gamma": 3.0,
    "margin": 0.02,
    "delta": 0.1,
    "input_vmin": 0.0,
    "input_vmax": 1.0,
    "rails": [
      0.0,
      0.45
    ],
    "solver": "klu",
    "body_tie": "source",
    "body_res": 10.0,
    "rs_clamp": 10.0,
    "model_vto": 0.75,
    "vg_cutoff": 0.75,
    "vg_cutoff_epochs": 4,
    "vg_init": {
      "mode": "fixed",
      "lo": 1.0,
      "hi": 3.0,
      "fixed": 0.75
    },
    "epochs": 100,
    "device_include_path": "/home/ma-lab/Desktop/pyclln-final/device_model/nmos_lvl1_ald1106.lib",
    "device_subckt": "NMOSWRAP"
  },
  "train": {
    "acc": 0.9582463465553236,
    "hinge": 0.0023252430062630468,
    "n_free": 1437,
    "n_clamp": 129,
    "hinge_active": 129,
    "hinge_active_frac": 0.08977035490605428,
    "skipped": 1308,
    "reload_free": 0,
    "reload_clamp": 0,
    "nonfinite_free": 0,
    "nonfinite_clamp": 0
  },
  "val": {
    "acc": 0.9416666666666667,
    "hinge": 0.004295976944444444,
    "test_gap_mean": 0.09065874638888888,
    "test_gap_median": 0.09213425,
    "test_gap_std": 0.06119292578475644,
    "test_satisfy_frac": 0.8861111111111111,
    "test_hinge_mean": 0.0042959769444444445,
    "val_reloads": 0.0,
    "val_nonfinite": 0.0
  },
  "timing_s": {
    "epoch_total": 12.340423583984375,
    "train_free": 6.772658109664917,
    "train_clamp": 0.6033425331115723,
    "train_update": 0.16958212852478027
  },
  "vg_stats": {
    "vg_unique_min": 0.40000081751113004,
    "vg_unique_max": 5.792480195329389,
    "vg_unique_sat_lo": 0.0,
    "vg_unique_sat_hi": 0.0
  }
}