{
  "epoch": 45,
  "config": {
    "seed": 2,
    "gamma": 3.0,
    "margin": 0.02,
    "delta": 0.1,
    "input_vmin": 0.0,
    "input_vmax": 1.0,
    "rails": [
      0.0,
      0.45
    ],
    "solver": "klu",
    "body_tie": "source",
    "body_res": 10.0,
    "rs_clamp": 10.0,
    "model_vto": 0.75,
    "vg_cutoff": 0.75,
    "vg_cutoff_epochs": 4,
    "vg_init": {
      "mode": "fixed",
      "lo": 1.0,
      "hi": 3.0,
      "fixed": 0.75
    },
    "epochs": 100,
    "device_include_path": "/home/ma-lab/Desktop/pyclln-final/device_model/nmos_lvl1_ald1106.lib",
    "device_subckt": "NMOSWRAP"
  },
  "train": {
    "acc": 0.9554627696590118,
    "hinge": 0.002424182881002086,
    "n_free": 1437,
    "n_clamp": 134,
    "hinge_active": 134,
    "hinge_active_frac": 0.09324982602644398,
    "skipped": 1303,
    "reload_free": 0,
    "reload_clamp": 0,
    "nonfinite_free": 0,
    "nonfinite_clamp": 0
  },
  "val": {
    "acc": 0.9277777777777778,
    "hinge": 0.0043703177777777765,
    "test_gap_mean": 0.09077910416666667,
    "test_gap_median": 0.09012224999999999,
    "test_gap_std": 0.06340470302726639,
    "test_satisfy_frac": 0.875,
    "test_hinge_mean": 0.004370317777777777,
    "val_reloads": 0.0,
    "val_nonfinite": 0.0
  },
  "timing_s": {
    "epoch_total": 11.276404857635498,
    "train_free": 6.5150885581970215,
    "train_clamp": 0.6060519218444824,
    "train_update": 0.09849286079406738
  },
  "vg_stats": {
    "vg_unique_min": 0.5214392828665299,
    "vg_unique_max": 6.700375413140786,
    "vg_unique_sat_lo": 0.0,
    "vg_unique_sat_hi": 0.0
  }
}