{
  "epoch": 100,
  "config": {
    "seed": 2,
    "gamma": 3.0,
    "margin": 0.02,
    "delta": 0.1,
    "input_vmin": 0.0,
    "input_vmax": 1.0,
    "rails": [
      0.0,
      0.45
    ],
    "solver": "klu",
    "body_tie": "source",
    "body_res": 10.0,
    "rs_clamp": 10.0,
    "model_vto": 0.75,
    "vg_cutoff": 0.75,
    "vg_cutoff_epochs": 4,
    "vg_init": {
      "mode": "fixed",
      "lo": 1.0,
      "hi": 3.0,
      "fixed": 0.75
    },
    "epochs": 100,
    "device_include_path": "/home/ma-lab/Desktop/pyclln-final/device_model/nmos_lvl1_ald1106.lib",
    "device_subckt": "NMOSWRAP"
  },
  "train": {
    "acc": 0.9575504523312457,
    "hinge": 0.0024723121781489205,
    "n_free": 1437,
    "n_clamp": 120,
    "hinge_active": 120,
    "hinge_active_frac": 0.08350730688935282,
    "skipped": 1317,
    "reload_free": 0,
    "reload_clamp": 0,
    "nonfinite_free": 0,
    "nonfinite_clamp": 0
  },
  "val": {
    "acc": 0.9388888888888889,
    "hinge": 0.0037542038888888868,
    "test_gap_mean": 0.09396668916666666,
    "test_gap_median": 0.09173450000000002,
    "test_gap_std": 0.06458485348432297,
    "test_satisfy_frac": 0.8972222222222223,
    "test_hinge_mean": 0.003754203888888889,
    "val_reloads": 0.0,
    "val_nonfinite": 0.0
  },
  "timing_s": {
    "epoch_total": 12.444025993347168,
    "train_free": 7.2007811069488525,
    "train_clamp": 0.6510982513427734,
    "train_update": 0.11079287528991699
  },
  "vg_stats": {
    "vg_unique_min": 0.49557796782871016,
    "vg_unique_max": 5.534745124554015,
    "vg_unique_sat_lo": 0.0,
    "vg_unique_sat_hi": 0.0
  }
}