{
  "epoch": 38,
  "config": {
    "seed": 2,
    "gamma": 3.0,
    "margin": 0.02,
    "delta": 0.1,
    "input_vmin": 0.0,
    "input_vmax": 1.0,
    "rails": [
      0.0,
      0.45
    ],
    "solver": "klu",
    "body_tie": "source",
    "body_res": 10.0,
    "rs_clamp": 10.0,
    "model_vto": 0.75,
    "vg_cutoff": 0.75,
    "vg_cutoff_epochs": 4,
    "vg_init": {
      "mode": "fixed",
      "lo": 1.0,
      "hi": 3.0,
      "fixed": 0.75
    },
    "epochs": 100,
    "device_include_path": "/home/ma-lab/Desktop/pyclln-final/device_model/nmos_lvl1_ald1106.lib",
    "device_subckt": "NMOSWRAP"
  },
  "train": {
    "acc": 0.9617258176757133,
    "hinge": 0.002235685316631871,
    "n_free": 1437,
    "n_clamp": 122,
    "hinge_active": 122,
    "hinge_active_frac": 0.0848990953375087,
    "skipped": 1315,
    "reload_free": 0,
    "reload_clamp": 0,
    "nonfinite_free": 0,
    "nonfinite_clamp": 0
  },
  "val": {
    "acc": 0.9444444444444444,
    "hinge": 0.003660728055555555,
    "test_gap_mean": 0.09155991138888889,
    "test_gap_median": 0.08535519999999999,
    "test_gap_std": 0.06570998329579175,
    "test_satisfy_frac": 0.8916666666666667,
    "test_hinge_mean": 0.003660728055555556,
    "val_reloads": 0.0,
    "val_nonfinite": 0.0
  },
  "timing_s": {
    "epoch_total": 15.603469133377075,
    "train_free": 9.076550245285034,
    "train_clamp": 0.7687361240386963,
    "train_update": 0.12266755104064941
  },
  "vg_stats": {
    "vg_unique_min": 0.4,
    "vg_unique_max": 7.461433421038798,
    "vg_unique_sat_lo": 1.0,
    "vg_unique_sat_hi": 0.0
  }
}