{
  "test_gap_mean": 0.02285343027777778,
  "test_gap_median": 0.024941900000000003,
  "test_gap_std": 0.01845019381237257,
  "test_satisfy_frac": 0.6138888888888889,
  "test_hinge_mean": 0.0061483441666666675,
  "val_reloads": 0.0,
  "val_nonfinite": 0.0
}