{
  "epoch": 2,
  "config": {
    "seed": 0,
    "gamma": 0.3,
    "margin": 0.02,
    "delta": 0.05,
    "input_vmin": 0.0,
    "input_vmax": 1.0,
    "rails": [
      0.0,
      0.45
    ],
    "solver": "klu",
    "body_tie": "ground",
    "body_res": 10.0,
    "rs_clamp": 10.0,
    "model_vto": 0.75,
    "vg_cutoff": 0.75,
    "vg_cutoff_epochs": 4,
    "vg_init": {
      "mode": "random",
      "lo": 0.75,
      "hi": 3.0,
      "fixed": 2.0
    },
    "epochs": 100,
    "device_include_path": "/home/ma-lab/Desktop/pyclln-final/device_model/nmos_lvl1_ald1106.lib",
    "device_subckt": "NMOSWRAP"
  },
  "train": {
    "acc": 0.7835768963117606,
    "hinge": 0.010631751913709114,
    "n_free": 1437,
    "n_clamp": 866,
    "hinge_active": 866,
    "hinge_active_frac": 0.6026443980514962,
    "skipped": 571,
    "reload_free": 0,
    "reload_clamp": 0,
    "nonfinite_free": 0,
    "nonfinite_clamp": 0
  },
  "val": {
    "acc": 0.825,
    "hinge": 0.007884867499999995,
    "test_gap_mean": 0.019111230833333333,
    "test_gap_median": 0.021518199999999987,
    "test_gap_std": 0.018586387499869343,
    "test_satisfy_frac": 0.5305555555555556,
    "test_hinge_mean": 0.007884867500000002,
    "val_reloads": 0.0,
    "val_nonfinite": 0.0
  },
  "timing_s": {
    "epoch_total": 60.192631244659424,
    "train_free": 27.158931493759155,
    "train_clamp": 16.32051134109497,
    "train_update": 2.166965961456299
  },
  "vg_stats": {
    "vg_unique_min": 0.4,
    "vg_unique_max": 3.500888188121262,
    "vg_unique_sat_lo": 2.0,
    "vg_unique_sat_hi": 0.0
  }
}