{
  "test_gap_mean": 0.11983537611111113,
  "test_gap_median": 0.12763974999999997,
  "test_gap_std": 0.06849863200688461,
  "test_satisfy_frac": 0.6583333333333333,
  "test_hinge_mean": 0.018434609722222224,
  "val_reloads": 0.0,
  "val_nonfinite": 0.0
}