{
  "test_gap_mean": 0.02717290055555556,
  "test_gap_median": 0.02789129999999998,
  "test_gap_std": 0.0273322723535008,
  "test_satisfy_frac": 0.0,
  "test_hinge_mean": 0.07282709944444446,
  "val_reloads": 0.0,
  "val_nonfinite": 0.0
}