{
  "test_gap_mean": 0.09277152666666667,
  "test_gap_median": 0.09974990000000003,
  "test_gap_std": 0.05303921658138554,
  "test_satisfy_frac": 0.49722222222222223,
  "test_hinge_mean": 0.024667091666666665,
  "val_reloads": 0.0,
  "val_nonfinite": 0.0
}