{
  "test_gap_mean": 0.11559743472222223,
  "test_gap_median": 0.12425154999999999,
  "test_gap_std": 0.06579682243284025,
  "test_satisfy_frac": 0.6444444444444445,
  "test_hinge_mean": 0.019157021111111113,
  "val_reloads": 0.0,
  "val_nonfinite": 0.0
}