{
  "test_gap_mean": 0.11153214027777777,
  "test_gap_median": 0.11803860000000005,
  "test_gap_std": 0.06310903623476606,
  "test_satisfy_frac": 0.625,
  "test_hinge_mean": 0.01958978277777778,
  "val_reloads": 0.0,
  "val_nonfinite": 0.0
}