{
  "test_gap_mean": 0.11014030111111113,
  "test_gap_median": 0.11907715000000005,
  "test_gap_std": 0.06183163622250748,
  "test_satisfy_frac": 0.6138888888888889,
  "test_hinge_mean": 0.01987840277777778,
  "val_reloads": 0.0,
  "val_nonfinite": 0.0
}