{
  "epoch": 49,
  "config": {
    "seed": 1,
    "gamma": 0.3,
    "margin": 0.1,
    "delta": 0.05,
    "input_vmin": 0.0,
    "input_vmax": 1.0,
    "rails": [
      0.0,
      0.45
    ],
    "solver": "klu",
    "body_tie": "source",
    "body_res": 10.0,
    "rs_clamp": 10.0,
    "model_vto": 0.75,
    "vg_cutoff": 0.75,
    "vg_cutoff_epochs": 4,
    "vg_init": {
      "mode": "random",
      "lo": 0.75,
      "hi": 3.0,
      "fixed": 2.0
    },
    "epochs": 100,
    "device_include_path": "/home/ma-lab/Desktop/pyclln-final/device_model/nmos_lvl1_ald1106.lib",
    "device_subckt": "NMOSWRAP"
  },
  "train": {
    "acc": 0.954070981210856,
    "hinge": 0.017588685038274175,
    "n_free": 1437,
    "n_clamp": 480,
    "hinge_active": 480,
    "hinge_active_frac": 0.33402922755741127,
    "skipped": 957,
    "reload_free": 0,
    "reload_clamp": 0,
    "nonfinite_free": 0,
    "nonfinite_clamp": 0
  },
  "val": {
    "acc": 0.95,
    "hinge": 0.019651484444444454,
    "test_gap_mean": 0.1119094638888889,
    "test_gap_median": 0.11981125000000001,
    "test_gap_std": 0.06329450829751106,
    "test_satisfy_frac": 0.6222222222222222,
    "test_hinge_mean": 0.01965148444444445,
    "val_reloads": 0.0,
    "val_nonfinite": 0.0
  },
  "timing_s": {
    "epoch_total": 16.616562128067017,
    "train_free": 8.223545789718628,
    "train_clamp": 2.7249386310577393,
    "train_update": 0.40789008140563965
  },
  "vg_stats": {
    "vg_unique_min": 0.6483697795400578,
    "vg_unique_max": 7.185151710727491,
    "vg_unique_sat_lo": 0.0,
    "vg_unique_sat_hi": 0.0
  }
}