{
  "epoch": 25,
  "config": {
    "seed": 1,
    "gamma": 0.3,
    "margin": 0.1,
    "delta": 0.05,
    "input_vmin": 0.0,
    "input_vmax": 1.0,
    "rails": [
      0.0,
      0.45
    ],
    "solver": "klu",
    "body_tie": "source",
    "body_res": 10.0,
    "rs_clamp": 10.0,
    "model_vto": 0.75,
    "vg_cutoff": 0.75,
    "vg_cutoff_epochs": 4,
    "vg_init": {
      "mode": "random",
      "lo": 0.75,
      "hi": 3.0,
      "fixed": 2.0
    },
    "epochs": 100,
    "device_include_path": "/home/ma-lab/Desktop/pyclln-final/device_model/nmos_lvl1_ald1106.lib",
    "device_subckt": "NMOSWRAP"
  },
  "train": {
    "acc": 0.9450243562978428,
    "hinge": 0.02120695267919276,
    "n_free": 1437,
    "n_clamp": 596,
    "hinge_active": 596,
    "hinge_active_frac": 0.41475295755045233,
    "skipped": 841,
    "reload_free": 0,
    "reload_clamp": 0,
    "nonfinite_free": 0,
    "nonfinite_clamp": 0
  },
  "val": {
    "acc": 0.9472222222222222,
    "hinge": 0.022119896111111113,
    "test_gap_mean": 0.10021825805555555,
    "test_gap_median": 0.10521999999999995,
    "test_gap_std": 0.05623697497088589,
    "test_satisfy_frac": 0.5472222222222223,
    "test_hinge_mean": 0.022119896111111113,
    "val_reloads": 0.0,
    "val_nonfinite": 0.0
  },
  "timing_s": {
    "epoch_total": 34.8357048034668,
    "train_free": 17.12527871131897,
    "train_clamp": 7.129789352416992,
    "train_update": 0.9732692241668701
  },
  "vg_stats": {
    "vg_unique_min": 0.5894350539439821,
    "vg_unique_max": 6.696171890418028,
    "vg_unique_sat_lo": 0.0,
    "vg_unique_sat_hi": 0.0
  }
}