{
  "epoch": 78,
  "config": {
    "seed": 1,
    "gamma": 0.3,
    "margin": 0.1,
    "delta": 0.05,
    "input_vmin": 0.0,
    "input_vmax": 1.0,
    "rails": [
      0.0,
      0.45
    ],
    "solver": "klu",
    "body_tie": "source",
    "body_res": 10.0,
    "rs_clamp": 10.0,
    "model_vto": 0.75,
    "vg_cutoff": 0.75,
    "vg_cutoff_epochs": 4,
    "vg_init": {
      "mode": "random",
      "lo": 0.75,
      "hi": 3.0,
      "fixed": 2.0
    },
    "epochs": 100,
    "device_include_path": "/home/ma-lab/Desktop/pyclln-final/device_model/nmos_lvl1_ald1106.lib",
    "device_subckt": "NMOSWRAP"
  },
  "train": {
    "acc": 0.953375086986778,
    "hinge": 0.01656361461377872,
    "n_free": 1437,
    "n_clamp": 440,
    "hinge_active": 440,
    "hinge_active_frac": 0.30619345859429364,
    "skipped": 997,
    "reload_free": 0,
    "reload_clamp": 0,
    "nonfinite_free": 0,
    "nonfinite_clamp": 0
  },
  "val": {
    "acc": 0.9388888888888889,
    "hinge": 0.018306293055555558,
    "test_gap_mean": 0.12071958694444444,
    "test_gap_median": 0.12725655000000002,
    "test_gap_std": 0.06938304968028952,
    "test_satisfy_frac": 0.6638888888888889,
    "test_hinge_mean": 0.018306293055555554,
    "val_reloads": 0.0,
    "val_nonfinite": 0.0
  },
  "timing_s": {
    "epoch_total": 15.674976348876953,
    "train_free": 7.524049997329712,
    "train_clamp": 2.2835793495178223,
    "train_update": 0.39975976943969727
  },
  "vg_stats": {
    "vg_unique_min": 0.6701099323921001,
    "vg_unique_max": 7.330390330335086,
    "vg_unique_sat_lo": 0.0,
    "vg_unique_sat_hi": 0.0
  }
}