{
  "test_gap_mean": 0.10362464111111112,
  "test_gap_median": 0.09947999999999999,
  "test_gap_std": 0.08185786834222629,
  "test_satisfy_frac": 0.7388888888888889,
  "test_hinge_mean": 0.011287032777777779,
  "val_reloads": 0.0,
  "val_nonfinite": 0.0
}