{
  "test_gap_mean": 0.10491240583333333,
  "test_gap_median": 0.0960192,
  "test_gap_std": 0.08511769687439626,
  "test_satisfy_frac": 0.7555555555555555,
  "test_hinge_mean": 0.011781700555555554,
  "val_reloads": 0.0,
  "val_nonfinite": 0.0
}