{
  "test_gap_mean": 0.11512246638888889,
  "test_gap_median": 0.11363009999999998,
  "test_gap_std": 0.08608370330936796,
  "test_satisfy_frac": 0.775,
  "test_hinge_mean": 0.010578423055555555,
  "val_reloads": 0.0,
  "val_nonfinite": 0.0
}