{
  "test_gap_mean": 0.11396626138888889,
  "test_gap_median": 0.11056579999999999,
  "test_gap_std": 0.08615606019753298,
  "test_satisfy_frac": 0.7666666666666667,
  "test_hinge_mean": 0.0101592325,
  "val_reloads": 0.0,
  "val_nonfinite": 0.0
}