{
  "test_gap_mean": 0.10737223861111111,
  "test_gap_median": 0.1070459,
  "test_gap_std": 0.08310979659891743,
  "test_satisfy_frac": 0.7694444444444445,
  "test_hinge_mean": 0.011073202777777777,
  "val_reloads": 0.0,
  "val_nonfinite": 0.0
}