{
  "test_gap_mean": 0.11588120222222222,
  "test_gap_median": 0.11268610000000001,
  "test_gap_std": 0.08692168893256891,
  "test_satisfy_frac": 0.7694444444444445,
  "test_hinge_mean": 0.009853661111111113,
  "val_reloads": 0.0,
  "val_nonfinite": 0.0
}