{
  "test_gap_mean": 0.11378684083333333,
  "test_gap_median": 0.1061996,
  "test_gap_std": 0.08730420018045762,
  "test_satisfy_frac": 0.7611111111111111,
  "test_hinge_mean": 0.010494408611111112,
  "val_reloads": 0.0,
  "val_nonfinite": 0.0
}