{
  "epoch": 55,
  "config": {
    "seed": 1,
    "gamma": 0.3,
    "margin": 0.05,
    "delta": 0.1,
    "input_vmin": 0.0,
    "input_vmax": 1.0,
    "rails": [
      0.0,
      0.45
    ],
    "solver": "klu",
    "body_tie": "ground",
    "body_res": 10.0,
    "rs_clamp": 10.0,
    "model_vto": 0.75,
    "vg_cutoff": 0.75,
    "vg_cutoff_epochs": 4,
    "vg_init": {
      "mode": "fixed",
      "lo": 1.0,
      "hi": 3.0,
      "fixed": 0.75
    },
    "epochs": 100,
    "device_include_path": "/home/ma-lab/Desktop/pyclln-final/device_model/nmos_lvl1_ald1106.lib",
    "device_subckt": "NMOSWRAP"
  },
  "train": {
    "acc": 0.9352818371607515,
    "hinge": 0.00892524578983995,
    "n_free": 1437,
    "n_clamp": 298,
    "hinge_active": 298,
    "hinge_active_frac": 0.20737647877522616,
    "skipped": 1139,
    "reload_free": 0,
    "reload_clamp": 0,
    "nonfinite_free": 0,
    "nonfinite_clamp": 0
  },
  "val": {
    "acc": 0.9138888888888889,
    "hinge": 0.010357755833333336,
    "test_gap_mean": 0.11190491833333335,
    "test_gap_median": 0.10667904999999997,
    "test_gap_std": 0.08545462113288514,
    "test_satisfy_frac": 0.7638888888888888,
    "test_hinge_mean": 0.010357755833333333,
    "val_reloads": 0.0,
    "val_nonfinite": 0.0
  },
  "timing_s": {
    "epoch_total": 9.735340356826782,
    "train_free": 4.708136558532715,
    "train_clamp": 0.9539737701416016,
    "train_update": 0.2640810012817383
  },
  "vg_stats": {
    "vg_unique_min": 0.7623958676759363,
    "vg_unique_max": 2.2630037060427783,
    "vg_unique_sat_lo": 0.0,
    "vg_unique_sat_hi": 0.0
  }
}