{
  "epoch": 75,
  "config": {
    "seed": 1,
    "gamma": 0.3,
    "margin": 0.05,
    "delta": 0.1,
    "input_vmin": 0.0,
    "input_vmax": 1.0,
    "rails": [
      0.0,
      0.45
    ],
    "solver": "klu",
    "body_tie": "ground",
    "body_res": 10.0,
    "rs_clamp": 10.0,
    "model_vto": 0.75,
    "vg_cutoff": 0.75,
    "vg_cutoff_epochs": 4,
    "vg_init": {
      "mode": "fixed",
      "lo": 1.0,
      "hi": 3.0,
      "fixed": 0.75
    },
    "epochs": 100,
    "device_include_path": "/home/ma-lab/Desktop/pyclln-final/device_model/nmos_lvl1_ald1106.lib",
    "device_subckt": "NMOSWRAP"
  },
  "train": {
    "acc": 0.9345859429366736,
    "hinge": 0.0087624832289492,
    "n_free": 1437,
    "n_clamp": 293,
    "hinge_active": 293,
    "hinge_active_frac": 0.20389700765483645,
    "skipped": 1144,
    "reload_free": 0,
    "reload_clamp": 0,
    "nonfinite_free": 0,
    "nonfinite_clamp": 0
  },
  "val": {
    "acc": 0.9166666666666666,
    "hinge": 0.01006672416666667,
    "test_gap_mean": 0.11481951250000001,
    "test_gap_median": 0.10522270000000003,
    "test_gap_std": 0.08815509489135413,
    "test_satisfy_frac": 0.75,
    "test_hinge_mean": 0.010066724166666667,
    "val_reloads": 0.0,
    "val_nonfinite": 0.0
  },
  "timing_s": {
    "epoch_total": 9.633277416229248,
    "train_free": 4.638343811035156,
    "train_clamp": 0.9240212440490723,
    "train_update": 0.20078253746032715
  },
  "vg_stats": {
    "vg_unique_min": 0.6953294553255229,
    "vg_unique_max": 2.303921300306844,
    "vg_unique_sat_lo": 0.0,
    "vg_unique_sat_hi": 0.0
  }
}