{
  "epoch": 38,
  "config": {
    "seed": 1,
    "gamma": 0.3,
    "margin": 0.05,
    "delta": 0.1,
    "input_vmin": 0.0,
    "input_vmax": 1.0,
    "rails": [
      0.0,
      0.45
    ],
    "solver": "klu",
    "body_tie": "ground",
    "body_res": 10.0,
    "rs_clamp": 10.0,
    "model_vto": 0.75,
    "vg_cutoff": 0.75,
    "vg_cutoff_epochs": 4,
    "vg_init": {
      "mode": "fixed",
      "lo": 1.0,
      "hi": 3.0,
      "fixed": 0.75
    },
    "epochs": 100,
    "device_include_path": "/home/ma-lab/Desktop/pyclln-final/device_model/nmos_lvl1_ald1106.lib",
    "device_subckt": "NMOSWRAP"
  },
  "train": {
    "acc": 0.940848990953375,
    "hinge": 0.008800986360473205,
    "n_free": 1437,
    "n_clamp": 302,
    "hinge_active": 302,
    "hinge_active_frac": 0.21016005567153792,
    "skipped": 1135,
    "reload_free": 0,
    "reload_clamp": 0,
    "nonfinite_free": 0,
    "nonfinite_clamp": 0
  },
  "val": {
    "acc": 0.9305555555555556,
    "hinge": 0.009520343055555559,
    "test_gap_mean": 0.11502270916666665,
    "test_gap_median": 0.10551164999999998,
    "test_gap_std": 0.08684126313496622,
    "test_satisfy_frac": 0.7777777777777778,
    "test_hinge_mean": 0.009520343055555557,
    "val_reloads": 0.0,
    "val_nonfinite": 0.0
  },
  "timing_s": {
    "epoch_total": 10.25739574432373,
    "train_free": 4.924663782119751,
    "train_clamp": 1.0646026134490967,
    "train_update": 0.21710968017578125
  },
  "vg_stats": {
    "vg_unique_min": 0.7128688277539152,
    "vg_unique_max": 2.282067420871686,
    "vg_unique_sat_lo": 0.0,
    "vg_unique_sat_hi": 0.0
  }
}