{
  "epoch": 7,
  "config": {
    "seed": 1,
    "gamma": 0.3,
    "margin": 0.05,
    "delta": 0.1,
    "input_vmin": 0.0,
    "input_vmax": 1.0,
    "rails": [
      0.0,
      0.45
    ],
    "solver": "klu",
    "body_tie": "ground",
    "body_res": 10.0,
    "rs_clamp": 10.0,
    "model_vto": 0.75,
    "vg_cutoff": 0.75,
    "vg_cutoff_epochs": 4,
    "vg_init": {
      "mode": "fixed",
      "lo": 1.0,
      "hi": 3.0,
      "fixed": 0.75
    },
    "epochs": 100,
    "device_include_path": "/home/ma-lab/Desktop/pyclln-final/device_model/nmos_lvl1_ald1106.lib",
    "device_subckt": "NMOSWRAP"
  },
  "train": {
    "acc": 0.9046624913013221,
    "hinge": 0.012501670842032016,
    "n_free": 1437,
    "n_clamp": 358,
    "hinge_active": 358,
    "hinge_active_frac": 0.24913013221990257,
    "skipped": 1079,
    "reload_free": 0,
    "reload_clamp": 0,
    "nonfinite_free": 0,
    "nonfinite_clamp": 0
  },
  "val": {
    "acc": 0.9111111111111111,
    "hinge": 0.012423290277777782,
    "test_gap_mean": 0.10147776444444444,
    "test_gap_median": 0.08950554999999999,
    "test_gap_std": 0.08649577034851191,
    "test_satisfy_frac": 0.7222222222222222,
    "test_hinge_mean": 0.012423290277777778,
    "val_reloads": 0.0,
    "val_nonfinite": 0.0
  },
  "timing_s": {
    "epoch_total": 13.72241997718811,
    "train_free": 6.84422492980957,
    "train_clamp": 1.6826229095458984,
    "train_update": 0.3040478229522705
  },
  "vg_stats": {
    "vg_unique_min": 0.4152433478000741,
    "vg_unique_max": 1.8804056505088333,
    "vg_unique_sat_lo": 0.0,
    "vg_unique_sat_hi": 0.0
  }
}