{
  "epoch": 2,
  "config": {
    "seed": 1,
    "gamma": 0.3,
    "margin": 0.05,
    "delta": 0.1,
    "input_vmin": 0.0,
    "input_vmax": 1.0,
    "rails": [
      0.0,
      0.45
    ],
    "solver": "klu",
    "body_tie": "ground",
    "body_res": 10.0,
    "rs_clamp": 10.0,
    "model_vto": 0.75,
    "vg_cutoff": 0.75,
    "vg_cutoff_epochs": 4,
    "vg_init": {
      "mode": "fixed",
      "lo": 1.0,
      "hi": 3.0,
      "fixed": 0.75
    },
    "epochs": 100,
    "device_include_path": "/home/ma-lab/Desktop/pyclln-final/device_model/nmos_lvl1_ald1106.lib",
    "device_subckt": "NMOSWRAP"
  },
  "train": {
    "acc": 0.8385525400139179,
    "hinge": 0.01970252205288796,
    "n_free": 1437,
    "n_clamp": 560,
    "hinge_active": 560,
    "hinge_active_frac": 0.38970076548364646,
    "skipped": 877,
    "reload_free": 0,
    "reload_clamp": 0,
    "nonfinite_free": 0,
    "nonfinite_clamp": 0
  },
  "val": {
    "acc": 0.8833333333333333,
    "hinge": 0.01715078750000001,
    "test_gap_mean": 0.07679160444444445,
    "test_gap_median": 0.07250594999999999,
    "test_gap_std": 0.07452294057740194,
    "test_satisfy_frac": 0.6333333333333333,
    "test_hinge_mean": 0.0171507875,
    "val_reloads": 0.0,
    "val_nonfinite": 0.0
  },
  "timing_s": {
    "epoch_total": 51.5662522315979,
    "train_free": 27.17386484146118,
    "train_clamp": 10.482909679412842,
    "train_update": 1.1896171569824219
  },
  "vg_stats": {
    "vg_unique_min": 0.4,
    "vg_unique_max": 1.5644759784450992,
    "vg_unique_sat_lo": 37.0,
    "vg_unique_sat_hi": 0.0
  }
}