{
  "epoch": 96,
  "config": {
    "seed": 1,
    "gamma": 0.3,
    "margin": 0.05,
    "delta": 0.1,
    "input_vmin": 0.0,
    "input_vmax": 1.0,
    "rails": [
      0.0,
      0.45
    ],
    "solver": "klu",
    "body_tie": "ground",
    "body_res": 10.0,
    "rs_clamp": 10.0,
    "model_vto": 0.75,
    "vg_cutoff": 0.75,
    "vg_cutoff_epochs": 4,
    "vg_init": {
      "mode": "fixed",
      "lo": 1.0,
      "hi": 3.0,
      "fixed": 0.75
    },
    "epochs": 100,
    "device_include_path": "/home/ma-lab/Desktop/pyclln-final/device_model/nmos_lvl1_ald1106.lib",
    "device_subckt": "NMOSWRAP"
  },
  "train": {
    "acc": 0.940848990953375,
    "hinge": 0.008719081141266535,
    "n_free": 1437,
    "n_clamp": 295,
    "hinge_active": 295,
    "hinge_active_frac": 0.20528879610299233,
    "skipped": 1142,
    "reload_free": 0,
    "reload_clamp": 0,
    "nonfinite_free": 0,
    "nonfinite_clamp": 0
  },
  "val": {
    "acc": 0.9222222222222223,
    "hinge": 0.009973771111111113,
    "test_gap_mean": 0.11305476861111112,
    "test_gap_median": 0.11438355,
    "test_gap_std": 0.08387041846507218,
    "test_satisfy_frac": 0.7777777777777778,
    "test_hinge_mean": 0.00997377111111111,
    "val_reloads": 0.0,
    "val_nonfinite": 0.0
  },
  "timing_s": {
    "epoch_total": 9.219459056854248,
    "train_free": 4.426131963729858,
    "train_clamp": 0.8826968669891357,
    "train_update": 0.25072550773620605
  },
  "vg_stats": {
    "vg_unique_min": 0.7804847647028544,
    "vg_unique_max": 2.3326997558261584,
    "vg_unique_sat_lo": 0.0,
    "vg_unique_sat_hi": 0.0
  }
}