{
  "epoch": 48,
  "config": {
    "seed": 1,
    "gamma": 0.3,
    "margin": 0.05,
    "delta": 0.1,
    "input_vmin": 0.0,
    "input_vmax": 1.0,
    "rails": [
      0.0,
      0.45
    ],
    "solver": "klu",
    "body_tie": "ground",
    "body_res": 10.0,
    "rs_clamp": 10.0,
    "model_vto": 0.75,
    "vg_cutoff": 0.75,
    "vg_cutoff_epochs": 4,
    "vg_init": {
      "mode": "fixed",
      "lo": 1.0,
      "hi": 3.0,
      "fixed": 0.75
    },
    "epochs": 100,
    "device_include_path": "/home/ma-lab/Desktop/pyclln-final/device_model/nmos_lvl1_ald1106.lib",
    "device_subckt": "NMOSWRAP"
  },
  "train": {
    "acc": 0.9318023660403618,
    "hinge": 0.008903900417536543,
    "n_free": 1437,
    "n_clamp": 301,
    "hinge_active": 301,
    "hinge_active_frac": 0.20946416144746,
    "skipped": 1136,
    "reload_free": 0,
    "reload_clamp": 0,
    "nonfinite_free": 0,
    "nonfinite_clamp": 0
  },
  "val": {
    "acc": 0.9222222222222223,
    "hinge": 0.009969265833333336,
    "test_gap_mean": 0.11422152472222223,
    "test_gap_median": 0.11079015000000003,
    "test_gap_std": 0.08505754474387277,
    "test_satisfy_frac": 0.775,
    "test_hinge_mean": 0.009969265833333334,
    "val_reloads": 0.0,
    "val_nonfinite": 0.0
  },
  "timing_s": {
    "epoch_total": 9.646013498306274,
    "train_free": 4.701381206512451,
    "train_clamp": 0.9596574306488037,
    "train_update": 0.25576305389404297
  },
  "vg_stats": {
    "vg_unique_min": 0.7270515221804474,
    "vg_unique_max": 2.2747794002094013,
    "vg_unique_sat_lo": 0.0,
    "vg_unique_sat_hi": 0.0
  }
}