{
  "epoch": 9,
  "config": {
    "seed": 0,
    "gamma": 0.3,
    "margin": 0.02,
    "delta": 0.05,
    "input_vmin": 0.0,
    "input_vmax": 1.0,
    "rails": [
      0.0,
      0.45
    ],
    "solver": "klu",
    "body_tie": "ground",
    "body_res": 10.0,
    "rs_clamp": 10.0,
    "vg_init": {
      "mode": "random",
      "lo": 1.0,
      "hi": 3.0,
      "fixed": 2.0
    },
    "epochs": 20,
    "device_include_path": "/home/ma-lab/Desktop/pyclln-final/device_model/nmos_lvl1_ald1106.lib",
    "device_subckt": "NMOSWRAP"
  },
  "train": {
    "acc": 0.9526791927627001,
    "hinge": 0.0034133842727905347,
    "n_free": 1437,
    "n_clamp": 481,
    "hinge_active": 481,
    "hinge_active_frac": 0.3347251217814892,
    "skipped": 956,
    "reload_free": 0,
    "reload_clamp": 0,
    "nonfinite_free": 0,
    "nonfinite_clamp": 0
  },
  "val": {
    "acc": 0.9388888888888889,
    "hinge": 0.00396654,
    "test_gap_mean": 0.023073620555555556,
    "test_gap_median": 0.02433249999999998,
    "test_gap_std": 0.013873911803890531,
    "test_satisfy_frac": 0.6388888888888888,
    "test_hinge_mean": 0.003966540000000001,
    "val_reloads": 0.0,
    "val_nonfinite": 0.0
  },
  "timing_s": {
    "epoch_total": 353.4007887840271,
    "train_free": 211.23021578788757,
    "train_clamp": 70.20989108085632,
    "train_update": 2.583796739578247
  },
  "vg_stats": {
    "vg_unique_min": 0.4,
    "vg_unique_max": 3.9538941321440464,
    "vg_unique_sat_lo": 2.0,
    "vg_unique_sat_hi": 0.0
  }
}