{
  "epoch": 7,
  "config": {
    "seed": 0,
    "gamma": 0.3,
    "margin": 0.02,
    "delta": 0.05,
    "input_vmin": 0.0,
    "input_vmax": 1.0,
    "rails": [
      0.0,
      0.45
    ],
    "solver": "klu",
    "body_tie": "ground",
    "body_res": 10.0,
    "rs_clamp": 10.0,
    "vg_init": {
      "mode": "random",
      "lo": 1.0,
      "hi": 3.0,
      "fixed": 2.0
    },
    "epochs": 20,
    "device_include_path": "/home/ma-lab/Desktop/pyclln-final/device_model/nmos_lvl1_ald1106.lib",
    "device_subckt": "NMOSWRAP"
  },
  "train": {
    "acc": 0.9443284620737648,
    "hinge": 0.003968162073764783,
    "n_free": 1437,
    "n_clamp": 534,
    "hinge_active": 534,
    "hinge_active_frac": 0.37160751565762007,
    "skipped": 903,
    "reload_free": 0,
    "reload_clamp": 0,
    "nonfinite_free": 0,
    "nonfinite_clamp": 0
  },
  "val": {
    "acc": 0.9333333333333333,
    "hinge": 0.004447993055555554,
    "test_gap_mean": 0.021498163333333334,
    "test_gap_median": 0.023072049999999997,
    "test_gap_std": 0.013554493342893508,
    "test_satisfy_frac": 0.6111111111111112,
    "test_hinge_mean": 0.004447993055555556,
    "val_reloads": 0.0,
    "val_nonfinite": 0.0
  },
  "timing_s": {
    "epoch_total": 362.24453568458557,
    "train_free": 209.61225938796997,
    "train_clamp": 78.07134556770325,
    "train_update": 2.871756076812744
  },
  "vg_stats": {
    "vg_unique_min": 0.4,
    "vg_unique_max": 3.866352492589176,
    "vg_unique_sat_lo": 1.0,
    "vg_unique_sat_hi": 0.0
  }
}