{
  "epoch": 8,
  "config": {
    "seed": 0,
    "gamma": 0.3,
    "margin": 0.02,
    "delta": 0.05,
    "input_vmin": 0.0,
    "input_vmax": 1.0,
    "rails": [
      0.0,
      0.45
    ],
    "solver": "klu",
    "body_tie": "ground",
    "body_res": 10.0,
    "rs_clamp": 10.0,
    "vg_init": {
      "mode": "random",
      "lo": 1.0,
      "hi": 3.0,
      "fixed": 2.0
    },
    "epochs": 20,
    "device_include_path": "/home/ma-lab/Desktop/pyclln-final/device_model/nmos_lvl1_ald1106.lib",
    "device_subckt": "NMOSWRAP"
  },
  "train": {
    "acc": 0.9498956158663883,
    "hinge": 0.0036277915100904647,
    "n_free": 1437,
    "n_clamp": 499,
    "hinge_active": 499,
    "hinge_active_frac": 0.34725121781489215,
    "skipped": 938,
    "reload_free": 0,
    "reload_clamp": 0,
    "nonfinite_free": 0,
    "nonfinite_clamp": 0
  },
  "val": {
    "acc": 0.9388888888888889,
    "hinge": 0.004170925833333333,
    "test_gap_mean": 0.022249154166666667,
    "test_gap_median": 0.023235650000000024,
    "test_gap_std": 0.013629096026044769,
    "test_satisfy_frac": 0.6138888888888889,
    "test_hinge_mean": 0.0041709258333333344,
    "val_reloads": 0.0,
    "val_nonfinite": 0.0
  },
  "timing_s": {
    "epoch_total": 353.9389214515686,
    "train_free": 214.5286672115326,
    "train_clamp": 74.2231457233429,
    "train_update": 2.730433702468872
  },
  "vg_stats": {
    "vg_unique_min": 0.401232497978617,
    "vg_unique_max": 3.906997181370366,
    "vg_unique_sat_lo": 0.0,
    "vg_unique_sat_hi": 0.0
  }
}