{
  "epoch": 6,
  "config": {
    "seed": 0,
    "gamma": 0.3,
    "delta": 0.25,
    "softmax_temp": 0.001,
    "input_vmin": 0.0,
    "input_vmax": 1.0,
    "rails": [
      0.0,
      0.45
    ],
    "solver": "klu",
    "body_tie": "floating",
    "body_res": 10.0,
    "rs_clamp": 10.0,
    "vg_init": {
      "mode": "fixed",
      "lo": 1.0,
      "hi": 3.0,
      "fixed": 4.0
    },
    "epochs": 10,
    "device_include_path": "/home/ma-lab/Desktop/pyclln-final/device_model/nmos_lvl1_ald1106.lib",
    "device_subckt": "NMOSWRAP",
    "loss": "cross_entropy"
  },
  "train": {
    "acc": 0.9749478079331941,
    "ce": 0.11523310792811879,
    "n_free": 1437,
    "n_clamp": 1437,
    "reload_free": 0,
    "reload_clamp": 0,
    "nonfinite_free": 0,
    "nonfinite_clamp": 0
  },
  "val": {
    "acc": 0.9666666666666667,
    "ce": 0.16586160347291623,
    "val_reloads": 0.0,
    "val_nonfinite": 0.0,
    "val_py_true_mean": 0.9631109478078094
  },
  "timing_s": {
    "epoch_total": 165.50697350502014,
    "train_free": 74.10803484916687,
    "train_clamp": 63.98172616958618,
    "train_update": 2.4372334480285645
  },
  "vg_stats": {
    "vg_unique_min": 2.4013570039583714,
    "vg_unique_max": 5.051285598869765,
    "vg_unique_sat_lo": 0.0,
    "vg_unique_sat_hi": 0.0
  }
}