{
  "test_gap_mean": 0.03172191916666666,
  "test_gap_median": 0.03330010000000003,
  "test_gap_std": 0.017107008862553785,
  "test_satisfy_frac": 0.7777777777777778,
  "test_hinge_mean": 0.002718142222222222,
  "val_reloads": 0.0,
  "val_nonfinite": 0.0
}