{
  "test_gap_mean": 0.04441570611111111,
  "test_gap_median": 0.04484785000000002,
  "test_gap_std": 0.0255193694954542,
  "test_satisfy_frac": 0.85,
  "test_hinge_mean": 0.0025533872222222235,
  "val_reloads": 0.0,
  "val_nonfinite": 0.0
}