{
  "test_gap_mean": 0.04350679472222222,
  "test_gap_median": 0.045251700000000006,
  "test_gap_std": 0.025130060067311152,
  "test_satisfy_frac": 0.8361111111111111,
  "test_hinge_mean": 0.0027064480555555547,
  "val_reloads": 0.0,
  "val_nonfinite": 0.0
}