{
  "test_gap_mean": 0.034229266111111115,
  "test_gap_median": 0.03556485000000001,
  "test_gap_std": 0.0187290236027674,
  "test_satisfy_frac": 0.8,
  "test_hinge_mean": 0.002656138333333334,
  "val_reloads": 0.0,
  "val_nonfinite": 0.0
}