{
  "test_gap_mean": 0.04232654555555556,
  "test_gap_median": 0.04445089999999999,
  "test_gap_std": 0.02399233911336844,
  "test_satisfy_frac": 0.8333333333333334,
  "test_hinge_mean": 0.002618653333333334,
  "val_reloads": 0.0,
  "val_nonfinite": 0.0
}