{
  "test_gap_mean": 0.04131481916666667,
  "test_gap_median": 0.04357184999999997,
  "test_gap_std": 0.022931362289987493,
  "test_satisfy_frac": 0.8388888888888889,
  "test_hinge_mean": 0.002546991666666667,
  "val_reloads": 0.0,
  "val_nonfinite": 0.0
}