{
  "test_gap_mean": 0.027496318055555555,
  "test_gap_median": 0.028621900000000006,
  "test_gap_std": 0.015484478115255058,
  "test_satisfy_frac": 0.6972222222222222,
  "test_hinge_mean": 0.0031564080555555557,
  "val_reloads": 0.0,
  "val_nonfinite": 0.0
}