{
  "test_gap_mean": 0.048195188055555546,
  "test_gap_median": 0.05031840000000001,
  "test_gap_std": 0.027833302692506022,
  "test_satisfy_frac": 0.8555555555555555,
  "test_hinge_mean": 0.00258770638888889,
  "val_reloads": 0.0,
  "val_nonfinite": 0.0
}