{
  "epoch": 58,
  "config": {
    "seed": 0,
    "gamma": 3.0,
    "margin": 0.02,
    "delta": 0.05,
    "input_vmin": 0.0,
    "input_vmax": 1.0,
    "rails": [
      0.0,
      0.45
    ],
    "solver": "klu",
    "body_tie": "source",
    "body_res": 10.0,
    "rs_clamp": 10.0,
    "model_vto": 0.75,
    "vg_cutoff": 0.75,
    "vg_cutoff_epochs": 4,
    "vg_init": {
      "mode": "fixed",
      "lo": 1.0,
      "hi": 3.0,
      "fixed": 4.0
    },
    "epochs": 100,
    "device_include_path": "/home/ma-lab/Desktop/pyclln-final/device_model/nmos_lvl1_ald1106.lib",
    "device_subckt": "NMOSWRAP"
  },
  "train": {
    "acc": 0.988865692414753,
    "hinge": 0.0008728293667362557,
    "n_free": 1437,
    "n_clamp": 125,
    "hinge_active": 125,
    "hinge_active_frac": 0.08698677800974251,
    "skipped": 1312,
    "reload_free": 0,
    "reload_clamp": 0,
    "nonfinite_free": 0,
    "nonfinite_clamp": 0
  },
  "val": {
    "acc": 0.9611111111111111,
    "hinge": 0.0024543183333333336,
    "test_gap_mean": 0.04393543083333333,
    "test_gap_median": 0.04543944999999999,
    "test_gap_std": 0.024452397638829008,
    "test_satisfy_frac": 0.8361111111111111,
    "test_hinge_mean": 0.0024543183333333336,
    "val_reloads": 0.0,
    "val_nonfinite": 0.0
  },
  "timing_s": {
    "epoch_total": 59.608741998672485,
    "train_free": 39.95428538322449,
    "train_clamp": 3.418954372406006,
    "train_update": 0.28720903396606445
  },
  "vg_stats": {
    "vg_unique_min": 0.6562256021239876,
    "vg_unique_max": 7.999213971825741,
    "vg_unique_sat_lo": 0.0,
    "vg_unique_sat_hi": 0.0
  }
}