{
  "epoch": 80,
  "config": {
    "seed": 0,
    "gamma": 3.0,
    "margin": 0.02,
    "delta": 0.05,
    "input_vmin": 0.0,
    "input_vmax": 1.0,
    "rails": [
      0.0,
      0.45
    ],
    "solver": "klu",
    "body_tie": "source",
    "body_res": 10.0,
    "rs_clamp": 10.0,
    "model_vto": 0.75,
    "vg_cutoff": 0.75,
    "vg_cutoff_epochs": 4,
    "vg_init": {
      "mode": "fixed",
      "lo": 1.0,
      "hi": 3.0,
      "fixed": 4.0
    },
    "epochs": 100,
    "device_include_path": "/home/ma-lab/Desktop/pyclln-final/device_model/nmos_lvl1_ald1106.lib",
    "device_subckt": "NMOSWRAP"
  },
  "train": {
    "acc": 0.9895615866388309,
    "hinge": 0.0007859407794015314,
    "n_free": 1437,
    "n_clamp": 120,
    "hinge_active": 120,
    "hinge_active_frac": 0.08350730688935282,
    "skipped": 1317,
    "reload_free": 0,
    "reload_clamp": 0,
    "nonfinite_free": 0,
    "nonfinite_clamp": 0
  },
  "val": {
    "acc": 0.9444444444444444,
    "hinge": 0.0027408775,
    "test_gap_mean": 0.04741886166666667,
    "test_gap_median": 0.04868509999999998,
    "test_gap_std": 0.027583054509801794,
    "test_satisfy_frac": 0.8527777777777777,
    "test_hinge_mean": 0.0027408775000000002,
    "val_reloads": 0.0,
    "val_nonfinite": 0.0
  },
  "timing_s": {
    "epoch_total": 58.01328086853027,
    "train_free": 38.61035346984863,
    "train_clamp": 3.181793212890625,
    "train_update": 0.3449082374572754
  },
  "vg_stats": {
    "vg_unique_min": 0.5587136605983407,
    "vg_unique_max": 7.984851291418721,
    "vg_unique_sat_lo": 0.0,
    "vg_unique_sat_hi": 0.0
  }
}