{
  "epoch": 99,
  "config": {
    "seed": 0,
    "gamma": 3.0,
    "margin": 0.02,
    "delta": 0.05,
    "input_vmin": 0.0,
    "input_vmax": 1.0,
    "rails": [
      0.0,
      0.45
    ],
    "solver": "klu",
    "body_tie": "source",
    "body_res": 10.0,
    "rs_clamp": 10.0,
    "model_vto": 0.75,
    "vg_cutoff": 0.75,
    "vg_cutoff_epochs": 4,
    "vg_init": {
      "mode": "fixed",
      "lo": 1.0,
      "hi": 3.0,
      "fixed": 4.0
    },
    "epochs": 100,
    "device_include_path": "/home/ma-lab/Desktop/pyclln-final/device_model/nmos_lvl1_ald1106.lib",
    "device_subckt": "NMOSWRAP"
  },
  "train": {
    "acc": 0.9909533750869868,
    "hinge": 0.0007309764787752261,
    "n_free": 1437,
    "n_clamp": 103,
    "hinge_active": 103,
    "hinge_active_frac": 0.07167710508002784,
    "skipped": 1334,
    "reload_free": 0,
    "reload_clamp": 0,
    "nonfinite_free": 0,
    "nonfinite_clamp": 0
  },
  "val": {
    "acc": 0.9555555555555556,
    "hinge": 0.0026513030555555556,
    "test_gap_mean": 0.05133513694444446,
    "test_gap_median": 0.05181049999999998,
    "test_gap_std": 0.030340455647714665,
    "test_satisfy_frac": 0.8611111111111112,
    "test_hinge_mean": 0.0026513030555555556,
    "val_reloads": 0.0,
    "val_nonfinite": 0.0
  },
  "timing_s": {
    "epoch_total": 47.328152656555176,
    "train_free": 31.664944648742676,
    "train_clamp": 2.2507331371307373,
    "train_update": 0.20481634140014648
  },
  "vg_stats": {
    "vg_unique_min": 0.6606918327989667,
    "vg_unique_max": 8.0,
    "vg_unique_sat_lo": 0.0,
    "vg_unique_sat_hi": 3.0
  }
}