{
  "epoch": 27,
  "config": {
    "seed": 0,
    "gamma": 3.0,
    "margin": 0.02,
    "delta": 0.05,
    "input_vmin": 0.0,
    "input_vmax": 1.0,
    "rails": [
      0.0,
      0.45
    ],
    "solver": "klu",
    "body_tie": "source",
    "body_res": 10.0,
    "rs_clamp": 10.0,
    "model_vto": 0.75,
    "vg_cutoff": 0.75,
    "vg_cutoff_epochs": 4,
    "vg_init": {
      "mode": "fixed",
      "lo": 1.0,
      "hi": 3.0,
      "fixed": 4.0
    },
    "epochs": 100,
    "device_include_path": "/home/ma-lab/Desktop/pyclln-final/device_model/nmos_lvl1_ald1106.lib",
    "device_subckt": "NMOSWRAP"
  },
  "train": {
    "acc": 0.9853862212943633,
    "hinge": 0.0012166606123869166,
    "n_free": 1437,
    "n_clamp": 180,
    "hinge_active": 180,
    "hinge_active_frac": 0.12526096033402923,
    "skipped": 1257,
    "reload_free": 0,
    "reload_clamp": 0,
    "nonfinite_free": 0,
    "nonfinite_clamp": 0
  },
  "val": {
    "acc": 0.9472222222222222,
    "hinge": 0.0027710388888888896,
    "test_gap_mean": 0.03727580916666667,
    "test_gap_median": 0.039951700000000034,
    "test_gap_std": 0.020695975614719274,
    "test_satisfy_frac": 0.8222222222222222,
    "test_hinge_mean": 0.0027710388888888896,
    "val_reloads": 0.0,
    "val_nonfinite": 0.0
  },
  "timing_s": {
    "epoch_total": 67.45470023155212,
    "train_free": 43.62128186225891,
    "train_clamp": 5.46514892578125,
    "train_update": 0.44735002517700195
  },
  "vg_stats": {
    "vg_unique_min": 0.41561554314052007,
    "vg_unique_max": 8.0,
    "vg_unique_sat_lo": 0.0,
    "vg_unique_sat_hi": 2.0
  }
}