{
  "epoch": 10,
  "config": {
    "seed": 0,
    "gamma": 3.0,
    "margin": 0.02,
    "delta": 0.05,
    "input_vmin": 0.0,
    "input_vmax": 1.0,
    "rails": [
      0.0,
      0.45
    ],
    "solver": "klu",
    "body_tie": "source",
    "body_res": 10.0,
    "rs_clamp": 10.0,
    "model_vto": 0.75,
    "vg_cutoff": 0.75,
    "vg_cutoff_epochs": 4,
    "vg_init": {
      "mode": "fixed",
      "lo": 1.0,
      "hi": 3.0,
      "fixed": 4.0
    },
    "epochs": 100,
    "device_include_path": "/home/ma-lab/Desktop/pyclln-final/device_model/nmos_lvl1_ald1106.lib",
    "device_subckt": "NMOSWRAP"
  },
  "train": {
    "acc": 0.9770354906054279,
    "hinge": 0.0017990257480862896,
    "n_free": 1437,
    "n_clamp": 239,
    "hinge_active": 239,
    "hinge_active_frac": 0.1663187195546277,
    "skipped": 1198,
    "reload_free": 0,
    "reload_clamp": 0,
    "nonfinite_free": 0,
    "nonfinite_clamp": 0
  },
  "val": {
    "acc": 0.9583333333333334,
    "hinge": 0.0027181422222222217,
    "test_gap_mean": 0.03172191916666666,
    "test_gap_median": 0.03330010000000003,
    "test_gap_std": 0.017107008862553785,
    "test_satisfy_frac": 0.7777777777777778,
    "test_hinge_mean": 0.002718142222222222,
    "val_reloads": 0.0,
    "val_nonfinite": 0.0
  },
  "timing_s": {
    "epoch_total": 71.6838161945343,
    "train_free": 45.00657534599304,
    "train_clamp": 7.512197971343994,
    "train_update": 0.5876460075378418
  },
  "vg_stats": {
    "vg_unique_min": 0.4,
    "vg_unique_max": 7.969154841875779,
    "vg_unique_sat_lo": 2.0,
    "vg_unique_sat_hi": 0.0
  }
}