{
  "epoch": 15,
  "config": {
    "seed": 0,
    "gamma": 3.0,
    "margin": 0.02,
    "delta": 0.05,
    "input_vmin": 0.0,
    "input_vmax": 1.0,
    "rails": [
      0.0,
      0.45
    ],
    "solver": "klu",
    "body_tie": "source",
    "body_res": 10.0,
    "rs_clamp": 10.0,
    "model_vto": 0.75,
    "vg_cutoff": 0.75,
    "vg_cutoff_epochs": 4,
    "vg_init": {
      "mode": "fixed",
      "lo": 1.0,
      "hi": 3.0,
      "fixed": 4.0
    },
    "epochs": 100,
    "device_include_path": "/home/ma-lab/Desktop/pyclln-final/device_model/nmos_lvl1_ald1106.lib",
    "device_subckt": "NMOSWRAP"
  },
  "train": {
    "acc": 0.9791231732776617,
    "hinge": 0.0015601364648573398,
    "n_free": 1437,
    "n_clamp": 209,
    "hinge_active": 209,
    "hinge_active_frac": 0.1454418928322895,
    "skipped": 1228,
    "reload_free": 0,
    "reload_clamp": 0,
    "nonfinite_free": 0,
    "nonfinite_clamp": 0
  },
  "val": {
    "acc": 0.95,
    "hinge": 0.0027751002777777773,
    "test_gap_mean": 0.033813542777777775,
    "test_gap_median": 0.035629899999999964,
    "test_gap_std": 0.018460036980258283,
    "test_satisfy_frac": 0.7861111111111111,
    "test_hinge_mean": 0.002775100277777779,
    "val_reloads": 0.0,
    "val_nonfinite": 0.0
  },
  "timing_s": {
    "epoch_total": 74.39757490158081,
    "train_free": 48.40656542778015,
    "train_clamp": 7.08913516998291,
    "train_update": 0.5637953281402588
  },
  "vg_stats": {
    "vg_unique_min": 0.4,
    "vg_unique_max": 7.98282996165584,
    "vg_unique_sat_lo": 1.0,
    "vg_unique_sat_hi": 0.0
  }
}