{
  "epoch": 26,
  "config": {
    "seed": 0,
    "gamma": 3.0,
    "margin": 0.02,
    "delta": 0.05,
    "input_vmin": 0.0,
    "input_vmax": 1.0,
    "rails": [
      0.0,
      0.45
    ],
    "solver": "klu",
    "body_tie": "source",
    "body_res": 10.0,
    "rs_clamp": 10.0,
    "model_vto": 0.75,
    "vg_cutoff": 0.75,
    "vg_cutoff_epochs": 4,
    "vg_init": {
      "mode": "fixed",
      "lo": 1.0,
      "hi": 3.0,
      "fixed": 4.0
    },
    "epochs": 100,
    "device_include_path": "/home/ma-lab/Desktop/pyclln-final/device_model/nmos_lvl1_ald1106.lib",
    "device_subckt": "NMOSWRAP"
  },
  "train": {
    "acc": 0.9860821155184412,
    "hinge": 0.001185492066805845,
    "n_free": 1437,
    "n_clamp": 176,
    "hinge_active": 176,
    "hinge_active_frac": 0.12247738343771747,
    "skipped": 1261,
    "reload_free": 0,
    "reload_clamp": 0,
    "nonfinite_free": 0,
    "nonfinite_clamp": 0
  },
  "val": {
    "acc": 0.9527777777777777,
    "hinge": 0.0027708491666666667,
    "test_gap_mean": 0.037087269722222226,
    "test_gap_median": 0.04000755000000003,
    "test_gap_std": 0.020712950592541263,
    "test_satisfy_frac": 0.8083333333333333,
    "test_hinge_mean": 0.0027708491666666663,
    "val_reloads": 0.0,
    "val_nonfinite": 0.0
  },
  "timing_s": {
    "epoch_total": 69.5750801563263,
    "train_free": 44.769845724105835,
    "train_clamp": 5.4891273975372314,
    "train_update": 0.4569852352142334
  },
  "vg_stats": {
    "vg_unique_min": 0.4659583373361109,
    "vg_unique_max": 8.0,
    "vg_unique_sat_lo": 0.0,
    "vg_unique_sat_hi": 2.0
  }
}