{
  "epoch": 42,
  "config": {
    "seed": 0,
    "gamma": 3.0,
    "margin": 0.02,
    "delta": 0.05,
    "input_vmin": 0.0,
    "input_vmax": 1.0,
    "rails": [
      0.0,
      0.45
    ],
    "solver": "klu",
    "body_tie": "source",
    "body_res": 10.0,
    "rs_clamp": 10.0,
    "model_vto": 0.75,
    "vg_cutoff": 0.75,
    "vg_cutoff_epochs": 4,
    "vg_init": {
      "mode": "fixed",
      "lo": 1.0,
      "hi": 3.0,
      "fixed": 4.0
    },
    "epochs": 100,
    "device_include_path": "/home/ma-lab/Desktop/pyclln-final/device_model/nmos_lvl1_ald1106.lib",
    "device_subckt": "NMOSWRAP"
  },
  "train": {
    "acc": 0.9874739039665971,
    "hinge": 0.001021521503131524,
    "n_free": 1437,
    "n_clamp": 152,
    "hinge_active": 152,
    "hinge_active_frac": 0.1057759220598469,
    "skipped": 1285,
    "reload_free": 0,
    "reload_clamp": 0,
    "nonfinite_free": 0,
    "nonfinite_clamp": 0
  },
  "val": {
    "acc": 0.9583333333333334,
    "hinge": 0.0026158455555555563,
    "test_gap_mean": 0.040475848333333335,
    "test_gap_median": 0.042684850000000024,
    "test_gap_std": 0.023149111294709146,
    "test_satisfy_frac": 0.8222222222222222,
    "test_hinge_mean": 0.0026158455555555563,
    "val_reloads": 0.0,
    "val_nonfinite": 0.0
  },
  "timing_s": {
    "epoch_total": 64.49741339683533,
    "train_free": 42.20007562637329,
    "train_clamp": 4.431647300720215,
    "train_update": 0.36736321449279785
  },
  "vg_stats": {
    "vg_unique_min": 0.5265042571329681,
    "vg_unique_max": 7.991241425824641,
    "vg_unique_sat_lo": 0.0,
    "vg_unique_sat_hi": 0.0
  }
}