{
  "epoch": 89,
  "config": {
    "seed": 0,
    "gamma": 3.0,
    "margin": 0.02,
    "delta": 0.05,
    "input_vmin": 0.0,
    "input_vmax": 1.0,
    "rails": [
      0.0,
      0.45
    ],
    "solver": "klu",
    "body_tie": "source",
    "body_res": 10.0,
    "rs_clamp": 10.0,
    "model_vto": 0.75,
    "vg_cutoff": 0.75,
    "vg_cutoff_epochs": 4,
    "vg_init": {
      "mode": "fixed",
      "lo": 1.0,
      "hi": 3.0,
      "fixed": 4.0
    },
    "epochs": 100,
    "device_include_path": "/home/ma-lab/Desktop/pyclln-final/device_model/nmos_lvl1_ald1106.lib",
    "device_subckt": "NMOSWRAP"
  },
  "train": {
    "acc": 0.9916492693110647,
    "hinge": 0.0007812549756437021,
    "n_free": 1437,
    "n_clamp": 102,
    "hinge_active": 102,
    "hinge_active_frac": 0.0709812108559499,
    "skipped": 1335,
    "reload_free": 0,
    "reload_clamp": 0,
    "nonfinite_free": 0,
    "nonfinite_clamp": 0
  },
  "val": {
    "acc": 0.9333333333333333,
    "hinge": 0.0031616891666666667,
    "test_gap_mean": 0.049375716666666666,
    "test_gap_median": 0.052086100000000024,
    "test_gap_std": 0.029946694768785972,
    "test_satisfy_frac": 0.8333333333333334,
    "test_hinge_mean": 0.0031616891666666667,
    "val_reloads": 0.0,
    "val_nonfinite": 0.0
  },
  "timing_s": {
    "epoch_total": 51.475584745407104,
    "train_free": 34.289716482162476,
    "train_clamp": 2.4054043292999268,
    "train_update": 0.24135828018188477
  },
  "vg_stats": {
    "vg_unique_min": 0.6587032107953157,
    "vg_unique_max": 8.0,
    "vg_unique_sat_lo": 0.0,
    "vg_unique_sat_hi": 4.0
  }
}