{
  "test_gap_mean": 0.13019791527777777,
  "test_gap_median": 0.12602605,
  "test_gap_std": 0.09902900615508016,
  "test_satisfy_frac": 0.5972222222222222,
  "test_hinge_mean": 0.02601262527777778,
  "val_reloads": 0.0,
  "val_nonfinite": 0.0
}