{
  "test_gap_mean": 0.13959159416666667,
  "test_gap_median": 0.13582085,
  "test_gap_std": 0.10172453015442842,
  "test_satisfy_frac": 0.6555555555555556,
  "test_hinge_mean": 0.022443945277777776,
  "val_reloads": 0.0,
  "val_nonfinite": 0.0
}