{
  "test_gap_mean": 0.13665383555555558,
  "test_gap_median": 0.14256549999999998,
  "test_gap_std": 0.07830436240564309,
  "test_satisfy_frac": 0.7111111111111111,
  "test_hinge_mean": 0.017143355833333335,
  "val_reloads": 0.0,
  "val_nonfinite": 0.0
}