{
  "test_gap_mean": 0.13833823027777778,
  "test_gap_median": 0.14615839999999997,
  "test_gap_std": 0.07926578789367068,
  "test_satisfy_frac": 0.7111111111111111,
  "test_hinge_mean": 0.016851194166666666,
  "val_reloads": 0.0,
  "val_nonfinite": 0.0
}