{
  "test_gap_mean": 0.13839500138888888,
  "test_gap_median": 0.14217035,
  "test_gap_std": 0.0797436332379619,
  "test_satisfy_frac": 0.7194444444444444,
  "test_hinge_mean": 0.016308280277777778,
  "val_reloads": 0.0,
  "val_nonfinite": 0.0
}