{
  "test_gap_mean": 0.1374462422222222,
  "test_gap_median": 0.14130375000000003,
  "test_gap_std": 0.07838591962402747,
  "test_satisfy_frac": 0.7138888888888889,
  "test_hinge_mean": 0.016648139722222222,
  "val_reloads": 0.0,
  "val_nonfinite": 0.0
}