{
  "test_gap_mean": 0.13931905555555554,
  "test_gap_median": 0.1387886,
  "test_gap_std": 0.08173410329142211,
  "test_satisfy_frac": 0.7166666666666667,
  "test_hinge_mean": 0.016712740833333333,
  "val_reloads": 0.0,
  "val_nonfinite": 0.0
}