{
  "test_gap_mean": 0.13585296194444443,
  "test_gap_median": 0.14044909999999997,
  "test_gap_std": 0.0786834368589591,
  "test_satisfy_frac": 0.7027777777777777,
  "test_hinge_mean": 0.01714847583333334,
  "val_reloads": 0.0,
  "val_nonfinite": 0.0
}