{
  "test_gap_mean": 0.1364801175,
  "test_gap_median": 0.14081024999999997,
  "test_gap_std": 0.0788779354284313,
  "test_satisfy_frac": 0.7055555555555556,
  "test_hinge_mean": 0.016938986111111113,
  "val_reloads": 0.0,
  "val_nonfinite": 0.0
}