{
  "test_gap_mean": 0.13500124,
  "test_gap_median": 0.14059734999999998,
  "test_gap_std": 0.07848451728453135,
  "test_satisfy_frac": 0.7138888888888889,
  "test_hinge_mean": 0.017557237222222223,
  "val_reloads": 0.0,
  "val_nonfinite": 0.0
}