{
  "test_gap_mean": 0.13937051861111113,
  "test_gap_median": 0.14706405,
  "test_gap_std": 0.08091386192885248,
  "test_satisfy_frac": 0.725,
  "test_hinge_mean": 0.016898088333333335,
  "val_reloads": 0.0,
  "val_nonfinite": 0.0
}