{
  "test_gap_mean": 0.1373537963888889,
  "test_gap_median": 0.14162374999999996,
  "test_gap_std": 0.08016624896281867,
  "test_satisfy_frac": 0.6916666666666667,
  "test_hinge_mean": 0.017245676944444444,
  "val_reloads": 0.0,
  "val_nonfinite": 0.0
}