{
  "epoch": 44,
  "config": {
    "seed": 1,
    "gamma": 3.0,
    "margin": 0.1,
    "delta": 0.02,
    "input_vmin": 0.0,
    "input_vmax": 1.0,
    "rails": [
      0.0,
      0.45
    ],
    "solver": "klu",
    "body_tie": "ground",
    "body_res": 10.0,
    "rs_clamp": 10.0,
    "model_vto": 0.75,
    "vg_cutoff": 0.75,
    "vg_cutoff_epochs": 4,
    "vg_init": {
      "mode": "fixed",
      "lo": 1.0,
      "hi": 3.0,
      "fixed": 0.75
    },
    "epochs": 100,
    "device_include_path": "/home/ma-lab/Desktop/pyclln-final/device_model/nmos_lvl1_ald1106.lib",
    "device_subckt": "NMOSWRAP"
  },
  "train": {
    "acc": 0.9596381350034795,
    "hinge": 0.0156627344467641,
    "n_free": 1437,
    "n_clamp": 409,
    "hinge_active": 409,
    "hinge_active_frac": 0.28462073764787754,
    "skipped": 1028,
    "reload_free": 0,
    "reload_clamp": 0,
    "nonfinite_free": 0,
    "nonfinite_clamp": 0
  },
  "val": {
    "acc": 0.9527777777777777,
    "hinge": 0.016328720555555565,
    "test_gap_mean": 0.13917958833333333,
    "test_gap_median": 0.14195639999999995,
    "test_gap_std": 0.07966482495863444,
    "test_satisfy_frac": 0.7138888888888889,
    "test_hinge_mean": 0.01632872055555556,
    "val_reloads": 0.0,
    "val_nonfinite": 0.0
  },
  "timing_s": {
    "epoch_total": 10.295971155166626,
    "train_free": 4.8975114822387695,
    "train_clamp": 1.398749828338623,
    "train_update": 0.2675008773803711
  },
  "vg_stats": {
    "vg_unique_min": 0.48682195957847574,
    "vg_unique_max": 4.97838581603138,
    "vg_unique_sat_lo": 0.0,
    "vg_unique_sat_hi": 0.0
  }
}