{
  "epoch": 86,
  "config": {
    "seed": 1,
    "gamma": 3.0,
    "margin": 0.1,
    "delta": 0.02,
    "input_vmin": 0.0,
    "input_vmax": 1.0,
    "rails": [
      0.0,
      0.45
    ],
    "solver": "klu",
    "body_tie": "ground",
    "body_res": 10.0,
    "rs_clamp": 10.0,
    "model_vto": 0.75,
    "vg_cutoff": 0.75,
    "vg_cutoff_epochs": 4,
    "vg_init": {
      "mode": "fixed",
      "lo": 1.0,
      "hi": 3.0,
      "fixed": 0.75
    },
    "epochs": 100,
    "device_include_path": "/home/ma-lab/Desktop/pyclln-final/device_model/nmos_lvl1_ald1106.lib",
    "device_subckt": "NMOSWRAP"
  },
  "train": {
    "acc": 0.9554627696590118,
    "hinge": 0.015388202435629782,
    "n_free": 1437,
    "n_clamp": 413,
    "hinge_active": 413,
    "hinge_active_frac": 0.2874043145441893,
    "skipped": 1024,
    "reload_free": 0,
    "reload_clamp": 0,
    "nonfinite_free": 0,
    "nonfinite_clamp": 0
  },
  "val": {
    "acc": 0.95,
    "hinge": 0.016440903055555556,
    "test_gap_mean": 0.13755622416666669,
    "test_gap_median": 0.14347674999999993,
    "test_gap_std": 0.07903269751557297,
    "test_satisfy_frac": 0.7138888888888889,
    "test_hinge_mean": 0.016440903055555553,
    "val_reloads": 0.0,
    "val_nonfinite": 0.0
  },
  "timing_s": {
    "epoch_total": 11.809304237365723,
    "train_free": 5.460267066955566,
    "train_clamp": 1.541308879852295,
    "train_update": 0.3156745433807373
  },
  "vg_stats": {
    "vg_unique_min": 0.6805033903021267,
    "vg_unique_max": 5.314553545380922,
    "vg_unique_sat_lo": 0.0,
    "vg_unique_sat_hi": 0.0
  }
}