{
  "epoch": 1,
  "config": {
    "seed": 1,
    "gamma": 3.0,
    "margin": 0.1,
    "delta": 0.02,
    "input_vmin": 0.0,
    "input_vmax": 1.0,
    "rails": [
      0.0,
      0.45
    ],
    "solver": "klu",
    "body_tie": "ground",
    "body_res": 10.0,
    "rs_clamp": 10.0,
    "model_vto": 0.75,
    "vg_cutoff": 0.75,
    "vg_cutoff_epochs": 4,
    "vg_init": {
      "mode": "fixed",
      "lo": 1.0,
      "hi": 3.0,
      "fixed": 0.75
    },
    "epochs": 100,
    "device_include_path": "/home/ma-lab/Desktop/pyclln-final/device_model/nmos_lvl1_ald1106.lib",
    "device_subckt": "NMOSWRAP"
  },
  "train": {
    "acc": 0.7870563674321504,
    "hinge": 0.051473954471372534,
    "n_free": 1437,
    "n_clamp": 922,
    "hinge_active": 922,
    "hinge_active_frac": 0.6416144745998609,
    "skipped": 515,
    "reload_free": 0,
    "reload_clamp": 0,
    "nonfinite_free": 0,
    "nonfinite_clamp": 0
  },
  "val": {
    "acc": 0.8888888888888888,
    "hinge": 0.03297984722222222,
    "test_gap_mean": 0.10607182361111112,
    "test_gap_median": 0.09714674999999999,
    "test_gap_std": 0.09279147061402174,
    "test_satisfy_frac": 0.48055555555555557,
    "test_hinge_mean": 0.032979847222222226,
    "val_reloads": 0.0,
    "val_nonfinite": 0.0
  },
  "timing_s": {
    "epoch_total": 55.555139780044556,
    "train_free": 25.160457372665405,
    "train_clamp": 15.905586957931519,
    "train_update": 1.9594717025756836
  },
  "vg_stats": {
    "vg_unique_min": 0.4,
    "vg_unique_max": 2.1091828904314234,
    "vg_unique_sat_lo": 34.0,
    "vg_unique_sat_hi": 0.0
  }
}