{
  "epoch": 47,
  "config": {
    "seed": 1,
    "gamma": 3.0,
    "margin": 0.1,
    "delta": 0.02,
    "input_vmin": 0.0,
    "input_vmax": 1.0,
    "rails": [
      0.0,
      0.45
    ],
    "solver": "klu",
    "body_tie": "ground",
    "body_res": 10.0,
    "rs_clamp": 10.0,
    "model_vto": 0.75,
    "vg_cutoff": 0.75,
    "vg_cutoff_epochs": 4,
    "vg_init": {
      "mode": "fixed",
      "lo": 1.0,
      "hi": 3.0,
      "fixed": 0.75
    },
    "epochs": 100,
    "device_include_path": "/home/ma-lab/Desktop/pyclln-final/device_model/nmos_lvl1_ald1106.lib",
    "device_subckt": "NMOSWRAP"
  },
  "train": {
    "acc": 0.9547668754349339,
    "hinge": 0.015674435212247744,
    "n_free": 1437,
    "n_clamp": 429,
    "hinge_active": 429,
    "hinge_active_frac": 0.2985386221294363,
    "skipped": 1008,
    "reload_free": 0,
    "reload_clamp": 0,
    "nonfinite_free": 0,
    "nonfinite_clamp": 0
  },
  "val": {
    "acc": 0.9388888888888889,
    "hinge": 0.01664550472222222,
    "test_gap_mean": 0.13955668444444444,
    "test_gap_median": 0.13976129999999995,
    "test_gap_std": 0.08164404176693948,
    "test_satisfy_frac": 0.7305555555555555,
    "test_hinge_mean": 0.016645504722222225,
    "val_reloads": 0.0,
    "val_nonfinite": 0.0
  },
  "timing_s": {
    "epoch_total": 13.088494539260864,
    "train_free": 6.213878870010376,
    "train_clamp": 1.779984951019287,
    "train_update": 0.3455965518951416
  },
  "vg_stats": {
    "vg_unique_min": 0.7439101413394837,
    "vg_unique_max": 5.036146825483672,
    "vg_unique_sat_lo": 0.0,
    "vg_unique_sat_hi": 0.0
  }
}