{
  "epoch": 10,
  "config": {
    "seed": 1,
    "gamma": 3.0,
    "margin": 0.1,
    "delta": 0.02,
    "input_vmin": 0.0,
    "input_vmax": 1.0,
    "rails": [
      0.0,
      0.45
    ],
    "solver": "klu",
    "body_tie": "ground",
    "body_res": 10.0,
    "rs_clamp": 10.0,
    "model_vto": 0.75,
    "vg_cutoff": 0.75,
    "vg_cutoff_epochs": 4,
    "vg_init": {
      "mode": "fixed",
      "lo": 1.0,
      "hi": 3.0,
      "fixed": 0.75
    },
    "epochs": 100,
    "device_include_path": "/home/ma-lab/Desktop/pyclln-final/device_model/nmos_lvl1_ald1106.lib",
    "device_subckt": "NMOSWRAP"
  },
  "train": {
    "acc": 0.941544885177453,
    "hinge": 0.018243463117606138,
    "n_free": 1437,
    "n_clamp": 442,
    "hinge_active": 442,
    "hinge_active_frac": 0.30758524704244955,
    "skipped": 995,
    "reload_free": 0,
    "reload_clamp": 0,
    "nonfinite_free": 0,
    "nonfinite_clamp": 0
  },
  "val": {
    "acc": 0.9472222222222222,
    "hinge": 0.01807585444444446,
    "test_gap_mean": 0.1428556811111111,
    "test_gap_median": 0.14882345,
    "test_gap_std": 0.08722813996967237,
    "test_satisfy_frac": 0.7055555555555556,
    "test_hinge_mean": 0.018075854444444445,
    "val_reloads": 0.0,
    "val_nonfinite": 0.0
  },
  "timing_s": {
    "epoch_total": 16.391113758087158,
    "train_free": 7.855516195297241,
    "train_clamp": 2.3707118034362793,
    "train_update": 0.4733254909515381
  },
  "vg_stats": {
    "vg_unique_min": 0.40000105519312007,
    "vg_unique_max": 3.652626746710895,
    "vg_unique_sat_lo": 0.0,
    "vg_unique_sat_hi": 0.0
  }
}