{
  "test_gap_mean": -0.012059853888888888,
  "test_gap_median": -0.007992499999999986,
  "test_gap_std": 0.020588007123453544,
  "test_satisfy_frac": 0.019444444444444445,
  "test_hinge_mean": 0.032183494166666674,
  "val_reloads": 0.0,
  "val_nonfinite": 0.0
}