{
  "test_gap_mean": -0.018356318333333333,
  "test_gap_median": -0.012974500000000028,
  "test_gap_std": 0.022608074449012864,
  "test_satisfy_frac": 0.011111111111111112,
  "test_hinge_mean": 0.03842412416666667,
  "val_reloads": 0.0,
  "val_nonfinite": 0.0
}