{
  "test_gap_mean": -0.01563382111111111,
  "test_gap_median": -0.010594550000000008,
  "test_gap_std": 0.021699153140234118,
  "test_satisfy_frac": 0.019444444444444445,
  "test_hinge_mean": 0.035719789166666675,
  "val_reloads": 0.0,
  "val_nonfinite": 0.0
}