{
  "epoch": 11,
  "config": {
    "seed": 1,
    "gamma": 0.03,
    "margin": 0.02,
    "delta": 0.02,
    "input_vmin": 0.0,
    "input_vmax": 1.0,
    "rails": [
      0.0,
      0.45
    ],
    "solver": "klu",
    "body_tie": "floating",
    "body_res": 10.0,
    "rs_clamp": 10.0,
    "model_vto": 0.75,
    "vg_cutoff": 0.75,
    "vg_cutoff_epochs": 4,
    "vg_init": {
      "mode": "random",
      "lo": 1.0,
      "hi": 6.0,
      "fixed": 2.0
    },
    "epochs": 100,
    "device_include_path": "/home/ma-lab/Desktop/pyclln-final/device_model/nmos_lvl1_ald1106.lib",
    "device_subckt": "NMOSWRAP"
  },
  "train": {
    "acc": 0.17397355601948503,
    "hinge": 0.03882552004175364,
    "n_free": 1437,
    "n_clamp": 1388,
    "hinge_active": 1388,
    "hinge_active_frac": 0.9659011830201809,
    "skipped": 49,
    "reload_free": 0,
    "reload_clamp": 0,
    "nonfinite_free": 0,
    "nonfinite_clamp": 0
  },
  "val": {
    "acc": 0.18611111111111112,
    "hinge": 0.03842412416666665,
    "test_gap_mean": -0.018356318333333333,
    "test_gap_median": -0.012974500000000028,
    "test_gap_std": 0.022608074449012864,
    "test_satisfy_frac": 0.011111111111111112,
    "test_hinge_mean": 0.03842412416666667,
    "val_reloads": 0.0,
    "val_nonfinite": 0.0
  },
  "timing_s": {
    "epoch_total": 291.5335445404053,
    "train_free": 128.20994544029236,
    "train_clamp": 123.63108420372009,
    "train_update": 3.5382821559906006
  },
  "vg_stats": {
    "vg_unique_min": 0.8522002172699691,
    "vg_unique_max": 6.110044642221515,
    "vg_unique_sat_lo": 0.0,
    "vg_unique_sat_hi": 0.0
  }
}