{
  "epoch": 8,
  "config": {
    "seed": 1,
    "gamma": 0.03,
    "margin": 0.02,
    "delta": 0.02,
    "input_vmin": 0.0,
    "input_vmax": 1.0,
    "rails": [
      0.0,
      0.45
    ],
    "solver": "klu",
    "body_tie": "floating",
    "body_res": 10.0,
    "rs_clamp": 10.0,
    "model_vto": 0.75,
    "vg_cutoff": 0.75,
    "vg_cutoff_epochs": 4,
    "vg_init": {
      "mode": "random",
      "lo": 1.0,
      "hi": 6.0,
      "fixed": 2.0
    },
    "epochs": 100,
    "device_include_path": "/home/ma-lab/Desktop/pyclln-final/device_model/nmos_lvl1_ald1106.lib",
    "device_subckt": "NMOSWRAP"
  },
  "train": {
    "acc": 0.14474599860821155,
    "hinge": 0.041122413778705645,
    "n_free": 1437,
    "n_clamp": 1389,
    "hinge_active": 1389,
    "hinge_active_frac": 0.9665970772442589,
    "skipped": 48,
    "reload_free": 0,
    "reload_clamp": 0,
    "nonfinite_free": 0,
    "nonfinite_clamp": 0
  },
  "val": {
    "acc": 0.1527777777777778,
    "hinge": 0.04074934916666663,
    "test_gap_mean": -0.020683275833333334,
    "test_gap_median": -0.015635700000000002,
    "test_gap_std": 0.023390874766400758,
    "test_satisfy_frac": 0.011111111111111112,
    "test_hinge_mean": 0.04074934916666668,
    "val_reloads": 0.0,
    "val_nonfinite": 0.0
  },
  "timing_s": {
    "epoch_total": 265.8606524467468,
    "train_free": 112.32835555076599,
    "train_clamp": 108.3053457736969,
    "train_update": 3.087857484817505
  },
  "vg_stats": {
    "vg_unique_min": 0.9113495141437045,
    "vg_unique_max": 6.083118377887722,
    "vg_unique_sat_lo": 0.0,
    "vg_unique_sat_hi": 0.0
  }
}