{
  "test_gap_mean": 0.01868850111111111,
  "test_gap_median": 0.020019049999999983,
  "test_gap_std": 0.010588189527526985,
  "test_satisfy_frac": 0.5,
  "test_hinge_mean": 0.004996156111111112,
  "val_reloads": 0.0,
  "val_nonfinite": 0.0
}