{
  "test_gap_mean": 0.014854051111111113,
  "test_gap_median": 0.01538814999999999,
  "test_gap_std": 0.009436601792676974,
  "test_satisfy_frac": 0.35,
  "test_hinge_mean": 0.006863729166666668,
  "val_reloads": 0.0,
  "val_nonfinite": 0.0
}