{
  "test_gap_mean": 0.02352094416666666,
  "test_gap_median": 0.02467715000000001,
  "test_gap_std": 0.012432718426024107,
  "test_satisfy_frac": 0.65,
  "test_hinge_mean": 0.003588537777777779,
  "val_reloads": 0.0,
  "val_nonfinite": 0.0
}