{
  "test_gap_mean": 0.023223731388888887,
  "test_gap_median": 0.02445549999999999,
  "test_gap_std": 0.012318972612847957,
  "test_satisfy_frac": 0.6416666666666667,
  "test_hinge_mean": 0.003655436944444445,
  "val_reloads": 0.0,
  "val_nonfinite": 0.0
}