{
  "test_gap_mean": 0.012862992777777776,
  "test_gap_median": 0.01282644999999999,
  "test_gap_std": 0.008749422049274843,
  "test_satisfy_frac": 0.2638888888888889,
  "test_hinge_mean": 0.008077890555555559,
  "val_reloads": 0.0,
  "val_nonfinite": 0.0
}