{
  "test_gap_mean": 0.018429610000000003,
  "test_gap_median": 0.019587800000000016,
  "test_gap_std": 0.010425884849264459,
  "test_satisfy_frac": 0.49444444444444446,
  "test_hinge_mean": 0.005061390000000001,
  "val_reloads": 0.0,
  "val_nonfinite": 0.0
}