{
  "test_gap_mean": 0.022029863055555557,
  "test_gap_median": 0.02295070000000002,
  "test_gap_std": 0.011821389719090025,
  "test_satisfy_frac": 0.5944444444444444,
  "test_hinge_mean": 0.0039175822222222234,
  "val_reloads": 0.0,
  "val_nonfinite": 0.0
}