{
  "test_gap_mean": 0.008425178888888888,
  "test_gap_median": 0.0075577000000000005,
  "test_gap_std": 0.006741939779070254,
  "test_satisfy_frac": 0.025,
  "test_hinge_mean": 0.011612430555555556,
  "val_reloads": 0.0,
  "val_nonfinite": 0.0
}