{
  "test_gap_mean": 0.025375378333333337,
  "test_gap_median": 0.026603249999999995,
  "test_gap_std": 0.013224305085144362,
  "test_satisfy_frac": 0.6888888888888889,
  "test_hinge_mean": 0.003255297222222223,
  "val_reloads": 0.0,
  "val_nonfinite": 0.0
}