{
  "test_gap_mean": 0.019330013333333333,
  "test_gap_median": 0.02057500000000001,
  "test_gap_std": 0.01079004532252298,
  "test_satisfy_frac": 0.5111111111111111,
  "test_hinge_mean": 0.00474631277777778,
  "val_reloads": 0.0,
  "val_nonfinite": 0.0
}