{
  "test_gap_mean": 0.025496531111111113,
  "test_gap_median": 0.0265947,
  "test_gap_std": 0.013286660376337736,
  "test_satisfy_frac": 0.6833333333333333,
  "test_hinge_mean": 0.003241623333333334,
  "val_reloads": 0.0,
  "val_nonfinite": 0.0
}