{
  "epoch": 55,
  "config": {
    "seed": 2,
    "gamma": 0.3,
    "margin": 0.02,
    "delta": 0.02,
    "input_vmin": 0.0,
    "input_vmax": 1.0,
    "rails": [
      0.0,
      0.45
    ],
    "solver": "klu",
    "body_tie": "ground",
    "body_res": 10.0,
    "rs_clamp": 10.0,
    "model_vto": 0.75,
    "vg_cutoff": 0.75,
    "vg_cutoff_epochs": 4,
    "vg_init": {
      "mode": "fixed",
      "lo": 1.0,
      "hi": 3.0,
      "fixed": 4.0
    },
    "epochs": 100,
    "device_include_path": "/home/ma-lab/Desktop/pyclln-final/device_model/nmos_lvl1_ald1106.lib",
    "device_subckt": "NMOSWRAP"
  },
  "train": {
    "acc": 0.9624217118997912,
    "hinge": 0.003154535629784267,
    "n_free": 1437,
    "n_clamp": 476,
    "hinge_active": 476,
    "hinge_active_frac": 0.3312456506610995,
    "skipped": 961,
    "reload_free": 0,
    "reload_clamp": 0,
    "nonfinite_free": 0,
    "nonfinite_clamp": 0
  },
  "val": {
    "acc": 0.95,
    "hinge": 0.003749706944444444,
    "test_gap_mean": 0.022752443055555554,
    "test_gap_median": 0.02392075000000002,
    "test_gap_std": 0.012120151871383305,
    "test_satisfy_frac": 0.6166666666666667,
    "test_hinge_mean": 0.0037497069444444456,
    "val_reloads": 0.0,
    "val_nonfinite": 0.0
  },
  "timing_s": {
    "epoch_total": 55.04243469238281,
    "train_free": 29.63684606552124,
    "train_clamp": 9.87474799156189,
    "train_update": 0.9556314945220947
  },
  "vg_stats": {
    "vg_unique_min": 0.9394456254476286,
    "vg_unique_max": 7.036131390438165,
    "vg_unique_sat_lo": 0.0,
    "vg_unique_sat_hi": 0.0
  }
}