{
  "epoch": 100,
  "config": {
    "seed": 2,
    "gamma": 0.3,
    "margin": 0.02,
    "delta": 0.02,
    "input_vmin": 0.0,
    "input_vmax": 1.0,
    "rails": [
      0.0,
      0.45
    ],
    "solver": "klu",
    "body_tie": "ground",
    "body_res": 10.0,
    "rs_clamp": 10.0,
    "model_vto": 0.75,
    "vg_cutoff": 0.75,
    "vg_cutoff_epochs": 4,
    "vg_init": {
      "mode": "fixed",
      "lo": 1.0,
      "hi": 3.0,
      "fixed": 4.0
    },
    "epochs": 100,
    "device_include_path": "/home/ma-lab/Desktop/pyclln-final/device_model/nmos_lvl1_ald1106.lib",
    "device_subckt": "NMOSWRAP"
  },
  "train": {
    "acc": 0.9693806541405706,
    "hinge": 0.0023156297146833668,
    "n_free": 1437,
    "n_clamp": 335,
    "hinge_active": 335,
    "hinge_active_frac": 0.23312456506610996,
    "skipped": 1102,
    "reload_free": 0,
    "reload_clamp": 0,
    "nonfinite_free": 0,
    "nonfinite_clamp": 0
  },
  "val": {
    "acc": 0.9583333333333334,
    "hinge": 0.003084207222222223,
    "test_gap_mean": 0.02635481,
    "test_gap_median": 0.027558,
    "test_gap_std": 0.013618149589135329,
    "test_satisfy_frac": 0.6944444444444444,
    "test_hinge_mean": 0.0030842072222222227,
    "val_reloads": 0.0,
    "val_nonfinite": 0.0
  },
  "timing_s": {
    "epoch_total": 66.07406306266785,
    "train_free": 40.2183723449707,
    "train_clamp": 9.355982780456543,
    "train_update": 0.846928596496582
  },
  "vg_stats": {
    "vg_unique_min": 0.9058923306893185,
    "vg_unique_max": 7.752216328729668,
    "vg_unique_sat_lo": 0.0,
    "vg_unique_sat_hi": 0.0
  }
}