{
  "epoch": 95,
  "config": {
    "seed": 2,
    "gamma": 0.3,
    "margin": 0.02,
    "delta": 0.02,
    "input_vmin": 0.0,
    "input_vmax": 1.0,
    "rails": [
      0.0,
      0.45
    ],
    "solver": "klu",
    "body_tie": "ground",
    "body_res": 10.0,
    "rs_clamp": 10.0,
    "model_vto": 0.75,
    "vg_cutoff": 0.75,
    "vg_cutoff_epochs": 4,
    "vg_init": {
      "mode": "fixed",
      "lo": 1.0,
      "hi": 3.0,
      "fixed": 4.0
    },
    "epochs": 100,
    "device_include_path": "/home/ma-lab/Desktop/pyclln-final/device_model/nmos_lvl1_ald1106.lib",
    "device_subckt": "NMOSWRAP"
  },
  "train": {
    "acc": 0.9700765483646486,
    "hinge": 0.0023700086986777995,
    "n_free": 1437,
    "n_clamp": 345,
    "hinge_active": 345,
    "hinge_active_frac": 0.24008350730688935,
    "skipped": 1092,
    "reload_free": 0,
    "reload_clamp": 0,
    "nonfinite_free": 0,
    "nonfinite_clamp": 0
  },
  "val": {
    "acc": 0.9527777777777777,
    "hinge": 0.003141276388888889,
    "test_gap_mean": 0.026059531666666667,
    "test_gap_median": 0.027348050000000027,
    "test_gap_std": 0.0135269335580988,
    "test_satisfy_frac": 0.6944444444444444,
    "test_hinge_mean": 0.00314127638888889,
    "val_reloads": 0.0,
    "val_nonfinite": 0.0
  },
  "timing_s": {
    "epoch_total": 71.20780277252197,
    "train_free": 41.501328468322754,
    "train_clamp": 9.947123289108276,
    "train_update": 1.0775351524353027
  },
  "vg_stats": {
    "vg_unique_min": 0.9708343136164916,
    "vg_unique_max": 7.705389727480028,
    "vg_unique_sat_lo": 0.0,
    "vg_unique_sat_hi": 0.0
  }
}