{
  "epoch": 28,
  "config": {
    "seed": 2,
    "gamma": 0.3,
    "margin": 0.02,
    "delta": 0.02,
    "input_vmin": 0.0,
    "input_vmax": 1.0,
    "rails": [
      0.0,
      0.45
    ],
    "solver": "klu",
    "body_tie": "ground",
    "body_res": 10.0,
    "rs_clamp": 10.0,
    "model_vto": 0.75,
    "vg_cutoff": 0.75,
    "vg_cutoff_epochs": 4,
    "vg_init": {
      "mode": "fixed",
      "lo": 1.0,
      "hi": 3.0,
      "fixed": 4.0
    },
    "epochs": 100,
    "device_include_path": "/home/ma-lab/Desktop/pyclln-final/device_model/nmos_lvl1_ald1106.lib",
    "device_subckt": "NMOSWRAP"
  },
  "train": {
    "acc": 0.9436325678496869,
    "hinge": 0.004784987961029918,
    "n_free": 1437,
    "n_clamp": 732,
    "hinge_active": 732,
    "hinge_active_frac": 0.5093945720250522,
    "skipped": 705,
    "reload_free": 0,
    "reload_clamp": 0,
    "nonfinite_free": 0,
    "nonfinite_clamp": 0
  },
  "val": {
    "acc": 0.9527777777777777,
    "hinge": 0.005167243055555553,
    "test_gap_mean": 0.01817398861111111,
    "test_gap_median": 0.019366400000000006,
    "test_gap_std": 0.010352642198551604,
    "test_satisfy_frac": 0.48333333333333334,
    "test_hinge_mean": 0.005167243055555557,
    "val_reloads": 0.0,
    "val_nonfinite": 0.0
  },
  "timing_s": {
    "epoch_total": 57.65294408798218,
    "train_free": 28.091145277023315,
    "train_clamp": 14.268906116485596,
    "train_update": 1.51361083984375
  },
  "vg_stats": {
    "vg_unique_min": 1.6839434452160922,
    "vg_unique_max": 6.01734788365642,
    "vg_unique_sat_lo": 0.0,
    "vg_unique_sat_hi": 0.0
  }
}