{
  "epoch": 60,
  "config": {
    "seed": 2,
    "gamma": 0.3,
    "margin": 0.02,
    "delta": 0.02,
    "input_vmin": 0.0,
    "input_vmax": 1.0,
    "rails": [
      0.0,
      0.45
    ],
    "solver": "klu",
    "body_tie": "ground",
    "body_res": 10.0,
    "rs_clamp": 10.0,
    "model_vto": 0.75,
    "vg_cutoff": 0.75,
    "vg_cutoff_epochs": 4,
    "vg_init": {
      "mode": "fixed",
      "lo": 1.0,
      "hi": 3.0,
      "fixed": 4.0
    },
    "epochs": 100,
    "device_include_path": "/home/ma-lab/Desktop/pyclln-final/device_model/nmos_lvl1_ald1106.lib",
    "device_subckt": "NMOSWRAP"
  },
  "train": {
    "acc": 0.9638135003479471,
    "hinge": 0.003005151565762003,
    "n_free": 1437,
    "n_clamp": 446,
    "hinge_active": 446,
    "hinge_active_frac": 0.3103688239387613,
    "skipped": 991,
    "reload_free": 0,
    "reload_clamp": 0,
    "nonfinite_free": 0,
    "nonfinite_clamp": 0
  },
  "val": {
    "acc": 0.95,
    "hinge": 0.0036380577777777767,
    "test_gap_mean": 0.023321147222222224,
    "test_gap_median": 0.024478799999999995,
    "test_gap_std": 0.01236395903488096,
    "test_satisfy_frac": 0.65,
    "test_hinge_mean": 0.003638057777777779,
    "val_reloads": 0.0,
    "val_nonfinite": 0.0
  },
  "timing_s": {
    "epoch_total": 61.861058473587036,
    "train_free": 33.73825788497925,
    "train_clamp": 10.441454648971558,
    "train_update": 1.1120374202728271
  },
  "vg_stats": {
    "vg_unique_min": 0.8489360105187047,
    "vg_unique_max": 7.160913897969442,
    "vg_unique_sat_lo": 0.0,
    "vg_unique_sat_hi": 0.0
  }
}