{
  "epoch": 20,
  "config": {
    "seed": 2,
    "gamma": 0.3,
    "margin": 0.02,
    "delta": 0.02,
    "input_vmin": 0.0,
    "input_vmax": 1.0,
    "rails": [
      0.0,
      0.45
    ],
    "solver": "klu",
    "body_tie": "ground",
    "body_res": 10.0,
    "rs_clamp": 10.0,
    "model_vto": 0.75,
    "vg_cutoff": 0.75,
    "vg_cutoff_epochs": 4,
    "vg_init": {
      "mode": "fixed",
      "lo": 1.0,
      "hi": 3.0,
      "fixed": 4.0
    },
    "epochs": 100,
    "device_include_path": "/home/ma-lab/Desktop/pyclln-final/device_model/nmos_lvl1_ald1106.lib",
    "device_subckt": "NMOSWRAP"
  },
  "train": {
    "acc": 0.9352818371607515,
    "hinge": 0.00617694481558803,
    "n_free": 1437,
    "n_clamp": 906,
    "hinge_active": 906,
    "hinge_active_frac": 0.6304801670146137,
    "skipped": 531,
    "reload_free": 0,
    "reload_clamp": 0,
    "nonfinite_free": 0,
    "nonfinite_clamp": 0
  },
  "val": {
    "acc": 0.9388888888888889,
    "hinge": 0.006383011388888886,
    "test_gap_mean": 0.015615599444444446,
    "test_gap_median": 0.016518599999999994,
    "test_gap_std": 0.009576794131788902,
    "test_satisfy_frac": 0.3611111111111111,
    "test_hinge_mean": 0.006383011388888889,
    "val_reloads": 0.0,
    "val_nonfinite": 0.0
  },
  "timing_s": {
    "epoch_total": 63.871301889419556,
    "train_free": 28.727194786071777,
    "train_clamp": 17.938380241394043,
    "train_update": 2.106653928756714
  },
  "vg_stats": {
    "vg_unique_min": 2.057026733426602,
    "vg_unique_max": 5.617900977176585,
    "vg_unique_sat_lo": 0.0,
    "vg_unique_sat_hi": 0.0
  }
}