{
  "epoch": 42,
  "config": {
    "seed": 2,
    "gamma": 0.3,
    "margin": 0.02,
    "delta": 0.02,
    "input_vmin": 0.0,
    "input_vmax": 1.0,
    "rails": [
      0.0,
      0.45
    ],
    "solver": "klu",
    "body_tie": "ground",
    "body_res": 10.0,
    "rs_clamp": 10.0,
    "model_vto": 0.75,
    "vg_cutoff": 0.75,
    "vg_cutoff_epochs": 4,
    "vg_init": {
      "mode": "fixed",
      "lo": 1.0,
      "hi": 3.0,
      "fixed": 4.0
    },
    "epochs": 100,
    "device_include_path": "/home/ma-lab/Desktop/pyclln-final/device_model/nmos_lvl1_ald1106.lib",
    "device_subckt": "NMOSWRAP"
  },
  "train": {
    "acc": 0.9554627696590118,
    "hinge": 0.003684392693110647,
    "n_free": 1437,
    "n_clamp": 556,
    "hinge_active": 556,
    "hinge_active_frac": 0.3869171885873347,
    "skipped": 881,
    "reload_free": 0,
    "reload_clamp": 0,
    "nonfinite_free": 0,
    "nonfinite_clamp": 0
  },
  "val": {
    "acc": 0.9527777777777777,
    "hinge": 0.004210812222222222,
    "test_gap_mean": 0.02096703361111111,
    "test_gap_median": 0.02197674999999999,
    "test_gap_std": 0.011426753076569828,
    "test_satisfy_frac": 0.5583333333333333,
    "test_hinge_mean": 0.004210812222222223,
    "val_reloads": 0.0,
    "val_nonfinite": 0.0
  },
  "timing_s": {
    "epoch_total": 59.877251386642456,
    "train_free": 31.783315896987915,
    "train_clamp": 12.317051410675049,
    "train_update": 1.4657423496246338
  },
  "vg_stats": {
    "vg_unique_min": 1.2283739357660983,
    "vg_unique_max": 6.634844293993152,
    "vg_unique_sat_lo": 0.0,
    "vg_unique_sat_hi": 0.0
  }
}