{
  "epoch": 69,
  "config": {
    "seed": 2,
    "gamma": 0.3,
    "margin": 0.02,
    "delta": 0.02,
    "input_vmin": 0.0,
    "input_vmax": 1.0,
    "rails": [
      0.0,
      0.45
    ],
    "solver": "klu",
    "body_tie": "ground",
    "body_res": 10.0,
    "rs_clamp": 10.0,
    "model_vto": 0.75,
    "vg_cutoff": 0.75,
    "vg_cutoff_epochs": 4,
    "vg_init": {
      "mode": "fixed",
      "lo": 1.0,
      "hi": 3.0,
      "fixed": 4.0
    },
    "epochs": 100,
    "device_include_path": "/home/ma-lab/Desktop/pyclln-final/device_model/nmos_lvl1_ald1106.lib",
    "device_subckt": "NMOSWRAP"
  },
  "train": {
    "acc": 0.9659011830201809,
    "hinge": 0.002786356924147528,
    "n_free": 1437,
    "n_clamp": 408,
    "hinge_active": 408,
    "hinge_active_frac": 0.2839248434237996,
    "skipped": 1029,
    "reload_free": 0,
    "reload_clamp": 0,
    "nonfinite_free": 0,
    "nonfinite_clamp": 0
  },
  "val": {
    "acc": 0.9527777777777777,
    "hinge": 0.003470030833333333,
    "test_gap_mean": 0.02420582388888889,
    "test_gap_median": 0.02545054999999999,
    "test_gap_std": 0.012733749363200857,
    "test_satisfy_frac": 0.6666666666666666,
    "test_hinge_mean": 0.0034700308333333336,
    "val_reloads": 0.0,
    "val_nonfinite": 0.0
  },
  "timing_s": {
    "epoch_total": 63.051831007003784,
    "train_free": 35.16030550003052,
    "train_clamp": 9.984129667282104,
    "train_update": 1.110663652420044
  },
  "vg_stats": {
    "vg_unique_min": 0.7023180840399196,
    "vg_unique_max": 7.362223715516834,
    "vg_unique_sat_lo": 0.0,
    "vg_unique_sat_hi": 0.0
  }
}