{
  "epoch": 80,
  "config": {
    "seed": 2,
    "gamma": 0.3,
    "margin": 0.02,
    "delta": 0.02,
    "input_vmin": 0.0,
    "input_vmax": 1.0,
    "rails": [
      0.0,
      0.45
    ],
    "solver": "klu",
    "body_tie": "ground",
    "body_res": 10.0,
    "rs_clamp": 10.0,
    "model_vto": 0.75,
    "vg_cutoff": 0.75,
    "vg_cutoff_epochs": 4,
    "vg_init": {
      "mode": "fixed",
      "lo": 1.0,
      "hi": 3.0,
      "fixed": 4.0
    },
    "epochs": 100,
    "device_include_path": "/home/ma-lab/Desktop/pyclln-final/device_model/nmos_lvl1_ald1106.lib",
    "device_subckt": "NMOSWRAP"
  },
  "train": {
    "acc": 0.9665970772442589,
    "hinge": 0.0025761970076548326,
    "n_free": 1437,
    "n_clamp": 383,
    "hinge_active": 383,
    "hinge_active_frac": 0.2665274878218511,
    "skipped": 1054,
    "reload_free": 0,
    "reload_clamp": 0,
    "nonfinite_free": 0,
    "nonfinite_clamp": 0
  },
  "val": {
    "acc": 0.9527777777777777,
    "hinge": 0.0033203941666666674,
    "test_gap_mean": 0.02506197583333333,
    "test_gap_median": 0.026289200000000013,
    "test_gap_std": 0.01310547795374978,
    "test_satisfy_frac": 0.6833333333333333,
    "test_hinge_mean": 0.0033203941666666687,
    "val_reloads": 0.0,
    "val_nonfinite": 0.0
  },
  "timing_s": {
    "epoch_total": 66.28023600578308,
    "train_free": 37.969603538513184,
    "train_clamp": 10.074803352355957,
    "train_update": 0.9921565055847168
  },
  "vg_stats": {
    "vg_unique_min": 0.9205827058122402,
    "vg_unique_max": 7.5417971711571266,
    "vg_unique_sat_lo": 0.0,
    "vg_unique_sat_hi": 0.0
  }
}