{
  "test_gap_mean": 0.07738259361111112,
  "test_gap_median": 0.08511595,
  "test_gap_std": 0.0509180227028853,
  "test_satisfy_frac": 0.37222222222222223,
  "test_hinge_mean": 0.032993210833333335,
  "val_reloads": 0.0,
  "val_nonfinite": 0.0
}