{
  "test_gap_mean": 0.05080686166666667,
  "test_gap_median": 0.04880425000000001,
  "test_gap_std": 0.04118369996085867,
  "test_satisfy_frac": 0.14444444444444443,
  "test_hinge_mean": 0.05103958166666667,
  "val_reloads": 0.0,
  "val_nonfinite": 0.0
}