{
  "test_gap_mean": 0.07455435027777778,
  "test_gap_median": 0.08036490000000002,
  "test_gap_std": 0.05027447209487248,
  "test_satisfy_frac": 0.3472222222222222,
  "test_hinge_mean": 0.03468023166666667,
  "val_reloads": 0.0,
  "val_nonfinite": 0.0
}