{
  "test_gap_mean": 0.00045895583333333337,
  "test_gap_median": 0.0021321000000000256,
  "test_gap_std": 0.02094122836000976,
  "test_satisfy_frac": 0.0,
  "test_hinge_mean": 0.09954104416666666,
  "val_reloads": 0.0,
  "val_nonfinite": 0.0
}