{
  "test_gap_mean": 0.08998777333333333,
  "test_gap_median": 0.09827635000000001,
  "test_gap_std": 0.05698704787372556,
  "test_satisfy_frac": 0.48055555555555557,
  "test_hinge_mean": 0.027896976944444447,
  "val_reloads": 0.0,
  "val_nonfinite": 0.0
}