{
  "test_gap_mean": 0.0859665852777778,
  "test_gap_median": 0.09300585000000003,
  "test_gap_std": 0.05525044791956069,
  "test_satisfy_frac": 0.4583333333333333,
  "test_hinge_mean": 0.02942664444444445,
  "val_reloads": 0.0,
  "val_nonfinite": 0.0
}