{
  "test_gap_mean": 0.02613925583333333,
  "test_gap_median": 0.024665399999999976,
  "test_gap_std": 0.028592480669021265,
  "test_satisfy_frac": 0.0,
  "test_hinge_mean": 0.07386074416666667,
  "val_reloads": 0.0,
  "val_nonfinite": 0.0
}