{
  "test_gap_mean": 0.07284494694444445,
  "test_gap_median": 0.07744679999999998,
  "test_gap_std": 0.049150223109846174,
  "test_satisfy_frac": 0.3277777777777778,
  "test_hinge_mean": 0.03543715277777778,
  "val_reloads": 0.0,
  "val_nonfinite": 0.0
}