{
  "test_gap_mean": 0.09976176555555555,
  "test_gap_median": 0.10821090000000003,
  "test_gap_std": 0.06257174739045467,
  "test_satisfy_frac": 0.5583333333333333,
  "test_hinge_mean": 0.02516630527777778,
  "val_reloads": 0.0,
  "val_nonfinite": 0.0
}