{
  "test_gap_mean": 0.06952807916666667,
  "test_gap_median": 0.07303209999999999,
  "test_gap_std": 0.04825947711854158,
  "test_satisfy_frac": 0.29444444444444445,
  "test_hinge_mean": 0.037614868888888896,
  "val_reloads": 0.0,
  "val_nonfinite": 0.0
}