{
  "epoch": 30,
  "config": {
    "seed": 2,
    "gamma": 0.3,
    "margin": 0.1,
    "delta": 0.02,
    "input_vmin": 0.0,
    "input_vmax": 1.0,
    "rails": [
      0.0,
      0.45
    ],
    "solver": "klu",
    "body_tie": "floating",
    "body_res": 10.0,
    "rs_clamp": 10.0,
    "model_vto": 0.75,
    "vg_cutoff": 0.75,
    "vg_cutoff_epochs": 4,
    "vg_init": {
      "mode": "random",
      "lo": 0.75,
      "hi": 3.0,
      "fixed": 2.0
    },
    "epochs": 100,
    "device_include_path": "/home/ma-lab/Desktop/pyclln-final/device_model/nmos_lvl1_ald1106.lib",
    "device_subckt": "NMOSWRAP"
  },
  "train": {
    "acc": 0.9471120389700766,
    "hinge": 0.026755062143354203,
    "n_free": 1437,
    "n_clamp": 785,
    "hinge_active": 785,
    "hinge_active_frac": 0.546276965901183,
    "skipped": 652,
    "reload_free": 0,
    "reload_clamp": 0,
    "nonfinite_free": 0,
    "nonfinite_clamp": 0
  },
  "val": {
    "acc": 0.9277777777777778,
    "hinge": 0.02942664444444443,
    "test_gap_mean": 0.0859665852777778,
    "test_gap_median": 0.09300585000000003,
    "test_gap_std": 0.05525044791956069,
    "test_satisfy_frac": 0.4583333333333333,
    "test_hinge_mean": 0.02942664444444445,
    "val_reloads": 0.0,
    "val_nonfinite": 0.0
  },
  "timing_s": {
    "epoch_total": 80.50277709960938,
    "train_free": 41.3048791885376,
    "train_clamp": 22.3890118598938,
    "train_update": 1.4022560119628906
  },
  "vg_stats": {
    "vg_unique_min": 0.4981051919402839,
    "vg_unique_max": 5.34413221658574,
    "vg_unique_sat_lo": 0.0,
    "vg_unique_sat_hi": 0.0
  }
}