{
  "epoch": 7,
  "config": {
    "seed": 2,
    "gamma": 0.3,
    "margin": 0.1,
    "delta": 0.02,
    "input_vmin": 0.0,
    "input_vmax": 1.0,
    "rails": [
      0.0,
      0.45
    ],
    "solver": "klu",
    "body_tie": "floating",
    "body_res": 10.0,
    "rs_clamp": 10.0,
    "model_vto": 0.75,
    "vg_cutoff": 0.75,
    "vg_cutoff_epochs": 4,
    "vg_init": {
      "mode": "random",
      "lo": 0.75,
      "hi": 3.0,
      "fixed": 2.0
    },
    "epochs": 100,
    "device_include_path": "/home/ma-lab/Desktop/pyclln-final/device_model/nmos_lvl1_ald1106.lib",
    "device_subckt": "NMOSWRAP"
  },
  "train": {
    "acc": 0.8649965205288797,
    "hinge": 0.0638740059846904,
    "n_free": 1437,
    "n_clamp": 1418,
    "hinge_active": 1418,
    "hinge_active_frac": 0.9867780097425192,
    "skipped": 19,
    "reload_free": 0,
    "reload_clamp": 0,
    "nonfinite_free": 0,
    "nonfinite_clamp": 0
  },
  "val": {
    "acc": 0.8611111111111112,
    "hinge": 0.061638946666666763,
    "test_gap_mean": 0.038583035,
    "test_gap_median": 0.038410749999999966,
    "test_gap_std": 0.03547942303108471,
    "test_satisfy_frac": 0.03611111111111111,
    "test_hinge_mean": 0.061638946666666666,
    "val_reloads": 0.0,
    "val_nonfinite": 0.0
  },
  "timing_s": {
    "epoch_total": 193.47671008110046,
    "train_free": 80.90029525756836,
    "train_clamp": 79.13500928878784,
    "train_update": 3.4045653343200684
  },
  "vg_stats": {
    "vg_unique_min": 0.4,
    "vg_unique_max": 3.8986807611929266,
    "vg_unique_sat_lo": 5.0,
    "vg_unique_sat_hi": 0.0
  }
}