{
  "epoch": 33,
  "config": {
    "seed": 2,
    "gamma": 0.3,
    "margin": 0.1,
    "delta": 0.02,
    "input_vmin": 0.0,
    "input_vmax": 1.0,
    "rails": [
      0.0,
      0.45
    ],
    "solver": "klu",
    "body_tie": "floating",
    "body_res": 10.0,
    "rs_clamp": 10.0,
    "model_vto": 0.75,
    "vg_cutoff": 0.75,
    "vg_cutoff_epochs": 4,
    "vg_init": {
      "mode": "random",
      "lo": 0.75,
      "hi": 3.0,
      "fixed": 2.0
    },
    "epochs": 100,
    "device_include_path": "/home/ma-lab/Desktop/pyclln-final/device_model/nmos_lvl1_ald1106.lib",
    "device_subckt": "NMOSWRAP"
  },
  "train": {
    "acc": 0.9491997216423104,
    "hinge": 0.02536889930410575,
    "n_free": 1437,
    "n_clamp": 750,
    "hinge_active": 750,
    "hinge_active_frac": 0.5219206680584552,
    "skipped": 687,
    "reload_free": 0,
    "reload_clamp": 0,
    "nonfinite_free": 0,
    "nonfinite_clamp": 0
  },
  "val": {
    "acc": 0.925,
    "hinge": 0.028465885555555574,
    "test_gap_mean": 0.08916490916666665,
    "test_gap_median": 0.09688745000000004,
    "test_gap_std": 0.05721300623154765,
    "test_satisfy_frac": 0.4777777777777778,
    "test_hinge_mean": 0.02846588555555556,
    "val_reloads": 0.0,
    "val_nonfinite": 0.0
  },
  "timing_s": {
    "epoch_total": 75.65128254890442,
    "train_free": 38.99182677268982,
    "train_clamp": 20.270405530929565,
    "train_update": 1.3440544605255127
  },
  "vg_stats": {
    "vg_unique_min": 0.6609687925781766,
    "vg_unique_max": 5.500162102008934,
    "vg_unique_sat_lo": 0.0,
    "vg_unique_sat_hi": 0.0
  }
}