{
  "test_gap_mean": 0.11007245388888891,
  "test_gap_median": 0.10959920000000001,
  "test_gap_std": 0.06460499779281602,
  "test_satisfy_frac": 0.825,
  "test_hinge_mean": 0.0065137461111111124,
  "val_reloads": 0.0,
  "val_nonfinite": 0.0
}