{
  "test_gap_mean": 0.10817220277777777,
  "test_gap_median": 0.10807319999999995,
  "test_gap_std": 0.06530211663398645,
  "test_satisfy_frac": 0.8111111111111111,
  "test_hinge_mean": 0.00713286388888889,
  "val_reloads": 0.0,
  "val_nonfinite": 0.0
}