{
  "test_gap_mean": 0.10655249722222225,
  "test_gap_median": 0.10923075000000002,
  "test_gap_std": 0.06270456898313306,
  "test_satisfy_frac": 0.8055555555555556,
  "test_hinge_mean": 0.006914728055555555,
  "val_reloads": 0.0,
  "val_nonfinite": 0.0
}