{
  "test_gap_mean": 0.10785463833333334,
  "test_gap_median": 0.11040340000000004,
  "test_gap_std": 0.06217133623181031,
  "test_satisfy_frac": 0.8333333333333334,
  "test_hinge_mean": 0.006797178611111112,
  "val_reloads": 0.0,
  "val_nonfinite": 0.0
}