{
  "test_gap_mean": 0.108669105,
  "test_gap_median": 0.11010134999999999,
  "test_gap_std": 0.06216151094518731,
  "test_satisfy_frac": 0.8361111111111111,
  "test_hinge_mean": 0.006165520277777778,
  "val_reloads": 0.0,
  "val_nonfinite": 0.0
}