{
  "test_gap_mean": 0.10709594472222221,
  "test_gap_median": 0.10819219999999999,
  "test_gap_std": 0.0608537081096271,
  "test_satisfy_frac": 0.8444444444444444,
  "test_hinge_mean": 0.00605568722222222,
  "val_reloads": 0.0,
  "val_nonfinite": 0.0
}