{
  "test_gap_mean": 0.10955614,
  "test_gap_median": 0.10815340000000001,
  "test_gap_std": 0.0635964409160883,
  "test_satisfy_frac": 0.8138888888888889,
  "test_hinge_mean": 0.0062398938888888885,
  "val_reloads": 0.0,
  "val_nonfinite": 0.0
}