{
  "test_gap_mean": 0.10631569222222224,
  "test_gap_median": 0.10630845,
  "test_gap_std": 0.0659434835477863,
  "test_satisfy_frac": 0.8111111111111111,
  "test_hinge_mean": 0.006894131111111111,
  "val_reloads": 0.0,
  "val_nonfinite": 0.0
}