{
  "test_gap_mean": 0.108582165,
  "test_gap_median": 0.10747479999999998,
  "test_gap_std": 0.06339920782747689,
  "test_satisfy_frac": 0.8055555555555556,
  "test_hinge_mean": 0.006349225277777777,
  "val_reloads": 0.0,
  "val_nonfinite": 0.0
}