{
  "test_gap_mean": 0.08232496055555555,
  "test_gap_median": 0.08868300000000001,
  "test_gap_std": 0.049774014590865244,
  "test_satisfy_frac": 0.7361111111111112,
  "test_hinge_mean": 0.008646533055555556,
  "val_reloads": 0.0,
  "val_nonfinite": 0.0
}