{
  "test_gap_mean": 0.10643131194444444,
  "test_gap_median": 0.10741675000000003,
  "test_gap_std": 0.06561111040816094,
  "test_satisfy_frac": 0.825,
  "test_hinge_mean": 0.007428555277777778,
  "val_reloads": 0.0,
  "val_nonfinite": 0.0
}