{
  "test_gap_mean": 0.10799790138888889,
  "test_gap_median": 0.10987195,
  "test_gap_std": 0.0634744126661394,
  "test_satisfy_frac": 0.8361111111111111,
  "test_hinge_mean": 0.006517447777777778,
  "val_reloads": 0.0,
  "val_nonfinite": 0.0
}