{
  "test_gap_mean": 0.08138923027777777,
  "test_gap_median": 0.08643530000000002,
  "test_gap_std": 0.04596273976483742,
  "test_satisfy_frac": 0.7444444444444445,
  "test_hinge_mean": 0.007484264444444445,
  "val_reloads": 0.0,
  "val_nonfinite": 0.0
}