{
  "test_gap_mean": 0.1059831813888889,
  "test_gap_median": 0.09957905000000003,
  "test_gap_std": 0.06349711596677979,
  "test_satisfy_frac": 0.8166666666666667,
  "test_hinge_mean": 0.006584653055555555,
  "val_reloads": 0.0,
  "val_nonfinite": 0.0
}