{
  "epoch": 82,
  "config": {
    "seed": 1,
    "gamma": 3.0,
    "margin": 0.05,
    "delta": 0.05,
    "input_vmin": 0.0,
    "input_vmax": 1.0,
    "rails": [
      0.0,
      0.45
    ],
    "solver": "klu",
    "body_tie": "ground",
    "body_res": 10.0,
    "rs_clamp": 10.0,
    "model_vto": 0.75,
    "vg_cutoff": 0.75,
    "vg_cutoff_epochs": 4,
    "vg_init": {
      "mode": "random",
      "lo": 0.75,
      "hi": 3.0,
      "fixed": 2.0
    },
    "epochs": 100,
    "device_include_path": "/home/ma-lab/Desktop/pyclln-final/device_model/nmos_lvl1_ald1106.lib",
    "device_subckt": "NMOSWRAP"
  },
  "train": {
    "acc": 0.9693806541405706,
    "hinge": 0.004663868267223381,
    "n_free": 1437,
    "n_clamp": 226,
    "hinge_active": 226,
    "hinge_active_frac": 0.15727209464161448,
    "skipped": 1211,
    "reload_free": 0,
    "reload_clamp": 0,
    "nonfinite_free": 0,
    "nonfinite_clamp": 0
  },
  "val": {
    "acc": 0.9611111111111111,
    "hinge": 0.006234328611111112,
    "test_gap_mean": 0.1064000561111111,
    "test_gap_median": 0.10388335000000004,
    "test_gap_std": 0.06275665518853595,
    "test_satisfy_frac": 0.8222222222222222,
    "test_hinge_mean": 0.006234328611111111,
    "val_reloads": 0.0,
    "val_nonfinite": 0.0
  },
  "timing_s": {
    "epoch_total": 13.739285230636597,
    "train_free": 7.31755518913269,
    "train_clamp": 1.1974470615386963,
    "train_update": 0.21620702743530273
  },
  "vg_stats": {
    "vg_unique_min": 0.6158836488359818,
    "vg_unique_max": 6.814276995394872,
    "vg_unique_sat_lo": 0.0,
    "vg_unique_sat_hi": 0.0
  }
}