{
  "epoch": 6,
  "config": {
    "seed": 1,
    "gamma": 3.0,
    "margin": 0.05,
    "delta": 0.05,
    "input_vmin": 0.0,
    "input_vmax": 1.0,
    "rails": [
      0.0,
      0.45
    ],
    "solver": "klu",
    "body_tie": "ground",
    "body_res": 10.0,
    "rs_clamp": 10.0,
    "model_vto": 0.75,
    "vg_cutoff": 0.75,
    "vg_cutoff_epochs": 4,
    "vg_init": {
      "mode": "random",
      "lo": 0.75,
      "hi": 3.0,
      "fixed": 2.0
    },
    "epochs": 100,
    "device_include_path": "/home/ma-lab/Desktop/pyclln-final/device_model/nmos_lvl1_ald1106.lib",
    "device_subckt": "NMOSWRAP"
  },
  "train": {
    "acc": 0.9603340292275574,
    "hinge": 0.006572699443284625,
    "n_free": 1437,
    "n_clamp": 293,
    "hinge_active": 293,
    "hinge_active_frac": 0.20389700765483645,
    "skipped": 1144,
    "reload_free": 0,
    "reload_clamp": 0,
    "nonfinite_free": 0,
    "nonfinite_clamp": 0
  },
  "val": {
    "acc": 0.9472222222222222,
    "hinge": 0.006895914722222227,
    "test_gap_mean": 0.09070778194444445,
    "test_gap_median": 0.0940647,
    "test_gap_std": 0.05048430030892422,
    "test_satisfy_frac": 0.8055555555555556,
    "test_hinge_mean": 0.006895914722222223,
    "val_reloads": 0.0,
    "val_nonfinite": 0.0
  },
  "timing_s": {
    "epoch_total": 44.6354033946991,
    "train_free": 26.212064266204834,
    "train_clamp": 5.316993474960327,
    "train_update": 0.589043140411377
  },
  "vg_stats": {
    "vg_unique_min": 0.4,
    "vg_unique_max": 7.100032340505361,
    "vg_unique_sat_lo": 5.0,
    "vg_unique_sat_hi": 0.0
  }
}