{
  "epoch": 80,
  "config": {
    "seed": 1,
    "gamma": 3.0,
    "margin": 0.05,
    "delta": 0.05,
    "input_vmin": 0.0,
    "input_vmax": 1.0,
    "rails": [
      0.0,
      0.45
    ],
    "solver": "klu",
    "body_tie": "ground",
    "body_res": 10.0,
    "rs_clamp": 10.0,
    "model_vto": 0.75,
    "vg_cutoff": 0.75,
    "vg_cutoff_epochs": 4,
    "vg_init": {
      "mode": "random",
      "lo": 0.75,
      "hi": 3.0,
      "fixed": 2.0
    },
    "epochs": 100,
    "device_include_path": "/home/ma-lab/Desktop/pyclln-final/device_model/nmos_lvl1_ald1106.lib",
    "device_subckt": "NMOSWRAP"
  },
  "train": {
    "acc": 0.9665970772442589,
    "hinge": 0.004726181837160756,
    "n_free": 1437,
    "n_clamp": 216,
    "hinge_active": 216,
    "hinge_active_frac": 0.15031315240083507,
    "skipped": 1221,
    "reload_free": 0,
    "reload_clamp": 0,
    "nonfinite_free": 0,
    "nonfinite_clamp": 0
  },
  "val": {
    "acc": 0.95,
    "hinge": 0.006649737222222222,
    "test_gap_mean": 0.11018115444444446,
    "test_gap_median": 0.11180905000000002,
    "test_gap_std": 0.06558695864075573,
    "test_satisfy_frac": 0.8166666666666667,
    "test_hinge_mean": 0.006649737222222222,
    "val_reloads": 0.0,
    "val_nonfinite": 0.0
  },
  "timing_s": {
    "epoch_total": 14.138566493988037,
    "train_free": 7.6360180377960205,
    "train_clamp": 1.141526460647583,
    "train_update": 0.20439839363098145
  },
  "vg_stats": {
    "vg_unique_min": 0.5493325648774307,
    "vg_unique_max": 6.739128135779683,
    "vg_unique_sat_lo": 0.0,
    "vg_unique_sat_hi": 0.0
  }
}