{
  "epoch": 54,
  "config": {
    "seed": 1,
    "gamma": 3.0,
    "margin": 0.05,
    "delta": 0.05,
    "input_vmin": 0.0,
    "input_vmax": 1.0,
    "rails": [
      0.0,
      0.45
    ],
    "solver": "klu",
    "body_tie": "ground",
    "body_res": 10.0,
    "rs_clamp": 10.0,
    "model_vto": 0.75,
    "vg_cutoff": 0.75,
    "vg_cutoff_epochs": 4,
    "vg_init": {
      "mode": "random",
      "lo": 0.75,
      "hi": 3.0,
      "fixed": 2.0
    },
    "epochs": 100,
    "device_include_path": "/home/ma-lab/Desktop/pyclln-final/device_model/nmos_lvl1_ald1106.lib",
    "device_subckt": "NMOSWRAP"
  },
  "train": {
    "acc": 0.9714683368128044,
    "hinge": 0.004481836882393877,
    "n_free": 1437,
    "n_clamp": 213,
    "hinge_active": 213,
    "hinge_active_frac": 0.14822546972860126,
    "skipped": 1224,
    "reload_free": 0,
    "reload_clamp": 0,
    "nonfinite_free": 0,
    "nonfinite_clamp": 0
  },
  "val": {
    "acc": 0.95,
    "hinge": 0.0065981550000000005,
    "test_gap_mean": 0.10983348666666667,
    "test_gap_median": 0.1107003,
    "test_gap_std": 0.06549551774871519,
    "test_satisfy_frac": 0.8305555555555556,
    "test_hinge_mean": 0.0065981550000000005,
    "val_reloads": 0.0,
    "val_nonfinite": 0.0
  },
  "timing_s": {
    "epoch_total": 14.084480285644531,
    "train_free": 7.962845802307129,
    "train_clamp": 1.153228759765625,
    "train_update": 0.18906140327453613
  },
  "vg_stats": {
    "vg_unique_min": 0.6106951743620314,
    "vg_unique_max": 6.768140429023909,
    "vg_unique_sat_lo": 0.0,
    "vg_unique_sat_hi": 0.0
  }
}