{
  "epoch": 77,
  "config": {
    "seed": 1,
    "gamma": 3.0,
    "margin": 0.05,
    "delta": 0.05,
    "input_vmin": 0.0,
    "input_vmax": 1.0,
    "rails": [
      0.0,
      0.45
    ],
    "solver": "klu",
    "body_tie": "ground",
    "body_res": 10.0,
    "rs_clamp": 10.0,
    "model_vto": 0.75,
    "vg_cutoff": 0.75,
    "vg_cutoff_epochs": 4,
    "vg_init": {
      "mode": "random",
      "lo": 0.75,
      "hi": 3.0,
      "fixed": 2.0
    },
    "epochs": 100,
    "device_include_path": "/home/ma-lab/Desktop/pyclln-final/device_model/nmos_lvl1_ald1106.lib",
    "device_subckt": "NMOSWRAP"
  },
  "train": {
    "acc": 0.9721642310368824,
    "hinge": 0.004567558107167712,
    "n_free": 1437,
    "n_clamp": 202,
    "hinge_active": 202,
    "hinge_active_frac": 0.14057063326374392,
    "skipped": 1235,
    "reload_free": 0,
    "reload_clamp": 0,
    "nonfinite_free": 0,
    "nonfinite_clamp": 0
  },
  "val": {
    "acc": 0.9555555555555556,
    "hinge": 0.006401535,
    "test_gap_mean": 0.11037969944444445,
    "test_gap_median": 0.11101315,
    "test_gap_std": 0.0659776657809848,
    "test_satisfy_frac": 0.8305555555555556,
    "test_hinge_mean": 0.006401535,
    "val_reloads": 0.0,
    "val_nonfinite": 0.0
  },
  "timing_s": {
    "epoch_total": 14.331726789474487,
    "train_free": 7.704777240753174,
    "train_clamp": 1.0697517395019531,
    "train_update": 0.1992940902709961
  },
  "vg_stats": {
    "vg_unique_min": 0.6706912574164099,
    "vg_unique_max": 6.819518961254895,
    "vg_unique_sat_lo": 0.0,
    "vg_unique_sat_hi": 0.0
  }
}