{
  "epoch": 24,
  "config": {
    "seed": 1,
    "gamma": 3.0,
    "margin": 0.05,
    "delta": 0.05,
    "input_vmin": 0.0,
    "input_vmax": 1.0,
    "rails": [
      0.0,
      0.45
    ],
    "solver": "klu",
    "body_tie": "ground",
    "body_res": 10.0,
    "rs_clamp": 10.0,
    "model_vto": 0.75,
    "vg_cutoff": 0.75,
    "vg_cutoff_epochs": 4,
    "vg_init": {
      "mode": "random",
      "lo": 0.75,
      "hi": 3.0,
      "fixed": 2.0
    },
    "epochs": 100,
    "device_include_path": "/home/ma-lab/Desktop/pyclln-final/device_model/nmos_lvl1_ald1106.lib",
    "device_subckt": "NMOSWRAP"
  },
  "train": {
    "acc": 0.9693806541405706,
    "hinge": 0.004595177592205985,
    "n_free": 1437,
    "n_clamp": 214,
    "hinge_active": 214,
    "hinge_active_frac": 0.1489213639526792,
    "skipped": 1223,
    "reload_free": 0,
    "reload_clamp": 0,
    "nonfinite_free": 0,
    "nonfinite_clamp": 0
  },
  "val": {
    "acc": 0.9666666666666667,
    "hinge": 0.005944653888888891,
    "test_gap_mean": 0.10575047444444444,
    "test_gap_median": 0.10502840000000002,
    "test_gap_std": 0.06089013964190172,
    "test_satisfy_frac": 0.8333333333333334,
    "test_hinge_mean": 0.005944653888888888,
    "val_reloads": 0.0,
    "val_nonfinite": 0.0
  },
  "timing_s": {
    "epoch_total": 19.11165976524353,
    "train_free": 10.695902824401855,
    "train_clamp": 1.5927441120147705,
    "train_update": 0.2986476421356201
  },
  "vg_stats": {
    "vg_unique_min": 0.49486346813919996,
    "vg_unique_max": 7.681101783654773,
    "vg_unique_sat_lo": 0.0,
    "vg_unique_sat_hi": 0.0
  }
}