{
  "test_gap_mean": 0.09603724611111111,
  "test_gap_median": 0.08840899999999996,
  "test_gap_std": 0.06585006076167353,
  "test_satisfy_frac": 0.8916666666666667,
  "test_hinge_mean": 0.003317330833333334,
  "val_reloads": 0.0,
  "val_nonfinite": 0.0
}