{
  "test_gap_mean": 0.10068665555555556,
  "test_gap_median": 0.09863274999999999,
  "test_gap_std": 0.06794488410332077,
  "test_satisfy_frac": 0.8805555555555555,
  "test_hinge_mean": 0.0038131216666666664,
  "val_reloads": 0.0,
  "val_nonfinite": 0.0
}