{
  "test_gap_mean": 0.093302025,
  "test_gap_median": 0.09323039999999999,
  "test_gap_std": 0.05977516194190609,
  "test_satisfy_frac": 0.875,
  "test_hinge_mean": 0.003512712222222222,
  "val_reloads": 0.0,
  "val_nonfinite": 0.0
}