{
  "test_gap_mean": 0.09034564305555555,
  "test_gap_median": 0.0917473,
  "test_gap_std": 0.05903790910462396,
  "test_satisfy_frac": 0.8805555555555555,
  "test_hinge_mean": 0.004146156666666667,
  "val_reloads": 0.0,
  "val_nonfinite": 0.0
}