{
  "test_gap_mean": 0.09795665305555556,
  "test_gap_median": 0.09501200000000004,
  "test_gap_std": 0.07160373258864211,
  "test_satisfy_frac": 0.8888888888888888,
  "test_hinge_mean": 0.00436269777777778,
  "val_reloads": 0.0,
  "val_nonfinite": 0.0
}