{
  "test_gap_mean": 0.09119120972222221,
  "test_gap_median": 0.09618775000000004,
  "test_gap_std": 0.06194839982609442,
  "test_satisfy_frac": 0.8777777777777778,
  "test_hinge_mean": 0.004487269166666667,
  "val_reloads": 0.0,
  "val_nonfinite": 0.0
}