{
  "test_gap_mean": 0.09707305666666666,
  "test_gap_median": 0.09648955000000001,
  "test_gap_std": 0.06493104499635542,
  "test_satisfy_frac": 0.8861111111111111,
  "test_hinge_mean": 0.004157633888888889,
  "val_reloads": 0.0,
  "val_nonfinite": 0.0
}