{
  "test_gap_mean": 0.09953504416666664,
  "test_gap_median": 0.09747564999999997,
  "test_gap_std": 0.0661186441680599,
  "test_satisfy_frac": 0.9055555555555556,
  "test_hinge_mean": 0.0035688975,
  "val_reloads": 0.0,
  "val_nonfinite": 0.0
}