{
  "epoch": 28,
  "config": {
    "seed": 2,
    "gamma": 3.0,
    "margin": 0.02,
    "delta": 0.1,
    "input_vmin": 0.0,
    "input_vmax": 1.0,
    "rails": [
      0.0,
      0.45
    ],
    "solver": "klu",
    "body_tie": "ground",
    "body_res": 10.0,
    "rs_clamp": 10.0,
    "model_vto": 0.75,
    "vg_cutoff": 0.75,
    "vg_cutoff_epochs": 4,
    "vg_init": {
      "mode": "fixed",
      "lo": 1.0,
      "hi": 3.0,
      "fixed": 2.0
    },
    "epochs": 100,
    "device_include_path": "/home/ma-lab/Desktop/pyclln-final/device_model/nmos_lvl1_ald1106.lib",
    "device_subckt": "NMOSWRAP"
  },
  "train": {
    "acc": 0.9603340292275574,
    "hinge": 0.0020072040361864985,
    "n_free": 1437,
    "n_clamp": 124,
    "hinge_active": 124,
    "hinge_active_frac": 0.08629088378566457,
    "skipped": 1313,
    "reload_free": 0,
    "reload_clamp": 0,
    "nonfinite_free": 0,
    "nonfinite_clamp": 0
  },
  "val": {
    "acc": 0.9388888888888889,
    "hinge": 0.003645802777777777,
    "test_gap_mean": 0.09408959444444444,
    "test_gap_median": 0.09355750000000002,
    "test_gap_std": 0.06086736869985356,
    "test_satisfy_frac": 0.8944444444444445,
    "test_hinge_mean": 0.003645802777777778,
    "val_reloads": 0.0,
    "val_nonfinite": 0.0
  },
  "timing_s": {
    "epoch_total": 20.94355010986328,
    "train_free": 13.129889488220215,
    "train_clamp": 1.1174488067626953,
    "train_update": 0.16071105003356934
  },
  "vg_stats": {
    "vg_unique_min": 0.4,
    "vg_unique_max": 6.705706233779601,
    "vg_unique_sat_lo": 1.0,
    "vg_unique_sat_hi": 0.0
  }
}