{
  "epoch": 49,
  "config": {
    "seed": 2,
    "gamma": 3.0,
    "margin": 0.02,
    "delta": 0.1,
    "input_vmin": 0.0,
    "input_vmax": 1.0,
    "rails": [
      0.0,
      0.45
    ],
    "solver": "klu",
    "body_tie": "ground",
    "body_res": 10.0,
    "rs_clamp": 10.0,
    "model_vto": 0.75,
    "vg_cutoff": 0.75,
    "vg_cutoff_epochs": 4,
    "vg_init": {
      "mode": "fixed",
      "lo": 1.0,
      "hi": 3.0,
      "fixed": 2.0
    },
    "epochs": 100,
    "device_include_path": "/home/ma-lab/Desktop/pyclln-final/device_model/nmos_lvl1_ald1106.lib",
    "device_subckt": "NMOSWRAP"
  },
  "train": {
    "acc": 0.9624217118997912,
    "hinge": 0.0021490249130132217,
    "n_free": 1437,
    "n_clamp": 122,
    "hinge_active": 122,
    "hinge_active_frac": 0.0848990953375087,
    "skipped": 1315,
    "reload_free": 0,
    "reload_clamp": 0,
    "nonfinite_free": 0,
    "nonfinite_clamp": 0
  },
  "val": {
    "acc": 0.9277777777777778,
    "hinge": 0.0037631319444444435,
    "test_gap_mean": 0.09772121611111112,
    "test_gap_median": 0.09247475000000002,
    "test_gap_std": 0.0669394909051145,
    "test_satisfy_frac": 0.8805555555555555,
    "test_hinge_mean": 0.003763131944444444,
    "val_reloads": 0.0,
    "val_nonfinite": 0.0
  },
  "timing_s": {
    "epoch_total": 19.971264600753784,
    "train_free": 11.824435234069824,
    "train_clamp": 1.0038530826568604,
    "train_update": 0.14756202697753906
  },
  "vg_stats": {
    "vg_unique_min": 0.4,
    "vg_unique_max": 6.478287152919818,
    "vg_unique_sat_lo": 2.0,
    "vg_unique_sat_hi": 0.0
  }
}