{
  "epoch": 40,
  "config": {
    "seed": 2,
    "gamma": 3.0,
    "margin": 0.02,
    "delta": 0.1,
    "input_vmin": 0.0,
    "input_vmax": 1.0,
    "rails": [
      0.0,
      0.45
    ],
    "solver": "klu",
    "body_tie": "ground",
    "body_res": 10.0,
    "rs_clamp": 10.0,
    "model_vto": 0.75,
    "vg_cutoff": 0.75,
    "vg_cutoff_epochs": 4,
    "vg_init": {
      "mode": "fixed",
      "lo": 1.0,
      "hi": 3.0,
      "fixed": 2.0
    },
    "epochs": 100,
    "device_include_path": "/home/ma-lab/Desktop/pyclln-final/device_model/nmos_lvl1_ald1106.lib",
    "device_subckt": "NMOSWRAP"
  },
  "train": {
    "acc": 0.964509394572025,
    "hinge": 0.001976979888656922,
    "n_free": 1437,
    "n_clamp": 117,
    "hinge_active": 117,
    "hinge_active_frac": 0.081419624217119,
    "skipped": 1320,
    "reload_free": 0,
    "reload_clamp": 0,
    "nonfinite_free": 0,
    "nonfinite_clamp": 0
  },
  "val": {
    "acc": 0.9416666666666667,
    "hinge": 0.0037012408333333335,
    "test_gap_mean": 0.09722827972222221,
    "test_gap_median": 0.0951353,
    "test_gap_std": 0.0677157029211115,
    "test_satisfy_frac": 0.9083333333333333,
    "test_hinge_mean": 0.003701240833333334,
    "val_reloads": 0.0,
    "val_nonfinite": 0.0
  },
  "timing_s": {
    "epoch_total": 19.955460786819458,
    "train_free": 11.678961038589478,
    "train_clamp": 0.9560635089874268,
    "train_update": 0.15636539459228516
  },
  "vg_stats": {
    "vg_unique_min": 0.44488618702861005,
    "vg_unique_max": 6.536682009791915,
    "vg_unique_sat_lo": 0.0,
    "vg_unique_sat_hi": 0.0
  }
}