{
  "epoch": 64,
  "config": {
    "seed": 2,
    "gamma": 3.0,
    "margin": 0.02,
    "delta": 0.1,
    "input_vmin": 0.0,
    "input_vmax": 1.0,
    "rails": [
      0.0,
      0.45
    ],
    "solver": "klu",
    "body_tie": "ground",
    "body_res": 10.0,
    "rs_clamp": 10.0,
    "model_vto": 0.75,
    "vg_cutoff": 0.75,
    "vg_cutoff_epochs": 4,
    "vg_init": {
      "mode": "fixed",
      "lo": 1.0,
      "hi": 3.0,
      "fixed": 2.0
    },
    "epochs": 100,
    "device_include_path": "/home/ma-lab/Desktop/pyclln-final/device_model/nmos_lvl1_ald1106.lib",
    "device_subckt": "NMOSWRAP"
  },
  "train": {
    "acc": 0.964509394572025,
    "hinge": 0.0020918749478079333,
    "n_free": 1437,
    "n_clamp": 116,
    "hinge_active": 116,
    "hinge_active_frac": 0.08072372999304106,
    "skipped": 1321,
    "reload_free": 0,
    "reload_clamp": 0,
    "nonfinite_free": 0,
    "nonfinite_clamp": 0
  },
  "val": {
    "acc": 0.9472222222222222,
    "hinge": 0.0034298816666666677,
    "test_gap_mean": 0.0943237386111111,
    "test_gap_median": 0.08780849999999996,
    "test_gap_std": 0.06662407289957697,
    "test_satisfy_frac": 0.8805555555555555,
    "test_hinge_mean": 0.0034298816666666677,
    "val_reloads": 0.0,
    "val_nonfinite": 0.0
  },
  "timing_s": {
    "epoch_total": 14.737203121185303,
    "train_free": 8.342520952224731,
    "train_clamp": 0.6731235980987549,
    "train_update": 0.11340570449829102
  },
  "vg_stats": {
    "vg_unique_min": 0.48005070435505204,
    "vg_unique_max": 5.940741071616907,
    "vg_unique_sat_lo": 0.0,
    "vg_unique_sat_hi": 0.0
  }
}