{
  "test_gap_mean": 0.03933704111111111,
  "test_gap_median": 0.04154574999999999,
  "test_gap_std": 0.020955658062066538,
  "test_satisfy_frac": 0.8388888888888889,
  "test_hinge_mean": 0.0023259458333333327,
  "val_reloads": 0.0,
  "val_nonfinite": 0.0
}