{
  "test_gap_mean": 0.02635931833333333,
  "test_gap_median": 0.02779530000000001,
  "test_gap_std": 0.013979282765639998,
  "test_satisfy_frac": 0.6916666666666667,
  "test_hinge_mean": 0.0032182583333333348,
  "val_reloads": 0.0,
  "val_nonfinite": 0.0
}