{
  "test_gap_mean": 0.035194990277777775,
  "test_gap_median": 0.03634409999999999,
  "test_gap_std": 0.018728913513266946,
  "test_satisfy_frac": 0.8,
  "test_hinge_mean": 0.002422078055555556,
  "val_reloads": 0.0,
  "val_nonfinite": 0.0
}