{
  "test_gap_mean": 0.03131170944444444,
  "test_gap_median": 0.03208204999999997,
  "test_gap_std": 0.016673281511570465,
  "test_satisfy_frac": 0.7722222222222223,
  "test_hinge_mean": 0.0026870330555555564,
  "val_reloads": 0.0,
  "val_nonfinite": 0.0
}