{
  "test_gap_mean": 0.021798575833333337,
  "test_gap_median": 0.02404569999999999,
  "test_gap_std": 0.01220303394565372,
  "test_satisfy_frac": 0.5805555555555556,
  "test_hinge_mean": 0.004180079722222222,
  "val_reloads": 0.0,
  "val_nonfinite": 0.0
}