{
  "test_gap_mean": 0.03876068888888889,
  "test_gap_median": 0.04044629999999999,
  "test_gap_std": 0.0206597344729129,
  "test_satisfy_frac": 0.8333333333333334,
  "test_hinge_mean": 0.0023095125,
  "val_reloads": 0.0,
  "val_nonfinite": 0.0
}