{
  "test_gap_mean": 0.037429654722222226,
  "test_gap_median": 0.038899249999999996,
  "test_gap_std": 0.01998709122773802,
  "test_satisfy_frac": 0.825,
  "test_hinge_mean": 0.002345802777777777,
  "val_reloads": 0.0,
  "val_nonfinite": 0.0
}