{
  "test_gap_mean": 0.040174922777777775,
  "test_gap_median": 0.041372599999999995,
  "test_gap_std": 0.021587282589185932,
  "test_satisfy_frac": 0.8444444444444444,
  "test_hinge_mean": 0.0022930886111111114,
  "val_reloads": 0.0,
  "val_nonfinite": 0.0
}