{
  "test_gap_mean": 0.03838925305555555,
  "test_gap_median": 0.03979465,
  "test_gap_std": 0.020587808817697093,
  "test_satisfy_frac": 0.8277777777777777,
  "test_hinge_mean": 0.002320571944444445,
  "val_reloads": 0.0,
  "val_nonfinite": 0.0
}