{
  "test_gap_mean": 0.04074829277777778,
  "test_gap_median": 0.04225245,
  "test_gap_std": 0.021973414926225256,
  "test_satisfy_frac": 0.8472222222222222,
  "test_hinge_mean": 0.002274901666666667,
  "val_reloads": 0.0,
  "val_nonfinite": 0.0
}