{
  "epoch": 31,
  "config": {
    "seed": 2,
    "gamma": 0.3,
    "margin": 0.02,
    "delta": 0.05,
    "input_vmin": 0.0,
    "input_vmax": 1.0,
    "rails": [
      0.0,
      0.45
    ],
    "solver": "klu",
    "body_tie": "source",
    "body_res": 10.0,
    "rs_clamp": 10.0,
    "model_vto": 0.75,
    "vg_cutoff": 0.75,
    "vg_cutoff_epochs": 4,
    "vg_init": {
      "mode": "fixed",
      "lo": 1.0,
      "hi": 3.0,
      "fixed": 2.0
    },
    "epochs": 100,
    "device_include_path": "/home/ma-lab/Desktop/pyclln-final/device_model/nmos_lvl1_ald1106.lib",
    "device_subckt": "NMOSWRAP"
  },
  "train": {
    "acc": 0.9798190675017397,
    "hinge": 0.0015426997912317316,
    "n_free": 1437,
    "n_clamp": 226,
    "hinge_active": 226,
    "hinge_active_frac": 0.15727209464161448,
    "skipped": 1211,
    "reload_free": 0,
    "reload_clamp": 0,
    "nonfinite_free": 0,
    "nonfinite_clamp": 0
  },
  "val": {
    "acc": 0.9638888888888889,
    "hinge": 0.002571859166666666,
    "test_gap_mean": 0.03315350666666667,
    "test_gap_median": 0.0334686,
    "test_gap_std": 0.017631325445884034,
    "test_satisfy_frac": 0.7833333333333333,
    "test_hinge_mean": 0.0025718591666666663,
    "val_reloads": 0.0,
    "val_nonfinite": 0.0
  },
  "timing_s": {
    "epoch_total": 70.6324405670166,
    "train_free": 44.667667388916016,
    "train_clamp": 6.98514461517334,
    "train_update": 0.6406285762786865
  },
  "vg_stats": {
    "vg_unique_min": 0.6102407994281354,
    "vg_unique_max": 3.7880139112309457,
    "vg_unique_sat_lo": 0.0,
    "vg_unique_sat_hi": 0.0
  }
}