{
  "epoch": 10,
  "config": {
    "seed": 2,
    "gamma": 0.3,
    "margin": 0.02,
    "delta": 0.05,
    "input_vmin": 0.0,
    "input_vmax": 1.0,
    "rails": [
      0.0,
      0.45
    ],
    "solver": "klu",
    "body_tie": "source",
    "body_res": 10.0,
    "rs_clamp": 10.0,
    "model_vto": 0.75,
    "vg_cutoff": 0.75,
    "vg_cutoff_epochs": 4,
    "vg_init": {
      "mode": "fixed",
      "lo": 1.0,
      "hi": 3.0,
      "fixed": 2.0
    },
    "epochs": 100,
    "device_include_path": "/home/ma-lab/Desktop/pyclln-final/device_model/nmos_lvl1_ald1106.lib",
    "device_subckt": "NMOSWRAP"
  },
  "train": {
    "acc": 0.9700765483646486,
    "hinge": 0.0024780281837160733,
    "n_free": 1437,
    "n_clamp": 344,
    "hinge_active": 344,
    "hinge_active_frac": 0.23938761308281142,
    "skipped": 1093,
    "reload_free": 0,
    "reload_clamp": 0,
    "nonfinite_free": 0,
    "nonfinite_clamp": 0
  },
  "val": {
    "acc": 0.95,
    "hinge": 0.0031252766666666674,
    "test_gap_mean": 0.026742460833333336,
    "test_gap_median": 0.028442900000000007,
    "test_gap_std": 0.014321721595109544,
    "test_satisfy_frac": 0.6944444444444444,
    "test_hinge_mean": 0.0031252766666666665,
    "val_reloads": 0.0,
    "val_nonfinite": 0.0
  },
  "timing_s": {
    "epoch_total": 70.07613635063171,
    "train_free": 40.69176697731018,
    "train_clamp": 9.77787470817566,
    "train_update": 1.1241214275360107
  },
  "vg_stats": {
    "vg_unique_min": 0.5999944217174473,
    "vg_unique_max": 3.1936207978515503,
    "vg_unique_sat_lo": 0.0,
    "vg_unique_sat_hi": 0.0
  }
}