{
  "epoch": 48,
  "config": {
    "seed": 2,
    "gamma": 0.3,
    "margin": 0.02,
    "delta": 0.05,
    "input_vmin": 0.0,
    "input_vmax": 1.0,
    "rails": [
      0.0,
      0.45
    ],
    "solver": "klu",
    "body_tie": "source",
    "body_res": 10.0,
    "rs_clamp": 10.0,
    "model_vto": 0.75,
    "vg_cutoff": 0.75,
    "vg_cutoff_epochs": 4,
    "vg_init": {
      "mode": "fixed",
      "lo": 1.0,
      "hi": 3.0,
      "fixed": 2.0
    },
    "epochs": 100,
    "device_include_path": "/home/ma-lab/Desktop/pyclln-final/device_model/nmos_lvl1_ald1106.lib",
    "device_subckt": "NMOSWRAP"
  },
  "train": {
    "acc": 0.9860821155184412,
    "hinge": 0.0012865494084899093,
    "n_free": 1437,
    "n_clamp": 186,
    "hinge_active": 186,
    "hinge_active_frac": 0.12943632567849686,
    "skipped": 1251,
    "reload_free": 0,
    "reload_clamp": 0,
    "nonfinite_free": 0,
    "nonfinite_clamp": 0
  },
  "val": {
    "acc": 0.9694444444444444,
    "hinge": 0.0023989252777777783,
    "test_gap_mean": 0.03571818555555555,
    "test_gap_median": 0.037183499999999994,
    "test_gap_std": 0.018897398142825327,
    "test_satisfy_frac": 0.8166666666666667,
    "test_hinge_mean": 0.0023989252777777783,
    "val_reloads": 0.0,
    "val_nonfinite": 0.0
  },
  "timing_s": {
    "epoch_total": 64.59653878211975,
    "train_free": 41.483161211013794,
    "train_clamp": 5.326565265655518,
    "train_update": 0.49632811546325684
  },
  "vg_stats": {
    "vg_unique_min": 0.6722629828442259,
    "vg_unique_max": 3.924499610407528,
    "vg_unique_sat_lo": 0.0,
    "vg_unique_sat_hi": 0.0
  }
}