{
  "epoch": 94,
  "config": {
    "seed": 2,
    "gamma": 0.3,
    "margin": 0.02,
    "delta": 0.05,
    "input_vmin": 0.0,
    "input_vmax": 1.0,
    "rails": [
      0.0,
      0.45
    ],
    "solver": "klu",
    "body_tie": "source",
    "body_res": 10.0,
    "rs_clamp": 10.0,
    "model_vto": 0.75,
    "vg_cutoff": 0.75,
    "vg_cutoff_epochs": 4,
    "vg_init": {
      "mode": "fixed",
      "lo": 1.0,
      "hi": 3.0,
      "fixed": 2.0
    },
    "epochs": 100,
    "device_include_path": "/home/ma-lab/Desktop/pyclln-final/device_model/nmos_lvl1_ald1106.lib",
    "device_subckt": "NMOSWRAP"
  },
  "train": {
    "acc": 0.9874739039665971,
    "hinge": 0.0009609185803757823,
    "n_free": 1437,
    "n_clamp": 146,
    "hinge_active": 146,
    "hinge_active_frac": 0.10160055671537926,
    "skipped": 1291,
    "reload_free": 0,
    "reload_clamp": 0,
    "nonfinite_free": 0,
    "nonfinite_clamp": 0
  },
  "val": {
    "acc": 0.9583333333333334,
    "hinge": 0.002232345277777779,
    "test_gap_mean": 0.04034595611111111,
    "test_gap_median": 0.04118849999999999,
    "test_gap_std": 0.02162198817372328,
    "test_satisfy_frac": 0.8361111111111111,
    "test_hinge_mean": 0.002232345277777779,
    "val_reloads": 0.0,
    "val_nonfinite": 0.0
  },
  "timing_s": {
    "epoch_total": 64.52215957641602,
    "train_free": 42.95490527153015,
    "train_clamp": 4.359942197799683,
    "train_update": 0.3446164131164551
  },
  "vg_stats": {
    "vg_unique_min": 0.7453051866177699,
    "vg_unique_max": 4.132380239492518,
    "vg_unique_sat_lo": 0.0,
    "vg_unique_sat_hi": 0.0
  }
}