{
  "epoch": 64,
  "config": {
    "seed": 2,
    "gamma": 0.3,
    "margin": 0.02,
    "delta": 0.05,
    "input_vmin": 0.0,
    "input_vmax": 1.0,
    "rails": [
      0.0,
      0.45
    ],
    "solver": "klu",
    "body_tie": "source",
    "body_res": 10.0,
    "rs_clamp": 10.0,
    "model_vto": 0.75,
    "vg_cutoff": 0.75,
    "vg_cutoff_epochs": 4,
    "vg_init": {
      "mode": "fixed",
      "lo": 1.0,
      "hi": 3.0,
      "fixed": 2.0
    },
    "epochs": 100,
    "device_include_path": "/home/ma-lab/Desktop/pyclln-final/device_model/nmos_lvl1_ald1106.lib",
    "device_subckt": "NMOSWRAP"
  },
  "train": {
    "acc": 0.9867780097425192,
    "hinge": 0.0011251750173973548,
    "n_free": 1437,
    "n_clamp": 171,
    "hinge_active": 171,
    "hinge_active_frac": 0.11899791231732777,
    "skipped": 1266,
    "reload_free": 0,
    "reload_clamp": 0,
    "nonfinite_free": 0,
    "nonfinite_clamp": 0
  },
  "val": {
    "acc": 0.9638888888888889,
    "hinge": 0.0023477463888888894,
    "test_gap_mean": 0.03807728722222222,
    "test_gap_median": 0.039041200000000026,
    "test_gap_std": 0.020275308091278938,
    "test_satisfy_frac": 0.8305555555555556,
    "test_hinge_mean": 0.002347746388888889,
    "val_reloads": 0.0,
    "val_nonfinite": 0.0
  },
  "timing_s": {
    "epoch_total": 53.74961709976196,
    "train_free": 35.36974310874939,
    "train_clamp": 4.19093918800354,
    "train_update": 0.3354637622833252
  },
  "vg_stats": {
    "vg_unique_min": 0.7102912581491584,
    "vg_unique_max": 4.045366675187279,
    "vg_unique_sat_lo": 0.0,
    "vg_unique_sat_hi": 0.0
  }
}