{
  "epoch": 39,
  "config": {
    "seed": 2,
    "gamma": 0.3,
    "margin": 0.02,
    "delta": 0.05,
    "input_vmin": 0.0,
    "input_vmax": 1.0,
    "rails": [
      0.0,
      0.45
    ],
    "solver": "klu",
    "body_tie": "source",
    "body_res": 10.0,
    "rs_clamp": 10.0,
    "model_vto": 0.75,
    "vg_cutoff": 0.75,
    "vg_cutoff_epochs": 4,
    "vg_init": {
      "mode": "fixed",
      "lo": 1.0,
      "hi": 3.0,
      "fixed": 2.0
    },
    "epochs": 100,
    "device_include_path": "/home/ma-lab/Desktop/pyclln-final/device_model/nmos_lvl1_ald1106.lib",
    "device_subckt": "NMOSWRAP"
  },
  "train": {
    "acc": 0.9798190675017397,
    "hinge": 0.0014003045233124557,
    "n_free": 1437,
    "n_clamp": 206,
    "hinge_active": 206,
    "hinge_active_frac": 0.14335421016005567,
    "skipped": 1231,
    "reload_free": 0,
    "reload_clamp": 0,
    "nonfinite_free": 0,
    "nonfinite_clamp": 0
  },
  "val": {
    "acc": 0.9666666666666667,
    "hinge": 0.0025114658333333334,
    "test_gap_mean": 0.03394555444444444,
    "test_gap_median": 0.035258150000000016,
    "test_gap_std": 0.018000478035250504,
    "test_satisfy_frac": 0.7916666666666666,
    "test_hinge_mean": 0.0025114658333333334,
    "val_reloads": 0.0,
    "val_nonfinite": 0.0
  },
  "timing_s": {
    "epoch_total": 63.760180950164795,
    "train_free": 40.38355731964111,
    "train_clamp": 5.799681901931763,
    "train_update": 0.44987988471984863
  },
  "vg_stats": {
    "vg_unique_min": 0.6805561774104766,
    "vg_unique_max": 3.844225816785214,
    "vg_unique_sat_lo": 0.0,
    "vg_unique_sat_hi": 0.0
  }
}