{
  "epoch": 43,
  "config": {
    "seed": 2,
    "gamma": 0.3,
    "margin": 0.02,
    "delta": 0.05,
    "input_vmin": 0.0,
    "input_vmax": 1.0,
    "rails": [
      0.0,
      0.45
    ],
    "solver": "klu",
    "body_tie": "source",
    "body_res": 10.0,
    "rs_clamp": 10.0,
    "model_vto": 0.75,
    "vg_cutoff": 0.75,
    "vg_cutoff_epochs": 4,
    "vg_init": {
      "mode": "fixed",
      "lo": 1.0,
      "hi": 3.0,
      "fixed": 2.0
    },
    "epochs": 100,
    "device_include_path": "/home/ma-lab/Desktop/pyclln-final/device_model/nmos_lvl1_ald1106.lib",
    "device_subckt": "NMOSWRAP"
  },
  "train": {
    "acc": 0.9812108559498957,
    "hinge": 0.001351796938065413,
    "n_free": 1437,
    "n_clamp": 197,
    "hinge_active": 197,
    "hinge_active_frac": 0.1370911621433542,
    "skipped": 1240,
    "reload_free": 0,
    "reload_clamp": 0,
    "nonfinite_free": 0,
    "nonfinite_clamp": 0
  },
  "val": {
    "acc": 0.9694444444444444,
    "hinge": 0.0024398036111111126,
    "test_gap_mean": 0.03492275222222223,
    "test_gap_median": 0.03664970000000001,
    "test_gap_std": 0.018424482490339546,
    "test_satisfy_frac": 0.8,
    "test_hinge_mean": 0.002439803611111112,
    "val_reloads": 0.0,
    "val_nonfinite": 0.0
  },
  "timing_s": {
    "epoch_total": 67.83199000358582,
    "train_free": 42.85728716850281,
    "train_clamp": 5.890276193618774,
    "train_update": 0.5118825435638428
  },
  "vg_stats": {
    "vg_unique_min": 0.6185206866130915,
    "vg_unique_max": 3.868018993108636,
    "vg_unique_sat_lo": 0.0,
    "vg_unique_sat_hi": 0.0
  }
}