{
  "test_gap_mean": 0.0253341875,
  "test_gap_median": 0.022524749999999982,
  "test_gap_std": 0.020622456322132443,
  "test_satisfy_frac": 0.0,
  "test_hinge_mean": 0.07466581250000001,
  "val_reloads": 0.0,
  "val_nonfinite": 0.0
}