{
  "test_gap_mean": 0.004782439444444443,
  "test_gap_median": 0.004266500000000006,
  "test_gap_std": 0.003812410609961123,
  "test_satisfy_frac": 0.0,
  "test_hinge_mean": 0.09521756055555555,
  "val_reloads": 0.0,
  "val_nonfinite": 0.0
}