{
  "test_gap_mean": 0.01255287472222222,
  "test_gap_median": 0.011181350000000007,
  "test_gap_std": 0.010050252391526732,
  "test_satisfy_frac": 0.0,
  "test_hinge_mean": 0.08744712527777779,
  "val_reloads": 0.0,
  "val_nonfinite": 0.0
}