{
  "test_gap_mean": 0.02221372388888889,
  "test_gap_median": 0.01977675000000001,
  "test_gap_std": 0.018018030772369117,
  "test_satisfy_frac": 0.0,
  "test_hinge_mean": 0.07778627611111112,
  "val_reloads": 0.0,
  "val_nonfinite": 0.0
}