{
  "test_gap_mean": 0.014971349722222221,
  "test_gap_median": 0.013292049999999972,
  "test_gap_std": 0.012047862974223545,
  "test_satisfy_frac": 0.0,
  "test_hinge_mean": 0.08502865027777778,
  "val_reloads": 0.0,
  "val_nonfinite": 0.0
}