{
  "epoch": 96,
  "config": {
    "seed": 2,
    "gamma": 0.03,
    "margin": 0.1,
    "delta": 0.05,
    "input_vmin": 0.0,
    "input_vmax": 1.0,
    "rails": [
      0.0,
      0.45
    ],
    "solver": "klu",
    "body_tie": "source",
    "body_res": 10.0,
    "rs_clamp": 10.0,
    "model_vto": 0.75,
    "vg_cutoff": 0.75,
    "vg_cutoff_epochs": 4,
    "vg_init": {
      "mode": "fixed",
      "lo": 1.0,
      "hi": 3.0,
      "fixed": 4.0
    },
    "epochs": 100,
    "device_include_path": "/home/ma-lab/Desktop/pyclln-final/device_model/nmos_lvl1_ald1106.lib",
    "device_subckt": "NMOSWRAP"
  },
  "train": {
    "acc": 0.8935281837160751,
    "hinge": 0.0742600453723034,
    "n_free": 1437,
    "n_clamp": 1437,
    "hinge_active": 1437,
    "hinge_active_frac": 1.0,
    "skipped": 0,
    "reload_free": 0,
    "reload_clamp": 0,
    "nonfinite_free": 0,
    "nonfinite_clamp": 0
  },
  "val": {
    "acc": 0.8944444444444445,
    "hinge": 0.07434704416666665,
    "test_gap_mean": 0.025652955833333334,
    "test_gap_median": 0.022831300000000027,
    "test_gap_std": 0.02087088528963039,
    "test_satisfy_frac": 0.0,
    "test_hinge_mean": 0.07434704416666667,
    "val_reloads": 0.0,
    "val_nonfinite": 0.0
  },
  "timing_s": {
    "epoch_total": 95.25119066238403,
    "train_free": 35.27150893211365,
    "train_clamp": 36.31841564178467,
    "train_update": 3.8044517040252686
  },
  "vg_stats": {
    "vg_unique_min": 0.9149249120263983,
    "vg_unique_max": 6.5519364845271415,
    "vg_unique_sat_lo": 0.0,
    "vg_unique_sat_hi": 0.0
  }
}