{
  "epoch": 49,
  "config": {
    "seed": 2,
    "gamma": 0.03,
    "margin": 0.1,
    "delta": 0.05,
    "input_vmin": 0.0,
    "input_vmax": 1.0,
    "rails": [
      0.0,
      0.45
    ],
    "solver": "klu",
    "body_tie": "source",
    "body_res": 10.0,
    "rs_clamp": 10.0,
    "model_vto": 0.75,
    "vg_cutoff": 0.75,
    "vg_cutoff_epochs": 4,
    "vg_init": {
      "mode": "fixed",
      "lo": 1.0,
      "hi": 3.0,
      "fixed": 4.0
    },
    "epochs": 100,
    "device_include_path": "/home/ma-lab/Desktop/pyclln-final/device_model/nmos_lvl1_ald1106.lib",
    "device_subckt": "NMOSWRAP"
  },
  "train": {
    "acc": 0.8990953375086986,
    "hinge": 0.08798043876130816,
    "n_free": 1437,
    "n_clamp": 1437,
    "hinge_active": 1437,
    "hinge_active_frac": 1.0,
    "skipped": 0,
    "reload_free": 0,
    "reload_clamp": 0,
    "nonfinite_free": 0,
    "nonfinite_clamp": 0
  },
  "val": {
    "acc": 0.8972222222222223,
    "hinge": 0.0879631119444445,
    "test_gap_mean": 0.012036888055555556,
    "test_gap_median": 0.01072774999999998,
    "test_gap_std": 0.009637194443618297,
    "test_satisfy_frac": 0.0,
    "test_hinge_mean": 0.08796311194444445,
    "val_reloads": 0.0,
    "val_nonfinite": 0.0
  },
  "timing_s": {
    "epoch_total": 92.09705185890198,
    "train_free": 34.71148419380188,
    "train_clamp": 35.41706418991089,
    "train_update": 3.5982248783111572
  },
  "vg_stats": {
    "vg_unique_min": 2.459486605976973,
    "vg_unique_max": 5.312189592158074,
    "vg_unique_sat_lo": 0.0,
    "vg_unique_sat_hi": 0.0
  }
}