{
  "epoch": 18,
  "config": {
    "seed": 2,
    "gamma": 0.03,
    "margin": 0.1,
    "delta": 0.05,
    "input_vmin": 0.0,
    "input_vmax": 1.0,
    "rails": [
      0.0,
      0.45
    ],
    "solver": "klu",
    "body_tie": "source",
    "body_res": 10.0,
    "rs_clamp": 10.0,
    "model_vto": 0.75,
    "vg_cutoff": 0.75,
    "vg_cutoff_epochs": 4,
    "vg_init": {
      "mode": "fixed",
      "lo": 1.0,
      "hi": 3.0,
      "fixed": 4.0
    },
    "epochs": 100,
    "device_include_path": "/home/ma-lab/Desktop/pyclln-final/device_model/nmos_lvl1_ald1106.lib",
    "device_subckt": "NMOSWRAP"
  },
  "train": {
    "acc": 0.9032707028531664,
    "hinge": 0.09579030285316638,
    "n_free": 1437,
    "n_clamp": 1437,
    "hinge_active": 1437,
    "hinge_active_frac": 1.0,
    "skipped": 0,
    "reload_free": 0,
    "reload_clamp": 0,
    "nonfinite_free": 0,
    "nonfinite_clamp": 0
  },
  "val": {
    "acc": 0.8944444444444445,
    "hinge": 0.09569823583333352,
    "test_gap_mean": 0.004301764166666666,
    "test_gap_median": 0.0038559999999999706,
    "test_gap_std": 0.003439513514376282,
    "test_satisfy_frac": 0.0,
    "test_hinge_mean": 0.09569823583333334,
    "val_reloads": 0.0,
    "val_nonfinite": 0.0
  },
  "timing_s": {
    "epoch_total": 95.28545784950256,
    "train_free": 35.02129364013672,
    "train_clamp": 35.73427987098694,
    "train_update": 3.9117729663848877
  },
  "vg_stats": {
    "vg_unique_min": 3.436270211990495,
    "vg_unique_max": 4.485407092315928,
    "vg_unique_sat_lo": 0.0,
    "vg_unique_sat_hi": 0.0
  }
}