{
  "test_gap_mean": 0.05889368777777777,
  "test_gap_median": 0.06075744999999999,
  "test_gap_std": 0.03479717419787314,
  "test_satisfy_frac": 0.8722222222222222,
  "test_hinge_mean": 0.002758760833333334,
  "val_reloads": 0.0,
  "val_nonfinite": 0.0
}