{
  "test_gap_mean": 0.03110388638888889,
  "test_gap_median": 0.0341539,
  "test_gap_std": 0.015542094325387149,
  "test_satisfy_frac": 0.7694444444444445,
  "test_hinge_mean": 0.0025692991666666663,
  "val_reloads": 0.0,
  "val_nonfinite": 0.0
}