{
  "test_gap_mean": 0.06078972527777778,
  "test_gap_median": 0.06325360000000002,
  "test_gap_std": 0.03544024048064964,
  "test_satisfy_frac": 0.8555555555555555,
  "test_hinge_mean": 0.0026183649999999997,
  "val_reloads": 0.0,
  "val_nonfinite": 0.0
}