{
  "test_gap_mean": 0.027819194444444445,
  "test_gap_median": 0.02935385,
  "test_gap_std": 0.014210139976496916,
  "test_satisfy_frac": 0.7444444444444445,
  "test_hinge_mean": 0.0028577169444444447,
  "val_reloads": 0.0,
  "val_nonfinite": 0.0
}