{
  "test_gap_mean": 0.05914682111111112,
  "test_gap_median": 0.05956895000000001,
  "test_gap_std": 0.03539392295251637,
  "test_satisfy_frac": 0.8694444444444445,
  "test_hinge_mean": 0.002949301666666667,
  "val_reloads": 0.0,
  "val_nonfinite": 0.0
}