{
  "test_gap_mean": 0.06685445527777778,
  "test_gap_median": 0.06876080000000001,
  "test_gap_std": 0.04257180761990296,
  "test_satisfy_frac": 0.8722222222222222,
  "test_hinge_mean": 0.003043988611111111,
  "val_reloads": 0.0,
  "val_nonfinite": 0.0
}