{
  "test_gap_mean": 0.062144355833333324,
  "test_gap_median": 0.06428130000000001,
  "test_gap_std": 0.0383204913605432,
  "test_satisfy_frac": 0.85,
  "test_hinge_mean": 0.003006671388888889,
  "val_reloads": 0.0,
  "val_nonfinite": 0.0
}