{
  "test_gap_mean": 0.04247599111111111,
  "test_gap_median": 0.043870900000000004,
  "test_gap_std": 0.02324175318580714,
  "test_satisfy_frac": 0.8388888888888889,
  "test_hinge_mean": 0.0023997136111111117,
  "val_reloads": 0.0,
  "val_nonfinite": 0.0
}