{
  "test_gap_mean": 0.062245055277777774,
  "test_gap_median": 0.06437635000000003,
  "test_gap_std": 0.038577778670580626,
  "test_satisfy_frac": 0.8722222222222222,
  "test_hinge_mean": 0.003134187499999999,
  "val_reloads": 0.0,
  "val_nonfinite": 0.0
}