{
  "epoch": 39,
  "config": {
    "seed": 1,
    "gamma": 0.3,
    "margin": 0.02,
    "delta": 0.1,
    "input_vmin": 0.0,
    "input_vmax": 1.0,
    "rails": [
      0.0,
      0.45
    ],
    "solver": "klu",
    "body_tie": "floating",
    "body_res": 10.0,
    "rs_clamp": 10.0,
    "model_vto": 0.75,
    "vg_cutoff": 0.75,
    "vg_cutoff_epochs": 4,
    "vg_init": {
      "mode": "fixed",
      "lo": 1.0,
      "hi": 3.0,
      "fixed": 2.0
    },
    "epochs": 100,
    "device_include_path": "/home/ma-lab/Desktop/pyclln-final/device_model/nmos_lvl1_ald1106.lib",
    "device_subckt": "NMOSWRAP"
  },
  "train": {
    "acc": 0.977731384829506,
    "hinge": 0.0012943974251913705,
    "n_free": 1437,
    "n_clamp": 138,
    "hinge_active": 138,
    "hinge_active_frac": 0.09603340292275574,
    "skipped": 1299,
    "reload_free": 0,
    "reload_clamp": 0,
    "nonfinite_free": 0,
    "nonfinite_clamp": 0
  },
  "val": {
    "acc": 0.9527777777777777,
    "hinge": 0.002429523055555556,
    "test_gap_mean": 0.049780355277777785,
    "test_gap_median": 0.051730849999999995,
    "test_gap_std": 0.028639187808108993,
    "test_satisfy_frac": 0.8611111111111112,
    "test_hinge_mean": 0.002429523055555556,
    "val_reloads": 0.0,
    "val_nonfinite": 0.0
  },
  "timing_s": {
    "epoch_total": 106.66147875785828,
    "train_free": 74.02970719337463,
    "train_clamp": 7.139082908630371,
    "train_update": 0.33248376846313477
  },
  "vg_stats": {
    "vg_unique_min": 0.5366615602909457,
    "vg_unique_max": 3.7195030806197042,
    "vg_unique_sat_lo": 0.0,
    "vg_unique_sat_hi": 0.0
  }
}