{
  "epoch": 24,
  "config": {
    "seed": 1,
    "gamma": 0.3,
    "margin": 0.02,
    "delta": 0.1,
    "input_vmin": 0.0,
    "input_vmax": 1.0,
    "rails": [
      0.0,
      0.45
    ],
    "solver": "klu",
    "body_tie": "floating",
    "body_res": 10.0,
    "rs_clamp": 10.0,
    "model_vto": 0.75,
    "vg_cutoff": 0.75,
    "vg_cutoff_epochs": 4,
    "vg_init": {
      "mode": "fixed",
      "lo": 1.0,
      "hi": 3.0,
      "fixed": 2.0
    },
    "epochs": 100,
    "device_include_path": "/home/ma-lab/Desktop/pyclln-final/device_model/nmos_lvl1_ald1106.lib",
    "device_subckt": "NMOSWRAP"
  },
  "train": {
    "acc": 0.9798190675017397,
    "hinge": 0.001341926931106471,
    "n_free": 1437,
    "n_clamp": 159,
    "hinge_active": 159,
    "hinge_active_frac": 0.11064718162839249,
    "skipped": 1278,
    "reload_free": 0,
    "reload_clamp": 0,
    "nonfinite_free": 0,
    "nonfinite_clamp": 0
  },
  "val": {
    "acc": 0.95,
    "hinge": 0.0023806938888888897,
    "test_gap_mean": 0.042388481944444445,
    "test_gap_median": 0.04369199999999998,
    "test_gap_std": 0.022675903715989203,
    "test_satisfy_frac": 0.8611111111111112,
    "test_hinge_mean": 0.0023806938888888893,
    "val_reloads": 0.0,
    "val_nonfinite": 0.0
  },
  "timing_s": {
    "epoch_total": 132.82883381843567,
    "train_free": 91.07116222381592,
    "train_clamp": 10.096009254455566,
    "train_update": 0.4068632125854492
  },
  "vg_stats": {
    "vg_unique_min": 0.5956968846027696,
    "vg_unique_max": 3.5428496169888724,
    "vg_unique_sat_lo": 0.0,
    "vg_unique_sat_hi": 0.0
  }
}