{
  "epoch": 89,
  "config": {
    "seed": 1,
    "gamma": 0.3,
    "margin": 0.02,
    "delta": 0.1,
    "input_vmin": 0.0,
    "input_vmax": 1.0,
    "rails": [
      0.0,
      0.45
    ],
    "solver": "klu",
    "body_tie": "floating",
    "body_res": 10.0,
    "rs_clamp": 10.0,
    "model_vto": 0.75,
    "vg_cutoff": 0.75,
    "vg_cutoff_epochs": 4,
    "vg_init": {
      "mode": "fixed",
      "lo": 1.0,
      "hi": 3.0,
      "fixed": 2.0
    },
    "epochs": 100,
    "device_include_path": "/home/ma-lab/Desktop/pyclln-final/device_model/nmos_lvl1_ald1106.lib",
    "device_subckt": "NMOSWRAP"
  },
  "train": {
    "acc": 0.977731384829506,
    "hinge": 0.0014348752261656226,
    "n_free": 1437,
    "n_clamp": 128,
    "hinge_active": 128,
    "hinge_active_frac": 0.08907446068197634,
    "skipped": 1309,
    "reload_free": 0,
    "reload_clamp": 0,
    "nonfinite_free": 0,
    "nonfinite_clamp": 0
  },
  "val": {
    "acc": 0.9333333333333333,
    "hinge": 0.003177283888888888,
    "test_gap_mean": 0.06448855583333334,
    "test_gap_median": 0.06528964999999998,
    "test_gap_std": 0.041345175292238946,
    "test_satisfy_frac": 0.8666666666666667,
    "test_hinge_mean": 0.003177283888888889,
    "val_reloads": 0.0,
    "val_nonfinite": 0.0
  },
  "timing_s": {
    "epoch_total": 49.85444641113281,
    "train_free": 34.93194580078125,
    "train_clamp": 3.1237053871154785,
    "train_update": 0.2016582489013672
  },
  "vg_stats": {
    "vg_unique_min": 0.6565053874725942,
    "vg_unique_max": 3.896858930221717,
    "vg_unique_sat_lo": 0.0,
    "vg_unique_sat_hi": 0.0
  }
}