{
  "test_gap_mean": 0.043088421111111115,
  "test_gap_median": 0.04422865000000001,
  "test_gap_std": 0.02398726558715406,
  "test_satisfy_frac": 0.8555555555555555,
  "test_hinge_mean": 0.002400270555555555,
  "val_reloads": 0.0,
  "val_nonfinite": 0.0
}