{
  "test_gap_mean": 0.04546771611111111,
  "test_gap_median": 0.04721304999999998,
  "test_gap_std": 0.02584248234041653,
  "test_satisfy_frac": 0.8444444444444444,
  "test_hinge_mean": 0.0025680847222222213,
  "val_reloads": 0.0,
  "val_nonfinite": 0.0
}