{
  "test_gap_mean": 0.04047360888888889,
  "test_gap_median": 0.042047100000000004,
  "test_gap_std": 0.022792614832191662,
  "test_satisfy_frac": 0.8444444444444444,
  "test_hinge_mean": 0.0026345658333333335,
  "val_reloads": 0.0,
  "val_nonfinite": 0.0
}