{
  "test_gap_mean": 0.03661817083333334,
  "test_gap_median": 0.03773234999999997,
  "test_gap_std": 0.02044279965597258,
  "test_satisfy_frac": 0.825,
  "test_hinge_mean": 0.002637618888888889,
  "val_reloads": 0.0,
  "val_nonfinite": 0.0
}