{
  "test_gap_mean": 0.052574217500000006,
  "test_gap_median": 0.05228814999999998,
  "test_gap_std": 0.03135408791869357,
  "test_satisfy_frac": 0.8833333333333333,
  "test_hinge_mean": 0.0027032969444444445,
  "val_reloads": 0.0,
  "val_nonfinite": 0.0
}