{
  "test_gap_mean": 0.03703086611111111,
  "test_gap_median": 0.03846854999999999,
  "test_gap_std": 0.020626293393398967,
  "test_satisfy_frac": 0.8194444444444444,
  "test_hinge_mean": 0.0026694849999999997,
  "val_reloads": 0.0,
  "val_nonfinite": 0.0
}