{
  "test_gap_mean": 0.042810105833333334,
  "test_gap_median": 0.0446743,
  "test_gap_std": 0.023873579876275,
  "test_satisfy_frac": 0.8611111111111112,
  "test_hinge_mean": 0.0024878808333333334,
  "val_reloads": 0.0,
  "val_nonfinite": 0.0
}