{
  "test_gap_mean": 0.05197033944444445,
  "test_gap_median": 0.05277699999999999,
  "test_gap_std": 0.03009680200029841,
  "test_satisfy_frac": 0.8777777777777778,
  "test_hinge_mean": 0.0025256266666666663,
  "val_reloads": 0.0,
  "val_nonfinite": 0.0
}