{
  "test_gap_mean": 0.04607862416666667,
  "test_gap_median": 0.048282349999999974,
  "test_gap_std": 0.025801595060417817,
  "test_satisfy_frac": 0.8416666666666667,
  "test_hinge_mean": 0.0025224358333333324,
  "val_reloads": 0.0,
  "val_nonfinite": 0.0
}