{
  "test_gap_mean": 0.03614845083333334,
  "test_gap_median": 0.037722299999999986,
  "test_gap_std": 0.020266445662599802,
  "test_satisfy_frac": 0.8055555555555556,
  "test_hinge_mean": 0.0027246422222222226,
  "val_reloads": 0.0,
  "val_nonfinite": 0.0
}