{
  "epoch": 41,
  "config": {
    "seed": 0,
    "gamma": 3.0,
    "margin": 0.02,
    "delta": 0.05,
    "input_vmin": 0.0,
    "input_vmax": 1.0,
    "rails": [
      0.0,
      0.45
    ],
    "solver": "klu",
    "body_tie": "floating",
    "body_res": 10.0,
    "rs_clamp": 10.0,
    "model_vto": 0.75,
    "vg_cutoff": 0.75,
    "vg_cutoff_epochs": 4,
    "vg_init": {
      "mode": "random",
      "lo": 1.0,
      "hi": 6.0,
      "fixed": 2.0
    },
    "epochs": 100,
    "device_include_path": "/home/ma-lab/Desktop/pyclln-final/device_model/nmos_lvl1_ald1106.lib",
    "device_subckt": "NMOSWRAP"
  },
  "train": {
    "acc": 0.9867780097425192,
    "hinge": 0.0009219750173973555,
    "n_free": 1437,
    "n_clamp": 135,
    "hinge_active": 135,
    "hinge_active_frac": 0.09394572025052192,
    "skipped": 1302,
    "reload_free": 0,
    "reload_clamp": 0,
    "nonfinite_free": 0,
    "nonfinite_clamp": 0
  },
  "val": {
    "acc": 0.9472222222222222,
    "hinge": 0.0025731163888888884,
    "test_gap_mean": 0.04303070888888889,
    "test_gap_median": 0.04380899999999999,
    "test_gap_std": 0.024246053492624292,
    "test_satisfy_frac": 0.8472222222222222,
    "test_hinge_mean": 0.0025731163888888893,
    "val_reloads": 0.0,
    "val_nonfinite": 0.0
  },
  "timing_s": {
    "epoch_total": 119.82818746566772,
    "train_free": 87.4363603591919,
    "train_clamp": 8.294334173202515,
    "train_update": 0.28566575050354004
  },
  "vg_stats": {
    "vg_unique_min": 0.5002357581366932,
    "vg_unique_max": 8.0,
    "vg_unique_sat_lo": 0.0,
    "vg_unique_sat_hi": 2.0
  }
}