{
  "epoch": 39,
  "config": {
    "seed": 0,
    "gamma": 3.0,
    "margin": 0.02,
    "delta": 0.05,
    "input_vmin": 0.0,
    "input_vmax": 1.0,
    "rails": [
      0.0,
      0.45
    ],
    "solver": "klu",
    "body_tie": "floating",
    "body_res": 10.0,
    "rs_clamp": 10.0,
    "model_vto": 0.75,
    "vg_cutoff": 0.75,
    "vg_cutoff_epochs": 4,
    "vg_init": {
      "mode": "random",
      "lo": 1.0,
      "hi": 6.0,
      "fixed": 2.0
    },
    "epochs": 100,
    "device_include_path": "/home/ma-lab/Desktop/pyclln-final/device_model/nmos_lvl1_ald1106.lib",
    "device_subckt": "NMOSWRAP"
  },
  "train": {
    "acc": 0.9874739039665971,
    "hinge": 0.0009343224077940152,
    "n_free": 1437,
    "n_clamp": 139,
    "hinge_active": 139,
    "hinge_active_frac": 0.09672929714683368,
    "skipped": 1298,
    "reload_free": 0,
    "reload_clamp": 0,
    "nonfinite_free": 0,
    "nonfinite_clamp": 0
  },
  "val": {
    "acc": 0.9555555555555556,
    "hinge": 0.0024002705555555555,
    "test_gap_mean": 0.043088421111111115,
    "test_gap_median": 0.04422865000000001,
    "test_gap_std": 0.02398726558715406,
    "test_satisfy_frac": 0.8555555555555555,
    "test_hinge_mean": 0.002400270555555555,
    "val_reloads": 0.0,
    "val_nonfinite": 0.0
  },
  "timing_s": {
    "epoch_total": 119.69160556793213,
    "train_free": 86.62627029418945,
    "train_clamp": 8.336668252944946,
    "train_update": 0.2811267375946045
  },
  "vg_stats": {
    "vg_unique_min": 0.6254303615896206,
    "vg_unique_max": 8.0,
    "vg_unique_sat_lo": 0.0,
    "vg_unique_sat_hi": 1.0
  }
}