{
  "epoch": 79,
  "config": {
    "seed": 0,
    "gamma": 3.0,
    "margin": 0.02,
    "delta": 0.05,
    "input_vmin": 0.0,
    "input_vmax": 1.0,
    "rails": [
      0.0,
      0.45
    ],
    "solver": "klu",
    "body_tie": "floating",
    "body_res": 10.0,
    "rs_clamp": 10.0,
    "model_vto": 0.75,
    "vg_cutoff": 0.75,
    "vg_cutoff_epochs": 4,
    "vg_init": {
      "mode": "random",
      "lo": 1.0,
      "hi": 6.0,
      "fixed": 2.0
    },
    "epochs": 100,
    "device_include_path": "/home/ma-lab/Desktop/pyclln-final/device_model/nmos_lvl1_ald1106.lib",
    "device_subckt": "NMOSWRAP"
  },
  "train": {
    "acc": 0.9916492693110647,
    "hinge": 0.0006544272094641617,
    "n_free": 1437,
    "n_clamp": 97,
    "hinge_active": 97,
    "hinge_active_frac": 0.0675017397355602,
    "skipped": 1340,
    "reload_free": 0,
    "reload_clamp": 0,
    "nonfinite_free": 0,
    "nonfinite_clamp": 0
  },
  "val": {
    "acc": 0.9527777777777777,
    "hinge": 0.0024566938888888894,
    "test_gap_mean": 0.05040275138888888,
    "test_gap_median": 0.04955094999999998,
    "test_gap_std": 0.029574812888137285,
    "test_satisfy_frac": 0.8611111111111112,
    "test_hinge_mean": 0.0024566938888888894,
    "val_reloads": 0.0,
    "val_nonfinite": 0.0
  },
  "timing_s": {
    "epoch_total": 81.39024138450623,
    "train_free": 54.97251892089844,
    "train_clamp": 3.7747018337249756,
    "train_update": 0.16112470626831055
  },
  "vg_stats": {
    "vg_unique_min": 0.6311244535731582,
    "vg_unique_max": 7.97640807910385,
    "vg_unique_sat_lo": 0.0,
    "vg_unique_sat_hi": 0.0
  }
}