{
  "epoch": 18,
  "config": {
    "seed": 0,
    "gamma": 3.0,
    "margin": 0.02,
    "delta": 0.05,
    "input_vmin": 0.0,
    "input_vmax": 1.0,
    "rails": [
      0.0,
      0.45
    ],
    "solver": "klu",
    "body_tie": "floating",
    "body_res": 10.0,
    "rs_clamp": 10.0,
    "model_vto": 0.75,
    "vg_cutoff": 0.75,
    "vg_cutoff_epochs": 4,
    "vg_init": {
      "mode": "random",
      "lo": 1.0,
      "hi": 6.0,
      "fixed": 2.0
    },
    "epochs": 100,
    "device_include_path": "/home/ma-lab/Desktop/pyclln-final/device_model/nmos_lvl1_ald1106.lib",
    "device_subckt": "NMOSWRAP"
  },
  "train": {
    "acc": 0.9812108559498957,
    "hinge": 0.0013622837160751561,
    "n_free": 1437,
    "n_clamp": 170,
    "hinge_active": 170,
    "hinge_active_frac": 0.11830201809324982,
    "skipped": 1267,
    "reload_free": 0,
    "reload_clamp": 0,
    "nonfinite_free": 0,
    "nonfinite_clamp": 0
  },
  "val": {
    "acc": 0.9555555555555556,
    "hinge": 0.0026155016666666677,
    "test_gap_mean": 0.0386171425,
    "test_gap_median": 0.03959449999999998,
    "test_gap_std": 0.021542851412626404,
    "test_satisfy_frac": 0.8361111111111111,
    "test_hinge_mean": 0.0026155016666666677,
    "val_reloads": 0.0,
    "val_nonfinite": 0.0
  },
  "timing_s": {
    "epoch_total": 143.31452012062073,
    "train_free": 101.32229351997375,
    "train_clamp": 12.2343168258667,
    "train_update": 0.4206671714782715
  },
  "vg_stats": {
    "vg_unique_min": 0.42525817457571985,
    "vg_unique_max": 7.999962286417519,
    "vg_unique_sat_lo": 0.0,
    "vg_unique_sat_hi": 0.0
  }
}