{
  "epoch": 93,
  "config": {
    "seed": 0,
    "gamma": 3.0,
    "margin": 0.02,
    "delta": 0.05,
    "input_vmin": 0.0,
    "input_vmax": 1.0,
    "rails": [
      0.0,
      0.45
    ],
    "solver": "klu",
    "body_tie": "floating",
    "body_res": 10.0,
    "rs_clamp": 10.0,
    "model_vto": 0.75,
    "vg_cutoff": 0.75,
    "vg_cutoff_epochs": 4,
    "vg_init": {
      "mode": "random",
      "lo": 1.0,
      "hi": 6.0,
      "fixed": 2.0
    },
    "epochs": 100,
    "device_include_path": "/home/ma-lab/Desktop/pyclln-final/device_model/nmos_lvl1_ald1106.lib",
    "device_subckt": "NMOSWRAP"
  },
  "train": {
    "acc": 0.9916492693110647,
    "hinge": 0.0005425316631871958,
    "n_free": 1437,
    "n_clamp": 93,
    "hinge_active": 93,
    "hinge_active_frac": 0.06471816283924843,
    "skipped": 1344,
    "reload_free": 0,
    "reload_clamp": 0,
    "nonfinite_free": 0,
    "nonfinite_clamp": 0
  },
  "val": {
    "acc": 0.9527777777777777,
    "hinge": 0.002641765833333334,
    "test_gap_mean": 0.051731606944444446,
    "test_gap_median": 0.052316500000000016,
    "test_gap_std": 0.030956519370417518,
    "test_satisfy_frac": 0.8638888888888889,
    "test_hinge_mean": 0.0026417658333333332,
    "val_reloads": 0.0,
    "val_nonfinite": 0.0
  },
  "timing_s": {
    "epoch_total": 84.50069522857666,
    "train_free": 59.76304388046265,
    "train_clamp": 3.8851451873779297,
    "train_update": 0.17706012725830078
  },
  "vg_stats": {
    "vg_unique_min": 0.5939613890179579,
    "vg_unique_max": 8.0,
    "vg_unique_sat_lo": 0.0,
    "vg_unique_sat_hi": 1.0
  }
}