{
  "epoch": 69,
  "config": {
    "seed": 0,
    "gamma": 3.0,
    "margin": 0.02,
    "delta": 0.05,
    "input_vmin": 0.0,
    "input_vmax": 1.0,
    "rails": [
      0.0,
      0.45
    ],
    "solver": "klu",
    "body_tie": "floating",
    "body_res": 10.0,
    "rs_clamp": 10.0,
    "model_vto": 0.75,
    "vg_cutoff": 0.75,
    "vg_cutoff_epochs": 4,
    "vg_init": {
      "mode": "random",
      "lo": 1.0,
      "hi": 6.0,
      "fixed": 2.0
    },
    "epochs": 100,
    "device_include_path": "/home/ma-lab/Desktop/pyclln-final/device_model/nmos_lvl1_ald1106.lib",
    "device_subckt": "NMOSWRAP"
  },
  "train": {
    "acc": 0.9902574808629089,
    "hinge": 0.0007297634655532356,
    "n_free": 1437,
    "n_clamp": 116,
    "hinge_active": 116,
    "hinge_active_frac": 0.08072372999304106,
    "skipped": 1321,
    "reload_free": 0,
    "reload_clamp": 0,
    "nonfinite_free": 0,
    "nonfinite_clamp": 0
  },
  "val": {
    "acc": 0.9527777777777777,
    "hinge": 0.002647481666666667,
    "test_gap_mean": 0.04849431361111111,
    "test_gap_median": 0.04911464999999998,
    "test_gap_std": 0.028305203081566675,
    "test_satisfy_frac": 0.8555555555555555,
    "test_hinge_mean": 0.0026474816666666673,
    "val_reloads": 0.0,
    "val_nonfinite": 0.0
  },
  "timing_s": {
    "epoch_total": 99.27788734436035,
    "train_free": 72.48613500595093,
    "train_clamp": 5.939202547073364,
    "train_update": 0.23473381996154785
  },
  "vg_stats": {
    "vg_unique_min": 0.4195581571322276,
    "vg_unique_max": 8.0,
    "vg_unique_sat_lo": 0.0,
    "vg_unique_sat_hi": 1.0
  }
}