{
  "epoch": 80,
  "config": {
    "seed": 0,
    "gamma": 3.0,
    "margin": 0.02,
    "delta": 0.05,
    "input_vmin": 0.0,
    "input_vmax": 1.0,
    "rails": [
      0.0,
      0.45
    ],
    "solver": "klu",
    "body_tie": "floating",
    "body_res": 10.0,
    "rs_clamp": 10.0,
    "model_vto": 0.75,
    "vg_cutoff": 0.75,
    "vg_cutoff_epochs": 4,
    "vg_init": {
      "mode": "random",
      "lo": 1.0,
      "hi": 6.0,
      "fixed": 2.0
    },
    "epochs": 100,
    "device_include_path": "/home/ma-lab/Desktop/pyclln-final/device_model/nmos_lvl1_ald1106.lib",
    "device_subckt": "NMOSWRAP"
  },
  "train": {
    "acc": 0.9930410577592206,
    "hinge": 0.0006606109951287402,
    "n_free": 1437,
    "n_clamp": 102,
    "hinge_active": 102,
    "hinge_active_frac": 0.0709812108559499,
    "skipped": 1335,
    "reload_free": 0,
    "reload_clamp": 0,
    "nonfinite_free": 0,
    "nonfinite_clamp": 0
  },
  "val": {
    "acc": 0.9527777777777777,
    "hinge": 0.002590135277777778,
    "test_gap_mean": 0.050247291388888886,
    "test_gap_median": 0.05050515,
    "test_gap_std": 0.029001428072778845,
    "test_satisfy_frac": 0.875,
    "test_hinge_mean": 0.002590135277777778,
    "val_reloads": 0.0,
    "val_nonfinite": 0.0
  },
  "timing_s": {
    "epoch_total": 95.21140575408936,
    "train_free": 70.66073751449585,
    "train_clamp": 4.969710826873779,
    "train_update": 0.21088194847106934
  },
  "vg_stats": {
    "vg_unique_min": 0.524357762495557,
    "vg_unique_max": 8.0,
    "vg_unique_sat_lo": 0.0,
    "vg_unique_sat_hi": 1.0
  }
}