{
  "epoch": 4,
  "config": {
    "seed": 1,
    "gamma": 0.3,
    "margin": 0.05,
    "delta": 0.02,
    "input_vmin": 0.0,
    "input_vmax": 1.0,
    "rails": [
      0.0,
      0.45
    ],
    "solver": "klu",
    "body_tie": "ground",
    "body_res": 10.0,
    "rs_clamp": 10.0,
    "model_vto": 0.75,
    "vg_cutoff": 0.75,
    "vg_cutoff_epochs": 4,
    "vg_init": {
      "mode": "fixed",
      "lo": 1.0,
      "hi": 3.0,
      "fixed": 2.0
    },
    "epochs": 100,
    "device_include_path": "/home/ma-lab/Desktop/pyclln-final/device_model/nmos_lvl1_ald1106.lib",
    "device_subckt": "NMOSWRAP"
  },
  "train": {
    "acc": 0.9011830201809325,
    "hinge": 0.029987977522616588,
    "n_free": 1437,
    "n_clamp": 1402,
    "hinge_active": 1402,
    "hinge_active_frac": 0.9756437021572721,
    "skipped": 35,
    "reload_free": 0,
    "reload_clamp": 0,
    "nonfinite_free": 0,
    "nonfinite_clamp": 0
  },
  "val": {
    "acc": 0.9138888888888889,
    "hinge": 0.027748763333333325,
    "test_gap_mean": 0.022400773611111112,
    "test_gap_median": 0.02209185000000001,
    "test_gap_std": 0.0166223802258113,
    "test_satisfy_frac": 0.03333333333333333,
    "test_hinge_mean": 0.02774876333333334,
    "val_reloads": 0.0,
    "val_nonfinite": 0.0
  },
  "timing_s": {
    "epoch_total": 80.58031296730042,
    "train_free": 30.028968811035156,
    "train_clamp": 29.031553506851196,
    "train_update": 3.7531893253326416
  },
  "vg_stats": {
    "vg_unique_min": 1.1265526460682278,
    "vg_unique_max": 2.6548606834434594,
    "vg_unique_sat_lo": 0.0,
    "vg_unique_sat_hi": 0.0
  }
}