{
  "test_gap_mean": 0.021344464722222223,
  "test_gap_median": 0.0224631,
  "test_gap_std": 0.011976875739756218,
  "test_satisfy_frac": 0.5972222222222222,
  "test_hinge_mean": 0.004087394166666667,
  "val_reloads": 0.0,
  "val_nonfinite": 0.0
}