{
  "test_gap_mean": 0.02620241194444444,
  "test_gap_median": 0.02798630000000002,
  "test_gap_std": 0.01422100669947637,
  "test_satisfy_frac": 0.7138888888888889,
  "test_hinge_mean": 0.003175738055555556,
  "val_reloads": 0.0,
  "val_nonfinite": 0.0
}