{
  "test_gap_mean": 0.026801758611111115,
  "test_gap_median": 0.028470899999999993,
  "test_gap_std": 0.014553032834463797,
  "test_satisfy_frac": 0.7194444444444444,
  "test_hinge_mean": 0.003104980555555556,
  "val_reloads": 0.0,
  "val_nonfinite": 0.0
}