{
  "epoch": 22,
  "config": {
    "seed": 0,
    "gamma": 0.03,
    "margin": 0.02,
    "delta": 0.1,
    "input_vmin": 0.0,
    "input_vmax": 1.0,
    "rails": [
      0.0,
      0.45
    ],
    "solver": "klu",
    "body_tie": "source",
    "body_res": 10.0,
    "rs_clamp": 10.0,
    "model_vto": 0.75,
    "vg_cutoff": 0.75,
    "vg_cutoff_epochs": 4,
    "vg_init": {
      "mode": "fixed",
      "lo": 1.0,
      "hi": 3.0,
      "fixed": 2.0
    },
    "epochs": 100,
    "device_include_path": "/home/ma-lab/Desktop/pyclln-final/device_model/nmos_lvl1_ald1106.lib",
    "device_subckt": "NMOSWRAP"
  },
  "train": {
    "acc": 0.9596381350034795,
    "hinge": 0.003333852609603341,
    "n_free": 1437,
    "n_clamp": 503,
    "hinge_active": 503,
    "hinge_active_frac": 0.3500347947112039,
    "skipped": 934,
    "reload_free": 0,
    "reload_clamp": 0,
    "nonfinite_free": 0,
    "nonfinite_clamp": 0
  },
  "val": {
    "acc": 0.9472222222222222,
    "hinge": 0.003999981111111111,
    "test_gap_mean": 0.02170373833333333,
    "test_gap_median": 0.02293769999999999,
    "test_gap_std": 0.012128650222271116,
    "test_satisfy_frac": 0.6083333333333333,
    "test_hinge_mean": 0.003999981111111111,
    "val_reloads": 0.0,
    "val_nonfinite": 0.0
  },
  "timing_s": {
    "epoch_total": 57.23700261116028,
    "train_free": 30.76894235610962,
    "train_clamp": 10.719017267227173,
    "train_update": 1.022146463394165
  },
  "vg_stats": {
    "vg_unique_min": 0.8533513972429657,
    "vg_unique_max": 2.818791035253147,
    "vg_unique_sat_lo": 0.0,
    "vg_unique_sat_hi": 0.0
  }
}