{
  "epoch": 20,
  "config": {
    "seed": 0,
    "gamma": 0.03,
    "margin": 0.02,
    "delta": 0.1,
    "input_vmin": 0.0,
    "input_vmax": 1.0,
    "rails": [
      0.0,
      0.45
    ],
    "solver": "klu",
    "body_tie": "source",
    "body_res": 10.0,
    "rs_clamp": 10.0,
    "model_vto": 0.75,
    "vg_cutoff": 0.75,
    "vg_cutoff_epochs": 4,
    "vg_init": {
      "mode": "fixed",
      "lo": 1.0,
      "hi": 3.0,
      "fixed": 2.0
    },
    "epochs": 100,
    "device_include_path": "/home/ma-lab/Desktop/pyclln-final/device_model/nmos_lvl1_ald1106.lib",
    "device_subckt": "NMOSWRAP"
  },
  "train": {
    "acc": 0.9603340292275574,
    "hinge": 0.0035048099512874037,
    "n_free": 1437,
    "n_clamp": 531,
    "hinge_active": 531,
    "hinge_active_frac": 0.3695198329853862,
    "skipped": 906,
    "reload_free": 0,
    "reload_clamp": 0,
    "nonfinite_free": 0,
    "nonfinite_clamp": 0
  },
  "val": {
    "acc": 0.9472222222222222,
    "hinge": 0.004160473888888888,
    "test_gap_mean": 0.021111151944444448,
    "test_gap_median": 0.02254584999999998,
    "test_gap_std": 0.011860048240418407,
    "test_satisfy_frac": 0.5944444444444444,
    "test_hinge_mean": 0.004160473888888889,
    "val_reloads": 0.0,
    "val_nonfinite": 0.0
  },
  "timing_s": {
    "epoch_total": 67.37636494636536,
    "train_free": 35.56177806854248,
    "train_clamp": 13.086913824081421,
    "train_update": 1.427924394607544
  },
  "vg_stats": {
    "vg_unique_min": 0.9011657054590684,
    "vg_unique_max": 2.783604465175891,
    "vg_unique_sat_lo": 0.0,
    "vg_unique_sat_hi": 0.0
  }
}