{
  "epoch": 13,
  "config": {
    "seed": 0,
    "gamma": 0.03,
    "margin": 0.02,
    "delta": 0.1,
    "input_vmin": 0.0,
    "input_vmax": 1.0,
    "rails": [
      0.0,
      0.45
    ],
    "solver": "klu",
    "body_tie": "source",
    "body_res": 10.0,
    "rs_clamp": 10.0,
    "model_vto": 0.75,
    "vg_cutoff": 0.75,
    "vg_cutoff_epochs": 4,
    "vg_init": {
      "mode": "fixed",
      "lo": 1.0,
      "hi": 3.0,
      "fixed": 2.0
    },
    "epochs": 100,
    "device_include_path": "/home/ma-lab/Desktop/pyclln-final/device_model/nmos_lvl1_ald1106.lib",
    "device_subckt": "NMOSWRAP"
  },
  "train": {
    "acc": 0.9471120389700766,
    "hinge": 0.004538666109951287,
    "n_free": 1437,
    "n_clamp": 684,
    "hinge_active": 684,
    "hinge_active_frac": 0.4759916492693111,
    "skipped": 753,
    "reload_free": 0,
    "reload_clamp": 0,
    "nonfinite_free": 0,
    "nonfinite_clamp": 0
  },
  "val": {
    "acc": 0.9472222222222222,
    "hinge": 0.005031541666666662,
    "test_gap_mean": 0.018322866944444443,
    "test_gap_median": 0.019607699999999992,
    "test_gap_std": 0.010731469959852323,
    "test_satisfy_frac": 0.4777777777777778,
    "test_hinge_mean": 0.005031541666666666,
    "val_reloads": 0.0,
    "val_nonfinite": 0.0
  },
  "timing_s": {
    "epoch_total": 70.88604283332825,
    "train_free": 34.72471070289612,
    "train_clamp": 16.47027587890625,
    "train_update": 1.8159301280975342
  },
  "vg_stats": {
    "vg_unique_min": 1.1165109644940265,
    "vg_unique_max": 2.619808277830257,
    "vg_unique_sat_lo": 0.0,
    "vg_unique_sat_hi": 0.0
  }
}