{
  "test_gap_mean": 0.10633610222222221,
  "test_gap_median": 0.10343725000000004,
  "test_gap_std": 0.06638782280288678,
  "test_satisfy_frac": 0.8222222222222222,
  "test_hinge_mean": 0.007123103333333334,
  "val_reloads": 0.0,
  "val_nonfinite": 0.0
}