{
  "test_gap_mean": 0.10421679472222224,
  "test_gap_median": 0.10428715,
  "test_gap_std": 0.06468141527503304,
  "test_satisfy_frac": 0.825,
  "test_hinge_mean": 0.006666354166666667,
  "val_reloads": 0.0,
  "val_nonfinite": 0.0
}