{
  "test_gap_mean": 0.10633613555555556,
  "test_gap_median": 0.10620540000000003,
  "test_gap_std": 0.06510129367331396,
  "test_satisfy_frac": 0.8472222222222222,
  "test_hinge_mean": 0.0068561705555555555,
  "val_reloads": 0.0,
  "val_nonfinite": 0.0
}