{
  "test_gap_mean": 0.10491616666666667,
  "test_gap_median": 0.10504730000000007,
  "test_gap_std": 0.06643164404346397,
  "test_satisfy_frac": 0.8055555555555556,
  "test_hinge_mean": 0.007282608888888887,
  "val_reloads": 0.0,
  "val_nonfinite": 0.0
}