{
  "test_gap_mean": 0.0788354363888889,
  "test_gap_median": 0.07862090000000002,
  "test_gap_std": 0.053585747095995936,
  "test_satisfy_frac": 0.7444444444444445,
  "test_hinge_mean": 0.010420811666666667,
  "val_reloads": 0.0,
  "val_nonfinite": 0.0
}