{
  "test_gap_mean": 0.10753979805555555,
  "test_gap_median": 0.10514980000000007,
  "test_gap_std": 0.06900881807759685,
  "test_satisfy_frac": 0.8333333333333334,
  "test_hinge_mean": 0.0071717077777777765,
  "val_reloads": 0.0,
  "val_nonfinite": 0.0
}