{
  "test_gap_mean": 0.10474014194444443,
  "test_gap_median": 0.10152909999999998,
  "test_gap_std": 0.06714370474383484,
  "test_satisfy_frac": 0.8305555555555556,
  "test_hinge_mean": 0.007574578888888891,
  "val_reloads": 0.0,
  "val_nonfinite": 0.0
}