{
  "test_gap_mean": 0.10105883499999999,
  "test_gap_median": 0.09540464999999998,
  "test_gap_std": 0.06488179052399318,
  "test_satisfy_frac": 0.8222222222222222,
  "test_hinge_mean": 0.007534571666666666,
  "val_reloads": 0.0,
  "val_nonfinite": 0.0
}