{
  "epoch": 1,
  "config": {
    "seed": 0,
    "gamma": 3.0,
    "margin": 0.05,
    "delta": 0.05,
    "input_vmin": 0.0,
    "input_vmax": 1.0,
    "rails": [
      0.0,
      0.45
    ],
    "solver": "klu",
    "body_tie": "ground",
    "body_res": 10.0,
    "rs_clamp": 10.0,
    "model_vto": 0.75,
    "vg_cutoff": 0.75,
    "vg_cutoff_epochs": 4,
    "vg_init": {
      "mode": "random",
      "lo": 1.5,
      "hi": 2.5,
      "fixed": 2.0
    },
    "epochs": 100,
    "device_include_path": "/home/ma-lab/Desktop/pyclln-final/device_model/nmos_lvl1_ald1106.lib",
    "device_subckt": "NMOSWRAP"
  },
  "train": {
    "acc": 0.8545581071677105,
    "hinge": 0.020672604175365334,
    "n_free": 1437,
    "n_clamp": 891,
    "hinge_active": 891,
    "hinge_active_frac": 0.6200417536534447,
    "skipped": 546,
    "reload_free": 0,
    "reload_clamp": 0,
    "nonfinite_free": 0,
    "nonfinite_clamp": 0
  },
  "val": {
    "acc": 0.8972222222222223,
    "hinge": 0.014839703888888901,
    "test_gap_mean": 0.054139609166666665,
    "test_gap_median": 0.05548620000000001,
    "test_gap_std": 0.04152690698409954,
    "test_satisfy_frac": 0.5611111111111111,
    "test_hinge_mean": 0.01483970388888889,
    "val_reloads": 0.0,
    "val_nonfinite": 0.0
  },
  "timing_s": {
    "epoch_total": 60.38516592979431,
    "train_free": 27.379301071166992,
    "train_clamp": 17.110689640045166,
    "train_update": 2.0912740230560303
  },
  "vg_stats": {
    "vg_unique_min": 0.4,
    "vg_unique_max": 4.631433966344273,
    "vg_unique_sat_lo": 17.0,
    "vg_unique_sat_hi": 0.0
  }
}