{
  "epoch": 99,
  "config": {
    "seed": 0,
    "gamma": 3.0,
    "margin": 0.05,
    "delta": 0.05,
    "input_vmin": 0.0,
    "input_vmax": 1.0,
    "rails": [
      0.0,
      0.45
    ],
    "solver": "klu",
    "body_tie": "ground",
    "body_res": 10.0,
    "rs_clamp": 10.0,
    "model_vto": 0.75,
    "vg_cutoff": 0.75,
    "vg_cutoff_epochs": 4,
    "vg_init": {
      "mode": "random",
      "lo": 1.5,
      "hi": 2.5,
      "fixed": 2.0
    },
    "epochs": 100,
    "device_include_path": "/home/ma-lab/Desktop/pyclln-final/device_model/nmos_lvl1_ald1106.lib",
    "device_subckt": "NMOSWRAP"
  },
  "train": {
    "acc": 0.9749478079331941,
    "hinge": 0.004697528670842032,
    "n_free": 1437,
    "n_clamp": 229,
    "hinge_active": 229,
    "hinge_active_frac": 0.1593597773138483,
    "skipped": 1208,
    "reload_free": 0,
    "reload_clamp": 0,
    "nonfinite_free": 0,
    "nonfinite_clamp": 0
  },
  "val": {
    "acc": 0.9472222222222222,
    "hinge": 0.007090204166666667,
    "test_gap_mean": 0.10711265666666665,
    "test_gap_median": 0.10611445,
    "test_gap_std": 0.0666615839289655,
    "test_satisfy_frac": 0.8305555555555556,
    "test_hinge_mean": 0.007090204166666667,
    "val_reloads": 0.0,
    "val_nonfinite": 0.0
  },
  "timing_s": {
    "epoch_total": 14.532815217971802,
    "train_free": 7.663334369659424,
    "train_clamp": 1.2152514457702637,
    "train_update": 0.222306489944458
  },
  "vg_stats": {
    "vg_unique_min": 0.5943047238503799,
    "vg_unique_max": 7.340453524019085,
    "vg_unique_sat_lo": 0.0,
    "vg_unique_sat_hi": 0.0
  }
}