{
  "epoch": 73,
  "config": {
    "seed": 0,
    "gamma": 3.0,
    "margin": 0.05,
    "delta": 0.05,
    "input_vmin": 0.0,
    "input_vmax": 1.0,
    "rails": [
      0.0,
      0.45
    ],
    "solver": "klu",
    "body_tie": "ground",
    "body_res": 10.0,
    "rs_clamp": 10.0,
    "model_vto": 0.75,
    "vg_cutoff": 0.75,
    "vg_cutoff_epochs": 4,
    "vg_init": {
      "mode": "random",
      "lo": 1.5,
      "hi": 2.5,
      "fixed": 2.0
    },
    "epochs": 100,
    "device_include_path": "/home/ma-lab/Desktop/pyclln-final/device_model/nmos_lvl1_ald1106.lib",
    "device_subckt": "NMOSWRAP"
  },
  "train": {
    "acc": 0.9721642310368824,
    "hinge": 0.0047213161447460005,
    "n_free": 1437,
    "n_clamp": 219,
    "hinge_active": 219,
    "hinge_active_frac": 0.1524008350730689,
    "skipped": 1218,
    "reload_free": 0,
    "reload_clamp": 0,
    "nonfinite_free": 0,
    "nonfinite_clamp": 0
  },
  "val": {
    "acc": 0.9555555555555556,
    "hinge": 0.00704134416666667,
    "test_gap_mean": 0.10619404777777777,
    "test_gap_median": 0.10417750000000003,
    "test_gap_std": 0.0671013049363663,
    "test_satisfy_frac": 0.8138888888888889,
    "test_hinge_mean": 0.007041344166666668,
    "val_reloads": 0.0,
    "val_nonfinite": 0.0
  },
  "timing_s": {
    "epoch_total": 15.412156105041504,
    "train_free": 8.359196424484253,
    "train_clamp": 1.2520599365234375,
    "train_update": 0.22336745262145996
  },
  "vg_stats": {
    "vg_unique_min": 0.5276121289818411,
    "vg_unique_max": 7.417003161367657,
    "vg_unique_sat_lo": 0.0,
    "vg_unique_sat_hi": 0.0
  }
}