{
  "epoch": 40,
  "config": {
    "seed": 0,
    "gamma": 3.0,
    "margin": 0.05,
    "delta": 0.05,
    "input_vmin": 0.0,
    "input_vmax": 1.0,
    "rails": [
      0.0,
      0.45
    ],
    "solver": "klu",
    "body_tie": "ground",
    "body_res": 10.0,
    "rs_clamp": 10.0,
    "model_vto": 0.75,
    "vg_cutoff": 0.75,
    "vg_cutoff_epochs": 4,
    "vg_init": {
      "mode": "random",
      "lo": 1.5,
      "hi": 2.5,
      "fixed": 2.0
    },
    "epochs": 100,
    "device_include_path": "/home/ma-lab/Desktop/pyclln-final/device_model/nmos_lvl1_ald1106.lib",
    "device_subckt": "NMOSWRAP"
  },
  "train": {
    "acc": 0.9735560194850382,
    "hinge": 0.004361014474599861,
    "n_free": 1437,
    "n_clamp": 223,
    "hinge_active": 223,
    "hinge_active_frac": 0.15518441196938065,
    "skipped": 1214,
    "reload_free": 0,
    "reload_clamp": 0,
    "nonfinite_free": 0,
    "nonfinite_clamp": 0
  },
  "val": {
    "acc": 0.9583333333333334,
    "hinge": 0.006944615833333335,
    "test_gap_mean": 0.10525631722222223,
    "test_gap_median": 0.09825015000000001,
    "test_gap_std": 0.0665591956241642,
    "test_satisfy_frac": 0.8388888888888889,
    "test_hinge_mean": 0.006944615833333333,
    "val_reloads": 0.0,
    "val_nonfinite": 0.0
  },
  "timing_s": {
    "epoch_total": 16.048704385757446,
    "train_free": 9.010154008865356,
    "train_clamp": 1.4738616943359375,
    "train_update": 0.22682619094848633
  },
  "vg_stats": {
    "vg_unique_min": 0.4842805067380205,
    "vg_unique_max": 7.583451929963783,
    "vg_unique_sat_lo": 0.0,
    "vg_unique_sat_hi": 0.0
  }
}