{
  "epoch": 49,
  "config": {
    "seed": 0,
    "gamma": 3.0,
    "margin": 0.05,
    "delta": 0.05,
    "input_vmin": 0.0,
    "input_vmax": 1.0,
    "rails": [
      0.0,
      0.45
    ],
    "solver": "klu",
    "body_tie": "ground",
    "body_res": 10.0,
    "rs_clamp": 10.0,
    "model_vto": 0.75,
    "vg_cutoff": 0.75,
    "vg_cutoff_epochs": 4,
    "vg_init": {
      "mode": "random",
      "lo": 1.5,
      "hi": 2.5,
      "fixed": 2.0
    },
    "epochs": 100,
    "device_include_path": "/home/ma-lab/Desktop/pyclln-final/device_model/nmos_lvl1_ald1106.lib",
    "device_subckt": "NMOSWRAP"
  },
  "train": {
    "acc": 0.9770354906054279,
    "hinge": 0.004452320320111345,
    "n_free": 1437,
    "n_clamp": 215,
    "hinge_active": 215,
    "hinge_active_frac": 0.14961725817675714,
    "skipped": 1222,
    "reload_free": 0,
    "reload_clamp": 0,
    "nonfinite_free": 0,
    "nonfinite_clamp": 0
  },
  "val": {
    "acc": 0.9555555555555556,
    "hinge": 0.006910324444444444,
    "test_gap_mean": 0.10275242333333333,
    "test_gap_median": 0.09798244999999994,
    "test_gap_std": 0.06532167592681587,
    "test_satisfy_frac": 0.8194444444444444,
    "test_hinge_mean": 0.0069103244444444455,
    "val_reloads": 0.0,
    "val_nonfinite": 0.0
  },
  "timing_s": {
    "epoch_total": 16.273200035095215,
    "train_free": 8.89367151260376,
    "train_clamp": 1.3398749828338623,
    "train_update": 0.2266080379486084
  },
  "vg_stats": {
    "vg_unique_min": 0.48316144842906994,
    "vg_unique_max": 7.371915296400723,
    "vg_unique_sat_lo": 0.0,
    "vg_unique_sat_hi": 0.0
  }
}