{
  "epoch": 92,
  "config": {
    "seed": 0,
    "gamma": 3.0,
    "margin": 0.05,
    "delta": 0.05,
    "input_vmin": 0.0,
    "input_vmax": 1.0,
    "rails": [
      0.0,
      0.45
    ],
    "solver": "klu",
    "body_tie": "ground",
    "body_res": 10.0,
    "rs_clamp": 10.0,
    "model_vto": 0.75,
    "vg_cutoff": 0.75,
    "vg_cutoff_epochs": 4,
    "vg_init": {
      "mode": "random",
      "lo": 1.5,
      "hi": 2.5,
      "fixed": 2.0
    },
    "epochs": 100,
    "device_include_path": "/home/ma-lab/Desktop/pyclln-final/device_model/nmos_lvl1_ald1106.lib",
    "device_subckt": "NMOSWRAP"
  },
  "train": {
    "acc": 0.9665970772442589,
    "hinge": 0.004574131176061238,
    "n_free": 1437,
    "n_clamp": 210,
    "hinge_active": 210,
    "hinge_active_frac": 0.14613778705636743,
    "skipped": 1227,
    "reload_free": 0,
    "reload_clamp": 0,
    "nonfinite_free": 0,
    "nonfinite_clamp": 0
  },
  "val": {
    "acc": 0.9527777777777777,
    "hinge": 0.007244411944444446,
    "test_gap_mean": 0.10489643277777778,
    "test_gap_median": 0.1011038,
    "test_gap_std": 0.0664480335640214,
    "test_satisfy_frac": 0.8083333333333333,
    "test_hinge_mean": 0.007244411944444446,
    "val_reloads": 0.0,
    "val_nonfinite": 0.0
  },
  "timing_s": {
    "epoch_total": 15.100999116897583,
    "train_free": 8.179547548294067,
    "train_clamp": 1.1720850467681885,
    "train_update": 0.2115335464477539
  },
  "vg_stats": {
    "vg_unique_min": 0.747232407022669,
    "vg_unique_max": 7.346111440851442,
    "vg_unique_sat_lo": 0.0,
    "vg_unique_sat_hi": 0.0
  }
}