{
  "epoch": 66,
  "config": {
    "seed": 0,
    "gamma": 3.0,
    "margin": 0.05,
    "delta": 0.05,
    "input_vmin": 0.0,
    "input_vmax": 1.0,
    "rails": [
      0.0,
      0.45
    ],
    "solver": "klu",
    "body_tie": "ground",
    "body_res": 10.0,
    "rs_clamp": 10.0,
    "model_vto": 0.75,
    "vg_cutoff": 0.75,
    "vg_cutoff_epochs": 4,
    "vg_init": {
      "mode": "random",
      "lo": 1.5,
      "hi": 2.5,
      "fixed": 2.0
    },
    "epochs": 100,
    "device_include_path": "/home/ma-lab/Desktop/pyclln-final/device_model/nmos_lvl1_ald1106.lib",
    "device_subckt": "NMOSWRAP"
  },
  "train": {
    "acc": 0.97633959638135,
    "hinge": 0.0046063755741127385,
    "n_free": 1437,
    "n_clamp": 223,
    "hinge_active": 223,
    "hinge_active_frac": 0.15518441196938065,
    "skipped": 1214,
    "reload_free": 0,
    "reload_clamp": 0,
    "nonfinite_free": 0,
    "nonfinite_clamp": 0
  },
  "val": {
    "acc": 0.95,
    "hinge": 0.007082322777777779,
    "test_gap_mean": 0.10913670277777779,
    "test_gap_median": 0.10522509999999999,
    "test_gap_std": 0.06730532781572011,
    "test_satisfy_frac": 0.8305555555555556,
    "test_hinge_mean": 0.007082322777777778,
    "val_reloads": 0.0,
    "val_nonfinite": 0.0
  },
  "timing_s": {
    "epoch_total": 15.06380295753479,
    "train_free": 8.258330821990967,
    "train_clamp": 1.2807652950286865,
    "train_update": 0.2148575782775879
  },
  "vg_stats": {
    "vg_unique_min": 0.5769515781535577,
    "vg_unique_max": 7.669168528476008,
    "vg_unique_sat_lo": 0.0,
    "vg_unique_sat_hi": 0.0
  }
}