{
  "test_gap_mean": 0.06981719611111112,
  "test_gap_median": 0.06042765,
  "test_gap_std": 0.06631428747042992,
  "test_satisfy_frac": 0.7972222222222223,
  "test_hinge_mean": 0.006391806388888889,
  "val_reloads": 0.0,
  "val_nonfinite": 0.0
}