{
  "test_gap_mean": 0.058017621388888885,
  "test_gap_median": 0.05510535,
  "test_gap_std": 0.0597810352372762,
  "test_satisfy_frac": 0.7861111111111111,
  "test_hinge_mean": 0.008728679444444444,
  "val_reloads": 0.0,
  "val_nonfinite": 0.0
}