{
  "test_gap_mean": 0.07284442916666667,
  "test_gap_median": 0.06129110000000003,
  "test_gap_std": 0.0680576272940771,
  "test_satisfy_frac": 0.8138888888888889,
  "test_hinge_mean": 0.0054301455555555555,
  "val_reloads": 0.0,
  "val_nonfinite": 0.0
}