{
  "epoch": 5,
  "config": {
    "seed": 0,
    "gamma": 0.3,
    "margin": 0.02,
    "delta": 0.05,
    "input_vmin": 0.0,
    "input_vmax": 1.0,
    "rails": [
      0.0,
      0.45
    ],
    "solver": "klu",
    "body_tie": "ground",
    "body_res": 10.0,
    "rs_clamp": 10.0,
    "vg_init": {
      "mode": "fixed",
      "lo": 1.0,
      "hi": 3.0,
      "fixed": 0.6
    },
    "epochs": 20,
    "device_include_path": "/home/ma-lab/Desktop/pyclln-final/device_model/nmos_lvl1_ald1106.lib",
    "device_subckt": "NMOSWRAP"
  },
  "train": {
    "acc": 0.8733472512178149,
    "hinge": 0.007347611697981901,
    "n_free": 1437,
    "n_clamp": 333,
    "hinge_active": 333,
    "hinge_active_frac": 0.23173277661795408,
    "skipped": 1104,
    "reload_free": 0,
    "reload_clamp": 0,
    "nonfinite_free": 0,
    "nonfinite_clamp": 0
  },
  "val": {
    "acc": 0.8333333333333334,
    "hinge": 0.00976489527777778,
    "test_gap_mean": 0.05557906805555556,
    "test_gap_median": 0.05223585,
    "test_gap_std": 0.05998263504929162,
    "test_satisfy_frac": 0.7472222222222222,
    "test_hinge_mean": 0.009764895277777777,
    "val_reloads": 0.0,
    "val_nonfinite": 0.0
  },
  "timing_s": {
    "epoch_total": 40.659180879592896,
    "train_free": 23.9555823802948,
    "train_clamp": 5.480987787246704,
    "train_update": 0.5572197437286377
  },
  "vg_stats": {
    "vg_unique_min": 0.4,
    "vg_unique_max": 1.3983463406510788,
    "vg_unique_sat_lo": 37.0,
    "vg_unique_sat_hi": 0.0
  }
}