{
  "test_gap_mean": 0.11076780305555557,
  "test_gap_median": 0.11992865000000003,
  "test_gap_std": 0.07959293645263252,
  "test_satisfy_frac": 0.8027777777777778,
  "test_hinge_mean": 0.011742583611111112,
  "val_reloads": 0.0,
  "val_nonfinite": 0.0
}