{
  "test_gap_mean": 0.1087756138888889,
  "test_gap_median": 0.11793700000000001,
  "test_gap_std": 0.07059517989321444,
  "test_satisfy_frac": 0.8027777777777778,
  "test_hinge_mean": 0.009643629722222222,
  "val_reloads": 0.0,
  "val_nonfinite": 0.0
}