{
  "test_gap_mean": 0.11403959083333333,
  "test_gap_median": 0.12285960000000001,
  "test_gap_std": 0.07882699782809081,
  "test_satisfy_frac": 0.7944444444444444,
  "test_hinge_mean": 0.010543711666666667,
  "val_reloads": 0.0,
  "val_nonfinite": 0.0
}