{
  "test_gap_mean": 0.11479512916666666,
  "test_gap_median": 0.11965580000000003,
  "test_gap_std": 0.07674023153797715,
  "test_satisfy_frac": 0.8027777777777778,
  "test_hinge_mean": 0.009748721944444445,
  "val_reloads": 0.0,
  "val_nonfinite": 0.0
}