{
  "test_gap_mean": 0.11881493777777777,
  "test_gap_median": 0.11812265,
  "test_gap_std": 0.08225880470347141,
  "test_satisfy_frac": 0.7805555555555556,
  "test_hinge_mean": 0.009384888055555556,
  "val_reloads": 0.0,
  "val_nonfinite": 0.0
}