{
  "test_gap_mean": 0.11417812805555556,
  "test_gap_median": 0.11756530000000001,
  "test_gap_std": 0.0792374672177627,
  "test_satisfy_frac": 0.7888888888888889,
  "test_hinge_mean": 0.009696726388888889,
  "val_reloads": 0.0,
  "val_nonfinite": 0.0
}