{
  "test_gap_mean": 0.1162826586111111,
  "test_gap_median": 0.12544889999999997,
  "test_gap_std": 0.07913274838146048,
  "test_satisfy_frac": 0.7944444444444444,
  "test_hinge_mean": 0.009736835833333334,
  "val_reloads": 0.0,
  "val_nonfinite": 0.0
}