{
  "test_gap_mean": 0.11085306611111112,
  "test_gap_median": 0.11930029999999994,
  "test_gap_std": 0.0726256724955444,
  "test_satisfy_frac": 0.8333333333333334,
  "test_hinge_mean": 0.008958206111111113,
  "val_reloads": 0.0,
  "val_nonfinite": 0.0
}