{
  "test_gap_mean": 0.11588237722222224,
  "test_gap_median": 0.11661739999999998,
  "test_gap_std": 0.08092799064319486,
  "test_satisfy_frac": 0.8027777777777778,
  "test_hinge_mean": 0.00976619722222222,
  "val_reloads": 0.0,
  "val_nonfinite": 0.0
}