{
  "test_gap_mean": 0.1132852111111111,
  "test_gap_median": 0.11662854999999994,
  "test_gap_std": 0.0738857978432898,
  "test_satisfy_frac": 0.8111111111111111,
  "test_hinge_mean": 0.008998411111111111,
  "val_reloads": 0.0,
  "val_nonfinite": 0.0
}