{
  "epoch": 26,
  "config": {
    "seed": 2,
    "gamma": 3.0,
    "margin": 0.05,
    "delta": 0.1,
    "input_vmin": 0.0,
    "input_vmax": 1.0,
    "rails": [
      0.0,
      0.45
    ],
    "solver": "klu",
    "body_tie": "floating",
    "body_res": 10.0,
    "rs_clamp": 10.0,
    "model_vto": 0.75,
    "vg_cutoff": 0.75,
    "vg_cutoff_epochs": 4,
    "vg_init": {
      "mode": "random",
      "lo": 0.75,
      "hi": 3.0,
      "fixed": 2.0
    },
    "epochs": 100,
    "device_include_path": "/home/ma-lab/Desktop/pyclln-final/device_model/nmos_lvl1_ald1106.lib",
    "device_subckt": "NMOSWRAP"
  },
  "train": {
    "acc": 0.9491997216423104,
    "hinge": 0.006875113778705636,
    "n_free": 1437,
    "n_clamp": 229,
    "hinge_active": 229,
    "hinge_active_frac": 0.1593597773138483,
    "skipped": 1208,
    "reload_free": 0,
    "reload_clamp": 0,
    "nonfinite_free": 0,
    "nonfinite_clamp": 0
  },
  "val": {
    "acc": 0.9277777777777778,
    "hinge": 0.009349507500000001,
    "test_gap_mean": 0.11223504694444447,
    "test_gap_median": 0.11552219999999999,
    "test_gap_std": 0.07621572973165484,
    "test_satisfy_frac": 0.7916666666666666,
    "test_hinge_mean": 0.0093495075,
    "val_reloads": 0.0,
    "val_nonfinite": 0.0
  },
  "timing_s": {
    "epoch_total": 23.255804777145386,
    "train_free": 13.602590084075928,
    "train_clamp": 2.155970335006714,
    "train_update": 0.24189972877502441
  },
  "vg_stats": {
    "vg_unique_min": 0.4,
    "vg_unique_max": 6.274666607984918,
    "vg_unique_sat_lo": 1.0,
    "vg_unique_sat_hi": 0.0
  }
}