{
  "epoch": 85,
  "config": {
    "seed": 2,
    "gamma": 3.0,
    "margin": 0.05,
    "delta": 0.1,
    "input_vmin": 0.0,
    "input_vmax": 1.0,
    "rails": [
      0.0,
      0.45
    ],
    "solver": "klu",
    "body_tie": "floating",
    "body_res": 10.0,
    "rs_clamp": 10.0,
    "model_vto": 0.75,
    "vg_cutoff": 0.75,
    "vg_cutoff_epochs": 4,
    "vg_init": {
      "mode": "random",
      "lo": 0.75,
      "hi": 3.0,
      "fixed": 2.0
    },
    "epochs": 100,
    "device_include_path": "/home/ma-lab/Desktop/pyclln-final/device_model/nmos_lvl1_ald1106.lib",
    "device_subckt": "NMOSWRAP"
  },
  "train": {
    "acc": 0.9457202505219207,
    "hinge": 0.007211950313152399,
    "n_free": 1437,
    "n_clamp": 265,
    "hinge_active": 265,
    "hinge_active_frac": 0.18441196938065413,
    "skipped": 1172,
    "reload_free": 0,
    "reload_clamp": 0,
    "nonfinite_free": 0,
    "nonfinite_clamp": 0
  },
  "val": {
    "acc": 0.925,
    "hinge": 0.010690155000000003,
    "test_gap_mean": 0.11723172083333332,
    "test_gap_median": 0.12490615,
    "test_gap_std": 0.0810286559317675,
    "test_satisfy_frac": 0.7944444444444444,
    "test_hinge_mean": 0.010690155,
    "val_reloads": 0.0,
    "val_nonfinite": 0.0
  },
  "timing_s": {
    "epoch_total": 17.94630455970764,
    "train_free": 10.007574796676636,
    "train_clamp": 1.8295605182647705,
    "train_update": 0.23561429977416992
  },
  "vg_stats": {
    "vg_unique_min": 0.4,
    "vg_unique_max": 5.047801799813063,
    "vg_unique_sat_lo": 1.0,
    "vg_unique_sat_hi": 0.0
  }
}