{
  "epoch": 5,
  "config": {
    "seed": 2,
    "gamma": 3.0,
    "margin": 0.05,
    "delta": 0.1,
    "input_vmin": 0.0,
    "input_vmax": 1.0,
    "rails": [
      0.0,
      0.45
    ],
    "solver": "klu",
    "body_tie": "floating",
    "body_res": 10.0,
    "rs_clamp": 10.0,
    "model_vto": 0.75,
    "vg_cutoff": 0.75,
    "vg_cutoff_epochs": 4,
    "vg_init": {
      "mode": "random",
      "lo": 0.75,
      "hi": 3.0,
      "fixed": 2.0
    },
    "epochs": 100,
    "device_include_path": "/home/ma-lab/Desktop/pyclln-final/device_model/nmos_lvl1_ald1106.lib",
    "device_subckt": "NMOSWRAP"
  },
  "train": {
    "acc": 0.9485038274182325,
    "hinge": 0.007314755393180236,
    "n_free": 1437,
    "n_clamp": 260,
    "hinge_active": 260,
    "hinge_active_frac": 0.18093249826026445,
    "skipped": 1177,
    "reload_free": 0,
    "reload_clamp": 0,
    "nonfinite_free": 0,
    "nonfinite_clamp": 0
  },
  "val": {
    "acc": 0.9222222222222223,
    "hinge": 0.009892273333333337,
    "test_gap_mean": 0.10587807777777777,
    "test_gap_median": 0.11310495000000004,
    "test_gap_std": 0.07052430139331568,
    "test_satisfy_frac": 0.7861111111111111,
    "test_hinge_mean": 0.009892273333333331,
    "val_reloads": 0.0,
    "val_nonfinite": 0.0
  },
  "timing_s": {
    "epoch_total": 58.38013219833374,
    "train_free": 37.45657014846802,
    "train_clamp": 6.793856382369995,
    "train_update": 0.49172353744506836
  },
  "vg_stats": {
    "vg_unique_min": 0.4,
    "vg_unique_max": 6.687571791963289,
    "vg_unique_sat_lo": 24.0,
    "vg_unique_sat_hi": 0.0
  }
}