{
  "epoch": 4,
  "config": {
    "seed": 2,
    "gamma": 3.0,
    "margin": 0.05,
    "delta": 0.1,
    "input_vmin": 0.0,
    "input_vmax": 1.0,
    "rails": [
      0.0,
      0.45
    ],
    "solver": "klu",
    "body_tie": "floating",
    "body_res": 10.0,
    "rs_clamp": 10.0,
    "model_vto": 0.75,
    "vg_cutoff": 0.75,
    "vg_cutoff_epochs": 4,
    "vg_init": {
      "mode": "random",
      "lo": 0.75,
      "hi": 3.0,
      "fixed": 2.0
    },
    "epochs": 100,
    "device_include_path": "/home/ma-lab/Desktop/pyclln-final/device_model/nmos_lvl1_ald1106.lib",
    "device_subckt": "NMOSWRAP"
  },
  "train": {
    "acc": 0.9450243562978428,
    "hinge": 0.007866027905358378,
    "n_free": 1437,
    "n_clamp": 271,
    "hinge_active": 271,
    "hinge_active_frac": 0.1885873347251218,
    "skipped": 1166,
    "reload_free": 0,
    "reload_clamp": 0,
    "nonfinite_free": 0,
    "nonfinite_clamp": 0
  },
  "val": {
    "acc": 0.9055555555555556,
    "hinge": 0.012494266388888889,
    "test_gap_mean": 0.09737045305555556,
    "test_gap_median": 0.1065979,
    "test_gap_std": 0.07191347620655626,
    "test_satisfy_frac": 0.7416666666666667,
    "test_hinge_mean": 0.012494266388888889,
    "val_reloads": 0.0,
    "val_nonfinite": 0.0
  },
  "timing_s": {
    "epoch_total": 66.69159412384033,
    "train_free": 40.424134969711304,
    "train_clamp": 7.599704265594482,
    "train_update": 0.6464550495147705
  },
  "vg_stats": {
    "vg_unique_min": 0.4,
    "vg_unique_max": 6.59907088073594,
    "vg_unique_sat_lo": 44.0,
    "vg_unique_sat_hi": 0.0
  }
}