{
  "epoch": 70,
  "config": {
    "seed": 2,
    "gamma": 3.0,
    "margin": 0.05,
    "delta": 0.1,
    "input_vmin": 0.0,
    "input_vmax": 1.0,
    "rails": [
      0.0,
      0.45
    ],
    "solver": "klu",
    "body_tie": "floating",
    "body_res": 10.0,
    "rs_clamp": 10.0,
    "model_vto": 0.75,
    "vg_cutoff": 0.75,
    "vg_cutoff_epochs": 4,
    "vg_init": {
      "mode": "random",
      "lo": 0.75,
      "hi": 3.0,
      "fixed": 2.0
    },
    "epochs": 100,
    "device_include_path": "/home/ma-lab/Desktop/pyclln-final/device_model/nmos_lvl1_ald1106.lib",
    "device_subckt": "NMOSWRAP"
  },
  "train": {
    "acc": 0.942936673625609,
    "hinge": 0.007781614683368131,
    "n_free": 1437,
    "n_clamp": 243,
    "hinge_active": 243,
    "hinge_active_frac": 0.16910229645093947,
    "skipped": 1194,
    "reload_free": 0,
    "reload_clamp": 0,
    "nonfinite_free": 0,
    "nonfinite_clamp": 0
  },
  "val": {
    "acc": 0.9194444444444444,
    "hinge": 0.009455991388888887,
    "test_gap_mean": 0.11735448777777777,
    "test_gap_median": 0.12088105000000002,
    "test_gap_std": 0.08081959378634042,
    "test_satisfy_frac": 0.7972222222222223,
    "test_hinge_mean": 0.00945599138888889,
    "val_reloads": 0.0,
    "val_nonfinite": 0.0
  },
  "timing_s": {
    "epoch_total": 18.15757131576538,
    "train_free": 10.290648698806763,
    "train_clamp": 1.7136304378509521,
    "train_update": 0.21256184577941895
  },
  "vg_stats": {
    "vg_unique_min": 0.518775377188152,
    "vg_unique_max": 5.064091506512339,
    "vg_unique_sat_lo": 0.0,
    "vg_unique_sat_hi": 0.0
  }
}