{
  "epoch": 14,
  "config": {
    "seed": 2,
    "gamma": 3.0,
    "margin": 0.05,
    "delta": 0.1,
    "input_vmin": 0.0,
    "input_vmax": 1.0,
    "rails": [
      0.0,
      0.45
    ],
    "solver": "klu",
    "body_tie": "floating",
    "body_res": 10.0,
    "rs_clamp": 10.0,
    "model_vto": 0.75,
    "vg_cutoff": 0.75,
    "vg_cutoff_epochs": 4,
    "vg_init": {
      "mode": "random",
      "lo": 0.75,
      "hi": 3.0,
      "fixed": 2.0
    },
    "epochs": 100,
    "device_include_path": "/home/ma-lab/Desktop/pyclln-final/device_model/nmos_lvl1_ald1106.lib",
    "device_subckt": "NMOSWRAP"
  },
  "train": {
    "acc": 0.9568545581071677,
    "hinge": 0.0062830315240083555,
    "n_free": 1437,
    "n_clamp": 237,
    "hinge_active": 237,
    "hinge_active_frac": 0.1649269311064718,
    "skipped": 1200,
    "reload_free": 0,
    "reload_clamp": 0,
    "nonfinite_free": 0,
    "nonfinite_clamp": 0
  },
  "val": {
    "acc": 0.9305555555555556,
    "hinge": 0.008495584722222223,
    "test_gap_mean": 0.11361790138888889,
    "test_gap_median": 0.1152154,
    "test_gap_std": 0.07405016710648128,
    "test_satisfy_frac": 0.8166666666666667,
    "test_hinge_mean": 0.00849558472222222,
    "val_reloads": 0.0,
    "val_nonfinite": 0.0
  },
  "timing_s": {
    "epoch_total": 23.232113122940063,
    "train_free": 14.046405792236328,
    "train_clamp": 2.3150429725646973,
    "train_update": 0.23159003257751465
  },
  "vg_stats": {
    "vg_unique_min": 0.4,
    "vg_unique_max": 6.667408518068705,
    "vg_unique_sat_lo": 5.0,
    "vg_unique_sat_hi": 0.0
  }
}