{
  "epoch": 29,
  "config": {
    "seed": 2,
    "gamma": 3.0,
    "margin": 0.05,
    "delta": 0.1,
    "input_vmin": 0.0,
    "input_vmax": 1.0,
    "rails": [
      0.0,
      0.45
    ],
    "solver": "klu",
    "body_tie": "floating",
    "body_res": 10.0,
    "rs_clamp": 10.0,
    "model_vto": 0.75,
    "vg_cutoff": 0.75,
    "vg_cutoff_epochs": 4,
    "vg_init": {
      "mode": "random",
      "lo": 0.75,
      "hi": 3.0,
      "fixed": 2.0
    },
    "epochs": 100,
    "device_include_path": "/home/ma-lab/Desktop/pyclln-final/device_model/nmos_lvl1_ald1106.lib",
    "device_subckt": "NMOSWRAP"
  },
  "train": {
    "acc": 0.9478079331941545,
    "hinge": 0.0073197942240779395,
    "n_free": 1437,
    "n_clamp": 253,
    "hinge_active": 253,
    "hinge_active_frac": 0.17606123869171886,
    "skipped": 1184,
    "reload_free": 0,
    "reload_clamp": 0,
    "nonfinite_free": 0,
    "nonfinite_clamp": 0
  },
  "val": {
    "acc": 0.9222222222222223,
    "hinge": 0.009756120833333333,
    "test_gap_mean": 0.11368791583333332,
    "test_gap_median": 0.1147137,
    "test_gap_std": 0.07792820076435851,
    "test_satisfy_frac": 0.7972222222222223,
    "test_hinge_mean": 0.009756120833333333,
    "val_reloads": 0.0,
    "val_nonfinite": 0.0
  },
  "timing_s": {
    "epoch_total": 22.948471784591675,
    "train_free": 13.240042209625244,
    "train_clamp": 2.3103437423706055,
    "train_update": 0.25920915603637695
  },
  "vg_stats": {
    "vg_unique_min": 0.4,
    "vg_unique_max": 6.169254390837067,
    "vg_unique_sat_lo": 3.0,
    "vg_unique_sat_hi": 0.0
  }
}