{
  "test_gap_mean": 0.08485707722222223,
  "test_gap_median": 0.0903233,
  "test_gap_std": 0.050060503620906166,
  "test_satisfy_frac": 0.41388888888888886,
  "test_hinge_mean": 0.027920317500000003,
  "val_reloads": 0.0,
  "val_nonfinite": 0.0
}