{
  "test_gap_mean": 0.06725363,
  "test_gap_median": 0.07057820000000001,
  "test_gap_std": 0.04385285133124426,
  "test_satisfy_frac": 0.25277777777777777,
  "test_hinge_mean": 0.03779492027777778,
  "val_reloads": 0.0,
  "val_nonfinite": 0.0
}