{
  "test_gap_mean": 0.03570926555555556,
  "test_gap_median": 0.03637710000000002,
  "test_gap_std": 0.03301554101805243,
  "test_satisfy_frac": 0.022222222222222223,
  "test_hinge_mean": 0.064417195,
  "val_reloads": 0.0,
  "val_nonfinite": 0.0
}