{
  "test_gap_mean": 0.06378449222222224,
  "test_gap_median": 0.06680260000000002,
  "test_gap_std": 0.042834212672621684,
  "test_satisfy_frac": 0.21944444444444444,
  "test_hinge_mean": 0.04016880166666667,
  "val_reloads": 0.0,
  "val_nonfinite": 0.0
}