{
  "test_gap_mean": 0.05285797805555556,
  "test_gap_median": 0.05536239999999998,
  "test_gap_std": 0.03989651302883139,
  "test_satisfy_frac": 0.11666666666666667,
  "test_hinge_mean": 0.04876068833333333,
  "val_reloads": 0.0,
  "val_nonfinite": 0.0
}