{
  "test_gap_mean": 0.08004296944444445,
  "test_gap_median": 0.08445949999999999,
  "test_gap_std": 0.047975958391639706,
  "test_satisfy_frac": 0.375,
  "test_hinge_mean": 0.030169739722222224,
  "val_reloads": 0.0,
  "val_nonfinite": 0.0
}