{
  "test_gap_mean": 0.06987832249999999,
  "test_gap_median": 0.07386295000000001,
  "test_gap_std": 0.044487921506995945,
  "test_satisfy_frac": 0.26944444444444443,
  "test_hinge_mean": 0.036007305833333336,
  "val_reloads": 0.0,
  "val_nonfinite": 0.0
}