{
  "test_gap_mean": 0.0791433775,
  "test_gap_median": 0.08307804999999999,
  "test_gap_std": 0.04767520709518639,
  "test_satisfy_frac": 0.36666666666666664,
  "test_hinge_mean": 0.03066200138888889,
  "val_reloads": 0.0,
  "val_nonfinite": 0.0
}