{
  "test_gap_mean": 0.07290060638888889,
  "test_gap_median": 0.07630114999999998,
  "test_gap_std": 0.04541584366093374,
  "test_satisfy_frac": 0.30833333333333335,
  "test_hinge_mean": 0.034098405277777785,
  "val_reloads": 0.0,
  "val_nonfinite": 0.0
}