{
  "test_gap_mean": 0.056714427222222225,
  "test_gap_median": 0.059984499999999996,
  "test_gap_std": 0.041161558092305046,
  "test_satisfy_frac": 0.14722222222222223,
  "test_hinge_mean": 0.04568420388888889,
  "val_reloads": 0.0,
  "val_nonfinite": 0.0
}