{
  "test_gap_mean": 0.04852981333333333,
  "test_gap_median": 0.05020450000000001,
  "test_gap_std": 0.038541298599761645,
  "test_satisfy_frac": 0.07222222222222222,
  "test_hinge_mean": 0.052458842777777785,
  "val_reloads": 0.0,
  "val_nonfinite": 0.0
}