{
  "test_gap_mean": 0.07717468250000001,
  "test_gap_median": 0.08102365,
  "test_gap_std": 0.0468494864804028,
  "test_satisfy_frac": 0.3527777777777778,
  "test_hinge_mean": 0.03168668611111111,
  "val_reloads": 0.0,
  "val_nonfinite": 0.0
}