{
  "epoch": 59,
  "config": {
    "seed": 1,
    "gamma": 0.03,
    "margin": 0.1,
    "delta": 0.05,
    "input_vmin": 0.0,
    "input_vmax": 1.0,
    "rails": [
      0.0,
      0.45
    ],
    "solver": "klu",
    "body_tie": "ground",
    "body_res": 10.0,
    "rs_clamp": 10.0,
    "model_vto": 0.75,
    "vg_cutoff": 0.75,
    "vg_cutoff_epochs": 4,
    "vg_init": {
      "mode": "random",
      "lo": 0.75,
      "hi": 3.0,
      "fixed": 2.0
    },
    "epochs": 100,
    "device_include_path": "/home/ma-lab/Desktop/pyclln-final/device_model/nmos_lvl1_ald1106.lib",
    "device_subckt": "NMOSWRAP"
  },
  "train": {
    "acc": 0.9151009046624913,
    "hinge": 0.039586088169798195,
    "n_free": 1437,
    "n_clamp": 1023,
    "hinge_active": 1023,
    "hinge_active_frac": 0.7118997912317327,
    "skipped": 414,
    "reload_free": 0,
    "reload_clamp": 0,
    "nonfinite_free": 0,
    "nonfinite_clamp": 0
  },
  "val": {
    "acc": 0.925,
    "hinge": 0.03853245416666669,
    "test_gap_mean": 0.06616698972222222,
    "test_gap_median": 0.06952589999999999,
    "test_gap_std": 0.043554748746759075,
    "test_satisfy_frac": 0.25,
    "test_hinge_mean": 0.038532454166666674,
    "val_reloads": 0.0,
    "val_nonfinite": 0.0
  },
  "timing_s": {
    "epoch_total": 83.40264511108398,
    "train_free": 36.52182960510254,
    "train_clamp": 25.86461067199707,
    "train_update": 2.7464101314544678
  },
  "vg_stats": {
    "vg_unique_min": 0.7174562077008309,
    "vg_unique_max": 4.339417590514614,
    "vg_unique_sat_lo": 0.0,
    "vg_unique_sat_hi": 0.0
  }
}