{
  "epoch": 49,
  "config": {
    "seed": 1,
    "gamma": 0.03,
    "margin": 0.1,
    "delta": 0.05,
    "input_vmin": 0.0,
    "input_vmax": 1.0,
    "rails": [
      0.0,
      0.45
    ],
    "solver": "klu",
    "body_tie": "ground",
    "body_res": 10.0,
    "rs_clamp": 10.0,
    "model_vto": 0.75,
    "vg_cutoff": 0.75,
    "vg_cutoff_epochs": 4,
    "vg_init": {
      "mode": "random",
      "lo": 0.75,
      "hi": 3.0,
      "fixed": 2.0
    },
    "epochs": 100,
    "device_include_path": "/home/ma-lab/Desktop/pyclln-final/device_model/nmos_lvl1_ald1106.lib",
    "device_subckt": "NMOSWRAP"
  },
  "train": {
    "acc": 0.906054279749478,
    "hinge": 0.04384835532359083,
    "n_free": 1437,
    "n_clamp": 1085,
    "hinge_active": 1085,
    "hinge_active_frac": 0.7550452331245651,
    "skipped": 352,
    "reload_free": 0,
    "reload_clamp": 0,
    "nonfinite_free": 0,
    "nonfinite_clamp": 0
  },
  "val": {
    "acc": 0.9194444444444444,
    "hinge": 0.042934978611111105,
    "test_gap_mean": 0.06018531694444444,
    "test_gap_median": 0.06392919999999999,
    "test_gap_std": 0.04213087772568247,
    "test_satisfy_frac": 0.18055555555555555,
    "test_hinge_mean": 0.04293497861111111,
    "val_reloads": 0.0,
    "val_nonfinite": 0.0
  },
  "timing_s": {
    "epoch_total": 81.74584102630615,
    "train_free": 35.015273571014404,
    "train_clamp": 26.242657899856567,
    "train_update": 2.794344902038574
  },
  "vg_stats": {
    "vg_unique_min": 0.6553385077232381,
    "vg_unique_max": 4.082534632810276,
    "vg_unique_sat_lo": 0.0,
    "vg_unique_sat_hi": 0.0
  }
}