{
  "epoch": 9,
  "config": {
    "seed": 1,
    "gamma": 0.03,
    "margin": 0.1,
    "delta": 0.05,
    "input_vmin": 0.0,
    "input_vmax": 1.0,
    "rails": [
      0.0,
      0.45
    ],
    "solver": "klu",
    "body_tie": "ground",
    "body_res": 10.0,
    "rs_clamp": 10.0,
    "model_vto": 0.75,
    "vg_cutoff": 0.75,
    "vg_cutoff_epochs": 4,
    "vg_init": {
      "mode": "random",
      "lo": 0.75,
      "hi": 3.0,
      "fixed": 2.0
    },
    "epochs": 100,
    "device_include_path": "/home/ma-lab/Desktop/pyclln-final/device_model/nmos_lvl1_ald1106.lib",
    "device_subckt": "NMOSWRAP"
  },
  "train": {
    "acc": 0.6416144745998609,
    "hinge": 0.09222099373695203,
    "n_free": 1437,
    "n_clamp": 1437,
    "hinge_active": 1437,
    "hinge_active_frac": 1.0,
    "skipped": 0,
    "reload_free": 0,
    "reload_clamp": 0,
    "nonfinite_free": 0,
    "nonfinite_clamp": 0
  },
  "val": {
    "acc": 0.6611111111111111,
    "hinge": 0.09104464666666667,
    "test_gap_mean": 0.008955353333333334,
    "test_gap_median": 0.010749350000000019,
    "test_gap_std": 0.02410184445599179,
    "test_satisfy_frac": 0.0,
    "test_hinge_mean": 0.09104464666666669,
    "val_reloads": 0.0,
    "val_nonfinite": 0.0
  },
  "timing_s": {
    "epoch_total": 113.4330153465271,
    "train_free": 42.09771490097046,
    "train_clamp": 43.514137268066406,
    "train_update": 4.491425514221191
  },
  "vg_stats": {
    "vg_unique_min": 0.572943074088531,
    "vg_unique_max": 3.2491522436157267,
    "vg_unique_sat_lo": 0.0,
    "vg_unique_sat_hi": 0.0
  }
}