{
  "epoch": 66,
  "config": {
    "seed": 1,
    "gamma": 0.03,
    "margin": 0.1,
    "delta": 0.05,
    "input_vmin": 0.0,
    "input_vmax": 1.0,
    "rails": [
      0.0,
      0.45
    ],
    "solver": "klu",
    "body_tie": "ground",
    "body_res": 10.0,
    "rs_clamp": 10.0,
    "model_vto": 0.75,
    "vg_cutoff": 0.75,
    "vg_cutoff_epochs": 4,
    "vg_init": {
      "mode": "random",
      "lo": 0.75,
      "hi": 3.0,
      "fixed": 2.0
    },
    "epochs": 100,
    "device_include_path": "/home/ma-lab/Desktop/pyclln-final/device_model/nmos_lvl1_ald1106.lib",
    "device_subckt": "NMOSWRAP"
  },
  "train": {
    "acc": 0.9199721642310369,
    "hinge": 0.036968115309672915,
    "n_free": 1437,
    "n_clamp": 987,
    "hinge_active": 987,
    "hinge_active_frac": 0.6868475991649269,
    "skipped": 450,
    "reload_free": 0,
    "reload_clamp": 0,
    "nonfinite_free": 0,
    "nonfinite_clamp": 0
  },
  "val": {
    "acc": 0.9277777777777778,
    "hinge": 0.036007305833333364,
    "test_gap_mean": 0.06987832249999999,
    "test_gap_median": 0.07386295000000001,
    "test_gap_std": 0.044487921506995945,
    "test_satisfy_frac": 0.26944444444444443,
    "test_hinge_mean": 0.036007305833333336,
    "val_reloads": 0.0,
    "val_nonfinite": 0.0
  },
  "timing_s": {
    "epoch_total": 75.87909698486328,
    "train_free": 32.956549882888794,
    "train_clamp": 22.405837059020996,
    "train_update": 2.519473075866699
  },
  "vg_stats": {
    "vg_unique_min": 0.6907359404910033,
    "vg_unique_max": 4.493619574054794,
    "vg_unique_sat_lo": 0.0,
    "vg_unique_sat_hi": 0.0
  }
}