{
  "epoch": 19,
  "config": {
    "seed": 1,
    "gamma": 0.03,
    "margin": 0.1,
    "delta": 0.05,
    "input_vmin": 0.0,
    "input_vmax": 1.0,
    "rails": [
      0.0,
      0.45
    ],
    "solver": "klu",
    "body_tie": "ground",
    "body_res": 10.0,
    "rs_clamp": 10.0,
    "model_vto": 0.75,
    "vg_cutoff": 0.75,
    "vg_cutoff_epochs": 4,
    "vg_init": {
      "mode": "random",
      "lo": 0.75,
      "hi": 3.0,
      "fixed": 2.0
    },
    "epochs": 100,
    "device_include_path": "/home/ma-lab/Desktop/pyclln-final/device_model/nmos_lvl1_ald1106.lib",
    "device_subckt": "NMOSWRAP"
  },
  "train": {
    "acc": 0.8183716075156576,
    "hinge": 0.0706602252609603,
    "n_free": 1437,
    "n_clamp": 1428,
    "hinge_active": 1428,
    "hinge_active_frac": 0.9937369519832986,
    "skipped": 9,
    "reload_free": 0,
    "reload_clamp": 0,
    "nonfinite_free": 0,
    "nonfinite_clamp": 0
  },
  "val": {
    "acc": 0.8166666666666667,
    "hinge": 0.07041605388888886,
    "test_gap_mean": 0.029588379444444445,
    "test_gap_median": 0.03112769999999998,
    "test_gap_std": 0.03055199641433018,
    "test_satisfy_frac": 0.002777777777777778,
    "test_hinge_mean": 0.0704160538888889,
    "val_reloads": 0.0,
    "val_nonfinite": 0.0
  },
  "timing_s": {
    "epoch_total": 103.51984190940857,
    "train_free": 39.752142906188965,
    "train_clamp": 39.72298789024353,
    "train_update": 3.7385666370391846
  },
  "vg_stats": {
    "vg_unique_min": 0.626483963543679,
    "vg_unique_max": 3.490465035792343,
    "vg_unique_sat_lo": 0.0,
    "vg_unique_sat_hi": 0.0
  }
}