{
  "epoch": 40,
  "config": {
    "seed": 1,
    "gamma": 0.03,
    "margin": 0.1,
    "delta": 0.05,
    "input_vmin": 0.0,
    "input_vmax": 1.0,
    "rails": [
      0.0,
      0.45
    ],
    "solver": "klu",
    "body_tie": "ground",
    "body_res": 10.0,
    "rs_clamp": 10.0,
    "model_vto": 0.75,
    "vg_cutoff": 0.75,
    "vg_cutoff_epochs": 4,
    "vg_init": {
      "mode": "random",
      "lo": 0.75,
      "hi": 3.0,
      "fixed": 2.0
    },
    "epochs": 100,
    "device_include_path": "/home/ma-lab/Desktop/pyclln-final/device_model/nmos_lvl1_ald1106.lib",
    "device_subckt": "NMOSWRAP"
  },
  "train": {
    "acc": 0.8900487125956854,
    "hinge": 0.048623022129436255,
    "n_free": 1437,
    "n_clamp": 1174,
    "hinge_active": 1174,
    "hinge_active_frac": 0.8169798190675017,
    "skipped": 263,
    "reload_free": 0,
    "reload_clamp": 0,
    "nonfinite_free": 0,
    "nonfinite_clamp": 0
  },
  "val": {
    "acc": 0.8944444444444445,
    "hinge": 0.04808565722222226,
    "test_gap_mean": 0.05369258333333333,
    "test_gap_median": 0.05612500000000001,
    "test_gap_std": 0.040175843582553154,
    "test_satisfy_frac": 0.13055555555555556,
    "test_hinge_mean": 0.04808565722222223,
    "val_reloads": 0.0,
    "val_nonfinite": 0.0
  },
  "timing_s": {
    "epoch_total": 82.22761726379395,
    "train_free": 34.754533529281616,
    "train_clamp": 27.962615251541138,
    "train_update": 2.973780393600464
  },
  "vg_stats": {
    "vg_unique_min": 0.6353709641292467,
    "vg_unique_max": 3.898077515949463,
    "vg_unique_sat_lo": 0.0,
    "vg_unique_sat_hi": 0.0
  }
}