{
  "epoch": 87,
  "config": {
    "seed": 1,
    "gamma": 0.03,
    "margin": 0.1,
    "delta": 0.05,
    "input_vmin": 0.0,
    "input_vmax": 1.0,
    "rails": [
      0.0,
      0.45
    ],
    "solver": "klu",
    "body_tie": "ground",
    "body_res": 10.0,
    "rs_clamp": 10.0,
    "model_vto": 0.75,
    "vg_cutoff": 0.75,
    "vg_cutoff_epochs": 4,
    "vg_init": {
      "mode": "random",
      "lo": 0.75,
      "hi": 3.0,
      "fixed": 2.0
    },
    "epochs": 100,
    "device_include_path": "/home/ma-lab/Desktop/pyclln-final/device_model/nmos_lvl1_ald1106.lib",
    "device_subckt": "NMOSWRAP"
  },
  "train": {
    "acc": 0.9311064718162839,
    "hinge": 0.030609088308977073,
    "n_free": 1437,
    "n_clamp": 860,
    "hinge_active": 860,
    "hinge_active_frac": 0.5984690327070286,
    "skipped": 577,
    "reload_free": 0,
    "reload_clamp": 0,
    "nonfinite_free": 0,
    "nonfinite_clamp": 0
  },
  "val": {
    "acc": 0.9333333333333333,
    "hinge": 0.03016973972222221,
    "test_gap_mean": 0.08004296944444445,
    "test_gap_median": 0.08445949999999999,
    "test_gap_std": 0.047975958391639706,
    "test_satisfy_frac": 0.375,
    "test_hinge_mean": 0.030169739722222224,
    "val_reloads": 0.0,
    "val_nonfinite": 0.0
  },
  "timing_s": {
    "epoch_total": 60.792335987091064,
    "train_free": 27.506633520126343,
    "train_clamp": 16.389619827270508,
    "train_update": 2.125166893005371
  },
  "vg_stats": {
    "vg_unique_min": 0.7070336544695386,
    "vg_unique_max": 4.84996592133246,
    "vg_unique_sat_lo": 0.0,
    "vg_unique_sat_hi": 0.0
  }
}