{
  "epoch": 68,
  "config": {
    "seed": 1,
    "gamma": 0.03,
    "margin": 0.1,
    "delta": 0.05,
    "input_vmin": 0.0,
    "input_vmax": 1.0,
    "rails": [
      0.0,
      0.45
    ],
    "solver": "klu",
    "body_tie": "ground",
    "body_res": 10.0,
    "rs_clamp": 10.0,
    "model_vto": 0.75,
    "vg_cutoff": 0.75,
    "vg_cutoff_epochs": 4,
    "vg_init": {
      "mode": "random",
      "lo": 0.75,
      "hi": 3.0,
      "fixed": 2.0
    },
    "epochs": 100,
    "device_include_path": "/home/ma-lab/Desktop/pyclln-final/device_model/nmos_lvl1_ald1106.lib",
    "device_subckt": "NMOSWRAP"
  },
  "train": {
    "acc": 0.9199721642310369,
    "hinge": 0.03626659916492696,
    "n_free": 1437,
    "n_clamp": 980,
    "hinge_active": 980,
    "hinge_active_frac": 0.6819763395963814,
    "skipped": 457,
    "reload_free": 0,
    "reload_clamp": 0,
    "nonfinite_free": 0,
    "nonfinite_clamp": 0
  },
  "val": {
    "acc": 0.9305555555555556,
    "hinge": 0.035335417222222214,
    "test_gap_mean": 0.0709281663888889,
    "test_gap_median": 0.07468369999999996,
    "test_gap_std": 0.044834697344204276,
    "test_satisfy_frac": 0.275,
    "test_hinge_mean": 0.03533541722222223,
    "val_reloads": 0.0,
    "val_nonfinite": 0.0
  },
  "timing_s": {
    "epoch_total": 71.65027475357056,
    "train_free": 31.382932901382446,
    "train_clamp": 21.17031216621399,
    "train_update": 2.416900634765625
  },
  "vg_stats": {
    "vg_unique_min": 0.6914929496560915,
    "vg_unique_max": 4.536417062254762,
    "vg_unique_sat_lo": 0.0,
    "vg_unique_sat_hi": 0.0
  }
}