{
  "test_gap_mean": 0.00233715111111111,
  "test_gap_median": 0.0021025499999999947,
  "test_gap_std": 0.0018620079722346603,
  "test_satisfy_frac": 0.0,
  "test_hinge_mean": 0.017662848888888888,
  "val_reloads": 0.0,
  "val_nonfinite": 0.0
}