{
  "test_gap_mean": 0.0002860572222222211,
  "test_gap_median": 0.00025764999999999816,
  "test_gap_std": 0.00022456225640876418,
  "test_satisfy_frac": 0.0,
  "test_hinge_mean": 0.019713942777777774,
  "val_reloads": 0.0,
  "val_nonfinite": 0.0
}