{
  "test_gap_mean": 0.005643621666666663,
  "test_gap_median": 0.00502275000000002,
  "test_gap_std": 0.0045146747006755035,
  "test_satisfy_frac": 0.0,
  "test_hinge_mean": 0.014356378333333336,
  "val_reloads": 0.0,
  "val_nonfinite": 0.0
}