{
  "test_gap_mean": 0.0039361761111111095,
  "test_gap_median": 0.003516400000000003,
  "test_gap_std": 0.0031412569035404333,
  "test_satisfy_frac": 0.0,
  "test_hinge_mean": 0.016063823888888887,
  "val_reloads": 0.0,
  "val_nonfinite": 0.0
}