{
  "test_gap_mean": 0.004408058333333335,
  "test_gap_median": 0.0039380499999999985,
  "test_gap_std": 0.0035296170440034208,
  "test_satisfy_frac": 0.0,
  "test_hinge_mean": 0.015591941666666663,
  "val_reloads": 0.0,
  "val_nonfinite": 0.0
}