{
  "test_gap_mean": 0.008041765555555557,
  "test_gap_median": 0.007129649999999987,
  "test_gap_std": 0.0064130498049231365,
  "test_satisfy_frac": 0.022222222222222223,
  "test_hinge_mean": 0.011976819722222221,
  "val_reloads": 0.0,
  "val_nonfinite": 0.0
}