{
  "epoch": 31,
  "config": {
    "seed": 2,
    "gamma": 0.03,
    "margin": 0.02,
    "delta": 0.02,
    "input_vmin": 0.0,
    "input_vmax": 1.0,
    "rails": [
      0.0,
      0.45
    ],
    "solver": "klu",
    "body_tie": "floating",
    "body_res": 10.0,
    "rs_clamp": 10.0,
    "model_vto": 0.75,
    "vg_cutoff": 0.75,
    "vg_cutoff_epochs": 4,
    "vg_init": {
      "mode": "fixed",
      "lo": 1.0,
      "hi": 3.0,
      "fixed": 4.0
    },
    "epochs": 100,
    "device_include_path": "/home/ma-lab/Desktop/pyclln-final/device_model/nmos_lvl1_ald1106.lib",
    "device_subckt": "NMOSWRAP"
  },
  "train": {
    "acc": 0.9004871259568545,
    "hinge": 0.01712030445372301,
    "n_free": 1437,
    "n_clamp": 1437,
    "hinge_active": 1437,
    "hinge_active_frac": 1.0,
    "skipped": 0,
    "reload_free": 0,
    "reload_clamp": 0,
    "nonfinite_free": 0,
    "nonfinite_clamp": 0
  },
  "val": {
    "acc": 0.8944444444444445,
    "hinge": 0.017099219722222194,
    "test_gap_mean": 0.002900780277777779,
    "test_gap_median": 0.0025711999999999957,
    "test_gap_std": 0.002326437285952954,
    "test_satisfy_frac": 0.0,
    "test_hinge_mean": 0.01709921972222222,
    "val_reloads": 0.0,
    "val_nonfinite": 0.0
  },
  "timing_s": {
    "epoch_total": 287.3316397666931,
    "train_free": 120.56160426139832,
    "train_clamp": 121.91833901405334,
    "train_update": 3.3290047645568848
  },
  "vg_stats": {
    "vg_unique_min": 3.6177631454831207,
    "vg_unique_max": 4.340358573330304,
    "vg_unique_sat_lo": 0.0,
    "vg_unique_sat_hi": 0.0
  }
}