{
  "epoch": 78,
  "config": {
    "seed": 2,
    "gamma": 0.03,
    "margin": 0.02,
    "delta": 0.02,
    "input_vmin": 0.0,
    "input_vmax": 1.0,
    "rails": [
      0.0,
      0.45
    ],
    "solver": "klu",
    "body_tie": "floating",
    "body_res": 10.0,
    "rs_clamp": 10.0,
    "model_vto": 0.75,
    "vg_cutoff": 0.75,
    "vg_cutoff_epochs": 4,
    "vg_init": {
      "mode": "fixed",
      "lo": 1.0,
      "hi": 3.0,
      "fixed": 4.0
    },
    "epochs": 100,
    "device_include_path": "/home/ma-lab/Desktop/pyclln-final/device_model/nmos_lvl1_ald1106.lib",
    "device_subckt": "NMOSWRAP"
  },
  "train": {
    "acc": 0.9004871259568545,
    "hinge": 0.012597530549756424,
    "n_free": 1437,
    "n_clamp": 1435,
    "hinge_active": 1435,
    "hinge_active_frac": 0.9986082115518441,
    "skipped": 2,
    "reload_free": 0,
    "reload_clamp": 0,
    "nonfinite_free": 0,
    "nonfinite_clamp": 0
  },
  "val": {
    "acc": 0.9,
    "hinge": 0.012626933055555534,
    "test_gap_mean": 0.007374412777777778,
    "test_gap_median": 0.00653585000000001,
    "test_gap_std": 0.005893621573871484,
    "test_satisfy_frac": 0.002777777777777778,
    "test_hinge_mean": 0.012626933055555557,
    "val_reloads": 0.0,
    "val_nonfinite": 0.0
  },
  "timing_s": {
    "epoch_total": 270.15891218185425,
    "train_free": 114.97599840164185,
    "train_clamp": 115.74234914779663,
    "train_update": 3.2764439582824707
  },
  "vg_stats": {
    "vg_unique_min": 3.038579867106255,
    "vg_unique_max": 4.852718139103274,
    "vg_unique_sat_lo": 0.0,
    "vg_unique_sat_hi": 0.0
  }
}