{
  "epoch": 37,
  "config": {
    "seed": 2,
    "gamma": 0.03,
    "margin": 0.02,
    "delta": 0.02,
    "input_vmin": 0.0,
    "input_vmax": 1.0,
    "rails": [
      0.0,
      0.45
    ],
    "solver": "klu",
    "body_tie": "floating",
    "body_res": 10.0,
    "rs_clamp": 10.0,
    "model_vto": 0.75,
    "vg_cutoff": 0.75,
    "vg_cutoff_epochs": 4,
    "vg_init": {
      "mode": "fixed",
      "lo": 1.0,
      "hi": 3.0,
      "fixed": 4.0
    },
    "epochs": 100,
    "device_include_path": "/home/ma-lab/Desktop/pyclln-final/device_model/nmos_lvl1_ald1106.lib",
    "device_subckt": "NMOSWRAP"
  },
  "train": {
    "acc": 0.8997912317327766,
    "hinge": 0.016550657759220586,
    "n_free": 1437,
    "n_clamp": 1437,
    "hinge_active": 1437,
    "hinge_active_frac": 1.0,
    "skipped": 0,
    "reload_free": 0,
    "reload_clamp": 0,
    "nonfinite_free": 0,
    "nonfinite_clamp": 0
  },
  "val": {
    "acc": 0.9,
    "hinge": 0.01653622777777776,
    "test_gap_mean": 0.0034637722222222215,
    "test_gap_median": 0.0031043500000000057,
    "test_gap_std": 0.0027558023118515185,
    "test_satisfy_frac": 0.0,
    "test_hinge_mean": 0.016536227777777777,
    "val_reloads": 0.0,
    "val_nonfinite": 0.0
  },
  "timing_s": {
    "epoch_total": 276.2040467262268,
    "train_free": 117.14046239852905,
    "train_clamp": 118.62713527679443,
    "train_update": 3.427036762237549
  },
  "vg_stats": {
    "vg_unique_min": 3.543861925654226,
    "vg_unique_max": 4.406125985974365,
    "vg_unique_sat_lo": 0.0,
    "vg_unique_sat_hi": 0.0
  }
}