{
  "epoch": 100,
  "config": {
    "seed": 2,
    "gamma": 0.03,
    "margin": 0.02,
    "delta": 0.02,
    "input_vmin": 0.0,
    "input_vmax": 1.0,
    "rails": [
      0.0,
      0.45
    ],
    "solver": "klu",
    "body_tie": "floating",
    "body_res": 10.0,
    "rs_clamp": 10.0,
    "model_vto": 0.75,
    "vg_cutoff": 0.75,
    "vg_cutoff_epochs": 4,
    "vg_init": {
      "mode": "fixed",
      "lo": 1.0,
      "hi": 3.0,
      "fixed": 4.0
    },
    "epochs": 100,
    "device_include_path": "/home/ma-lab/Desktop/pyclln-final/device_model/nmos_lvl1_ald1106.lib",
    "device_subckt": "NMOSWRAP"
  },
  "train": {
    "acc": 0.906054279749478,
    "hinge": 0.010675741405706325,
    "n_free": 1437,
    "n_clamp": 1345,
    "hinge_active": 1345,
    "hinge_active_frac": 0.9359777313848295,
    "skipped": 92,
    "reload_free": 0,
    "reload_clamp": 0,
    "nonfinite_free": 0,
    "nonfinite_clamp": 0
  },
  "val": {
    "acc": 0.9027777777777778,
    "hinge": 0.010764014444444444,
    "test_gap_mean": 0.009352276666666666,
    "test_gap_median": 0.008455099999999993,
    "test_gap_std": 0.007283239889633978,
    "test_satisfy_frac": 0.058333333333333334,
    "test_hinge_mean": 0.010764014444444447,
    "val_reloads": 0.0,
    "val_nonfinite": 0.0
  },
  "timing_s": {
    "epoch_total": 319.83208656311035,
    "train_free": 139.40987968444824,
    "train_clamp": 130.20564007759094,
    "train_update": 3.503044843673706
  },
  "vg_stats": {
    "vg_unique_min": 2.800546301783394,
    "vg_unique_max": 5.0420467133021365,
    "vg_unique_sat_lo": 0.0,
    "vg_unique_sat_hi": 0.0
  }
}