{
  "test_gap_mean": 0.09607852777777776,
  "test_gap_median": 0.09973130000000002,
  "test_gap_std": 0.07136812431219483,
  "test_satisfy_frac": 0.49166666666666664,
  "test_hinge_mean": 0.030295553888888892,
  "val_reloads": 0.0,
  "val_nonfinite": 0.0
}