{
  "test_gap_mean": 0.13610031583333335,
  "test_gap_median": 0.14445645000000001,
  "test_gap_std": 0.09697361039273864,
  "test_satisfy_frac": 0.6833333333333333,
  "test_hinge_mean": 0.023911404722222227,
  "val_reloads": 0.0,
  "val_nonfinite": 0.0
}