{
  "test_gap_mean": 0.13255561694444445,
  "test_gap_median": 0.13620110000000005,
  "test_gap_std": 0.09041683225288963,
  "test_satisfy_frac": 0.65,
  "test_hinge_mean": 0.022365921944444443,
  "val_reloads": 0.0,
  "val_nonfinite": 0.0
}