{
  "test_gap_mean": 0.12957298222222222,
  "test_gap_median": 0.13330510000000004,
  "test_gap_std": 0.08678320626685478,
  "test_satisfy_frac": 0.6555555555555556,
  "test_hinge_mean": 0.022093590277777783,
  "val_reloads": 0.0,
  "val_nonfinite": 0.0
}