{
  "test_gap_mean": 0.12458583916666667,
  "test_gap_median": 0.13262419999999997,
  "test_gap_std": 0.0817759279212192,
  "test_satisfy_frac": 0.6472222222222223,
  "test_hinge_mean": 0.021472993055555556,
  "val_reloads": 0.0,
  "val_nonfinite": 0.0
}