{
  "test_gap_mean": 0.13194076777777777,
  "test_gap_median": 0.1395359,
  "test_gap_std": 0.10281381153658628,
  "test_satisfy_frac": 0.6416666666666667,
  "test_hinge_mean": 0.027382398611111115,
  "val_reloads": 0.0,
  "val_nonfinite": 0.0
}