{
  "test_gap_mean": 0.14102438750000001,
  "test_gap_median": 0.14532689999999998,
  "test_gap_std": 0.11205850907429804,
  "test_satisfy_frac": 0.6694444444444444,
  "test_hinge_mean": 0.027856199166666665,
  "val_reloads": 0.0,
  "val_nonfinite": 0.0
}