{
  "test_gap_mean": 0.1345111277777778,
  "test_gap_median": 0.14014184999999998,
  "test_gap_std": 0.10254327537673928,
  "test_satisfy_frac": 0.6583333333333333,
  "test_hinge_mean": 0.025900304444444446,
  "val_reloads": 0.0,
  "val_nonfinite": 0.0
}