{
  "epoch": 7,
  "config": {
    "seed": 0,
    "gamma": 3.0,
    "margin": 0.1,
    "delta": 0.1,
    "input_vmin": 0.0,
    "input_vmax": 1.0,
    "rails": [
      0.0,
      0.45
    ],
    "solver": "klu",
    "body_tie": "floating",
    "body_res": 10.0,
    "rs_clamp": 10.0,
    "model_vto": 0.75,
    "vg_cutoff": 0.75,
    "vg_cutoff_epochs": 4,
    "vg_init": {
      "mode": "fixed",
      "lo": 1.0,
      "hi": 3.0,
      "fixed": 4.0
    },
    "epochs": 100,
    "device_include_path": "/home/ma-lab/Desktop/pyclln-final/device_model/nmos_lvl1_ald1106.lib",
    "device_subckt": "NMOSWRAP"
  },
  "train": {
    "acc": 0.9394572025052192,
    "hinge": 0.019292120389700778,
    "n_free": 1437,
    "n_clamp": 467,
    "hinge_active": 467,
    "hinge_active_frac": 0.32498260264439804,
    "skipped": 970,
    "reload_free": 0,
    "reload_clamp": 0,
    "nonfinite_free": 0,
    "nonfinite_clamp": 0
  },
  "val": {
    "acc": 0.9361111111111111,
    "hinge": 0.022045105000000013,
    "test_gap_mean": 0.11926076999999999,
    "test_gap_median": 0.12723260000000003,
    "test_gap_std": 0.07693474460709752,
    "test_satisfy_frac": 0.6611111111111111,
    "test_hinge_mean": 0.022045105000000002,
    "val_reloads": 0.0,
    "val_nonfinite": 0.0
  },
  "timing_s": {
    "epoch_total": 79.63223624229431,
    "train_free": 47.38795804977417,
    "train_clamp": 15.376729726791382,
    "train_update": 1.0346851348876953
  },
  "vg_stats": {
    "vg_unique_min": 0.4,
    "vg_unique_max": 8.0,
    "vg_unique_sat_lo": 27.0,
    "vg_unique_sat_hi": 1.0
  }
}