{
  "test_gap_mean": 0.08345555222222222,
  "test_gap_median": 0.07666199999999998,
  "test_gap_std": 0.06569446272826741,
  "test_satisfy_frac": 0.8611111111111112,
  "test_hinge_mean": 0.0058033397222222215,
  "val_reloads": 0.0,
  "val_nonfinite": 0.0
}