{
  "test_gap_mean": 0.07944339916666668,
  "test_gap_median": 0.0776618,
  "test_gap_std": 0.06951775362644522,
  "test_satisfy_frac": 0.8333333333333334,
  "test_hinge_mean": 0.006964515555555556,
  "val_reloads": 0.0,
  "val_nonfinite": 0.0
}