{
  "epoch": 18,
  "config": {
    "seed": 0,
    "gamma": 0.3,
    "margin": 0.02,
    "delta": 0.05,
    "input_vmin": 0.0,
    "input_vmax": 1.0,
    "rails": [
      0.0,
      0.45
    ],
    "solver": "klu",
    "body_tie": "ground",
    "body_res": 10.0,
    "rs_clamp": 10.0,
    "vg_init": {
      "mode": "random",
      "lo": 1.0,
      "hi": 3.0,
      "fixed": 2.0
    },
    "epochs": 20,
    "device_include_path": "/home/ma-lab/Desktop/pyclln-final/device_model/nmos_lvl1_ald1106.lib",
    "device_subckt": "NMOSWRAP"
  },
  "train": {
    "acc": 0.9624217118997912,
    "hinge": 0.0021282379262352116,
    "n_free": 1437,
    "n_clamp": 134,
    "hinge_active": 134,
    "hinge_active_frac": 0.09324982602644398,
    "skipped": 1303,
    "reload_free": 0,
    "reload_clamp": 0,
    "nonfinite_free": 0,
    "nonfinite_clamp": 0
  },
  "val": {
    "acc": 0.9138888888888889,
    "hinge": 0.005523205833333333,
    "test_gap_mean": 0.08429130305555554,
    "test_gap_median": 0.07785389999999998,
    "test_gap_std": 0.06508797085854623,
    "test_satisfy_frac": 0.8611111111111112,
    "test_hinge_mean": 0.0055232058333333335,
    "val_reloads": 0.0,
    "val_nonfinite": 0.0
  },
  "timing_s": {
    "epoch_total": 8.222559213638306,
    "train_free": 4.508190155029297,
    "train_clamp": 0.4158480167388916,
    "train_update": 0.12766814231872559
  },
  "vg_stats": {
    "vg_unique_min": 0.4944937911330259,
    "vg_unique_max": 4.6403598272608,
    "vg_unique_sat_lo": 0.0,
    "vg_unique_sat_hi": 0.0
  }
}