{
  "epoch": 19,
  "config": {
    "seed": 0,
    "gamma": 0.3,
    "margin": 0.02,
    "delta": 0.05,
    "input_vmin": 0.0,
    "input_vmax": 1.0,
    "rails": [
      0.0,
      0.45
    ],
    "solver": "klu",
    "body_tie": "ground",
    "body_res": 10.0,
    "rs_clamp": 10.0,
    "vg_init": {
      "mode": "random",
      "lo": 1.0,
      "hi": 3.0,
      "fixed": 2.0
    },
    "epochs": 20,
    "device_include_path": "/home/ma-lab/Desktop/pyclln-final/device_model/nmos_lvl1_ald1106.lib",
    "device_subckt": "NMOSWRAP"
  },
  "train": {
    "acc": 0.9631176061238692,
    "hinge": 0.002081712734864299,
    "n_free": 1437,
    "n_clamp": 129,
    "hinge_active": 129,
    "hinge_active_frac": 0.08977035490605428,
    "skipped": 1308,
    "reload_free": 0,
    "reload_clamp": 0,
    "nonfinite_free": 0,
    "nonfinite_clamp": 0
  },
  "val": {
    "acc": 0.9083333333333333,
    "hinge": 0.005447188333333333,
    "test_gap_mean": 0.08454313583333332,
    "test_gap_median": 0.07795964999999999,
    "test_gap_std": 0.06476601822814071,
    "test_satisfy_frac": 0.875,
    "test_hinge_mean": 0.005447188333333334,
    "val_reloads": 0.0,
    "val_nonfinite": 0.0
  },
  "timing_s": {
    "epoch_total": 8.187501192092896,
    "train_free": 4.502288103103638,
    "train_clamp": 0.4017775058746338,
    "train_update": 0.0852651596069336
  },
  "vg_stats": {
    "vg_unique_min": 0.4673250638579927,
    "vg_unique_max": 4.690755151235768,
    "vg_unique_sat_lo": 0.0,
    "vg_unique_sat_hi": 0.0
  }
}